autor_1,autor_2,nombre_1,nombre_2,videos_compartidos
UCvcu1kR8xMYy_I1Ty-2mV2Q,UCbrtvygfRT6QXqWDNrOf-cA,@hashojea7348,@Alejandro00710,2
UCpsKOkt5iWTbenzeuq7dsmQ,UCylqlpsh8ENNM1LqgQ1KbxA,@inge_vergueta,@Jel.Awesh.M,2
UCdFlugHJJa4l3YqWuNRmvXw,UC5hvEnRUzI4Kfvwnyi4QxqQ,@MarcosCarillo-b1r,@leonelsantizo5281,1
UCtNfIBnc5S5DbbQj_yxgJTw,UCsjs5Hp_r86x1xbK6FAeqaA,@JosueRamirez-ey3ih,@alvaroesquivel563,1
UCdFlugHJJa4l3YqWuNRmvXw,UCUoYsrx1oZnCZ0usbBJn4fA,@MarcosCarillo-b1r,@AnaDiaz-re9sq,1
UCr1emrogPKkKTs_WTtx71xg,UCsjs5Hp_r86x1xbK6FAeqaA,@domingopeneleu6457,@alvaroesquivel563,1
UCr1emrogPKkKTs_WTtx71xg,UCjSKM9j0Q7HLDr1hD6D-TUw,@domingopeneleu6457,@josehidalgo4875,1
UCdFlugHJJa4l3YqWuNRmvXw,UC6Uj1FT5JjDSF8vudvDxPAA,@MarcosCarillo-b1r,@alfredoortega9264,1
UCsjs5Hp_r86x1xbK6FAeqaA,UC-hfX8J5JPJ-dfuakzegMLA,@alvaroesquivel563,@normaleticiaorozcojuarez2418,1
UCdFlugHJJa4l3YqWuNRmvXw,UC4kg7zuTfqQKLd2bkZrSYBA,@MarcosCarillo-b1r,@zoilagarcia9019,1
UCdFlugHJJa4l3YqWuNRmvXw,UCBtB5dIyx-C16UN8ClUD2UA,@MarcosCarillo-b1r,@alexmonzon4257,1
UCdFlugHJJa4l3YqWuNRmvXw,UCFFrEmn6lPYiWyElpfzTy5Q,@MarcosCarillo-b1r,@denilsonlopez4083,1
UCdFlugHJJa4l3YqWuNRmvXw,UCLh1Kde4_vI1sTZBkTNP7RQ,@MarcosCarillo-b1r,@JoelReynoso-d4r,1
UCdFlugHJJa4l3YqWuNRmvXw,UC32oozucwCF3q8d4m8fyOUg,@MarcosCarillo-b1r,@RauldejesusOlivagonzalez,1
UCRznz9-N3Qc1w-qNdLSIY2Q,UCRcSR3Lvn9DZAmJpVPANfZQ,@jimmygomez724,@WalksandSuch,1
UCRznz9-N3Qc1w-qNdLSIY2Q,UCY7Hq7F9Lnucf-Yr6JkHZNw,@jimmygomez724,@maynorcalel1442,1
UCRznz9-N3Qc1w-qNdLSIY2Q,UCi-vPdnpQreC7BkFs40mJGA,@jimmygomez724,@bryansicasales4280,1
UCY7Hq7F9Lnucf-Yr6JkHZNw,UCRcSR3Lvn9DZAmJpVPANfZQ,@maynorcalel1442,@WalksandSuch,1
UCY7Hq7F9Lnucf-Yr6JkHZNw,UCi-vPdnpQreC7BkFs40mJGA,@maynorcalel1442,@bryansicasales4280,1
UCjSKM9j0Q7HLDr1hD6D-TUw,UC-hfX8J5JPJ-dfuakzegMLA,@josehidalgo4875,@normaleticiaorozcojuarez2418,1
UCjSKM9j0Q7HLDr1hD6D-TUw,UCRETAiYdh2dL5ZxB0_N1zDA,@josehidalgo4875,@Joseroland21,1
UCjSKM9j0Q7HLDr1hD6D-TUw,UCsjs5Hp_r86x1xbK6FAeqaA,@josehidalgo4875,@alvaroesquivel563,1
UC8xlJWNHz1V_W6q3fbuQH8g,UCGX_UbAQOXGZknv5iqklwTA,@NormaLópez-v7e,@ronaldgarcia8522,1
UC8xlJWNHz1V_W6q3fbuQH8g,UCgQJgI9vu1FI2dnC9mrFthw,@NormaLópez-v7e,@srms70,1
UCgQJgI9vu1FI2dnC9mrFthw,UCGX_UbAQOXGZknv5iqklwTA,@srms70,@ronaldgarcia8522,1
UCRETAiYdh2dL5ZxB0_N1zDA,UC-hfX8J5JPJ-dfuakzegMLA,@Joseroland21,@normaleticiaorozcojuarez2418,1
UCRETAiYdh2dL5ZxB0_N1zDA,UCsjs5Hp_r86x1xbK6FAeqaA,@Joseroland21,@alvaroesquivel563,1
UCi-vPdnpQreC7BkFs40mJGA,UCRcSR3Lvn9DZAmJpVPANfZQ,@bryansicasales4280,@WalksandSuch,1
UCdFlugHJJa4l3YqWuNRmvXw,UCk4O-J1BhoqPmig1KLGJePA,@MarcosCarillo-b1r,@lazarobarillas3575,1
UCdFlugHJJa4l3YqWuNRmvXw,UCV0lM03g5fg5pbPj97-sAtA,@MarcosCarillo-b1r,@genarodelgado3929,1
UCdFlugHJJa4l3YqWuNRmvXw,UCW-JC6lebVmf2P1dmY_L94g,@MarcosCarillo-b1r,@dinoraoroxon5771,1
UCdFlugHJJa4l3YqWuNRmvXw,UCW80DaMjQlEUibC98Cot-Dg,@MarcosCarillo-b1r,@rogeraldana4289,1
UCdFlugHJJa4l3YqWuNRmvXw,UCWoAVGVqCn4xtINCMOTM4jg,@MarcosCarillo-b1r,@OmarMartinez-vv8re,1
UCdFlugHJJa4l3YqWuNRmvXw,UCZeIIQrGAedW8tCbKWmGY-A,@MarcosCarillo-b1r,@mariocordon8873,1
UCdFlugHJJa4l3YqWuNRmvXw,UC_LYoGs5C3mbZKZuKuqYCvw,@MarcosCarillo-b1r,@javiercifuentesarchila6041,1
UCdFlugHJJa4l3YqWuNRmvXw,UCaKAjTW9MVub_clgr4DRYjQ,@MarcosCarillo-b1r,@josecastillo4390,1
UCdFlugHJJa4l3YqWuNRmvXw,UCe8JZoYkX5oKUZyivHYdXhw,@MarcosCarillo-b1r,@FernandoGarcia-jg1fj,1
UCdFlugHJJa4l3YqWuNRmvXw,UCeDNEtI8_a42bZ47wJiJMwQ,@MarcosCarillo-b1r,@EdgarcalderonCalderong,1
UCdFlugHJJa4l3YqWuNRmvXw,UCgJNFj5dnxXpcMvmuhZDPxA,@MarcosCarillo-b1r,@NataliaRodriguez-rx5mr,1
UCdFlugHJJa4l3YqWuNRmvXw,UCgQw_Sbq3ugruDUKsq1e0-A,@MarcosCarillo-b1r,@marlenareano-h4t,1
UCdFlugHJJa4l3YqWuNRmvXw,UCiC-Jn7wdgyQV4_Urk0DkWQ,@MarcosCarillo-b1r,@pedroros6358,1
UCdFlugHJJa4l3YqWuNRmvXw,UCkVtmkK07b2zaVVNssX4lOg,@MarcosCarillo-b1r,@HectorElias-u2l,1
UCdFlugHJJa4l3YqWuNRmvXw,UCkbsS_3D-pvg1iHOld9uvIg,@MarcosCarillo-b1r,@gonzalo6075,1
UCdFlugHJJa4l3YqWuNRmvXw,UClhMWQ7XKWywYvbRnuf8QsA,@MarcosCarillo-b1r,@EcPerez-zz9oh,1
UCdFlugHJJa4l3YqWuNRmvXw,UClqA491Xa5fQcXcJJa-vTWw,@MarcosCarillo-b1r,@AndresLemus-k2d,1
UCdFlugHJJa4l3YqWuNRmvXw,UColMq7LmaoY3MT6aIDGrGvA,@MarcosCarillo-b1r,@quijotachapina1,1
UCdFlugHJJa4l3YqWuNRmvXw,UCpe5jW3MIqkgTJ-PgkzvM6Q,@MarcosCarillo-b1r,@carloslam5333,1
UCdFlugHJJa4l3YqWuNRmvXw,UCpsKOkt5iWTbenzeuq7dsmQ,@MarcosCarillo-b1r,@inge_vergueta,1
UCdFlugHJJa4l3YqWuNRmvXw,UCqCrvuoJpC-aVb0f4logQRQ,@MarcosCarillo-b1r,@Lyrics_GT,1
UCdFlugHJJa4l3YqWuNRmvXw,UCsGoJEvb-cFPZ2rWoJcXzEQ,@MarcosCarillo-b1r,@sergiohinestroza9709,1
UCdFlugHJJa4l3YqWuNRmvXw,UCu8_3-Wg-YzNyvHYQDEscfw,@MarcosCarillo-b1r,@RolandoCastroPérez-d7y,1
UCdFlugHJJa4l3YqWuNRmvXw,UCuXmOjxC-htcprLgeVXz6Tg,@MarcosCarillo-b1r,@jorgeaguilar-bq3uj,1
UCdFlugHJJa4l3YqWuNRmvXw,UCwgCc9Jd_gG-uLE_SY-FfPg,@MarcosCarillo-b1r,@armindapenados2841,1
UCdFlugHJJa4l3YqWuNRmvXw,UCwjUvRseNtJoItylIyIez7Q,@MarcosCarillo-b1r,@Silviazea,1
UCdFlugHJJa4l3YqWuNRmvXw,UCylqlpsh8ENNM1LqgQ1KbxA,@MarcosCarillo-b1r,@Jel.Awesh.M,1
UCvl1tzQeBeGy6efPTRJXSCw,UC2ngpd8UBQu4gcUYy0goAtg,@RaulPerez-cw2vi,@juliohernandez7438,1
UCvl1tzQeBeGy6efPTRJXSCw,UCAxvOOHQk7dYPOajzFEVtbA,@RaulPerez-cw2vi,@ruddydepaz322,1
UCvl1tzQeBeGy6efPTRJXSCw,UCIXLDYqR_syskKRJy_x9W9Q,@RaulPerez-cw2vi,@carlitosramirez4739,1
UCvl1tzQeBeGy6efPTRJXSCw,UCLXYp1Cvc5DLtq5UQL5D9vw,@RaulPerez-cw2vi,@jorgecifuentes-m5g,1
UCvl1tzQeBeGy6efPTRJXSCw,UCO0zwwLWGyDgQmWPJ5Qrr1w,@RaulPerez-cw2vi,@elsalvador3605,1
UCvl1tzQeBeGy6efPTRJXSCw,UCXN2s7DwTJm33xO-pNkAdaA,@RaulPerez-cw2vi,@edithsan7688,1
UCvl1tzQeBeGy6efPTRJXSCw,UC_3xuTXvMIWU5MYP9HkJ3vQ,@RaulPerez-cw2vi,@Historia-wm4os,1
UCvl1tzQeBeGy6efPTRJXSCw,UCfXykdbSU97rj987LDUGfvg,@RaulPerez-cw2vi,@MariaSantos-c8y3h,1
UCvl1tzQeBeGy6efPTRJXSCw,UCfjhejO7LZy4doXURa7LZCQ,@RaulPerez-cw2vi,@HonwayLee-z5g,1
UCvl1tzQeBeGy6efPTRJXSCw,UCjZgFEowMBrsjodqfovzdKw,@RaulPerez-cw2vi,@franciscoflores3120,1
UCvl1tzQeBeGy6efPTRJXSCw,UCq3mDTTRZnUybct5M9OSXbg,@RaulPerez-cw2vi,@MacoMorales-i2i2d,1
UCvl1tzQeBeGy6efPTRJXSCw,UCwCfs-2zbD5k0lG-UVg_JBw,@RaulPerez-cw2vi,@JessicaHuaz-96,1
UCRAquv8el-tQ30bN7MlmySQ,UC-fiZBS5Gp1eCJd9ucgWnCg,@iamjimalesssa,@Tommii.10,1
UCRAquv8el-tQ30bN7MlmySQ,UC1DpqK6vaPEkBOMNvypsKYg,@iamjimalesssa,@HectorCarranza-u4j4o,1
UCRAquv8el-tQ30bN7MlmySQ,UC32oozucwCF3q8d4m8fyOUg,@iamjimalesssa,@RauldejesusOlivagonzalez,1
UCRAquv8el-tQ30bN7MlmySQ,UC3UVO7pTbeYvZ3ILEyRDskQ,@iamjimalesssa,@rosaelenaargueta79,1
UCRAquv8el-tQ30bN7MlmySQ,UC4Avya4kmR4Q0FrfFdBozSQ,@iamjimalesssa,@davidlima1348,1
UCRAquv8el-tQ30bN7MlmySQ,UC5hvEnRUzI4Kfvwnyi4QxqQ,@iamjimalesssa,@leonelsantizo5281,1
UCRAquv8el-tQ30bN7MlmySQ,UC6Uj1FT5JjDSF8vudvDxPAA,@iamjimalesssa,@alfredoortega9264,1
UCRAquv8el-tQ30bN7MlmySQ,UC7dadZG7kkGYnsNu6td0FbA,@iamjimalesssa,@lesolorzano,1
UCRAquv8el-tQ30bN7MlmySQ,UC816IGbFCZinfYS1LRDaaHg,@iamjimalesssa,@ingenieroar,1
UCRAquv8el-tQ30bN7MlmySQ,UC95PSMouTx2N5CbSq0hIyrQ,@iamjimalesssa,@lisss1908,1
UCRAquv8el-tQ30bN7MlmySQ,UCAKuKvcbfnBD3kF5njNu-IA,@iamjimalesssa,@melvinlopez7096,1
UCRAquv8el-tQ30bN7MlmySQ,UCCBYcToQ2dwkd6TJh0FSyDg,@iamjimalesssa,@lidiarodriguez3493,1
UCRAquv8el-tQ30bN7MlmySQ,UCDrmf9y9nLgFY5wnA2hTuGA,@iamjimalesssa,@laboratorio5528,1
UCRAquv8el-tQ30bN7MlmySQ,UCGGHbtfbbe0o68etrOf0qxw,@iamjimalesssa,@karensussetteleonvargas9794,1
UCRAquv8el-tQ30bN7MlmySQ,UCHbwIx9pmQuf7i-4_xO2EpA,@iamjimalesssa,@caminoseternos752,1
UCRAquv8el-tQ30bN7MlmySQ,UCNpt5CQlTzNjlAKY6CJtClQ,@iamjimalesssa,@eustaquiogomez9975,1
UCRAquv8el-tQ30bN7MlmySQ,UCOcUI5XkTYNMSFhZNMIPpGg,@iamjimalesssa,@hendersonlopez3864,1
UCRAquv8el-tQ30bN7MlmySQ,UCQqlPPUGqAfWjd-FSh_qn7Q,@iamjimalesssa,@estuardoargueta137,1
UCRAquv8el-tQ30bN7MlmySQ,UCQyOePccUP-fIJYzchAgZYw,@iamjimalesssa,@aguilar4254,1
UCRAquv8el-tQ30bN7MlmySQ,UCRvPToDkkumha7WJAfCDk1A,@iamjimalesssa,@ligiaguerra3057,1
UCRAquv8el-tQ30bN7MlmySQ,UCUoYsrx1oZnCZ0usbBJn4fA,@iamjimalesssa,@AnaDiaz-re9sq,1
UCRAquv8el-tQ30bN7MlmySQ,UCV0lM03g5fg5pbPj97-sAtA,@iamjimalesssa,@genarodelgado3929,1
UCRAquv8el-tQ30bN7MlmySQ,UCW-JC6lebVmf2P1dmY_L94g,@iamjimalesssa,@dinoraoroxon5771,1
UCRAquv8el-tQ30bN7MlmySQ,UCW80DaMjQlEUibC98Cot-Dg,@iamjimalesssa,@rogeraldana4289,1
UCRAquv8el-tQ30bN7MlmySQ,UCWoAVGVqCn4xtINCMOTM4jg,@iamjimalesssa,@OmarMartinez-vv8re,1
UCRAquv8el-tQ30bN7MlmySQ,UCZeIIQrGAedW8tCbKWmGY-A,@iamjimalesssa,@mariocordon8873,1
UCRAquv8el-tQ30bN7MlmySQ,UC_LYoGs5C3mbZKZuKuqYCvw,@iamjimalesssa,@javiercifuentesarchila6041,1
UCRAquv8el-tQ30bN7MlmySQ,UCaKAjTW9MVub_clgr4DRYjQ,@iamjimalesssa,@josecastillo4390,1
UCRAquv8el-tQ30bN7MlmySQ,UCe8JZoYkX5oKUZyivHYdXhw,@iamjimalesssa,@FernandoGarcia-jg1fj,1
UCRAquv8el-tQ30bN7MlmySQ,UCeDNEtI8_a42bZ47wJiJMwQ,@iamjimalesssa,@EdgarcalderonCalderong,1
UCRAquv8el-tQ30bN7MlmySQ,UCgJNFj5dnxXpcMvmuhZDPxA,@iamjimalesssa,@NataliaRodriguez-rx5mr,1
UCRAquv8el-tQ30bN7MlmySQ,UCgQw_Sbq3ugruDUKsq1e0-A,@iamjimalesssa,@marlenareano-h4t,1
UCRAquv8el-tQ30bN7MlmySQ,UCiC-Jn7wdgyQV4_Urk0DkWQ,@iamjimalesssa,@pedroros6358,1
UCRAquv8el-tQ30bN7MlmySQ,UCkVtmkK07b2zaVVNssX4lOg,@iamjimalesssa,@HectorElias-u2l,1
UCRAquv8el-tQ30bN7MlmySQ,UCkbsS_3D-pvg1iHOld9uvIg,@iamjimalesssa,@gonzalo6075,1
UCRAquv8el-tQ30bN7MlmySQ,UClhMWQ7XKWywYvbRnuf8QsA,@iamjimalesssa,@EcPerez-zz9oh,1
UCRAquv8el-tQ30bN7MlmySQ,UClqA491Xa5fQcXcJJa-vTWw,@iamjimalesssa,@AndresLemus-k2d,1
UCRAquv8el-tQ30bN7MlmySQ,UColMq7LmaoY3MT6aIDGrGvA,@iamjimalesssa,@quijotachapina1,1
UCRAquv8el-tQ30bN7MlmySQ,UCpe5jW3MIqkgTJ-PgkzvM6Q,@iamjimalesssa,@carloslam5333,1
UCRAquv8el-tQ30bN7MlmySQ,UCpsKOkt5iWTbenzeuq7dsmQ,@iamjimalesssa,@inge_vergueta,1
UCRAquv8el-tQ30bN7MlmySQ,UCqCrvuoJpC-aVb0f4logQRQ,@iamjimalesssa,@Lyrics_GT,1
UCRAquv8el-tQ30bN7MlmySQ,UCsGoJEvb-cFPZ2rWoJcXzEQ,@iamjimalesssa,@sergiohinestroza9709,1
UCRAquv8el-tQ30bN7MlmySQ,UCu8_3-Wg-YzNyvHYQDEscfw,@iamjimalesssa,@RolandoCastroPérez-d7y,1
UCRAquv8el-tQ30bN7MlmySQ,UCuXmOjxC-htcprLgeVXz6Tg,@iamjimalesssa,@jorgeaguilar-bq3uj,1
UCRAquv8el-tQ30bN7MlmySQ,UCwgCc9Jd_gG-uLE_SY-FfPg,@iamjimalesssa,@armindapenados2841,1
UCRAquv8el-tQ30bN7MlmySQ,UCwjUvRseNtJoItylIyIez7Q,@iamjimalesssa,@Silviazea,1
UCRAquv8el-tQ30bN7MlmySQ,UCylqlpsh8ENNM1LqgQ1KbxA,@iamjimalesssa,@Jel.Awesh.M,1
UCkbsS_3D-pvg1iHOld9uvIg,UC-fiZBS5Gp1eCJd9ucgWnCg,@gonzalo6075,@Tommii.10,1
UCkbsS_3D-pvg1iHOld9uvIg,UC1DpqK6vaPEkBOMNvypsKYg,@gonzalo6075,@HectorCarranza-u4j4o,1
UCkbsS_3D-pvg1iHOld9uvIg,UC32oozucwCF3q8d4m8fyOUg,@gonzalo6075,@RauldejesusOlivagonzalez,1
UCkbsS_3D-pvg1iHOld9uvIg,UC3UVO7pTbeYvZ3ILEyRDskQ,@gonzalo6075,@rosaelenaargueta79,1
UCkbsS_3D-pvg1iHOld9uvIg,UC4Avya4kmR4Q0FrfFdBozSQ,@gonzalo6075,@davidlima1348,1
UCkbsS_3D-pvg1iHOld9uvIg,UC5hvEnRUzI4Kfvwnyi4QxqQ,@gonzalo6075,@leonelsantizo5281,1
UCkbsS_3D-pvg1iHOld9uvIg,UC6Uj1FT5JjDSF8vudvDxPAA,@gonzalo6075,@alfredoortega9264,1
UCkbsS_3D-pvg1iHOld9uvIg,UC7dadZG7kkGYnsNu6td0FbA,@gonzalo6075,@lesolorzano,1
UCkbsS_3D-pvg1iHOld9uvIg,UC816IGbFCZinfYS1LRDaaHg,@gonzalo6075,@ingenieroar,1
UCkbsS_3D-pvg1iHOld9uvIg,UC95PSMouTx2N5CbSq0hIyrQ,@gonzalo6075,@lisss1908,1
UCkbsS_3D-pvg1iHOld9uvIg,UCAKuKvcbfnBD3kF5njNu-IA,@gonzalo6075,@melvinlopez7096,1
UCkbsS_3D-pvg1iHOld9uvIg,UCCBYcToQ2dwkd6TJh0FSyDg,@gonzalo6075,@lidiarodriguez3493,1
UCkbsS_3D-pvg1iHOld9uvIg,UCDrmf9y9nLgFY5wnA2hTuGA,@gonzalo6075,@laboratorio5528,1
UCkbsS_3D-pvg1iHOld9uvIg,UCGGHbtfbbe0o68etrOf0qxw,@gonzalo6075,@karensussetteleonvargas9794,1
UCkbsS_3D-pvg1iHOld9uvIg,UCHbwIx9pmQuf7i-4_xO2EpA,@gonzalo6075,@caminoseternos752,1
UCkbsS_3D-pvg1iHOld9uvIg,UCNpt5CQlTzNjlAKY6CJtClQ,@gonzalo6075,@eustaquiogomez9975,1
UCkbsS_3D-pvg1iHOld9uvIg,UCOcUI5XkTYNMSFhZNMIPpGg,@gonzalo6075,@hendersonlopez3864,1
UCkbsS_3D-pvg1iHOld9uvIg,UCQqlPPUGqAfWjd-FSh_qn7Q,@gonzalo6075,@estuardoargueta137,1
UCkbsS_3D-pvg1iHOld9uvIg,UCQyOePccUP-fIJYzchAgZYw,@gonzalo6075,@aguilar4254,1
UCkbsS_3D-pvg1iHOld9uvIg,UCRvPToDkkumha7WJAfCDk1A,@gonzalo6075,@ligiaguerra3057,1
UCkbsS_3D-pvg1iHOld9uvIg,UCUoYsrx1oZnCZ0usbBJn4fA,@gonzalo6075,@AnaDiaz-re9sq,1
UCkbsS_3D-pvg1iHOld9uvIg,UCV0lM03g5fg5pbPj97-sAtA,@gonzalo6075,@genarodelgado3929,1
UCkbsS_3D-pvg1iHOld9uvIg,UCW-JC6lebVmf2P1dmY_L94g,@gonzalo6075,@dinoraoroxon5771,1
UCkbsS_3D-pvg1iHOld9uvIg,UCW80DaMjQlEUibC98Cot-Dg,@gonzalo6075,@rogeraldana4289,1
UCkbsS_3D-pvg1iHOld9uvIg,UCWoAVGVqCn4xtINCMOTM4jg,@gonzalo6075,@OmarMartinez-vv8re,1
UCkbsS_3D-pvg1iHOld9uvIg,UCZeIIQrGAedW8tCbKWmGY-A,@gonzalo6075,@mariocordon8873,1
UCkbsS_3D-pvg1iHOld9uvIg,UC_LYoGs5C3mbZKZuKuqYCvw,@gonzalo6075,@javiercifuentesarchila6041,1
UCkbsS_3D-pvg1iHOld9uvIg,UCaKAjTW9MVub_clgr4DRYjQ,@gonzalo6075,@josecastillo4390,1
UCkbsS_3D-pvg1iHOld9uvIg,UCe8JZoYkX5oKUZyivHYdXhw,@gonzalo6075,@FernandoGarcia-jg1fj,1
UCkbsS_3D-pvg1iHOld9uvIg,UCeDNEtI8_a42bZ47wJiJMwQ,@gonzalo6075,@EdgarcalderonCalderong,1
UCkbsS_3D-pvg1iHOld9uvIg,UCgJNFj5dnxXpcMvmuhZDPxA,@gonzalo6075,@NataliaRodriguez-rx5mr,1
UCkbsS_3D-pvg1iHOld9uvIg,UCgQw_Sbq3ugruDUKsq1e0-A,@gonzalo6075,@marlenareano-h4t,1
UCkbsS_3D-pvg1iHOld9uvIg,UCiC-Jn7wdgyQV4_Urk0DkWQ,@gonzalo6075,@pedroros6358,1
UCkbsS_3D-pvg1iHOld9uvIg,UCkVtmkK07b2zaVVNssX4lOg,@gonzalo6075,@HectorElias-u2l,1
UCkbsS_3D-pvg1iHOld9uvIg,UClhMWQ7XKWywYvbRnuf8QsA,@gonzalo6075,@EcPerez-zz9oh,1
UCkbsS_3D-pvg1iHOld9uvIg,UClqA491Xa5fQcXcJJa-vTWw,@gonzalo6075,@AndresLemus-k2d,1
UCkbsS_3D-pvg1iHOld9uvIg,UColMq7LmaoY3MT6aIDGrGvA,@gonzalo6075,@quijotachapina1,1
UCkbsS_3D-pvg1iHOld9uvIg,UCpe5jW3MIqkgTJ-PgkzvM6Q,@gonzalo6075,@carloslam5333,1
UCkbsS_3D-pvg1iHOld9uvIg,UCpsKOkt5iWTbenzeuq7dsmQ,@gonzalo6075,@inge_vergueta,1
UCkbsS_3D-pvg1iHOld9uvIg,UCqCrvuoJpC-aVb0f4logQRQ,@gonzalo6075,@Lyrics_GT,1
UCkbsS_3D-pvg1iHOld9uvIg,UCsGoJEvb-cFPZ2rWoJcXzEQ,@gonzalo6075,@sergiohinestroza9709,1
UCkbsS_3D-pvg1iHOld9uvIg,UCu8_3-Wg-YzNyvHYQDEscfw,@gonzalo6075,@RolandoCastroPérez-d7y,1
UCkbsS_3D-pvg1iHOld9uvIg,UCuXmOjxC-htcprLgeVXz6Tg,@gonzalo6075,@jorgeaguilar-bq3uj,1
UCkbsS_3D-pvg1iHOld9uvIg,UCwgCc9Jd_gG-uLE_SY-FfPg,@gonzalo6075,@armindapenados2841,1
UCkbsS_3D-pvg1iHOld9uvIg,UCwjUvRseNtJoItylIyIez7Q,@gonzalo6075,@Silviazea,1
UCkbsS_3D-pvg1iHOld9uvIg,UCylqlpsh8ENNM1LqgQ1KbxA,@gonzalo6075,@Jel.Awesh.M,1
UCOLHH4ZpMxPYF-Q6e6wvn5A,UC-QOpE7GOxlXcHZ8b7HbQKA,@luisroldan7374,@mariaalexander427,1
UCOLHH4ZpMxPYF-Q6e6wvn5A,UC1WlJfQmaIskYhP4gmWoamw,@luisroldan7374,@marthareiss5434,1
UCOLHH4ZpMxPYF-Q6e6wvn5A,UCBlm80VQ4YoV3bUJR_XhkaQ,@luisroldan7374,@rosadiaz6945,1
UCOLHH4ZpMxPYF-Q6e6wvn5A,UCGZMgmM92E3njyXNe9-kjAQ,@luisroldan7374,@pasionpornada,1
UCOLHH4ZpMxPYF-Q6e6wvn5A,UCIgoiXdIKJyUGmUoH2Lxdzg,@luisroldan7374,@susievidal4134,1
UCOLHH4ZpMxPYF-Q6e6wvn5A,UCPNXmbOBVeC4HS-xemvcPtQ,@luisroldan7374,@BelkisRodriguezRamirez,1
UCOLHH4ZpMxPYF-Q6e6wvn5A,UCQMMuADgqWUOcJpLwHOzC-g,@luisroldan7374,@Ripped-Yoda,1
UCOLHH4ZpMxPYF-Q6e6wvn5A,UCVdjCrh4tQoX3haNAZv-n5A,@luisroldan7374,@aurahernandez5646,1
UCOLHH4ZpMxPYF-Q6e6wvn5A,UCZjm6U576nX8WOiLhmMR3bw,@luisroldan7374,@MariaNavarroYT,1
UCOLHH4ZpMxPYF-Q6e6wvn5A,UCat2qkYvqmtDNEmo2PVuhXw,@luisroldan7374,@DoraSalas-j5o,1
UCOLHH4ZpMxPYF-Q6e6wvn5A,UCbNanjFI51cwGqMAb2rOrBw,@luisroldan7374,@RosaMontesdeOca777,1
UCOLHH4ZpMxPYF-Q6e6wvn5A,UCi2KiZq63sRq8Mfbcp-MelQ,@luisroldan7374,@eugeneramirez4405,1
UCOLHH4ZpMxPYF-Q6e6wvn5A,UCozFYHN0e_-vlQbX3wQGOug,@luisroldan7374,@jesusguzman2321,1
UCOLHH4ZpMxPYF-Q6e6wvn5A,UCp_dAUfv8i3LW3zWc24dLaQ,@luisroldan7374,@MarioCortez-o6v,1
UCOLHH4ZpMxPYF-Q6e6wvn5A,UCrqXyRsg-_hTosURZ-uvoKg,@luisroldan7374,@flornolberto2425,1
UCOLHH4ZpMxPYF-Q6e6wvn5A,UCtiHFjFu7d5v2XxHnKFUYig,@luisroldan7374,@Paul-gf7ec,1
UCOLHH4ZpMxPYF-Q6e6wvn5A,UCxhtlxPV8AYWaNNyU6S9H8Q,@luisroldan7374,@WilR-s8r,1
UCi2KiZq63sRq8Mfbcp-MelQ,UC-QOpE7GOxlXcHZ8b7HbQKA,@eugeneramirez4405,@mariaalexander427,1
UCi2KiZq63sRq8Mfbcp-MelQ,UC1WlJfQmaIskYhP4gmWoamw,@eugeneramirez4405,@marthareiss5434,1
UCi2KiZq63sRq8Mfbcp-MelQ,UCBlm80VQ4YoV3bUJR_XhkaQ,@eugeneramirez4405,@rosadiaz6945,1
UCi2KiZq63sRq8Mfbcp-MelQ,UCGZMgmM92E3njyXNe9-kjAQ,@eugeneramirez4405,@pasionpornada,1
UCi2KiZq63sRq8Mfbcp-MelQ,UCIgoiXdIKJyUGmUoH2Lxdzg,@eugeneramirez4405,@susievidal4134,1
UCi2KiZq63sRq8Mfbcp-MelQ,UCPNXmbOBVeC4HS-xemvcPtQ,@eugeneramirez4405,@BelkisRodriguezRamirez,1
UCi2KiZq63sRq8Mfbcp-MelQ,UCQMMuADgqWUOcJpLwHOzC-g,@eugeneramirez4405,@Ripped-Yoda,1
UCi2KiZq63sRq8Mfbcp-MelQ,UCVdjCrh4tQoX3haNAZv-n5A,@eugeneramirez4405,@aurahernandez5646,1
UCi2KiZq63sRq8Mfbcp-MelQ,UCZjm6U576nX8WOiLhmMR3bw,@eugeneramirez4405,@MariaNavarroYT,1
UCi2KiZq63sRq8Mfbcp-MelQ,UCat2qkYvqmtDNEmo2PVuhXw,@eugeneramirez4405,@DoraSalas-j5o,1
UCi2KiZq63sRq8Mfbcp-MelQ,UCbNanjFI51cwGqMAb2rOrBw,@eugeneramirez4405,@RosaMontesdeOca777,1
UCi2KiZq63sRq8Mfbcp-MelQ,UCozFYHN0e_-vlQbX3wQGOug,@eugeneramirez4405,@jesusguzman2321,1
UCi2KiZq63sRq8Mfbcp-MelQ,UCp_dAUfv8i3LW3zWc24dLaQ,@eugeneramirez4405,@MarioCortez-o6v,1
UCi2KiZq63sRq8Mfbcp-MelQ,UCrqXyRsg-_hTosURZ-uvoKg,@eugeneramirez4405,@flornolberto2425,1
UCi2KiZq63sRq8Mfbcp-MelQ,UCtiHFjFu7d5v2XxHnKFUYig,@eugeneramirez4405,@Paul-gf7ec,1
UCi2KiZq63sRq8Mfbcp-MelQ,UCxhtlxPV8AYWaNNyU6S9H8Q,@eugeneramirez4405,@WilR-s8r,1
UCXl30Y_upRqbti52fmjK4YA,UCCUmP4PlbwgikVFpYwbtRTg,@capitanfrans,@alhvi,1
UCXl30Y_upRqbti52fmjK4YA,UCOY3XpD9qMCRSA8AA8c4CAw,@capitanfrans,@franciscorodas9686,1
UCXl30Y_upRqbti52fmjK4YA,UCTTILH6QCIxbTnEWxwRqs1g,@capitanfrans,@3762Jorge,1
UCXl30Y_upRqbti52fmjK4YA,UCXO1BBohNWXkK9SBDAG2ySg,@capitanfrans,@JBFlute92,1
UCXl30Y_upRqbti52fmjK4YA,UCXVLc8CmAO813ubM-fLvCDw,@capitanfrans,@herminiasaquimux7565,1
UCXl30Y_upRqbti52fmjK4YA,UCbrtvygfRT6QXqWDNrOf-cA,@capitanfrans,@Alejandro00710,1
UCXl30Y_upRqbti52fmjK4YA,UCcFIBN-rtC3d3hXeuN5TfWw,@capitanfrans,@DenisRMC,1
UCXl30Y_upRqbti52fmjK4YA,UCc_F88PzGWtA1OPNUEASulA,@capitanfrans,@rockyscarlet,1
UCXl30Y_upRqbti52fmjK4YA,UCdQAuWwyC99MB7Y02Umj26Q,@capitanfrans,@miguelbran1268,1
UCXl30Y_upRqbti52fmjK4YA,UCefAH1MbvADWUjE9WVcB9EQ,@capitanfrans,@jabriz8152,1
UCXl30Y_upRqbti52fmjK4YA,UChT7pzGytNd92Nmvi-zuWog,@capitanfrans,@sparkvalkov,1
UCXl30Y_upRqbti52fmjK4YA,UCkxdJ_yGN2gghOMo2ybQtXQ,@capitanfrans,@11223344An,1
UCXl30Y_upRqbti52fmjK4YA,UCvcu1kR8xMYy_I1Ty-2mV2Q,@capitanfrans,@hashojea7348,1
UCXl30Y_upRqbti52fmjK4YA,UCwEe1RKlEv1UpNWmWYfSh4w,@capitanfrans,@marioramirez299,1
UCXl30Y_upRqbti52fmjK4YA,UCxcoDvP-g2_KTZDmVZtvb3w,@capitanfrans,@angelmartinez9523,1
UCRelkU8JiZBytTzebJxaa-w,UC-hfX8J5JPJ-dfuakzegMLA,@danyraymundo2942,@normaleticiaorozcojuarez2418,1
UCRelkU8JiZBytTzebJxaa-w,UC-jS_kA9w-OmpupXDx156Rg,@danyraymundo2942,@simoncreyesc7579,1
UCRelkU8JiZBytTzebJxaa-w,UC-pNP6RMFuLg_-x7Ah_0kEA,@danyraymundo2942,@almacatalan2717,1
UCRelkU8JiZBytTzebJxaa-w,UC1vr9aaMI2crB0NvwFHUeoQ,@danyraymundo2942,@JoseSimilox-p6e,1
UCRelkU8JiZBytTzebJxaa-w,UC2Y_EHWQKevubk4vOEBBFxw,@danyraymundo2942,@alfonsomorales2653,1
UCRelkU8JiZBytTzebJxaa-w,UC2weSE8rpqkGMOp6StYtVfg,@danyraymundo2942,@katerynsantiago2907,1
UCRelkU8JiZBytTzebJxaa-w,UC3E9mAgP7VoAE5mZoAexl5g,@danyraymundo2942,@EnnioAroche,1
UCRelkU8JiZBytTzebJxaa-w,UC3MYTqpQqlWBuCB7Th0e0PA,@danyraymundo2942,@isaaclopez7220,1
UCRelkU8JiZBytTzebJxaa-w,UC3NMzdMYryaw82kPTnsaljg,@danyraymundo2942,@marisosa7832,1
UCRelkU8JiZBytTzebJxaa-w,UC3XTwHxygNCgjndsg-UiCQA,@danyraymundo2942,@marioajset4283,1
UCRelkU8JiZBytTzebJxaa-w,UC3qn1yJA5PeW9rkGPatQxiw,@danyraymundo2942,@VICTOREST19,1
UCRelkU8JiZBytTzebJxaa-w,UC4cXueR2bKGFJV0Fk76gwmA,@danyraymundo2942,@aluxdel4792,1
UCRelkU8JiZBytTzebJxaa-w,UC4wq3DcbfaG6dtCqn8Oyu3w,@danyraymundo2942,@hugoasencio7764,1
UCRelkU8JiZBytTzebJxaa-w,UC5H8ASmMC9WrURmzeB4ySog,@danyraymundo2942,@ManuelEdran,1
UCRelkU8JiZBytTzebJxaa-w,UC5bG9nc_JV3FsNP2KseQiYw,@danyraymundo2942,@giovannirodas4836,1
UCRelkU8JiZBytTzebJxaa-w,UC650pRT-OYzny3GwOH8Cgfw,@danyraymundo2942,@edvinparedesherrera7632,1
UCRelkU8JiZBytTzebJxaa-w,UC6PvO1_k5lHKGdAPo5_C6TA,@danyraymundo2942,@johnmejia992,1
UCRelkU8JiZBytTzebJxaa-w,UC6YSZqL0vEcI-niPKIMUGfw,@danyraymundo2942,@maxwellsales885,1
UCRelkU8JiZBytTzebJxaa-w,UC72gBAtyb_VXQlYDcFrh6oQ,@danyraymundo2942,@osmanmorales3012,1
UCRelkU8JiZBytTzebJxaa-w,UC7VUuJr9cGh845CmTvf7TlQ,@danyraymundo2942,@LuisCastillo-oz4df,1
UCRelkU8JiZBytTzebJxaa-w,UC8F2V63KZ4ZEay6opX2hAQw,@danyraymundo2942,@carmenr6311,1
UCRelkU8JiZBytTzebJxaa-w,UC8G5cJONY8L9voMyBW8Eoug,@danyraymundo2942,@luisparedes-pw6qt,1
UCRelkU8JiZBytTzebJxaa-w,UC8r11yOugM2NuRfitQOxLLg,@danyraymundo2942,@cesaraugustomoralesmonroy6907,1
UCRelkU8JiZBytTzebJxaa-w,UC9vMq1YF-e7C-VO0SHkbUTA,@danyraymundo2942,@ErvinLeonardoCarreraLatín,1
UCRelkU8JiZBytTzebJxaa-w,UC9xr9QvIcDvoZNUX5f-jaZw,@danyraymundo2942,@MariaaliciaColonmorales,1
UCRelkU8JiZBytTzebJxaa-w,UCA93ym2TXs_Ibyxb4Vcn-6Q,@danyraymundo2942,@oswaldosolis8728,1
UCRelkU8JiZBytTzebJxaa-w,UCAlzM_N6xBlMYmM8EBzX86Q,@danyraymundo2942,@carlossoto3252,1
UCRelkU8JiZBytTzebJxaa-w,UCAmtbUiIrUIhikru0ZoTFig,@danyraymundo2942,@Aura-vf6dm,1
UCRelkU8JiZBytTzebJxaa-w,UCB5p8a5gklc80jJItP6xTHg,@danyraymundo2942,@ernestogamboa8737,1
UCRelkU8JiZBytTzebJxaa-w,UCCaYwkkbQGcvFoUmothVdQQ,@danyraymundo2942,@OsvaldoAguirre-l3i,1
UCRelkU8JiZBytTzebJxaa-w,UCDIMztpVm7G27qBuiWuT6oQ,@danyraymundo2942,@lizardomorataya8274,1
UCRelkU8JiZBytTzebJxaa-w,UCDPWkUX3sNNaCx-m1dV4glA,@danyraymundo2942,@hectoroliva949,1
UCRelkU8JiZBytTzebJxaa-w,UCDQaQv0hr2SS_PO-CMEwVHg,@danyraymundo2942,@federicosaquimux1933,1
UCRelkU8JiZBytTzebJxaa-w,UCDUffaruH6dyUnUGwsTKpgg,@danyraymundo2942,@luisletona2842,1
UCRelkU8JiZBytTzebJxaa-w,UCDftMWXQoJ6nONfY7GVOVjg,@danyraymundo2942,@luisgpacheco5858,1
UCRelkU8JiZBytTzebJxaa-w,UCDlr1VadSucIZgZ171pRBjQ,@danyraymundo2942,@cuabatzjj5924,1
UCRelkU8JiZBytTzebJxaa-w,UCEgEQmRbtL5fwr9_DqAC--g,@danyraymundo2942,@ArielRodas-g5y,1
UCRelkU8JiZBytTzebJxaa-w,UCErZPJpHmLCsXs8ZWkAUupQ,@danyraymundo2942,@dorisl.garciaroche7763,1
UCRelkU8JiZBytTzebJxaa-w,UCFUuDARXdmmIrLppEqf-rFg,@danyraymundo2942,@allanmunoz7410,1
UCRelkU8JiZBytTzebJxaa-w,UCFhxtoeARHPnXXPcDrOU3Xg,@danyraymundo2942,@diegoalejandrolopezmendez205,1
UCRelkU8JiZBytTzebJxaa-w,UCFjudnPLoaSL1BaRuLahyHg,@danyraymundo2942,@HaroldoCastillo-rh9iw,1
UCRelkU8JiZBytTzebJxaa-w,UCFoIAE8k82D6AV-8gjjKaNg,@danyraymundo2942,@eddymunoz9789,1
UCRelkU8JiZBytTzebJxaa-w,UCFxE8GbokBrBsPEKM1xrOjQ,@danyraymundo2942,@JuanDavila-qd7qj,1
UCRelkU8JiZBytTzebJxaa-w,UCGzXwyCzMzGmjmCbH3Hg01Q,@danyraymundo2942,@FidelZacarias-ph7dy,1
UCRelkU8JiZBytTzebJxaa-w,UCHTGCgY2l-DQJIvlA_cpa_Q,@danyraymundo2942,@virgiliogarcia3039,1
UCRelkU8JiZBytTzebJxaa-w,UCHhHUjaMAZ8SiXdCUCj9DkQ,@danyraymundo2942,@fredymendez1786,1
UCRelkU8JiZBytTzebJxaa-w,UCKDR0f2fu2UzWL8mBv5-BHw,@danyraymundo2942,@mireyamorales6595,1
UCRelkU8JiZBytTzebJxaa-w,UCL13XhnRzbGokEkCkEOb0-g,@danyraymundo2942,@raquelprado3643,1
UCRelkU8JiZBytTzebJxaa-w,UCL1MT278vSaQ83ZDkVWn1gw,@danyraymundo2942,@elmorodriguez6978,1
UCRelkU8JiZBytTzebJxaa-w,UCLFdHr9BEbXHkoJopbEPLZw,@danyraymundo2942,@kanterra4584,1
UCRelkU8JiZBytTzebJxaa-w,UCLggDc_a5HriXv7I1h02sOA,@danyraymundo2942,@guillermogonzalez5153,1
UCRelkU8JiZBytTzebJxaa-w,UCN6qbfPSzFtjhqUDZ3Cv3CQ,@danyraymundo2942,@carlosmedranovelasquez6380,1
UCRelkU8JiZBytTzebJxaa-w,UCNBnKqWf4d-rS4HwJRQljmQ,@danyraymundo2942,@LE_A22,1
UCRelkU8JiZBytTzebJxaa-w,UCNkcuy42zEwddwEcOd_HpnA,@danyraymundo2942,@vanigomez492,1
UCRelkU8JiZBytTzebJxaa-w,UCOLGv5Pf6BF2wFcwUzgcvHg,@danyraymundo2942,@welfrealdana5559,1
UCRelkU8JiZBytTzebJxaa-w,UCOS8ViEkccrTZx2w2ccxotA,@danyraymundo2942,@OscarHernandez-q8y,1
UCRelkU8JiZBytTzebJxaa-w,UCOh6DaZC_x9HASnlRylEMfw,@danyraymundo2942,@AndresMedina-v1s,1
UCRelkU8JiZBytTzebJxaa-w,UCQ_-LPP8JAbfkc-b1Q6NvWw,@danyraymundo2942,@MegaKristenstewart,1
UCRelkU8JiZBytTzebJxaa-w,UCQgYjVngJRfPHDLGB5X6ZjA,@danyraymundo2942,@oscarnavas9996,1
UCRelkU8JiZBytTzebJxaa-w,UCQqetiwzzmRNTM5OWuXarGQ,@danyraymundo2942,@isaiaslopezvelasquez1539,1
UCRelkU8JiZBytTzebJxaa-w,UCQtICyzWmhC5woCtbNgaSmg,@danyraymundo2942,@nestormendez6216,1
UCRelkU8JiZBytTzebJxaa-w,UCQtSFINs1h6GHkpg9o5kMvg,@danyraymundo2942,@MacarioMartinezruiz,1
UCRelkU8JiZBytTzebJxaa-w,UCRETAiYdh2dL5ZxB0_N1zDA,@danyraymundo2942,@Joseroland21,1
UCRelkU8JiZBytTzebJxaa-w,UCRlCV9zSn7avAWh-9_XFWqQ,@danyraymundo2942,@ronyarana8849,1
UCRelkU8JiZBytTzebJxaa-w,UCSou6a2OuYGSvPjm5psquyA,@danyraymundo2942,@FranciscoRivera-sf7ne,1
UCRelkU8JiZBytTzebJxaa-w,UCTD6q1nyIe3Y7HhqjaMj72w,@danyraymundo2942,@JuanChang-r6k,1
UCRelkU8JiZBytTzebJxaa-w,UCTP3O0rMnc8z8v8jaDQwL0w,@danyraymundo2942,@RobertoZelaya-x1v,1
UCRelkU8JiZBytTzebJxaa-w,UCThW2XNsAaBKme5PUt7n-Zg,@danyraymundo2942,@thelmamoran8565,1
UCRelkU8JiZBytTzebJxaa-w,UCTwSut16JyAg3mX6LVUNGqA,@danyraymundo2942,@SuperVictor2005,1
UCRelkU8JiZBytTzebJxaa-w,UCTylKrsqkrBKIqubMu_5N0Q,@danyraymundo2942,@edwingeovanymarroquinmarro6684,1
UCRelkU8JiZBytTzebJxaa-w,UCUIIIPTVDVHAXqhC_5V6lPA,@danyraymundo2942,@gorrarota,1
UCRelkU8JiZBytTzebJxaa-w,UCV0iizTBoOfdAFX_thfI9BA,@danyraymundo2942,@BenjaminLarios-jd8nk,1
UCRelkU8JiZBytTzebJxaa-w,UCWIZUtKJ636y-4TYrNvok0g,@danyraymundo2942,@cesarandreas7824,1
UCRelkU8JiZBytTzebJxaa-w,UCXSkL3ejZ8qWYyF_M7s_QKA,@danyraymundo2942,@JacintaTzoy,1
UCRelkU8JiZBytTzebJxaa-w,UCXXh7yg5KUFIWylTiKVEFKQ,@danyraymundo2942,@MrDuenderojo,1
UCRelkU8JiZBytTzebJxaa-w,UCXgr7vXlRrsaskPdo097kGA,@danyraymundo2942,@Rogergh-nw4oj,1
UCRelkU8JiZBytTzebJxaa-w,UCXr8_5WtGeipe4haOoQDgyQ,@danyraymundo2942,@amyherrera7352,1
UCRelkU8JiZBytTzebJxaa-w,UCYN4wSQ1Sx4_LurxLlW7MPg,@danyraymundo2942,@belarminavillatoro6474,1
UCRelkU8JiZBytTzebJxaa-w,UCYwpX26TrCxq8TvbKGRYLXA,@danyraymundo2942,@beneficioelcaminovillacana8540,1
UCRelkU8JiZBytTzebJxaa-w,UCZ51R_9Q9C0c8I3pAWhtmjQ,@danyraymundo2942,@belvettzapeta1251,1
UCRelkU8JiZBytTzebJxaa-w,UCZLG9qH0tUjNhEGFIUt0CYw,@danyraymundo2942,@SoniaMarroquin-y6e,1
UCRelkU8JiZBytTzebJxaa-w,UCcfdg8crmMJwEuLUsAhV7yg,@danyraymundo2942,@RolandoRaguay,1
UCRelkU8JiZBytTzebJxaa-w,UCfM3nrxtTQMY5jFx1v1J4Gg,@danyraymundo2942,@edgarroldan5539,1
UCRelkU8JiZBytTzebJxaa-w,UCgvw7xIdGFupzpt1Y_BFkEA,@danyraymundo2942,@fredygarcia9151,1
UCRelkU8JiZBytTzebJxaa-w,UCh5ESQvtzyHDhCA7XyekCFA,@danyraymundo2942,@andyB5280,1
UCRelkU8JiZBytTzebJxaa-w,UChZknRmJkeGeQk0-mQuhDOg,@danyraymundo2942,@OdilioRodríguez-c5w,1
UCRelkU8JiZBytTzebJxaa-w,UChep9kVb5gQmpodEEl10Xlg,@danyraymundo2942,@carlosaguilar-kz7ml,1
UCRelkU8JiZBytTzebJxaa-w,UChgkn5Jt5tWKYMoEOuCjz3Q,@danyraymundo2942,@pablochitay46,1
UCRelkU8JiZBytTzebJxaa-w,UChs3tU2BcKOT0CezykvAsGw,@danyraymundo2942,@byronpontaza,1
UCRelkU8JiZBytTzebJxaa-w,UCi1b_TRQfgO1Z9O2gNGGWNA,@danyraymundo2942,@davidisraelesquitsaquil,1
UCRelkU8JiZBytTzebJxaa-w,UCiGRBf2RNF0WRKhRVT7zFoA,@danyraymundo2942,@edwinavila4876,1
UCRelkU8JiZBytTzebJxaa-w,UCiMythXHsw7eQEMykCdmMUA,@danyraymundo2942,@JavierBecerra-h6x,1
UCRelkU8JiZBytTzebJxaa-w,UCipetjeiWj4CZB6EbyYziZg,@danyraymundo2942,@OseasSamayoa-ol5rz,1
UCRelkU8JiZBytTzebJxaa-w,UCj-LL25XJnjxepPKCc3NGog,@danyraymundo2942,@anaaguirre8985,1
UCRelkU8JiZBytTzebJxaa-w,UCjSKM9j0Q7HLDr1hD6D-TUw,@danyraymundo2942,@josehidalgo4875,1
UCRelkU8JiZBytTzebJxaa-w,UCjmPuazZJzscrwvk0QR9RVw,@danyraymundo2942,@mynorrodas8591,1
UCRelkU8JiZBytTzebJxaa-w,UCkd9W714-947dEE6ZOEBATA,@danyraymundo2942,@ARGELIATELON,1
UCRelkU8JiZBytTzebJxaa-w,UCl0ekS9Tt0jJGtOEM18S63w,@danyraymundo2942,@monkchapin,1
UCRelkU8JiZBytTzebJxaa-w,UCljDbleJul41G1TzOjOZAVA,@danyraymundo2942,@hectorcarranza3777,1
UCRelkU8JiZBytTzebJxaa-w,UCmjppp6ujz3SAnULvP3sZMw,@danyraymundo2942,@marcomendez7509,1
UCRelkU8JiZBytTzebJxaa-w,UCmvOgzmmXbjUthHy-WJ52hQ,@danyraymundo2942,@mariorodas593,1
UCRelkU8JiZBytTzebJxaa-w,UCp4iw5_5SmV9VGTFSNVGOmQ,@danyraymundo2942,@CARLOSSTREMS51,1
UCRelkU8JiZBytTzebJxaa-w,UCpIdtvoFHVLGASGB5ySqIEA,@danyraymundo2942,@VidalVillatoro-p4w,1
UCRelkU8JiZBytTzebJxaa-w,UCpl8rF8uv_8uui-QRvuJaRA,@danyraymundo2942,@SergioGarcia-z9c,1
UCRelkU8JiZBytTzebJxaa-w,UCplrIQtaPj6au60_f2-mOYw,@danyraymundo2942,@romeolopezherrarte799,1
UCRelkU8JiZBytTzebJxaa-w,UCpsKOkt5iWTbenzeuq7dsmQ,@danyraymundo2942,@inge_vergueta,1
UCRelkU8JiZBytTzebJxaa-w,UCr1emrogPKkKTs_WTtx71xg,@danyraymundo2942,@domingopeneleu6457,1
UCRelkU8JiZBytTzebJxaa-w,UCrJn_rbo_ENAdeqneS-RmRw,@danyraymundo2942,@josecarrera9623,1
UCRelkU8JiZBytTzebJxaa-w,UCsJJAvrVGupdmhOqgtDp8dg,@danyraymundo2942,@nestorlorenzana1168,1
UCRelkU8JiZBytTzebJxaa-w,UCsSXdJct-nsS8DsABoEsaYA,@danyraymundo2942,@IvánPérez-j4j,1
UCRelkU8JiZBytTzebJxaa-w,UCsUCN0Yq_UyTvKjOJLmNrnQ,@danyraymundo2942,@moisesvaldez4043,1
UCRelkU8JiZBytTzebJxaa-w,UCsjs5Hp_r86x1xbK6FAeqaA,@danyraymundo2942,@alvaroesquivel563,1
UCRelkU8JiZBytTzebJxaa-w,UCtNfIBnc5S5DbbQj_yxgJTw,@danyraymundo2942,@JosueRamirez-ey3ih,1
UCRelkU8JiZBytTzebJxaa-w,UCtUR3_CAiE7fCoZHM6cMfyQ,@danyraymundo2942,@mdelcid01,1
UCRelkU8JiZBytTzebJxaa-w,UCueV9cTyTDwgQSec1x2dYgA,@danyraymundo2942,@fredydomingo7062,1
UCRelkU8JiZBytTzebJxaa-w,UCujPF2nBgsTD62nWE3lcpIg,@danyraymundo2942,@victorarturoruanobautista7588,1
UCRelkU8JiZBytTzebJxaa-w,UCut6b9S98nv84cVX89PmKzA,@danyraymundo2942,@yeniferaguirre4498,1
UCRelkU8JiZBytTzebJxaa-w,UCvApqeCbLod-wejtT4CcVuA,@danyraymundo2942,@davidgaher9550,1
UCRelkU8JiZBytTzebJxaa-w,UCwO2SXr0ggzwg6QWWrr01nQ,@danyraymundo2942,@ricardofigueroa5720,1
UCRelkU8JiZBytTzebJxaa-w,UCwW2OFy95P7ZBkOPxWkpvYg,@danyraymundo2942,@TeresaLucero-b5o,1
UCRelkU8JiZBytTzebJxaa-w,UCwha8rxULYMVtNwZWeSkE1A,@danyraymundo2942,@mariasamo8637,1
UCRelkU8JiZBytTzebJxaa-w,UCxff05WuyvwELNITi7bj7UA,@danyraymundo2942,@markoherrera,1
UCRelkU8JiZBytTzebJxaa-w,UCySYJU5kUh7X8gVt9la2ISA,@danyraymundo2942,@dantesarti4351,1
UCRelkU8JiZBytTzebJxaa-w,UCylqlpsh8ENNM1LqgQ1KbxA,@danyraymundo2942,@Jel.Awesh.M,1
UCRelkU8JiZBytTzebJxaa-w,UCz3gu01bmjNv0DpRq-K3XYg,@danyraymundo2942,@eusebiovasquez4385,1
UCRelkU8JiZBytTzebJxaa-w,UCzSfZlOVxBSs5ObD25ywxDQ,@danyraymundo2942,@GilmarMaldonado-q9m,1
UCRelkU8JiZBytTzebJxaa-w,UCzoL2l5H5eVlorWGH8AZfAg,@danyraymundo2942,@jor77cas,1
UCgLurCo-e019HGODcjXHWCw,UC0RpuMwkDKJYqgKHtsJRuWQ,@perritojuega1,@sabinamarinaguerra3248,1
UCgLurCo-e019HGODcjXHWCw,UC0aEyakBPqcBkVJiErfSupQ,@perritojuega1,@jhonymanuel9891,1
UCgLurCo-e019HGODcjXHWCw,UC5PyGvSfFM--OVKmQ3COu6g,@perritojuega1,@FreddyGmez,1
UCgLurCo-e019HGODcjXHWCw,UC5fvhAfm89JH8eDFdvc0xYw,@perritojuega1,@isaidiaz2388,1
UCgLurCo-e019HGODcjXHWCw,UCFOxCyF926Y9eHhMeVoWLzw,@perritojuega1,@arielsarc09,1
UCgLurCo-e019HGODcjXHWCw,UCGqKxQS-z3NZzZF-2w338AA,@perritojuega1,@samuelaguilar529,1
UCgLurCo-e019HGODcjXHWCw,UCHMQ_lDhibZ-XZ_3fo6oxwg,@perritojuega1,@crislexrubi4387,1
UCgLurCo-e019HGODcjXHWCw,UCIUhbSCy3-SGRe5UtqM4fzQ,@perritojuega1,@jeanmorales1677,1
UCgLurCo-e019HGODcjXHWCw,UCIp19h9igblA2YKfSLPDAug,@perritojuega1,@JoseReyes-rn6sh,1
UCgLurCo-e019HGODcjXHWCw,UCRcSR3Lvn9DZAmJpVPANfZQ,@perritojuega1,@WalksandSuch,1
UCgLurCo-e019HGODcjXHWCw,UCRznz9-N3Qc1w-qNdLSIY2Q,@perritojuega1,@jimmygomez724,1
UCgLurCo-e019HGODcjXHWCw,UCSTAUWVc1_82DHYeqOsqEFA,@perritojuega1,@TheAlexX_C,1
UCgLurCo-e019HGODcjXHWCw,UCXmrpc6Li0spcKxtS0Q_ptg,@perritojuega1,@melvinperez6710,1
UCgLurCo-e019HGODcjXHWCw,UCY7Hq7F9Lnucf-Yr6JkHZNw,@perritojuega1,@maynorcalel1442,1
UCgLurCo-e019HGODcjXHWCw,UC_ljZ1hZXR9pzexFz87P5ZA,@perritojuega1,@ChRiStOpHeR7969,1
UCgLurCo-e019HGODcjXHWCw,UCaT6M2zp7X6r6Whd8Vv3kHQ,@perritojuega1,@alexarcos8349,1
UCgLurCo-e019HGODcjXHWCw,UCgLrWFdYitoP-b7-PxtUr-w,@perritojuega1,@zetag,1
UCgLurCo-e019HGODcjXHWCw,UCi-vPdnpQreC7BkFs40mJGA,@perritojuega1,@bryansicasales4280,1
UCgLurCo-e019HGODcjXHWCw,UCqilIa8r7iek5sGYg_q6ofA,@perritojuega1,@rolandojuchuna484,1
UCgLurCo-e019HGODcjXHWCw,UCs_5qeqdku9tGAq22y3OcuQ,@perritojuega1,@alexandrevasquez4135,1
UCgLurCo-e019HGODcjXHWCw,UCtMBF_1O2jY2INlb_luuB_A,@perritojuega1,@mynorgudiel8646,1
UCgLurCo-e019HGODcjXHWCw,UCwUAv3_LpWVtTIi7lkmTL7A,@perritojuega1,@kingr4706,1
UCgLurCo-e019HGODcjXHWCw,UCxKR3RA8T-kxMgq_2WWhRcQ,@perritojuega1,@elenaluarca9377,1
UCgLurCo-e019HGODcjXHWCw,UCyzf29IYjNw67gGIfsjgtxA,@perritojuega1,@carlosoliva9249,1
UCDIMztpVm7G27qBuiWuT6oQ,UC-hfX8J5JPJ-dfuakzegMLA,@lizardomorataya8274,@normaleticiaorozcojuarez2418,1
UCDIMztpVm7G27qBuiWuT6oQ,UC-jS_kA9w-OmpupXDx156Rg,@lizardomorataya8274,@simoncreyesc7579,1
UCDIMztpVm7G27qBuiWuT6oQ,UC-pNP6RMFuLg_-x7Ah_0kEA,@lizardomorataya8274,@almacatalan2717,1
UCDIMztpVm7G27qBuiWuT6oQ,UC1vr9aaMI2crB0NvwFHUeoQ,@lizardomorataya8274,@JoseSimilox-p6e,1
UCDIMztpVm7G27qBuiWuT6oQ,UC2Y_EHWQKevubk4vOEBBFxw,@lizardomorataya8274,@alfonsomorales2653,1
UCDIMztpVm7G27qBuiWuT6oQ,UC2weSE8rpqkGMOp6StYtVfg,@lizardomorataya8274,@katerynsantiago2907,1
UCDIMztpVm7G27qBuiWuT6oQ,UC3E9mAgP7VoAE5mZoAexl5g,@lizardomorataya8274,@EnnioAroche,1
UCDIMztpVm7G27qBuiWuT6oQ,UC3MYTqpQqlWBuCB7Th0e0PA,@lizardomorataya8274,@isaaclopez7220,1
UCDIMztpVm7G27qBuiWuT6oQ,UC3NMzdMYryaw82kPTnsaljg,@lizardomorataya8274,@marisosa7832,1
UCDIMztpVm7G27qBuiWuT6oQ,UC3XTwHxygNCgjndsg-UiCQA,@lizardomorataya8274,@marioajset4283,1
UCDIMztpVm7G27qBuiWuT6oQ,UC3qn1yJA5PeW9rkGPatQxiw,@lizardomorataya8274,@VICTOREST19,1
UCDIMztpVm7G27qBuiWuT6oQ,UC4cXueR2bKGFJV0Fk76gwmA,@lizardomorataya8274,@aluxdel4792,1
UCDIMztpVm7G27qBuiWuT6oQ,UC4wq3DcbfaG6dtCqn8Oyu3w,@lizardomorataya8274,@hugoasencio7764,1
UCDIMztpVm7G27qBuiWuT6oQ,UC5H8ASmMC9WrURmzeB4ySog,@lizardomorataya8274,@ManuelEdran,1
UCDIMztpVm7G27qBuiWuT6oQ,UC5bG9nc_JV3FsNP2KseQiYw,@lizardomorataya8274,@giovannirodas4836,1
UCDIMztpVm7G27qBuiWuT6oQ,UC650pRT-OYzny3GwOH8Cgfw,@lizardomorataya8274,@edvinparedesherrera7632,1
UCDIMztpVm7G27qBuiWuT6oQ,UC6PvO1_k5lHKGdAPo5_C6TA,@lizardomorataya8274,@johnmejia992,1
UCDIMztpVm7G27qBuiWuT6oQ,UC6YSZqL0vEcI-niPKIMUGfw,@lizardomorataya8274,@maxwellsales885,1
UCDIMztpVm7G27qBuiWuT6oQ,UC72gBAtyb_VXQlYDcFrh6oQ,@lizardomorataya8274,@osmanmorales3012,1
UCDIMztpVm7G27qBuiWuT6oQ,UC7VUuJr9cGh845CmTvf7TlQ,@lizardomorataya8274,@LuisCastillo-oz4df,1
UCDIMztpVm7G27qBuiWuT6oQ,UC8F2V63KZ4ZEay6opX2hAQw,@lizardomorataya8274,@carmenr6311,1
UCDIMztpVm7G27qBuiWuT6oQ,UC8G5cJONY8L9voMyBW8Eoug,@lizardomorataya8274,@luisparedes-pw6qt,1
UCDIMztpVm7G27qBuiWuT6oQ,UC8r11yOugM2NuRfitQOxLLg,@lizardomorataya8274,@cesaraugustomoralesmonroy6907,1
UCDIMztpVm7G27qBuiWuT6oQ,UC9vMq1YF-e7C-VO0SHkbUTA,@lizardomorataya8274,@ErvinLeonardoCarreraLatín,1
UCDIMztpVm7G27qBuiWuT6oQ,UC9xr9QvIcDvoZNUX5f-jaZw,@lizardomorataya8274,@MariaaliciaColonmorales,1
UCDIMztpVm7G27qBuiWuT6oQ,UCA93ym2TXs_Ibyxb4Vcn-6Q,@lizardomorataya8274,@oswaldosolis8728,1
UCDIMztpVm7G27qBuiWuT6oQ,UCAlzM_N6xBlMYmM8EBzX86Q,@lizardomorataya8274,@carlossoto3252,1
UCDIMztpVm7G27qBuiWuT6oQ,UCAmtbUiIrUIhikru0ZoTFig,@lizardomorataya8274,@Aura-vf6dm,1
UCDIMztpVm7G27qBuiWuT6oQ,UCB5p8a5gklc80jJItP6xTHg,@lizardomorataya8274,@ernestogamboa8737,1
UCDIMztpVm7G27qBuiWuT6oQ,UCCaYwkkbQGcvFoUmothVdQQ,@lizardomorataya8274,@OsvaldoAguirre-l3i,1
UCDIMztpVm7G27qBuiWuT6oQ,UCDPWkUX3sNNaCx-m1dV4glA,@lizardomorataya8274,@hectoroliva949,1
UCDIMztpVm7G27qBuiWuT6oQ,UCDQaQv0hr2SS_PO-CMEwVHg,@lizardomorataya8274,@federicosaquimux1933,1
UCDIMztpVm7G27qBuiWuT6oQ,UCDUffaruH6dyUnUGwsTKpgg,@lizardomorataya8274,@luisletona2842,1
UCDIMztpVm7G27qBuiWuT6oQ,UCDftMWXQoJ6nONfY7GVOVjg,@lizardomorataya8274,@luisgpacheco5858,1
UCDIMztpVm7G27qBuiWuT6oQ,UCDlr1VadSucIZgZ171pRBjQ,@lizardomorataya8274,@cuabatzjj5924,1
UCDIMztpVm7G27qBuiWuT6oQ,UCEgEQmRbtL5fwr9_DqAC--g,@lizardomorataya8274,@ArielRodas-g5y,1
UCDIMztpVm7G27qBuiWuT6oQ,UCErZPJpHmLCsXs8ZWkAUupQ,@lizardomorataya8274,@dorisl.garciaroche7763,1
UCDIMztpVm7G27qBuiWuT6oQ,UCFUuDARXdmmIrLppEqf-rFg,@lizardomorataya8274,@allanmunoz7410,1
UCDIMztpVm7G27qBuiWuT6oQ,UCFhxtoeARHPnXXPcDrOU3Xg,@lizardomorataya8274,@diegoalejandrolopezmendez205,1
UCDIMztpVm7G27qBuiWuT6oQ,UCFjudnPLoaSL1BaRuLahyHg,@lizardomorataya8274,@HaroldoCastillo-rh9iw,1
UCDIMztpVm7G27qBuiWuT6oQ,UCFoIAE8k82D6AV-8gjjKaNg,@lizardomorataya8274,@eddymunoz9789,1
UCDIMztpVm7G27qBuiWuT6oQ,UCFxE8GbokBrBsPEKM1xrOjQ,@lizardomorataya8274,@JuanDavila-qd7qj,1
UCDIMztpVm7G27qBuiWuT6oQ,UCGzXwyCzMzGmjmCbH3Hg01Q,@lizardomorataya8274,@FidelZacarias-ph7dy,1
UCDIMztpVm7G27qBuiWuT6oQ,UCHTGCgY2l-DQJIvlA_cpa_Q,@lizardomorataya8274,@virgiliogarcia3039,1
UCDIMztpVm7G27qBuiWuT6oQ,UCHhHUjaMAZ8SiXdCUCj9DkQ,@lizardomorataya8274,@fredymendez1786,1
UCDIMztpVm7G27qBuiWuT6oQ,UCKDR0f2fu2UzWL8mBv5-BHw,@lizardomorataya8274,@mireyamorales6595,1
UCDIMztpVm7G27qBuiWuT6oQ,UCL13XhnRzbGokEkCkEOb0-g,@lizardomorataya8274,@raquelprado3643,1
UCDIMztpVm7G27qBuiWuT6oQ,UCL1MT278vSaQ83ZDkVWn1gw,@lizardomorataya8274,@elmorodriguez6978,1
UCDIMztpVm7G27qBuiWuT6oQ,UCLFdHr9BEbXHkoJopbEPLZw,@lizardomorataya8274,@kanterra4584,1
UCDIMztpVm7G27qBuiWuT6oQ,UCLggDc_a5HriXv7I1h02sOA,@lizardomorataya8274,@guillermogonzalez5153,1
UCDIMztpVm7G27qBuiWuT6oQ,UCN6qbfPSzFtjhqUDZ3Cv3CQ,@lizardomorataya8274,@carlosmedranovelasquez6380,1
UCDIMztpVm7G27qBuiWuT6oQ,UCNBnKqWf4d-rS4HwJRQljmQ,@lizardomorataya8274,@LE_A22,1
UCDIMztpVm7G27qBuiWuT6oQ,UCNkcuy42zEwddwEcOd_HpnA,@lizardomorataya8274,@vanigomez492,1
UCDIMztpVm7G27qBuiWuT6oQ,UCOLGv5Pf6BF2wFcwUzgcvHg,@lizardomorataya8274,@welfrealdana5559,1
UCDIMztpVm7G27qBuiWuT6oQ,UCOS8ViEkccrTZx2w2ccxotA,@lizardomorataya8274,@OscarHernandez-q8y,1
UCDIMztpVm7G27qBuiWuT6oQ,UCOh6DaZC_x9HASnlRylEMfw,@lizardomorataya8274,@AndresMedina-v1s,1
UCDIMztpVm7G27qBuiWuT6oQ,UCQ_-LPP8JAbfkc-b1Q6NvWw,@lizardomorataya8274,@MegaKristenstewart,1
UCDIMztpVm7G27qBuiWuT6oQ,UCQgYjVngJRfPHDLGB5X6ZjA,@lizardomorataya8274,@oscarnavas9996,1
UCDIMztpVm7G27qBuiWuT6oQ,UCQqetiwzzmRNTM5OWuXarGQ,@lizardomorataya8274,@isaiaslopezvelasquez1539,1
UCDIMztpVm7G27qBuiWuT6oQ,UCQtICyzWmhC5woCtbNgaSmg,@lizardomorataya8274,@nestormendez6216,1
UCDIMztpVm7G27qBuiWuT6oQ,UCQtSFINs1h6GHkpg9o5kMvg,@lizardomorataya8274,@MacarioMartinezruiz,1
UCDIMztpVm7G27qBuiWuT6oQ,UCRETAiYdh2dL5ZxB0_N1zDA,@lizardomorataya8274,@Joseroland21,1
UCDIMztpVm7G27qBuiWuT6oQ,UCRlCV9zSn7avAWh-9_XFWqQ,@lizardomorataya8274,@ronyarana8849,1
UCDIMztpVm7G27qBuiWuT6oQ,UCSou6a2OuYGSvPjm5psquyA,@lizardomorataya8274,@FranciscoRivera-sf7ne,1
UCDIMztpVm7G27qBuiWuT6oQ,UCTD6q1nyIe3Y7HhqjaMj72w,@lizardomorataya8274,@JuanChang-r6k,1
UCDIMztpVm7G27qBuiWuT6oQ,UCTP3O0rMnc8z8v8jaDQwL0w,@lizardomorataya8274,@RobertoZelaya-x1v,1
UCDIMztpVm7G27qBuiWuT6oQ,UCThW2XNsAaBKme5PUt7n-Zg,@lizardomorataya8274,@thelmamoran8565,1
UCDIMztpVm7G27qBuiWuT6oQ,UCTwSut16JyAg3mX6LVUNGqA,@lizardomorataya8274,@SuperVictor2005,1
UCDIMztpVm7G27qBuiWuT6oQ,UCTylKrsqkrBKIqubMu_5N0Q,@lizardomorataya8274,@edwingeovanymarroquinmarro6684,1
UCDIMztpVm7G27qBuiWuT6oQ,UCUIIIPTVDVHAXqhC_5V6lPA,@lizardomorataya8274,@gorrarota,1
UCDIMztpVm7G27qBuiWuT6oQ,UCV0iizTBoOfdAFX_thfI9BA,@lizardomorataya8274,@BenjaminLarios-jd8nk,1
UCDIMztpVm7G27qBuiWuT6oQ,UCWIZUtKJ636y-4TYrNvok0g,@lizardomorataya8274,@cesarandreas7824,1
UCDIMztpVm7G27qBuiWuT6oQ,UCXSkL3ejZ8qWYyF_M7s_QKA,@lizardomorataya8274,@JacintaTzoy,1
UCDIMztpVm7G27qBuiWuT6oQ,UCXXh7yg5KUFIWylTiKVEFKQ,@lizardomorataya8274,@MrDuenderojo,1
UCDIMztpVm7G27qBuiWuT6oQ,UCXgr7vXlRrsaskPdo097kGA,@lizardomorataya8274,@Rogergh-nw4oj,1
UCDIMztpVm7G27qBuiWuT6oQ,UCXr8_5WtGeipe4haOoQDgyQ,@lizardomorataya8274,@amyherrera7352,1
UCDIMztpVm7G27qBuiWuT6oQ,UCYN4wSQ1Sx4_LurxLlW7MPg,@lizardomorataya8274,@belarminavillatoro6474,1
UCDIMztpVm7G27qBuiWuT6oQ,UCYwpX26TrCxq8TvbKGRYLXA,@lizardomorataya8274,@beneficioelcaminovillacana8540,1
UCDIMztpVm7G27qBuiWuT6oQ,UCZ51R_9Q9C0c8I3pAWhtmjQ,@lizardomorataya8274,@belvettzapeta1251,1
UCDIMztpVm7G27qBuiWuT6oQ,UCZLG9qH0tUjNhEGFIUt0CYw,@lizardomorataya8274,@SoniaMarroquin-y6e,1
UCDIMztpVm7G27qBuiWuT6oQ,UCcfdg8crmMJwEuLUsAhV7yg,@lizardomorataya8274,@RolandoRaguay,1
UCDIMztpVm7G27qBuiWuT6oQ,UCfM3nrxtTQMY5jFx1v1J4Gg,@lizardomorataya8274,@edgarroldan5539,1
UCDIMztpVm7G27qBuiWuT6oQ,UCgvw7xIdGFupzpt1Y_BFkEA,@lizardomorataya8274,@fredygarcia9151,1
UCDIMztpVm7G27qBuiWuT6oQ,UCh5ESQvtzyHDhCA7XyekCFA,@lizardomorataya8274,@andyB5280,1
UCDIMztpVm7G27qBuiWuT6oQ,UChZknRmJkeGeQk0-mQuhDOg,@lizardomorataya8274,@OdilioRodríguez-c5w,1
UCDIMztpVm7G27qBuiWuT6oQ,UChep9kVb5gQmpodEEl10Xlg,@lizardomorataya8274,@carlosaguilar-kz7ml,1
UCDIMztpVm7G27qBuiWuT6oQ,UChgkn5Jt5tWKYMoEOuCjz3Q,@lizardomorataya8274,@pablochitay46,1
UCDIMztpVm7G27qBuiWuT6oQ,UChs3tU2BcKOT0CezykvAsGw,@lizardomorataya8274,@byronpontaza,1
UCDIMztpVm7G27qBuiWuT6oQ,UCi1b_TRQfgO1Z9O2gNGGWNA,@lizardomorataya8274,@davidisraelesquitsaquil,1
UCDIMztpVm7G27qBuiWuT6oQ,UCiGRBf2RNF0WRKhRVT7zFoA,@lizardomorataya8274,@edwinavila4876,1
UCDIMztpVm7G27qBuiWuT6oQ,UCiMythXHsw7eQEMykCdmMUA,@lizardomorataya8274,@JavierBecerra-h6x,1
UCDIMztpVm7G27qBuiWuT6oQ,UCipetjeiWj4CZB6EbyYziZg,@lizardomorataya8274,@OseasSamayoa-ol5rz,1
UCDIMztpVm7G27qBuiWuT6oQ,UCj-LL25XJnjxepPKCc3NGog,@lizardomorataya8274,@anaaguirre8985,1
UCDIMztpVm7G27qBuiWuT6oQ,UCjSKM9j0Q7HLDr1hD6D-TUw,@lizardomorataya8274,@josehidalgo4875,1
UCDIMztpVm7G27qBuiWuT6oQ,UCjmPuazZJzscrwvk0QR9RVw,@lizardomorataya8274,@mynorrodas8591,1
UCDIMztpVm7G27qBuiWuT6oQ,UCkd9W714-947dEE6ZOEBATA,@lizardomorataya8274,@ARGELIATELON,1
UCDIMztpVm7G27qBuiWuT6oQ,UCl0ekS9Tt0jJGtOEM18S63w,@lizardomorataya8274,@monkchapin,1
UCDIMztpVm7G27qBuiWuT6oQ,UCljDbleJul41G1TzOjOZAVA,@lizardomorataya8274,@hectorcarranza3777,1
UCDIMztpVm7G27qBuiWuT6oQ,UCmjppp6ujz3SAnULvP3sZMw,@lizardomorataya8274,@marcomendez7509,1
UCDIMztpVm7G27qBuiWuT6oQ,UCmvOgzmmXbjUthHy-WJ52hQ,@lizardomorataya8274,@mariorodas593,1
UCDIMztpVm7G27qBuiWuT6oQ,UCp4iw5_5SmV9VGTFSNVGOmQ,@lizardomorataya8274,@CARLOSSTREMS51,1
UCDIMztpVm7G27qBuiWuT6oQ,UCpIdtvoFHVLGASGB5ySqIEA,@lizardomorataya8274,@VidalVillatoro-p4w,1
UCDIMztpVm7G27qBuiWuT6oQ,UCpl8rF8uv_8uui-QRvuJaRA,@lizardomorataya8274,@SergioGarcia-z9c,1
UCDIMztpVm7G27qBuiWuT6oQ,UCplrIQtaPj6au60_f2-mOYw,@lizardomorataya8274,@romeolopezherrarte799,1
UCDIMztpVm7G27qBuiWuT6oQ,UCpsKOkt5iWTbenzeuq7dsmQ,@lizardomorataya8274,@inge_vergueta,1
UCDIMztpVm7G27qBuiWuT6oQ,UCr1emrogPKkKTs_WTtx71xg,@lizardomorataya8274,@domingopeneleu6457,1
UCDIMztpVm7G27qBuiWuT6oQ,UCrJn_rbo_ENAdeqneS-RmRw,@lizardomorataya8274,@josecarrera9623,1
UCDIMztpVm7G27qBuiWuT6oQ,UCsJJAvrVGupdmhOqgtDp8dg,@lizardomorataya8274,@nestorlorenzana1168,1
UCDIMztpVm7G27qBuiWuT6oQ,UCsSXdJct-nsS8DsABoEsaYA,@lizardomorataya8274,@IvánPérez-j4j,1
UCDIMztpVm7G27qBuiWuT6oQ,UCsUCN0Yq_UyTvKjOJLmNrnQ,@lizardomorataya8274,@moisesvaldez4043,1
UCDIMztpVm7G27qBuiWuT6oQ,UCsjs5Hp_r86x1xbK6FAeqaA,@lizardomorataya8274,@alvaroesquivel563,1
UCDIMztpVm7G27qBuiWuT6oQ,UCtNfIBnc5S5DbbQj_yxgJTw,@lizardomorataya8274,@JosueRamirez-ey3ih,1
UCDIMztpVm7G27qBuiWuT6oQ,UCtUR3_CAiE7fCoZHM6cMfyQ,@lizardomorataya8274,@mdelcid01,1
UCDIMztpVm7G27qBuiWuT6oQ,UCueV9cTyTDwgQSec1x2dYgA,@lizardomorataya8274,@fredydomingo7062,1
UCDIMztpVm7G27qBuiWuT6oQ,UCujPF2nBgsTD62nWE3lcpIg,@lizardomorataya8274,@victorarturoruanobautista7588,1
UCDIMztpVm7G27qBuiWuT6oQ,UCut6b9S98nv84cVX89PmKzA,@lizardomorataya8274,@yeniferaguirre4498,1
UCDIMztpVm7G27qBuiWuT6oQ,UCvApqeCbLod-wejtT4CcVuA,@lizardomorataya8274,@davidgaher9550,1
UCDIMztpVm7G27qBuiWuT6oQ,UCwO2SXr0ggzwg6QWWrr01nQ,@lizardomorataya8274,@ricardofigueroa5720,1
UCDIMztpVm7G27qBuiWuT6oQ,UCwW2OFy95P7ZBkOPxWkpvYg,@lizardomorataya8274,@TeresaLucero-b5o,1
UCDIMztpVm7G27qBuiWuT6oQ,UCwha8rxULYMVtNwZWeSkE1A,@lizardomorataya8274,@mariasamo8637,1
UCDIMztpVm7G27qBuiWuT6oQ,UCxff05WuyvwELNITi7bj7UA,@lizardomorataya8274,@markoherrera,1
UCDIMztpVm7G27qBuiWuT6oQ,UCySYJU5kUh7X8gVt9la2ISA,@lizardomorataya8274,@dantesarti4351,1
UCDIMztpVm7G27qBuiWuT6oQ,UCylqlpsh8ENNM1LqgQ1KbxA,@lizardomorataya8274,@Jel.Awesh.M,1
UCDIMztpVm7G27qBuiWuT6oQ,UCz3gu01bmjNv0DpRq-K3XYg,@lizardomorataya8274,@eusebiovasquez4385,1
UCDIMztpVm7G27qBuiWuT6oQ,UCzSfZlOVxBSs5ObD25ywxDQ,@lizardomorataya8274,@GilmarMaldonado-q9m,1
UCDIMztpVm7G27qBuiWuT6oQ,UCzoL2l5H5eVlorWGH8AZfAg,@lizardomorataya8274,@jor77cas,1
UCZOmq6MwFDVoCaEl99BRRaw,UC5wuDq3U3vRAhOQI3D7gNdw,@daniloarevalo3170,@allanreneramirezgonzalez534,1
UCZOmq6MwFDVoCaEl99BRRaw,UCJp3OrVYcBorC94sKwdch_A,@daniloarevalo3170,@ULJoshmg2011,1
UCZOmq6MwFDVoCaEl99BRRaw,UCVC2QugcI1G4RvlCiUqd1aQ,@daniloarevalo3170,@rwdm76,1
UCZOmq6MwFDVoCaEl99BRRaw,UC_6KbBY1bsYXz9fwFS0eQRg,@daniloarevalo3170,@imrcp5694,1
UCZOmq6MwFDVoCaEl99BRRaw,UCbrtvygfRT6QXqWDNrOf-cA,@daniloarevalo3170,@Alejandro00710,1
UCZOmq6MwFDVoCaEl99BRRaw,UCjJf-AJKRFFWtiN-CSwkDmA,@daniloarevalo3170,@2jose82,1
UCZOmq6MwFDVoCaEl99BRRaw,UCnU8wO1OurAmGstDw6VGjgQ,@daniloarevalo3170,@cmorera21,1
UCZOmq6MwFDVoCaEl99BRRaw,UCpsKOkt5iWTbenzeuq7dsmQ,@daniloarevalo3170,@inge_vergueta,1
UCZOmq6MwFDVoCaEl99BRRaw,UCvcu1kR8xMYy_I1Ty-2mV2Q,@daniloarevalo3170,@hashojea7348,1
UCFybmWapGvBKcQod7cPPH9w,UC-HeUTT6_g-VoiWds2a4H-w,@vitalianochavez8382,@JorgeMunoz-gd9et,1
UCFybmWapGvBKcQod7cPPH9w,UC-Iul5tDYH_oiAMXQH-KaaQ,@vitalianochavez8382,@AlbertoMancilla-p9h,1
UCFybmWapGvBKcQod7cPPH9w,UC0HvfEWozTHbwl_iEmJNvVA,@vitalianochavez8382,@OttoPalencia-b7r,1
UCFybmWapGvBKcQod7cPPH9w,UC14qlobYKqD-DO0j6b75lcA,@vitalianochavez8382,@megavision4488,1
UCFybmWapGvBKcQod7cPPH9w,UC1NiEdJ7gk6FlDexIalWnGg,@vitalianochavez8382,@BorisTebalán,1
UCFybmWapGvBKcQod7cPPH9w,UC3YpzAr7pcdKC7BVFEpYzog,@vitalianochavez8382,@carmenfigueroa1232,1
UCFybmWapGvBKcQod7cPPH9w,UC63tFvbQ_hJhGDi2nbjssjw,@vitalianochavez8382,@AbigailRodas-w2r,1
UCFybmWapGvBKcQod7cPPH9w,UCEHXl4VvvVpq-_4xC5tsbhg,@vitalianochavez8382,@anibalg47,1
UCFybmWapGvBKcQod7cPPH9w,UCRfkkatKrNtAARnXMMYBGlA,@vitalianochavez8382,@BernerSoza-mg3vx,1
UCFybmWapGvBKcQod7cPPH9w,UCV3fr-YOixFKCZBbJP1-X4w,@vitalianochavez8382,@albertoshernandez5251,1
UCFybmWapGvBKcQod7cPPH9w,UCWaRixDdpgllTBf4V0jPnKQ,@vitalianochavez8382,@hectormaaz5523,1
UCFybmWapGvBKcQod7cPPH9w,UCWvntqPQx99k_Z_skWKqNSA,@vitalianochavez8382,@AntonioChiyal-x5s,1
UCFybmWapGvBKcQod7cPPH9w,UCZFQwqh90apuL8eFhvRBkUg,@vitalianochavez8382,@luisricardo9671,1
UCFybmWapGvBKcQod7cPPH9w,UCa36MjQLoPAmgJo-R3G8WQA,@vitalianochavez8382,@elsasalguero6914,1
UCFybmWapGvBKcQod7cPPH9w,UCaT4saRcyqCLE657Rq2hhZQ,@vitalianochavez8382,@elmilenial4064,1
UCFybmWapGvBKcQod7cPPH9w,UCeQk-WfEA-cJRq4EKeE7TOw,@vitalianochavez8382,@franciscojuarez9223,1
UCFybmWapGvBKcQod7cPPH9w,UCfo_yUPzy1f1POwwZxhZ06Q,@vitalianochavez8382,@lara11roberto,1
UCFybmWapGvBKcQod7cPPH9w,UCgGqw4aqMdMVSGkKiMgrJRQ,@vitalianochavez8382,@pattyfigueroa5609,1
UCFybmWapGvBKcQod7cPPH9w,UCheEJ5GZuIvV0fj-nXyVwXw,@vitalianochavez8382,@rosaoliva9389,1
UCFybmWapGvBKcQod7cPPH9w,UChyps3dqY-VY1_wLeq-2lhw,@vitalianochavez8382,@maydamorales4395,1
UCFybmWapGvBKcQod7cPPH9w,UCiOZX__1gahg1ypIj0_XG_w,@vitalianochavez8382,@mariogonzalezorellana8956,1
UCFybmWapGvBKcQod7cPPH9w,UCjZgFEowMBrsjodqfovzdKw,@vitalianochavez8382,@franciscoflores3120,1
UCFybmWapGvBKcQod7cPPH9w,UCoGdCoJg2Lh0OX_jv6cG16g,@vitalianochavez8382,@Israel-u5i7i,1
UCFybmWapGvBKcQod7cPPH9w,UCp29O_C7cchZV8IxV7Crdag,@vitalianochavez8382,@robertoescobar5507,1
UCFybmWapGvBKcQod7cPPH9w,UCql1n3Ey6ULMSOACjMe-fxQ,@vitalianochavez8382,@RolandoGonzalez-o7g,1
UCFybmWapGvBKcQod7cPPH9w,UCtCtts20bW6F9CSohau51Iw,@vitalianochavez8382,@carlosgranados9875,1
UCFybmWapGvBKcQod7cPPH9w,UCtsxPYw8VUsH_FfnKg-0lmw,@vitalianochavez8382,@AlejandroPérez-b6r,1
UCFybmWapGvBKcQod7cPPH9w,UCvDwJBBY1mHK70aTEYl6rsA,@vitalianochavez8382,@cristianescobedo8296,1
UCFybmWapGvBKcQod7cPPH9w,UCwxoKK59nGCeBqB2sXfDBIw,@vitalianochavez8382,@vic-bonivideos,1
UCFybmWapGvBKcQod7cPPH9w,UCyJhqmMbsvjpoarBBStA2kg,@vitalianochavez8382,@Murmullodelbarrio,1
UCFybmWapGvBKcQod7cPPH9w,UCzZ6dDCEsLMXbc5pCFXIprw,@vitalianochavez8382,@josegil3813,1
UCh5ESQvtzyHDhCA7XyekCFA,UC-hfX8J5JPJ-dfuakzegMLA,@andyB5280,@normaleticiaorozcojuarez2418,1
UCh5ESQvtzyHDhCA7XyekCFA,UC-jS_kA9w-OmpupXDx156Rg,@andyB5280,@simoncreyesc7579,1
UCh5ESQvtzyHDhCA7XyekCFA,UC-pNP6RMFuLg_-x7Ah_0kEA,@andyB5280,@almacatalan2717,1
UCh5ESQvtzyHDhCA7XyekCFA,UC1vr9aaMI2crB0NvwFHUeoQ,@andyB5280,@JoseSimilox-p6e,1
UCh5ESQvtzyHDhCA7XyekCFA,UC2Y_EHWQKevubk4vOEBBFxw,@andyB5280,@alfonsomorales2653,1
UCh5ESQvtzyHDhCA7XyekCFA,UC2weSE8rpqkGMOp6StYtVfg,@andyB5280,@katerynsantiago2907,1
UCh5ESQvtzyHDhCA7XyekCFA,UC3E9mAgP7VoAE5mZoAexl5g,@andyB5280,@EnnioAroche,1
UCh5ESQvtzyHDhCA7XyekCFA,UC3MYTqpQqlWBuCB7Th0e0PA,@andyB5280,@isaaclopez7220,1
UCh5ESQvtzyHDhCA7XyekCFA,UC3NMzdMYryaw82kPTnsaljg,@andyB5280,@marisosa7832,1
UCh5ESQvtzyHDhCA7XyekCFA,UC3XTwHxygNCgjndsg-UiCQA,@andyB5280,@marioajset4283,1
UCh5ESQvtzyHDhCA7XyekCFA,UC3qn1yJA5PeW9rkGPatQxiw,@andyB5280,@VICTOREST19,1
UCh5ESQvtzyHDhCA7XyekCFA,UC4cXueR2bKGFJV0Fk76gwmA,@andyB5280,@aluxdel4792,1
UCh5ESQvtzyHDhCA7XyekCFA,UC4wq3DcbfaG6dtCqn8Oyu3w,@andyB5280,@hugoasencio7764,1
UCh5ESQvtzyHDhCA7XyekCFA,UC5H8ASmMC9WrURmzeB4ySog,@andyB5280,@ManuelEdran,1
UCh5ESQvtzyHDhCA7XyekCFA,UC5bG9nc_JV3FsNP2KseQiYw,@andyB5280,@giovannirodas4836,1
UCh5ESQvtzyHDhCA7XyekCFA,UC650pRT-OYzny3GwOH8Cgfw,@andyB5280,@edvinparedesherrera7632,1
UCh5ESQvtzyHDhCA7XyekCFA,UC6PvO1_k5lHKGdAPo5_C6TA,@andyB5280,@johnmejia992,1
UCh5ESQvtzyHDhCA7XyekCFA,UC6YSZqL0vEcI-niPKIMUGfw,@andyB5280,@maxwellsales885,1
UCh5ESQvtzyHDhCA7XyekCFA,UC72gBAtyb_VXQlYDcFrh6oQ,@andyB5280,@osmanmorales3012,1
UCh5ESQvtzyHDhCA7XyekCFA,UC7VUuJr9cGh845CmTvf7TlQ,@andyB5280,@LuisCastillo-oz4df,1
UCh5ESQvtzyHDhCA7XyekCFA,UC8F2V63KZ4ZEay6opX2hAQw,@andyB5280,@carmenr6311,1
UCh5ESQvtzyHDhCA7XyekCFA,UC8G5cJONY8L9voMyBW8Eoug,@andyB5280,@luisparedes-pw6qt,1
UCh5ESQvtzyHDhCA7XyekCFA,UC8r11yOugM2NuRfitQOxLLg,@andyB5280,@cesaraugustomoralesmonroy6907,1
UCh5ESQvtzyHDhCA7XyekCFA,UC9vMq1YF-e7C-VO0SHkbUTA,@andyB5280,@ErvinLeonardoCarreraLatín,1
UCh5ESQvtzyHDhCA7XyekCFA,UC9xr9QvIcDvoZNUX5f-jaZw,@andyB5280,@MariaaliciaColonmorales,1
UCh5ESQvtzyHDhCA7XyekCFA,UCA93ym2TXs_Ibyxb4Vcn-6Q,@andyB5280,@oswaldosolis8728,1
UCh5ESQvtzyHDhCA7XyekCFA,UCAlzM_N6xBlMYmM8EBzX86Q,@andyB5280,@carlossoto3252,1
UCh5ESQvtzyHDhCA7XyekCFA,UCAmtbUiIrUIhikru0ZoTFig,@andyB5280,@Aura-vf6dm,1
UCh5ESQvtzyHDhCA7XyekCFA,UCB5p8a5gklc80jJItP6xTHg,@andyB5280,@ernestogamboa8737,1
UCh5ESQvtzyHDhCA7XyekCFA,UCCaYwkkbQGcvFoUmothVdQQ,@andyB5280,@OsvaldoAguirre-l3i,1
UCh5ESQvtzyHDhCA7XyekCFA,UCDPWkUX3sNNaCx-m1dV4glA,@andyB5280,@hectoroliva949,1
UCh5ESQvtzyHDhCA7XyekCFA,UCDQaQv0hr2SS_PO-CMEwVHg,@andyB5280,@federicosaquimux1933,1
UCh5ESQvtzyHDhCA7XyekCFA,UCDUffaruH6dyUnUGwsTKpgg,@andyB5280,@luisletona2842,1
UCh5ESQvtzyHDhCA7XyekCFA,UCDftMWXQoJ6nONfY7GVOVjg,@andyB5280,@luisgpacheco5858,1
UCh5ESQvtzyHDhCA7XyekCFA,UCDlr1VadSucIZgZ171pRBjQ,@andyB5280,@cuabatzjj5924,1
UCh5ESQvtzyHDhCA7XyekCFA,UCEgEQmRbtL5fwr9_DqAC--g,@andyB5280,@ArielRodas-g5y,1
UCh5ESQvtzyHDhCA7XyekCFA,UCErZPJpHmLCsXs8ZWkAUupQ,@andyB5280,@dorisl.garciaroche7763,1
UCh5ESQvtzyHDhCA7XyekCFA,UCFUuDARXdmmIrLppEqf-rFg,@andyB5280,@allanmunoz7410,1
UCh5ESQvtzyHDhCA7XyekCFA,UCFhxtoeARHPnXXPcDrOU3Xg,@andyB5280,@diegoalejandrolopezmendez205,1
UCh5ESQvtzyHDhCA7XyekCFA,UCFjudnPLoaSL1BaRuLahyHg,@andyB5280,@HaroldoCastillo-rh9iw,1
UCh5ESQvtzyHDhCA7XyekCFA,UCFoIAE8k82D6AV-8gjjKaNg,@andyB5280,@eddymunoz9789,1
UCh5ESQvtzyHDhCA7XyekCFA,UCFxE8GbokBrBsPEKM1xrOjQ,@andyB5280,@JuanDavila-qd7qj,1
UCh5ESQvtzyHDhCA7XyekCFA,UCGzXwyCzMzGmjmCbH3Hg01Q,@andyB5280,@FidelZacarias-ph7dy,1
UCh5ESQvtzyHDhCA7XyekCFA,UCHTGCgY2l-DQJIvlA_cpa_Q,@andyB5280,@virgiliogarcia3039,1
UCh5ESQvtzyHDhCA7XyekCFA,UCHhHUjaMAZ8SiXdCUCj9DkQ,@andyB5280,@fredymendez1786,1
UCh5ESQvtzyHDhCA7XyekCFA,UCKDR0f2fu2UzWL8mBv5-BHw,@andyB5280,@mireyamorales6595,1
UCh5ESQvtzyHDhCA7XyekCFA,UCL13XhnRzbGokEkCkEOb0-g,@andyB5280,@raquelprado3643,1
UCh5ESQvtzyHDhCA7XyekCFA,UCL1MT278vSaQ83ZDkVWn1gw,@andyB5280,@elmorodriguez6978,1
UCh5ESQvtzyHDhCA7XyekCFA,UCLFdHr9BEbXHkoJopbEPLZw,@andyB5280,@kanterra4584,1
UCh5ESQvtzyHDhCA7XyekCFA,UCLggDc_a5HriXv7I1h02sOA,@andyB5280,@guillermogonzalez5153,1
UCh5ESQvtzyHDhCA7XyekCFA,UCN6qbfPSzFtjhqUDZ3Cv3CQ,@andyB5280,@carlosmedranovelasquez6380,1
UCh5ESQvtzyHDhCA7XyekCFA,UCNBnKqWf4d-rS4HwJRQljmQ,@andyB5280,@LE_A22,1
UCh5ESQvtzyHDhCA7XyekCFA,UCNkcuy42zEwddwEcOd_HpnA,@andyB5280,@vanigomez492,1
UCh5ESQvtzyHDhCA7XyekCFA,UCOLGv5Pf6BF2wFcwUzgcvHg,@andyB5280,@welfrealdana5559,1
UCh5ESQvtzyHDhCA7XyekCFA,UCOS8ViEkccrTZx2w2ccxotA,@andyB5280,@OscarHernandez-q8y,1
UCh5ESQvtzyHDhCA7XyekCFA,UCOh6DaZC_x9HASnlRylEMfw,@andyB5280,@AndresMedina-v1s,1
UCh5ESQvtzyHDhCA7XyekCFA,UCQ_-LPP8JAbfkc-b1Q6NvWw,@andyB5280,@MegaKristenstewart,1
UCh5ESQvtzyHDhCA7XyekCFA,UCQgYjVngJRfPHDLGB5X6ZjA,@andyB5280,@oscarnavas9996,1
UCh5ESQvtzyHDhCA7XyekCFA,UCQqetiwzzmRNTM5OWuXarGQ,@andyB5280,@isaiaslopezvelasquez1539,1
UCh5ESQvtzyHDhCA7XyekCFA,UCQtICyzWmhC5woCtbNgaSmg,@andyB5280,@nestormendez6216,1
UCh5ESQvtzyHDhCA7XyekCFA,UCQtSFINs1h6GHkpg9o5kMvg,@andyB5280,@MacarioMartinezruiz,1
UCh5ESQvtzyHDhCA7XyekCFA,UCRETAiYdh2dL5ZxB0_N1zDA,@andyB5280,@Joseroland21,1
UCh5ESQvtzyHDhCA7XyekCFA,UCRlCV9zSn7avAWh-9_XFWqQ,@andyB5280,@ronyarana8849,1
UCh5ESQvtzyHDhCA7XyekCFA,UCSou6a2OuYGSvPjm5psquyA,@andyB5280,@FranciscoRivera-sf7ne,1
UCh5ESQvtzyHDhCA7XyekCFA,UCTD6q1nyIe3Y7HhqjaMj72w,@andyB5280,@JuanChang-r6k,1
UCh5ESQvtzyHDhCA7XyekCFA,UCTP3O0rMnc8z8v8jaDQwL0w,@andyB5280,@RobertoZelaya-x1v,1
UCh5ESQvtzyHDhCA7XyekCFA,UCThW2XNsAaBKme5PUt7n-Zg,@andyB5280,@thelmamoran8565,1
UCh5ESQvtzyHDhCA7XyekCFA,UCTwSut16JyAg3mX6LVUNGqA,@andyB5280,@SuperVictor2005,1
UCh5ESQvtzyHDhCA7XyekCFA,UCTylKrsqkrBKIqubMu_5N0Q,@andyB5280,@edwingeovanymarroquinmarro6684,1
UCh5ESQvtzyHDhCA7XyekCFA,UCUIIIPTVDVHAXqhC_5V6lPA,@andyB5280,@gorrarota,1
UCh5ESQvtzyHDhCA7XyekCFA,UCV0iizTBoOfdAFX_thfI9BA,@andyB5280,@BenjaminLarios-jd8nk,1
UCh5ESQvtzyHDhCA7XyekCFA,UCWIZUtKJ636y-4TYrNvok0g,@andyB5280,@cesarandreas7824,1
UCh5ESQvtzyHDhCA7XyekCFA,UCXSkL3ejZ8qWYyF_M7s_QKA,@andyB5280,@JacintaTzoy,1
UCh5ESQvtzyHDhCA7XyekCFA,UCXXh7yg5KUFIWylTiKVEFKQ,@andyB5280,@MrDuenderojo,1
UCh5ESQvtzyHDhCA7XyekCFA,UCXgr7vXlRrsaskPdo097kGA,@andyB5280,@Rogergh-nw4oj,1
UCh5ESQvtzyHDhCA7XyekCFA,UCXr8_5WtGeipe4haOoQDgyQ,@andyB5280,@amyherrera7352,1
UCh5ESQvtzyHDhCA7XyekCFA,UCYN4wSQ1Sx4_LurxLlW7MPg,@andyB5280,@belarminavillatoro6474,1
UCh5ESQvtzyHDhCA7XyekCFA,UCYwpX26TrCxq8TvbKGRYLXA,@andyB5280,@beneficioelcaminovillacana8540,1
UCh5ESQvtzyHDhCA7XyekCFA,UCZ51R_9Q9C0c8I3pAWhtmjQ,@andyB5280,@belvettzapeta1251,1
UCh5ESQvtzyHDhCA7XyekCFA,UCZLG9qH0tUjNhEGFIUt0CYw,@andyB5280,@SoniaMarroquin-y6e,1
UCh5ESQvtzyHDhCA7XyekCFA,UCcfdg8crmMJwEuLUsAhV7yg,@andyB5280,@RolandoRaguay,1
UCh5ESQvtzyHDhCA7XyekCFA,UCfM3nrxtTQMY5jFx1v1J4Gg,@andyB5280,@edgarroldan5539,1
UCh5ESQvtzyHDhCA7XyekCFA,UCgvw7xIdGFupzpt1Y_BFkEA,@andyB5280,@fredygarcia9151,1
UCh5ESQvtzyHDhCA7XyekCFA,UChZknRmJkeGeQk0-mQuhDOg,@andyB5280,@OdilioRodríguez-c5w,1
UCh5ESQvtzyHDhCA7XyekCFA,UChep9kVb5gQmpodEEl10Xlg,@andyB5280,@carlosaguilar-kz7ml,1
UCh5ESQvtzyHDhCA7XyekCFA,UChgkn5Jt5tWKYMoEOuCjz3Q,@andyB5280,@pablochitay46,1
UCh5ESQvtzyHDhCA7XyekCFA,UChs3tU2BcKOT0CezykvAsGw,@andyB5280,@byronpontaza,1
UCh5ESQvtzyHDhCA7XyekCFA,UCi1b_TRQfgO1Z9O2gNGGWNA,@andyB5280,@davidisraelesquitsaquil,1
UCh5ESQvtzyHDhCA7XyekCFA,UCiGRBf2RNF0WRKhRVT7zFoA,@andyB5280,@edwinavila4876,1
UCh5ESQvtzyHDhCA7XyekCFA,UCiMythXHsw7eQEMykCdmMUA,@andyB5280,@JavierBecerra-h6x,1
UCh5ESQvtzyHDhCA7XyekCFA,UCipetjeiWj4CZB6EbyYziZg,@andyB5280,@OseasSamayoa-ol5rz,1
UCh5ESQvtzyHDhCA7XyekCFA,UCj-LL25XJnjxepPKCc3NGog,@andyB5280,@anaaguirre8985,1
UCh5ESQvtzyHDhCA7XyekCFA,UCjSKM9j0Q7HLDr1hD6D-TUw,@andyB5280,@josehidalgo4875,1
UCh5ESQvtzyHDhCA7XyekCFA,UCjmPuazZJzscrwvk0QR9RVw,@andyB5280,@mynorrodas8591,1
UCh5ESQvtzyHDhCA7XyekCFA,UCkd9W714-947dEE6ZOEBATA,@andyB5280,@ARGELIATELON,1
UCh5ESQvtzyHDhCA7XyekCFA,UCl0ekS9Tt0jJGtOEM18S63w,@andyB5280,@monkchapin,1
UCh5ESQvtzyHDhCA7XyekCFA,UCljDbleJul41G1TzOjOZAVA,@andyB5280,@hectorcarranza3777,1
UCh5ESQvtzyHDhCA7XyekCFA,UCmjppp6ujz3SAnULvP3sZMw,@andyB5280,@marcomendez7509,1
UCh5ESQvtzyHDhCA7XyekCFA,UCmvOgzmmXbjUthHy-WJ52hQ,@andyB5280,@mariorodas593,1
UCh5ESQvtzyHDhCA7XyekCFA,UCp4iw5_5SmV9VGTFSNVGOmQ,@andyB5280,@CARLOSSTREMS51,1
UCh5ESQvtzyHDhCA7XyekCFA,UCpIdtvoFHVLGASGB5ySqIEA,@andyB5280,@VidalVillatoro-p4w,1
UCh5ESQvtzyHDhCA7XyekCFA,UCpl8rF8uv_8uui-QRvuJaRA,@andyB5280,@SergioGarcia-z9c,1
UCh5ESQvtzyHDhCA7XyekCFA,UCplrIQtaPj6au60_f2-mOYw,@andyB5280,@romeolopezherrarte799,1
UCh5ESQvtzyHDhCA7XyekCFA,UCpsKOkt5iWTbenzeuq7dsmQ,@andyB5280,@inge_vergueta,1
UCh5ESQvtzyHDhCA7XyekCFA,UCr1emrogPKkKTs_WTtx71xg,@andyB5280,@domingopeneleu6457,1
UCh5ESQvtzyHDhCA7XyekCFA,UCrJn_rbo_ENAdeqneS-RmRw,@andyB5280,@josecarrera9623,1
UCh5ESQvtzyHDhCA7XyekCFA,UCsJJAvrVGupdmhOqgtDp8dg,@andyB5280,@nestorlorenzana1168,1
UCh5ESQvtzyHDhCA7XyekCFA,UCsSXdJct-nsS8DsABoEsaYA,@andyB5280,@IvánPérez-j4j,1
UCh5ESQvtzyHDhCA7XyekCFA,UCsUCN0Yq_UyTvKjOJLmNrnQ,@andyB5280,@moisesvaldez4043,1
UCh5ESQvtzyHDhCA7XyekCFA,UCsjs5Hp_r86x1xbK6FAeqaA,@andyB5280,@alvaroesquivel563,1
UCh5ESQvtzyHDhCA7XyekCFA,UCtNfIBnc5S5DbbQj_yxgJTw,@andyB5280,@JosueRamirez-ey3ih,1
UCh5ESQvtzyHDhCA7XyekCFA,UCtUR3_CAiE7fCoZHM6cMfyQ,@andyB5280,@mdelcid01,1
UCh5ESQvtzyHDhCA7XyekCFA,UCueV9cTyTDwgQSec1x2dYgA,@andyB5280,@fredydomingo7062,1
UCh5ESQvtzyHDhCA7XyekCFA,UCujPF2nBgsTD62nWE3lcpIg,@andyB5280,@victorarturoruanobautista7588,1
UCh5ESQvtzyHDhCA7XyekCFA,UCut6b9S98nv84cVX89PmKzA,@andyB5280,@yeniferaguirre4498,1
UCh5ESQvtzyHDhCA7XyekCFA,UCvApqeCbLod-wejtT4CcVuA,@andyB5280,@davidgaher9550,1
UCh5ESQvtzyHDhCA7XyekCFA,UCwO2SXr0ggzwg6QWWrr01nQ,@andyB5280,@ricardofigueroa5720,1
UCh5ESQvtzyHDhCA7XyekCFA,UCwW2OFy95P7ZBkOPxWkpvYg,@andyB5280,@TeresaLucero-b5o,1
UCh5ESQvtzyHDhCA7XyekCFA,UCwha8rxULYMVtNwZWeSkE1A,@andyB5280,@mariasamo8637,1
UCh5ESQvtzyHDhCA7XyekCFA,UCxff05WuyvwELNITi7bj7UA,@andyB5280,@markoherrera,1
UCh5ESQvtzyHDhCA7XyekCFA,UCySYJU5kUh7X8gVt9la2ISA,@andyB5280,@dantesarti4351,1
UCh5ESQvtzyHDhCA7XyekCFA,UCylqlpsh8ENNM1LqgQ1KbxA,@andyB5280,@Jel.Awesh.M,1
UCh5ESQvtzyHDhCA7XyekCFA,UCz3gu01bmjNv0DpRq-K3XYg,@andyB5280,@eusebiovasquez4385,1
UCh5ESQvtzyHDhCA7XyekCFA,UCzSfZlOVxBSs5ObD25ywxDQ,@andyB5280,@GilmarMaldonado-q9m,1
UCh5ESQvtzyHDhCA7XyekCFA,UCzoL2l5H5eVlorWGH8AZfAg,@andyB5280,@jor77cas,1
UCWIZUtKJ636y-4TYrNvok0g,UC-hfX8J5JPJ-dfuakzegMLA,@cesarandreas7824,@normaleticiaorozcojuarez2418,1
UCWIZUtKJ636y-4TYrNvok0g,UC-jS_kA9w-OmpupXDx156Rg,@cesarandreas7824,@simoncreyesc7579,1
UCWIZUtKJ636y-4TYrNvok0g,UC-pNP6RMFuLg_-x7Ah_0kEA,@cesarandreas7824,@almacatalan2717,1
UCWIZUtKJ636y-4TYrNvok0g,UC1vr9aaMI2crB0NvwFHUeoQ,@cesarandreas7824,@JoseSimilox-p6e,1
UCWIZUtKJ636y-4TYrNvok0g,UC2Y_EHWQKevubk4vOEBBFxw,@cesarandreas7824,@alfonsomorales2653,1
UCWIZUtKJ636y-4TYrNvok0g,UC2weSE8rpqkGMOp6StYtVfg,@cesarandreas7824,@katerynsantiago2907,1
UCWIZUtKJ636y-4TYrNvok0g,UC3E9mAgP7VoAE5mZoAexl5g,@cesarandreas7824,@EnnioAroche,1
UCWIZUtKJ636y-4TYrNvok0g,UC3MYTqpQqlWBuCB7Th0e0PA,@cesarandreas7824,@isaaclopez7220,1
UCWIZUtKJ636y-4TYrNvok0g,UC3NMzdMYryaw82kPTnsaljg,@cesarandreas7824,@marisosa7832,1
UCWIZUtKJ636y-4TYrNvok0g,UC3XTwHxygNCgjndsg-UiCQA,@cesarandreas7824,@marioajset4283,1
UCWIZUtKJ636y-4TYrNvok0g,UC3qn1yJA5PeW9rkGPatQxiw,@cesarandreas7824,@VICTOREST19,1
UCWIZUtKJ636y-4TYrNvok0g,UC4cXueR2bKGFJV0Fk76gwmA,@cesarandreas7824,@aluxdel4792,1
UCWIZUtKJ636y-4TYrNvok0g,UC4wq3DcbfaG6dtCqn8Oyu3w,@cesarandreas7824,@hugoasencio7764,1
UCWIZUtKJ636y-4TYrNvok0g,UC5H8ASmMC9WrURmzeB4ySog,@cesarandreas7824,@ManuelEdran,1
UCWIZUtKJ636y-4TYrNvok0g,UC5bG9nc_JV3FsNP2KseQiYw,@cesarandreas7824,@giovannirodas4836,1
UCWIZUtKJ636y-4TYrNvok0g,UC650pRT-OYzny3GwOH8Cgfw,@cesarandreas7824,@edvinparedesherrera7632,1
UCWIZUtKJ636y-4TYrNvok0g,UC6PvO1_k5lHKGdAPo5_C6TA,@cesarandreas7824,@johnmejia992,1
UCWIZUtKJ636y-4TYrNvok0g,UC6YSZqL0vEcI-niPKIMUGfw,@cesarandreas7824,@maxwellsales885,1
UCWIZUtKJ636y-4TYrNvok0g,UC72gBAtyb_VXQlYDcFrh6oQ,@cesarandreas7824,@osmanmorales3012,1
UCWIZUtKJ636y-4TYrNvok0g,UC7VUuJr9cGh845CmTvf7TlQ,@cesarandreas7824,@LuisCastillo-oz4df,1
UCWIZUtKJ636y-4TYrNvok0g,UC8F2V63KZ4ZEay6opX2hAQw,@cesarandreas7824,@carmenr6311,1
UCWIZUtKJ636y-4TYrNvok0g,UC8G5cJONY8L9voMyBW8Eoug,@cesarandreas7824,@luisparedes-pw6qt,1
UCWIZUtKJ636y-4TYrNvok0g,UC8r11yOugM2NuRfitQOxLLg,@cesarandreas7824,@cesaraugustomoralesmonroy6907,1
UCWIZUtKJ636y-4TYrNvok0g,UC9vMq1YF-e7C-VO0SHkbUTA,@cesarandreas7824,@ErvinLeonardoCarreraLatín,1
UCWIZUtKJ636y-4TYrNvok0g,UC9xr9QvIcDvoZNUX5f-jaZw,@cesarandreas7824,@MariaaliciaColonmorales,1
UCWIZUtKJ636y-4TYrNvok0g,UCA93ym2TXs_Ibyxb4Vcn-6Q,@cesarandreas7824,@oswaldosolis8728,1
UCWIZUtKJ636y-4TYrNvok0g,UCAlzM_N6xBlMYmM8EBzX86Q,@cesarandreas7824,@carlossoto3252,1
UCWIZUtKJ636y-4TYrNvok0g,UCAmtbUiIrUIhikru0ZoTFig,@cesarandreas7824,@Aura-vf6dm,1
UCWIZUtKJ636y-4TYrNvok0g,UCB5p8a5gklc80jJItP6xTHg,@cesarandreas7824,@ernestogamboa8737,1
UCWIZUtKJ636y-4TYrNvok0g,UCCaYwkkbQGcvFoUmothVdQQ,@cesarandreas7824,@OsvaldoAguirre-l3i,1
UCWIZUtKJ636y-4TYrNvok0g,UCDPWkUX3sNNaCx-m1dV4glA,@cesarandreas7824,@hectoroliva949,1
UCWIZUtKJ636y-4TYrNvok0g,UCDQaQv0hr2SS_PO-CMEwVHg,@cesarandreas7824,@federicosaquimux1933,1
UCWIZUtKJ636y-4TYrNvok0g,UCDUffaruH6dyUnUGwsTKpgg,@cesarandreas7824,@luisletona2842,1
UCWIZUtKJ636y-4TYrNvok0g,UCDftMWXQoJ6nONfY7GVOVjg,@cesarandreas7824,@luisgpacheco5858,1
UCWIZUtKJ636y-4TYrNvok0g,UCDlr1VadSucIZgZ171pRBjQ,@cesarandreas7824,@cuabatzjj5924,1
UCWIZUtKJ636y-4TYrNvok0g,UCEgEQmRbtL5fwr9_DqAC--g,@cesarandreas7824,@ArielRodas-g5y,1
UCWIZUtKJ636y-4TYrNvok0g,UCErZPJpHmLCsXs8ZWkAUupQ,@cesarandreas7824,@dorisl.garciaroche7763,1
UCWIZUtKJ636y-4TYrNvok0g,UCFUuDARXdmmIrLppEqf-rFg,@cesarandreas7824,@allanmunoz7410,1
UCWIZUtKJ636y-4TYrNvok0g,UCFhxtoeARHPnXXPcDrOU3Xg,@cesarandreas7824,@diegoalejandrolopezmendez205,1
UCWIZUtKJ636y-4TYrNvok0g,UCFjudnPLoaSL1BaRuLahyHg,@cesarandreas7824,@HaroldoCastillo-rh9iw,1
UCWIZUtKJ636y-4TYrNvok0g,UCFoIAE8k82D6AV-8gjjKaNg,@cesarandreas7824,@eddymunoz9789,1
UCWIZUtKJ636y-4TYrNvok0g,UCFxE8GbokBrBsPEKM1xrOjQ,@cesarandreas7824,@JuanDavila-qd7qj,1
UCWIZUtKJ636y-4TYrNvok0g,UCGzXwyCzMzGmjmCbH3Hg01Q,@cesarandreas7824,@FidelZacarias-ph7dy,1
UCWIZUtKJ636y-4TYrNvok0g,UCHTGCgY2l-DQJIvlA_cpa_Q,@cesarandreas7824,@virgiliogarcia3039,1
UCWIZUtKJ636y-4TYrNvok0g,UCHhHUjaMAZ8SiXdCUCj9DkQ,@cesarandreas7824,@fredymendez1786,1
UCWIZUtKJ636y-4TYrNvok0g,UCKDR0f2fu2UzWL8mBv5-BHw,@cesarandreas7824,@mireyamorales6595,1
UCWIZUtKJ636y-4TYrNvok0g,UCL13XhnRzbGokEkCkEOb0-g,@cesarandreas7824,@raquelprado3643,1
UCWIZUtKJ636y-4TYrNvok0g,UCL1MT278vSaQ83ZDkVWn1gw,@cesarandreas7824,@elmorodriguez6978,1
UCWIZUtKJ636y-4TYrNvok0g,UCLFdHr9BEbXHkoJopbEPLZw,@cesarandreas7824,@kanterra4584,1
UCWIZUtKJ636y-4TYrNvok0g,UCLggDc_a5HriXv7I1h02sOA,@cesarandreas7824,@guillermogonzalez5153,1
UCWIZUtKJ636y-4TYrNvok0g,UCN6qbfPSzFtjhqUDZ3Cv3CQ,@cesarandreas7824,@carlosmedranovelasquez6380,1
UCWIZUtKJ636y-4TYrNvok0g,UCNBnKqWf4d-rS4HwJRQljmQ,@cesarandreas7824,@LE_A22,1
UCWIZUtKJ636y-4TYrNvok0g,UCNkcuy42zEwddwEcOd_HpnA,@cesarandreas7824,@vanigomez492,1
UCWIZUtKJ636y-4TYrNvok0g,UCOLGv5Pf6BF2wFcwUzgcvHg,@cesarandreas7824,@welfrealdana5559,1
UCWIZUtKJ636y-4TYrNvok0g,UCOS8ViEkccrTZx2w2ccxotA,@cesarandreas7824,@OscarHernandez-q8y,1
UCWIZUtKJ636y-4TYrNvok0g,UCOh6DaZC_x9HASnlRylEMfw,@cesarandreas7824,@AndresMedina-v1s,1
UCWIZUtKJ636y-4TYrNvok0g,UCQ_-LPP8JAbfkc-b1Q6NvWw,@cesarandreas7824,@MegaKristenstewart,1
UCWIZUtKJ636y-4TYrNvok0g,UCQgYjVngJRfPHDLGB5X6ZjA,@cesarandreas7824,@oscarnavas9996,1
UCWIZUtKJ636y-4TYrNvok0g,UCQqetiwzzmRNTM5OWuXarGQ,@cesarandreas7824,@isaiaslopezvelasquez1539,1
UCWIZUtKJ636y-4TYrNvok0g,UCQtICyzWmhC5woCtbNgaSmg,@cesarandreas7824,@nestormendez6216,1
UCWIZUtKJ636y-4TYrNvok0g,UCQtSFINs1h6GHkpg9o5kMvg,@cesarandreas7824,@MacarioMartinezruiz,1
UCWIZUtKJ636y-4TYrNvok0g,UCRETAiYdh2dL5ZxB0_N1zDA,@cesarandreas7824,@Joseroland21,1
UCWIZUtKJ636y-4TYrNvok0g,UCRlCV9zSn7avAWh-9_XFWqQ,@cesarandreas7824,@ronyarana8849,1
UCWIZUtKJ636y-4TYrNvok0g,UCSou6a2OuYGSvPjm5psquyA,@cesarandreas7824,@FranciscoRivera-sf7ne,1
UCWIZUtKJ636y-4TYrNvok0g,UCTD6q1nyIe3Y7HhqjaMj72w,@cesarandreas7824,@JuanChang-r6k,1
UCWIZUtKJ636y-4TYrNvok0g,UCTP3O0rMnc8z8v8jaDQwL0w,@cesarandreas7824,@RobertoZelaya-x1v,1
UCWIZUtKJ636y-4TYrNvok0g,UCThW2XNsAaBKme5PUt7n-Zg,@cesarandreas7824,@thelmamoran8565,1
UCWIZUtKJ636y-4TYrNvok0g,UCTwSut16JyAg3mX6LVUNGqA,@cesarandreas7824,@SuperVictor2005,1
UCWIZUtKJ636y-4TYrNvok0g,UCTylKrsqkrBKIqubMu_5N0Q,@cesarandreas7824,@edwingeovanymarroquinmarro6684,1
UCWIZUtKJ636y-4TYrNvok0g,UCUIIIPTVDVHAXqhC_5V6lPA,@cesarandreas7824,@gorrarota,1
UCWIZUtKJ636y-4TYrNvok0g,UCV0iizTBoOfdAFX_thfI9BA,@cesarandreas7824,@BenjaminLarios-jd8nk,1
UCWIZUtKJ636y-4TYrNvok0g,UCXSkL3ejZ8qWYyF_M7s_QKA,@cesarandreas7824,@JacintaTzoy,1
UCWIZUtKJ636y-4TYrNvok0g,UCXXh7yg5KUFIWylTiKVEFKQ,@cesarandreas7824,@MrDuenderojo,1
UCWIZUtKJ636y-4TYrNvok0g,UCXgr7vXlRrsaskPdo097kGA,@cesarandreas7824,@Rogergh-nw4oj,1
UCWIZUtKJ636y-4TYrNvok0g,UCXr8_5WtGeipe4haOoQDgyQ,@cesarandreas7824,@amyherrera7352,1
UCWIZUtKJ636y-4TYrNvok0g,UCYN4wSQ1Sx4_LurxLlW7MPg,@cesarandreas7824,@belarminavillatoro6474,1
UCWIZUtKJ636y-4TYrNvok0g,UCYwpX26TrCxq8TvbKGRYLXA,@cesarandreas7824,@beneficioelcaminovillacana8540,1
UCWIZUtKJ636y-4TYrNvok0g,UCZ51R_9Q9C0c8I3pAWhtmjQ,@cesarandreas7824,@belvettzapeta1251,1
UCWIZUtKJ636y-4TYrNvok0g,UCZLG9qH0tUjNhEGFIUt0CYw,@cesarandreas7824,@SoniaMarroquin-y6e,1
UCWIZUtKJ636y-4TYrNvok0g,UCcfdg8crmMJwEuLUsAhV7yg,@cesarandreas7824,@RolandoRaguay,1
UCWIZUtKJ636y-4TYrNvok0g,UCfM3nrxtTQMY5jFx1v1J4Gg,@cesarandreas7824,@edgarroldan5539,1
UCWIZUtKJ636y-4TYrNvok0g,UCgvw7xIdGFupzpt1Y_BFkEA,@cesarandreas7824,@fredygarcia9151,1
UCWIZUtKJ636y-4TYrNvok0g,UChZknRmJkeGeQk0-mQuhDOg,@cesarandreas7824,@OdilioRodríguez-c5w,1
UCWIZUtKJ636y-4TYrNvok0g,UChep9kVb5gQmpodEEl10Xlg,@cesarandreas7824,@carlosaguilar-kz7ml,1
UCWIZUtKJ636y-4TYrNvok0g,UChgkn5Jt5tWKYMoEOuCjz3Q,@cesarandreas7824,@pablochitay46,1
UCWIZUtKJ636y-4TYrNvok0g,UChs3tU2BcKOT0CezykvAsGw,@cesarandreas7824,@byronpontaza,1
UCWIZUtKJ636y-4TYrNvok0g,UCi1b_TRQfgO1Z9O2gNGGWNA,@cesarandreas7824,@davidisraelesquitsaquil,1
UCWIZUtKJ636y-4TYrNvok0g,UCiGRBf2RNF0WRKhRVT7zFoA,@cesarandreas7824,@edwinavila4876,1
UCWIZUtKJ636y-4TYrNvok0g,UCiMythXHsw7eQEMykCdmMUA,@cesarandreas7824,@JavierBecerra-h6x,1
UCWIZUtKJ636y-4TYrNvok0g,UCipetjeiWj4CZB6EbyYziZg,@cesarandreas7824,@OseasSamayoa-ol5rz,1
UCWIZUtKJ636y-4TYrNvok0g,UCj-LL25XJnjxepPKCc3NGog,@cesarandreas7824,@anaaguirre8985,1
UCWIZUtKJ636y-4TYrNvok0g,UCjSKM9j0Q7HLDr1hD6D-TUw,@cesarandreas7824,@josehidalgo4875,1
UCWIZUtKJ636y-4TYrNvok0g,UCjmPuazZJzscrwvk0QR9RVw,@cesarandreas7824,@mynorrodas8591,1
UCWIZUtKJ636y-4TYrNvok0g,UCkd9W714-947dEE6ZOEBATA,@cesarandreas7824,@ARGELIATELON,1
UCWIZUtKJ636y-4TYrNvok0g,UCl0ekS9Tt0jJGtOEM18S63w,@cesarandreas7824,@monkchapin,1
UCWIZUtKJ636y-4TYrNvok0g,UCljDbleJul41G1TzOjOZAVA,@cesarandreas7824,@hectorcarranza3777,1
UCWIZUtKJ636y-4TYrNvok0g,UCmjppp6ujz3SAnULvP3sZMw,@cesarandreas7824,@marcomendez7509,1
UCWIZUtKJ636y-4TYrNvok0g,UCmvOgzmmXbjUthHy-WJ52hQ,@cesarandreas7824,@mariorodas593,1
UCWIZUtKJ636y-4TYrNvok0g,UCp4iw5_5SmV9VGTFSNVGOmQ,@cesarandreas7824,@CARLOSSTREMS51,1
UCWIZUtKJ636y-4TYrNvok0g,UCpIdtvoFHVLGASGB5ySqIEA,@cesarandreas7824,@VidalVillatoro-p4w,1
UCWIZUtKJ636y-4TYrNvok0g,UCpl8rF8uv_8uui-QRvuJaRA,@cesarandreas7824,@SergioGarcia-z9c,1
UCWIZUtKJ636y-4TYrNvok0g,UCplrIQtaPj6au60_f2-mOYw,@cesarandreas7824,@romeolopezherrarte799,1
UCWIZUtKJ636y-4TYrNvok0g,UCpsKOkt5iWTbenzeuq7dsmQ,@cesarandreas7824,@inge_vergueta,1
UCWIZUtKJ636y-4TYrNvok0g,UCr1emrogPKkKTs_WTtx71xg,@cesarandreas7824,@domingopeneleu6457,1
UCWIZUtKJ636y-4TYrNvok0g,UCrJn_rbo_ENAdeqneS-RmRw,@cesarandreas7824,@josecarrera9623,1
UCWIZUtKJ636y-4TYrNvok0g,UCsJJAvrVGupdmhOqgtDp8dg,@cesarandreas7824,@nestorlorenzana1168,1
UCWIZUtKJ636y-4TYrNvok0g,UCsSXdJct-nsS8DsABoEsaYA,@cesarandreas7824,@IvánPérez-j4j,1
UCWIZUtKJ636y-4TYrNvok0g,UCsUCN0Yq_UyTvKjOJLmNrnQ,@cesarandreas7824,@moisesvaldez4043,1
UCWIZUtKJ636y-4TYrNvok0g,UCsjs5Hp_r86x1xbK6FAeqaA,@cesarandreas7824,@alvaroesquivel563,1
UCWIZUtKJ636y-4TYrNvok0g,UCtNfIBnc5S5DbbQj_yxgJTw,@cesarandreas7824,@JosueRamirez-ey3ih,1
UCWIZUtKJ636y-4TYrNvok0g,UCtUR3_CAiE7fCoZHM6cMfyQ,@cesarandreas7824,@mdelcid01,1
UCWIZUtKJ636y-4TYrNvok0g,UCueV9cTyTDwgQSec1x2dYgA,@cesarandreas7824,@fredydomingo7062,1
UCWIZUtKJ636y-4TYrNvok0g,UCujPF2nBgsTD62nWE3lcpIg,@cesarandreas7824,@victorarturoruanobautista7588,1
UCWIZUtKJ636y-4TYrNvok0g,UCut6b9S98nv84cVX89PmKzA,@cesarandreas7824,@yeniferaguirre4498,1
UCWIZUtKJ636y-4TYrNvok0g,UCvApqeCbLod-wejtT4CcVuA,@cesarandreas7824,@davidgaher9550,1
UCWIZUtKJ636y-4TYrNvok0g,UCwO2SXr0ggzwg6QWWrr01nQ,@cesarandreas7824,@ricardofigueroa5720,1
UCWIZUtKJ636y-4TYrNvok0g,UCwW2OFy95P7ZBkOPxWkpvYg,@cesarandreas7824,@TeresaLucero-b5o,1
UCWIZUtKJ636y-4TYrNvok0g,UCwha8rxULYMVtNwZWeSkE1A,@cesarandreas7824,@mariasamo8637,1
UCWIZUtKJ636y-4TYrNvok0g,UCxff05WuyvwELNITi7bj7UA,@cesarandreas7824,@markoherrera,1
UCWIZUtKJ636y-4TYrNvok0g,UCySYJU5kUh7X8gVt9la2ISA,@cesarandreas7824,@dantesarti4351,1
UCWIZUtKJ636y-4TYrNvok0g,UCylqlpsh8ENNM1LqgQ1KbxA,@cesarandreas7824,@Jel.Awesh.M,1
UCWIZUtKJ636y-4TYrNvok0g,UCz3gu01bmjNv0DpRq-K3XYg,@cesarandreas7824,@eusebiovasquez4385,1
UCWIZUtKJ636y-4TYrNvok0g,UCzSfZlOVxBSs5ObD25ywxDQ,@cesarandreas7824,@GilmarMaldonado-q9m,1
UCWIZUtKJ636y-4TYrNvok0g,UCzoL2l5H5eVlorWGH8AZfAg,@cesarandreas7824,@jor77cas,1
UCzoL2l5H5eVlorWGH8AZfAg,UC-hfX8J5JPJ-dfuakzegMLA,@jor77cas,@normaleticiaorozcojuarez2418,1
UCzoL2l5H5eVlorWGH8AZfAg,UC-jS_kA9w-OmpupXDx156Rg,@jor77cas,@simoncreyesc7579,1
UCzoL2l5H5eVlorWGH8AZfAg,UC-pNP6RMFuLg_-x7Ah_0kEA,@jor77cas,@almacatalan2717,1
UCzoL2l5H5eVlorWGH8AZfAg,UC1vr9aaMI2crB0NvwFHUeoQ,@jor77cas,@JoseSimilox-p6e,1
UCzoL2l5H5eVlorWGH8AZfAg,UC2Y_EHWQKevubk4vOEBBFxw,@jor77cas,@alfonsomorales2653,1
UCzoL2l5H5eVlorWGH8AZfAg,UC2weSE8rpqkGMOp6StYtVfg,@jor77cas,@katerynsantiago2907,1
UCzoL2l5H5eVlorWGH8AZfAg,UC3E9mAgP7VoAE5mZoAexl5g,@jor77cas,@EnnioAroche,1
UCzoL2l5H5eVlorWGH8AZfAg,UC3MYTqpQqlWBuCB7Th0e0PA,@jor77cas,@isaaclopez7220,1
UCzoL2l5H5eVlorWGH8AZfAg,UC3NMzdMYryaw82kPTnsaljg,@jor77cas,@marisosa7832,1
UCzoL2l5H5eVlorWGH8AZfAg,UC3XTwHxygNCgjndsg-UiCQA,@jor77cas,@marioajset4283,1
UCzoL2l5H5eVlorWGH8AZfAg,UC3qn1yJA5PeW9rkGPatQxiw,@jor77cas,@VICTOREST19,1
UCzoL2l5H5eVlorWGH8AZfAg,UC4cXueR2bKGFJV0Fk76gwmA,@jor77cas,@aluxdel4792,1
UCzoL2l5H5eVlorWGH8AZfAg,UC4wq3DcbfaG6dtCqn8Oyu3w,@jor77cas,@hugoasencio7764,1
UCzoL2l5H5eVlorWGH8AZfAg,UC5H8ASmMC9WrURmzeB4ySog,@jor77cas,@ManuelEdran,1
UCzoL2l5H5eVlorWGH8AZfAg,UC5bG9nc_JV3FsNP2KseQiYw,@jor77cas,@giovannirodas4836,1
UCzoL2l5H5eVlorWGH8AZfAg,UC650pRT-OYzny3GwOH8Cgfw,@jor77cas,@edvinparedesherrera7632,1
UCzoL2l5H5eVlorWGH8AZfAg,UC6PvO1_k5lHKGdAPo5_C6TA,@jor77cas,@johnmejia992,1
UCzoL2l5H5eVlorWGH8AZfAg,UC6YSZqL0vEcI-niPKIMUGfw,@jor77cas,@maxwellsales885,1
UCzoL2l5H5eVlorWGH8AZfAg,UC72gBAtyb_VXQlYDcFrh6oQ,@jor77cas,@osmanmorales3012,1
UCzoL2l5H5eVlorWGH8AZfAg,UC7VUuJr9cGh845CmTvf7TlQ,@jor77cas,@LuisCastillo-oz4df,1
UCzoL2l5H5eVlorWGH8AZfAg,UC8F2V63KZ4ZEay6opX2hAQw,@jor77cas,@carmenr6311,1
UCzoL2l5H5eVlorWGH8AZfAg,UC8G5cJONY8L9voMyBW8Eoug,@jor77cas,@luisparedes-pw6qt,1
UCzoL2l5H5eVlorWGH8AZfAg,UC8r11yOugM2NuRfitQOxLLg,@jor77cas,@cesaraugustomoralesmonroy6907,1
UCzoL2l5H5eVlorWGH8AZfAg,UC9vMq1YF-e7C-VO0SHkbUTA,@jor77cas,@ErvinLeonardoCarreraLatín,1
UCzoL2l5H5eVlorWGH8AZfAg,UC9xr9QvIcDvoZNUX5f-jaZw,@jor77cas,@MariaaliciaColonmorales,1
UCzoL2l5H5eVlorWGH8AZfAg,UCA93ym2TXs_Ibyxb4Vcn-6Q,@jor77cas,@oswaldosolis8728,1
UCzoL2l5H5eVlorWGH8AZfAg,UCAlzM_N6xBlMYmM8EBzX86Q,@jor77cas,@carlossoto3252,1
UCzoL2l5H5eVlorWGH8AZfAg,UCAmtbUiIrUIhikru0ZoTFig,@jor77cas,@Aura-vf6dm,1
UCzoL2l5H5eVlorWGH8AZfAg,UCB5p8a5gklc80jJItP6xTHg,@jor77cas,@ernestogamboa8737,1
UCzoL2l5H5eVlorWGH8AZfAg,UCCaYwkkbQGcvFoUmothVdQQ,@jor77cas,@OsvaldoAguirre-l3i,1
UCzoL2l5H5eVlorWGH8AZfAg,UCDPWkUX3sNNaCx-m1dV4glA,@jor77cas,@hectoroliva949,1
UCzoL2l5H5eVlorWGH8AZfAg,UCDQaQv0hr2SS_PO-CMEwVHg,@jor77cas,@federicosaquimux1933,1
UCzoL2l5H5eVlorWGH8AZfAg,UCDUffaruH6dyUnUGwsTKpgg,@jor77cas,@luisletona2842,1
UCzoL2l5H5eVlorWGH8AZfAg,UCDftMWXQoJ6nONfY7GVOVjg,@jor77cas,@luisgpacheco5858,1
UCzoL2l5H5eVlorWGH8AZfAg,UCDlr1VadSucIZgZ171pRBjQ,@jor77cas,@cuabatzjj5924,1
UCzoL2l5H5eVlorWGH8AZfAg,UCEgEQmRbtL5fwr9_DqAC--g,@jor77cas,@ArielRodas-g5y,1
UCzoL2l5H5eVlorWGH8AZfAg,UCErZPJpHmLCsXs8ZWkAUupQ,@jor77cas,@dorisl.garciaroche7763,1
UCzoL2l5H5eVlorWGH8AZfAg,UCFUuDARXdmmIrLppEqf-rFg,@jor77cas,@allanmunoz7410,1
UCzoL2l5H5eVlorWGH8AZfAg,UCFhxtoeARHPnXXPcDrOU3Xg,@jor77cas,@diegoalejandrolopezmendez205,1
UCzoL2l5H5eVlorWGH8AZfAg,UCFjudnPLoaSL1BaRuLahyHg,@jor77cas,@HaroldoCastillo-rh9iw,1
UCzoL2l5H5eVlorWGH8AZfAg,UCFoIAE8k82D6AV-8gjjKaNg,@jor77cas,@eddymunoz9789,1
UCzoL2l5H5eVlorWGH8AZfAg,UCFxE8GbokBrBsPEKM1xrOjQ,@jor77cas,@JuanDavila-qd7qj,1
UCzoL2l5H5eVlorWGH8AZfAg,UCGzXwyCzMzGmjmCbH3Hg01Q,@jor77cas,@FidelZacarias-ph7dy,1
UCzoL2l5H5eVlorWGH8AZfAg,UCHTGCgY2l-DQJIvlA_cpa_Q,@jor77cas,@virgiliogarcia3039,1
UCzoL2l5H5eVlorWGH8AZfAg,UCHhHUjaMAZ8SiXdCUCj9DkQ,@jor77cas,@fredymendez1786,1
UCzoL2l5H5eVlorWGH8AZfAg,UCKDR0f2fu2UzWL8mBv5-BHw,@jor77cas,@mireyamorales6595,1
UCzoL2l5H5eVlorWGH8AZfAg,UCL13XhnRzbGokEkCkEOb0-g,@jor77cas,@raquelprado3643,1
UCzoL2l5H5eVlorWGH8AZfAg,UCL1MT278vSaQ83ZDkVWn1gw,@jor77cas,@elmorodriguez6978,1
UCzoL2l5H5eVlorWGH8AZfAg,UCLFdHr9BEbXHkoJopbEPLZw,@jor77cas,@kanterra4584,1
UCzoL2l5H5eVlorWGH8AZfAg,UCLggDc_a5HriXv7I1h02sOA,@jor77cas,@guillermogonzalez5153,1
UCzoL2l5H5eVlorWGH8AZfAg,UCN6qbfPSzFtjhqUDZ3Cv3CQ,@jor77cas,@carlosmedranovelasquez6380,1
UCzoL2l5H5eVlorWGH8AZfAg,UCNBnKqWf4d-rS4HwJRQljmQ,@jor77cas,@LE_A22,1
UCzoL2l5H5eVlorWGH8AZfAg,UCNkcuy42zEwddwEcOd_HpnA,@jor77cas,@vanigomez492,1
UCzoL2l5H5eVlorWGH8AZfAg,UCOLGv5Pf6BF2wFcwUzgcvHg,@jor77cas,@welfrealdana5559,1
UCzoL2l5H5eVlorWGH8AZfAg,UCOS8ViEkccrTZx2w2ccxotA,@jor77cas,@OscarHernandez-q8y,1
UCzoL2l5H5eVlorWGH8AZfAg,UCOh6DaZC_x9HASnlRylEMfw,@jor77cas,@AndresMedina-v1s,1
UCzoL2l5H5eVlorWGH8AZfAg,UCQ_-LPP8JAbfkc-b1Q6NvWw,@jor77cas,@MegaKristenstewart,1
UCzoL2l5H5eVlorWGH8AZfAg,UCQgYjVngJRfPHDLGB5X6ZjA,@jor77cas,@oscarnavas9996,1
UCzoL2l5H5eVlorWGH8AZfAg,UCQqetiwzzmRNTM5OWuXarGQ,@jor77cas,@isaiaslopezvelasquez1539,1
UCzoL2l5H5eVlorWGH8AZfAg,UCQtICyzWmhC5woCtbNgaSmg,@jor77cas,@nestormendez6216,1
UCzoL2l5H5eVlorWGH8AZfAg,UCQtSFINs1h6GHkpg9o5kMvg,@jor77cas,@MacarioMartinezruiz,1
UCzoL2l5H5eVlorWGH8AZfAg,UCRETAiYdh2dL5ZxB0_N1zDA,@jor77cas,@Joseroland21,1
UCzoL2l5H5eVlorWGH8AZfAg,UCRlCV9zSn7avAWh-9_XFWqQ,@jor77cas,@ronyarana8849,1
UCzoL2l5H5eVlorWGH8AZfAg,UCSou6a2OuYGSvPjm5psquyA,@jor77cas,@FranciscoRivera-sf7ne,1
UCzoL2l5H5eVlorWGH8AZfAg,UCTD6q1nyIe3Y7HhqjaMj72w,@jor77cas,@JuanChang-r6k,1
UCzoL2l5H5eVlorWGH8AZfAg,UCTP3O0rMnc8z8v8jaDQwL0w,@jor77cas,@RobertoZelaya-x1v,1
UCzoL2l5H5eVlorWGH8AZfAg,UCThW2XNsAaBKme5PUt7n-Zg,@jor77cas,@thelmamoran8565,1
UCzoL2l5H5eVlorWGH8AZfAg,UCTwSut16JyAg3mX6LVUNGqA,@jor77cas,@SuperVictor2005,1
UCzoL2l5H5eVlorWGH8AZfAg,UCTylKrsqkrBKIqubMu_5N0Q,@jor77cas,@edwingeovanymarroquinmarro6684,1
UCzoL2l5H5eVlorWGH8AZfAg,UCUIIIPTVDVHAXqhC_5V6lPA,@jor77cas,@gorrarota,1
UCzoL2l5H5eVlorWGH8AZfAg,UCV0iizTBoOfdAFX_thfI9BA,@jor77cas,@BenjaminLarios-jd8nk,1
UCzoL2l5H5eVlorWGH8AZfAg,UCXSkL3ejZ8qWYyF_M7s_QKA,@jor77cas,@JacintaTzoy,1
UCzoL2l5H5eVlorWGH8AZfAg,UCXXh7yg5KUFIWylTiKVEFKQ,@jor77cas,@MrDuenderojo,1
UCzoL2l5H5eVlorWGH8AZfAg,UCXgr7vXlRrsaskPdo097kGA,@jor77cas,@Rogergh-nw4oj,1
UCzoL2l5H5eVlorWGH8AZfAg,UCXr8_5WtGeipe4haOoQDgyQ,@jor77cas,@amyherrera7352,1
UCzoL2l5H5eVlorWGH8AZfAg,UCYN4wSQ1Sx4_LurxLlW7MPg,@jor77cas,@belarminavillatoro6474,1
UCzoL2l5H5eVlorWGH8AZfAg,UCYwpX26TrCxq8TvbKGRYLXA,@jor77cas,@beneficioelcaminovillacana8540,1
UCzoL2l5H5eVlorWGH8AZfAg,UCZ51R_9Q9C0c8I3pAWhtmjQ,@jor77cas,@belvettzapeta1251,1
UCzoL2l5H5eVlorWGH8AZfAg,UCZLG9qH0tUjNhEGFIUt0CYw,@jor77cas,@SoniaMarroquin-y6e,1
UCzoL2l5H5eVlorWGH8AZfAg,UCcfdg8crmMJwEuLUsAhV7yg,@jor77cas,@RolandoRaguay,1
UCzoL2l5H5eVlorWGH8AZfAg,UCfM3nrxtTQMY5jFx1v1J4Gg,@jor77cas,@edgarroldan5539,1
UCzoL2l5H5eVlorWGH8AZfAg,UCgvw7xIdGFupzpt1Y_BFkEA,@jor77cas,@fredygarcia9151,1
UCzoL2l5H5eVlorWGH8AZfAg,UChZknRmJkeGeQk0-mQuhDOg,@jor77cas,@OdilioRodríguez-c5w,1
UCzoL2l5H5eVlorWGH8AZfAg,UChep9kVb5gQmpodEEl10Xlg,@jor77cas,@carlosaguilar-kz7ml,1
UCzoL2l5H5eVlorWGH8AZfAg,UChgkn5Jt5tWKYMoEOuCjz3Q,@jor77cas,@pablochitay46,1
UCzoL2l5H5eVlorWGH8AZfAg,UChs3tU2BcKOT0CezykvAsGw,@jor77cas,@byronpontaza,1
UCzoL2l5H5eVlorWGH8AZfAg,UCi1b_TRQfgO1Z9O2gNGGWNA,@jor77cas,@davidisraelesquitsaquil,1
UCzoL2l5H5eVlorWGH8AZfAg,UCiGRBf2RNF0WRKhRVT7zFoA,@jor77cas,@edwinavila4876,1
UCzoL2l5H5eVlorWGH8AZfAg,UCiMythXHsw7eQEMykCdmMUA,@jor77cas,@JavierBecerra-h6x,1
UCzoL2l5H5eVlorWGH8AZfAg,UCipetjeiWj4CZB6EbyYziZg,@jor77cas,@OseasSamayoa-ol5rz,1
UCzoL2l5H5eVlorWGH8AZfAg,UCj-LL25XJnjxepPKCc3NGog,@jor77cas,@anaaguirre8985,1
UCzoL2l5H5eVlorWGH8AZfAg,UCjSKM9j0Q7HLDr1hD6D-TUw,@jor77cas,@josehidalgo4875,1
UCzoL2l5H5eVlorWGH8AZfAg,UCjmPuazZJzscrwvk0QR9RVw,@jor77cas,@mynorrodas8591,1
UCzoL2l5H5eVlorWGH8AZfAg,UCkd9W714-947dEE6ZOEBATA,@jor77cas,@ARGELIATELON,1
UCzoL2l5H5eVlorWGH8AZfAg,UCl0ekS9Tt0jJGtOEM18S63w,@jor77cas,@monkchapin,1
UCzoL2l5H5eVlorWGH8AZfAg,UCljDbleJul41G1TzOjOZAVA,@jor77cas,@hectorcarranza3777,1
UCzoL2l5H5eVlorWGH8AZfAg,UCmjppp6ujz3SAnULvP3sZMw,@jor77cas,@marcomendez7509,1
UCzoL2l5H5eVlorWGH8AZfAg,UCmvOgzmmXbjUthHy-WJ52hQ,@jor77cas,@mariorodas593,1
UCzoL2l5H5eVlorWGH8AZfAg,UCp4iw5_5SmV9VGTFSNVGOmQ,@jor77cas,@CARLOSSTREMS51,1
UCzoL2l5H5eVlorWGH8AZfAg,UCpIdtvoFHVLGASGB5ySqIEA,@jor77cas,@VidalVillatoro-p4w,1
UCzoL2l5H5eVlorWGH8AZfAg,UCpl8rF8uv_8uui-QRvuJaRA,@jor77cas,@SergioGarcia-z9c,1
UCzoL2l5H5eVlorWGH8AZfAg,UCplrIQtaPj6au60_f2-mOYw,@jor77cas,@romeolopezherrarte799,1
UCzoL2l5H5eVlorWGH8AZfAg,UCpsKOkt5iWTbenzeuq7dsmQ,@jor77cas,@inge_vergueta,1
UCzoL2l5H5eVlorWGH8AZfAg,UCr1emrogPKkKTs_WTtx71xg,@jor77cas,@domingopeneleu6457,1
UCzoL2l5H5eVlorWGH8AZfAg,UCrJn_rbo_ENAdeqneS-RmRw,@jor77cas,@josecarrera9623,1
UCzoL2l5H5eVlorWGH8AZfAg,UCsJJAvrVGupdmhOqgtDp8dg,@jor77cas,@nestorlorenzana1168,1
UCzoL2l5H5eVlorWGH8AZfAg,UCsSXdJct-nsS8DsABoEsaYA,@jor77cas,@IvánPérez-j4j,1
UCzoL2l5H5eVlorWGH8AZfAg,UCsUCN0Yq_UyTvKjOJLmNrnQ,@jor77cas,@moisesvaldez4043,1
UCzoL2l5H5eVlorWGH8AZfAg,UCsjs5Hp_r86x1xbK6FAeqaA,@jor77cas,@alvaroesquivel563,1
UCzoL2l5H5eVlorWGH8AZfAg,UCtNfIBnc5S5DbbQj_yxgJTw,@jor77cas,@JosueRamirez-ey3ih,1
UCzoL2l5H5eVlorWGH8AZfAg,UCtUR3_CAiE7fCoZHM6cMfyQ,@jor77cas,@mdelcid01,1
UCzoL2l5H5eVlorWGH8AZfAg,UCueV9cTyTDwgQSec1x2dYgA,@jor77cas,@fredydomingo7062,1
UCzoL2l5H5eVlorWGH8AZfAg,UCujPF2nBgsTD62nWE3lcpIg,@jor77cas,@victorarturoruanobautista7588,1
UCzoL2l5H5eVlorWGH8AZfAg,UCut6b9S98nv84cVX89PmKzA,@jor77cas,@yeniferaguirre4498,1
UCzoL2l5H5eVlorWGH8AZfAg,UCvApqeCbLod-wejtT4CcVuA,@jor77cas,@davidgaher9550,1
UCzoL2l5H5eVlorWGH8AZfAg,UCwO2SXr0ggzwg6QWWrr01nQ,@jor77cas,@ricardofigueroa5720,1
UCzoL2l5H5eVlorWGH8AZfAg,UCwW2OFy95P7ZBkOPxWkpvYg,@jor77cas,@TeresaLucero-b5o,1
UCzoL2l5H5eVlorWGH8AZfAg,UCwha8rxULYMVtNwZWeSkE1A,@jor77cas,@mariasamo8637,1
UCzoL2l5H5eVlorWGH8AZfAg,UCxff05WuyvwELNITi7bj7UA,@jor77cas,@markoherrera,1
UCzoL2l5H5eVlorWGH8AZfAg,UCySYJU5kUh7X8gVt9la2ISA,@jor77cas,@dantesarti4351,1
UCzoL2l5H5eVlorWGH8AZfAg,UCylqlpsh8ENNM1LqgQ1KbxA,@jor77cas,@Jel.Awesh.M,1
UCzoL2l5H5eVlorWGH8AZfAg,UCz3gu01bmjNv0DpRq-K3XYg,@jor77cas,@eusebiovasquez4385,1
UCzoL2l5H5eVlorWGH8AZfAg,UCzSfZlOVxBSs5ObD25ywxDQ,@jor77cas,@GilmarMaldonado-q9m,1
UCKVzDUqbtdSMBcexaEtMmzQ,UCNiMNUJvaRJb0_QLClqwVnA,@rotorairgroup8409,@Santiago.Nolasco,1
UCKVzDUqbtdSMBcexaEtMmzQ,UCld2stqxaVSk0QdGncM224A,@rotorairgroup8409,@sarahernandez3873,1
UCKVzDUqbtdSMBcexaEtMmzQ,UCtowGNY2lnlg6O2CkwDgkLg,@rotorairgroup8409,@taniagabrielacelis8434,1
UCNpt5CQlTzNjlAKY6CJtClQ,UC-fiZBS5Gp1eCJd9ucgWnCg,@eustaquiogomez9975,@Tommii.10,1
UCNpt5CQlTzNjlAKY6CJtClQ,UC1DpqK6vaPEkBOMNvypsKYg,@eustaquiogomez9975,@HectorCarranza-u4j4o,1
UCNpt5CQlTzNjlAKY6CJtClQ,UC32oozucwCF3q8d4m8fyOUg,@eustaquiogomez9975,@RauldejesusOlivagonzalez,1
UCNpt5CQlTzNjlAKY6CJtClQ,UC3UVO7pTbeYvZ3ILEyRDskQ,@eustaquiogomez9975,@rosaelenaargueta79,1
UCNpt5CQlTzNjlAKY6CJtClQ,UC4Avya4kmR4Q0FrfFdBozSQ,@eustaquiogomez9975,@davidlima1348,1
UCNpt5CQlTzNjlAKY6CJtClQ,UC5hvEnRUzI4Kfvwnyi4QxqQ,@eustaquiogomez9975,@leonelsantizo5281,1
UCNpt5CQlTzNjlAKY6CJtClQ,UC6Uj1FT5JjDSF8vudvDxPAA,@eustaquiogomez9975,@alfredoortega9264,1
UCNpt5CQlTzNjlAKY6CJtClQ,UC7dadZG7kkGYnsNu6td0FbA,@eustaquiogomez9975,@lesolorzano,1
UCNpt5CQlTzNjlAKY6CJtClQ,UC816IGbFCZinfYS1LRDaaHg,@eustaquiogomez9975,@ingenieroar,1
UCNpt5CQlTzNjlAKY6CJtClQ,UC95PSMouTx2N5CbSq0hIyrQ,@eustaquiogomez9975,@lisss1908,1
UCNpt5CQlTzNjlAKY6CJtClQ,UCAKuKvcbfnBD3kF5njNu-IA,@eustaquiogomez9975,@melvinlopez7096,1
UCNpt5CQlTzNjlAKY6CJtClQ,UCCBYcToQ2dwkd6TJh0FSyDg,@eustaquiogomez9975,@lidiarodriguez3493,1
UCNpt5CQlTzNjlAKY6CJtClQ,UCDrmf9y9nLgFY5wnA2hTuGA,@eustaquiogomez9975,@laboratorio5528,1
UCNpt5CQlTzNjlAKY6CJtClQ,UCGGHbtfbbe0o68etrOf0qxw,@eustaquiogomez9975,@karensussetteleonvargas9794,1
UCNpt5CQlTzNjlAKY6CJtClQ,UCHbwIx9pmQuf7i-4_xO2EpA,@eustaquiogomez9975,@caminoseternos752,1
UCNpt5CQlTzNjlAKY6CJtClQ,UCOcUI5XkTYNMSFhZNMIPpGg,@eustaquiogomez9975,@hendersonlopez3864,1
UCNpt5CQlTzNjlAKY6CJtClQ,UCQqlPPUGqAfWjd-FSh_qn7Q,@eustaquiogomez9975,@estuardoargueta137,1
UCNpt5CQlTzNjlAKY6CJtClQ,UCQyOePccUP-fIJYzchAgZYw,@eustaquiogomez9975,@aguilar4254,1
UCNpt5CQlTzNjlAKY6CJtClQ,UCRvPToDkkumha7WJAfCDk1A,@eustaquiogomez9975,@ligiaguerra3057,1
UCNpt5CQlTzNjlAKY6CJtClQ,UCUoYsrx1oZnCZ0usbBJn4fA,@eustaquiogomez9975,@AnaDiaz-re9sq,1
UCNpt5CQlTzNjlAKY6CJtClQ,UCV0lM03g5fg5pbPj97-sAtA,@eustaquiogomez9975,@genarodelgado3929,1
UCNpt5CQlTzNjlAKY6CJtClQ,UCW-JC6lebVmf2P1dmY_L94g,@eustaquiogomez9975,@dinoraoroxon5771,1
UCNpt5CQlTzNjlAKY6CJtClQ,UCW80DaMjQlEUibC98Cot-Dg,@eustaquiogomez9975,@rogeraldana4289,1
UCNpt5CQlTzNjlAKY6CJtClQ,UCWoAVGVqCn4xtINCMOTM4jg,@eustaquiogomez9975,@OmarMartinez-vv8re,1
UCNpt5CQlTzNjlAKY6CJtClQ,UCZeIIQrGAedW8tCbKWmGY-A,@eustaquiogomez9975,@mariocordon8873,1
UCNpt5CQlTzNjlAKY6CJtClQ,UC_LYoGs5C3mbZKZuKuqYCvw,@eustaquiogomez9975,@javiercifuentesarchila6041,1
UCNpt5CQlTzNjlAKY6CJtClQ,UCaKAjTW9MVub_clgr4DRYjQ,@eustaquiogomez9975,@josecastillo4390,1
UCNpt5CQlTzNjlAKY6CJtClQ,UCe8JZoYkX5oKUZyivHYdXhw,@eustaquiogomez9975,@FernandoGarcia-jg1fj,1
UCNpt5CQlTzNjlAKY6CJtClQ,UCeDNEtI8_a42bZ47wJiJMwQ,@eustaquiogomez9975,@EdgarcalderonCalderong,1
UCNpt5CQlTzNjlAKY6CJtClQ,UCgJNFj5dnxXpcMvmuhZDPxA,@eustaquiogomez9975,@NataliaRodriguez-rx5mr,1
UCNpt5CQlTzNjlAKY6CJtClQ,UCgQw_Sbq3ugruDUKsq1e0-A,@eustaquiogomez9975,@marlenareano-h4t,1
UCNpt5CQlTzNjlAKY6CJtClQ,UCiC-Jn7wdgyQV4_Urk0DkWQ,@eustaquiogomez9975,@pedroros6358,1
UCNpt5CQlTzNjlAKY6CJtClQ,UCkVtmkK07b2zaVVNssX4lOg,@eustaquiogomez9975,@HectorElias-u2l,1
UCNpt5CQlTzNjlAKY6CJtClQ,UClhMWQ7XKWywYvbRnuf8QsA,@eustaquiogomez9975,@EcPerez-zz9oh,1
UCNpt5CQlTzNjlAKY6CJtClQ,UClqA491Xa5fQcXcJJa-vTWw,@eustaquiogomez9975,@AndresLemus-k2d,1
UCNpt5CQlTzNjlAKY6CJtClQ,UColMq7LmaoY3MT6aIDGrGvA,@eustaquiogomez9975,@quijotachapina1,1
UCNpt5CQlTzNjlAKY6CJtClQ,UCpe5jW3MIqkgTJ-PgkzvM6Q,@eustaquiogomez9975,@carloslam5333,1
UCNpt5CQlTzNjlAKY6CJtClQ,UCpsKOkt5iWTbenzeuq7dsmQ,@eustaquiogomez9975,@inge_vergueta,1
UCNpt5CQlTzNjlAKY6CJtClQ,UCqCrvuoJpC-aVb0f4logQRQ,@eustaquiogomez9975,@Lyrics_GT,1
UCNpt5CQlTzNjlAKY6CJtClQ,UCsGoJEvb-cFPZ2rWoJcXzEQ,@eustaquiogomez9975,@sergiohinestroza9709,1
UCNpt5CQlTzNjlAKY6CJtClQ,UCu8_3-Wg-YzNyvHYQDEscfw,@eustaquiogomez9975,@RolandoCastroPérez-d7y,1
UCNpt5CQlTzNjlAKY6CJtClQ,UCuXmOjxC-htcprLgeVXz6Tg,@eustaquiogomez9975,@jorgeaguilar-bq3uj,1
UCNpt5CQlTzNjlAKY6CJtClQ,UCwgCc9Jd_gG-uLE_SY-FfPg,@eustaquiogomez9975,@armindapenados2841,1
UCNpt5CQlTzNjlAKY6CJtClQ,UCwjUvRseNtJoItylIyIez7Q,@eustaquiogomez9975,@Silviazea,1
UCNpt5CQlTzNjlAKY6CJtClQ,UCylqlpsh8ENNM1LqgQ1KbxA,@eustaquiogomez9975,@Jel.Awesh.M,1
UCut6b9S98nv84cVX89PmKzA,UC-hfX8J5JPJ-dfuakzegMLA,@yeniferaguirre4498,@normaleticiaorozcojuarez2418,1
UCut6b9S98nv84cVX89PmKzA,UC-jS_kA9w-OmpupXDx156Rg,@yeniferaguirre4498,@simoncreyesc7579,1
UCut6b9S98nv84cVX89PmKzA,UC-pNP6RMFuLg_-x7Ah_0kEA,@yeniferaguirre4498,@almacatalan2717,1
UCut6b9S98nv84cVX89PmKzA,UC1vr9aaMI2crB0NvwFHUeoQ,@yeniferaguirre4498,@JoseSimilox-p6e,1
UCut6b9S98nv84cVX89PmKzA,UC2Y_EHWQKevubk4vOEBBFxw,@yeniferaguirre4498,@alfonsomorales2653,1
UCut6b9S98nv84cVX89PmKzA,UC2weSE8rpqkGMOp6StYtVfg,@yeniferaguirre4498,@katerynsantiago2907,1
UCut6b9S98nv84cVX89PmKzA,UC3E9mAgP7VoAE5mZoAexl5g,@yeniferaguirre4498,@EnnioAroche,1
UCut6b9S98nv84cVX89PmKzA,UC3MYTqpQqlWBuCB7Th0e0PA,@yeniferaguirre4498,@isaaclopez7220,1
UCut6b9S98nv84cVX89PmKzA,UC3NMzdMYryaw82kPTnsaljg,@yeniferaguirre4498,@marisosa7832,1
UCut6b9S98nv84cVX89PmKzA,UC3XTwHxygNCgjndsg-UiCQA,@yeniferaguirre4498,@marioajset4283,1
UCut6b9S98nv84cVX89PmKzA,UC3qn1yJA5PeW9rkGPatQxiw,@yeniferaguirre4498,@VICTOREST19,1
UCut6b9S98nv84cVX89PmKzA,UC4cXueR2bKGFJV0Fk76gwmA,@yeniferaguirre4498,@aluxdel4792,1
UCut6b9S98nv84cVX89PmKzA,UC4wq3DcbfaG6dtCqn8Oyu3w,@yeniferaguirre4498,@hugoasencio7764,1
UCut6b9S98nv84cVX89PmKzA,UC5H8ASmMC9WrURmzeB4ySog,@yeniferaguirre4498,@ManuelEdran,1
UCut6b9S98nv84cVX89PmKzA,UC5bG9nc_JV3FsNP2KseQiYw,@yeniferaguirre4498,@giovannirodas4836,1
UCut6b9S98nv84cVX89PmKzA,UC650pRT-OYzny3GwOH8Cgfw,@yeniferaguirre4498,@edvinparedesherrera7632,1
UCut6b9S98nv84cVX89PmKzA,UC6PvO1_k5lHKGdAPo5_C6TA,@yeniferaguirre4498,@johnmejia992,1
UCut6b9S98nv84cVX89PmKzA,UC6YSZqL0vEcI-niPKIMUGfw,@yeniferaguirre4498,@maxwellsales885,1
UCut6b9S98nv84cVX89PmKzA,UC72gBAtyb_VXQlYDcFrh6oQ,@yeniferaguirre4498,@osmanmorales3012,1
UCut6b9S98nv84cVX89PmKzA,UC7VUuJr9cGh845CmTvf7TlQ,@yeniferaguirre4498,@LuisCastillo-oz4df,1
UCut6b9S98nv84cVX89PmKzA,UC8F2V63KZ4ZEay6opX2hAQw,@yeniferaguirre4498,@carmenr6311,1
UCut6b9S98nv84cVX89PmKzA,UC8G5cJONY8L9voMyBW8Eoug,@yeniferaguirre4498,@luisparedes-pw6qt,1
UCut6b9S98nv84cVX89PmKzA,UC8r11yOugM2NuRfitQOxLLg,@yeniferaguirre4498,@cesaraugustomoralesmonroy6907,1
UCut6b9S98nv84cVX89PmKzA,UC9vMq1YF-e7C-VO0SHkbUTA,@yeniferaguirre4498,@ErvinLeonardoCarreraLatín,1
UCut6b9S98nv84cVX89PmKzA,UC9xr9QvIcDvoZNUX5f-jaZw,@yeniferaguirre4498,@MariaaliciaColonmorales,1
UCut6b9S98nv84cVX89PmKzA,UCA93ym2TXs_Ibyxb4Vcn-6Q,@yeniferaguirre4498,@oswaldosolis8728,1
UCut6b9S98nv84cVX89PmKzA,UCAlzM_N6xBlMYmM8EBzX86Q,@yeniferaguirre4498,@carlossoto3252,1
UCut6b9S98nv84cVX89PmKzA,UCAmtbUiIrUIhikru0ZoTFig,@yeniferaguirre4498,@Aura-vf6dm,1
UCut6b9S98nv84cVX89PmKzA,UCB5p8a5gklc80jJItP6xTHg,@yeniferaguirre4498,@ernestogamboa8737,1
UCut6b9S98nv84cVX89PmKzA,UCCaYwkkbQGcvFoUmothVdQQ,@yeniferaguirre4498,@OsvaldoAguirre-l3i,1
UCut6b9S98nv84cVX89PmKzA,UCDPWkUX3sNNaCx-m1dV4glA,@yeniferaguirre4498,@hectoroliva949,1
UCut6b9S98nv84cVX89PmKzA,UCDQaQv0hr2SS_PO-CMEwVHg,@yeniferaguirre4498,@federicosaquimux1933,1
UCut6b9S98nv84cVX89PmKzA,UCDUffaruH6dyUnUGwsTKpgg,@yeniferaguirre4498,@luisletona2842,1
UCut6b9S98nv84cVX89PmKzA,UCDftMWXQoJ6nONfY7GVOVjg,@yeniferaguirre4498,@luisgpacheco5858,1
UCut6b9S98nv84cVX89PmKzA,UCDlr1VadSucIZgZ171pRBjQ,@yeniferaguirre4498,@cuabatzjj5924,1
UCut6b9S98nv84cVX89PmKzA,UCEgEQmRbtL5fwr9_DqAC--g,@yeniferaguirre4498,@ArielRodas-g5y,1
UCut6b9S98nv84cVX89PmKzA,UCErZPJpHmLCsXs8ZWkAUupQ,@yeniferaguirre4498,@dorisl.garciaroche7763,1
UCut6b9S98nv84cVX89PmKzA,UCFUuDARXdmmIrLppEqf-rFg,@yeniferaguirre4498,@allanmunoz7410,1
UCut6b9S98nv84cVX89PmKzA,UCFhxtoeARHPnXXPcDrOU3Xg,@yeniferaguirre4498,@diegoalejandrolopezmendez205,1
UCut6b9S98nv84cVX89PmKzA,UCFjudnPLoaSL1BaRuLahyHg,@yeniferaguirre4498,@HaroldoCastillo-rh9iw,1
UCut6b9S98nv84cVX89PmKzA,UCFoIAE8k82D6AV-8gjjKaNg,@yeniferaguirre4498,@eddymunoz9789,1
UCut6b9S98nv84cVX89PmKzA,UCFxE8GbokBrBsPEKM1xrOjQ,@yeniferaguirre4498,@JuanDavila-qd7qj,1
UCut6b9S98nv84cVX89PmKzA,UCGzXwyCzMzGmjmCbH3Hg01Q,@yeniferaguirre4498,@FidelZacarias-ph7dy,1
UCut6b9S98nv84cVX89PmKzA,UCHTGCgY2l-DQJIvlA_cpa_Q,@yeniferaguirre4498,@virgiliogarcia3039,1
UCut6b9S98nv84cVX89PmKzA,UCHhHUjaMAZ8SiXdCUCj9DkQ,@yeniferaguirre4498,@fredymendez1786,1
UCut6b9S98nv84cVX89PmKzA,UCKDR0f2fu2UzWL8mBv5-BHw,@yeniferaguirre4498,@mireyamorales6595,1
UCut6b9S98nv84cVX89PmKzA,UCL13XhnRzbGokEkCkEOb0-g,@yeniferaguirre4498,@raquelprado3643,1
UCut6b9S98nv84cVX89PmKzA,UCL1MT278vSaQ83ZDkVWn1gw,@yeniferaguirre4498,@elmorodriguez6978,1
UCut6b9S98nv84cVX89PmKzA,UCLFdHr9BEbXHkoJopbEPLZw,@yeniferaguirre4498,@kanterra4584,1
UCut6b9S98nv84cVX89PmKzA,UCLggDc_a5HriXv7I1h02sOA,@yeniferaguirre4498,@guillermogonzalez5153,1
UCut6b9S98nv84cVX89PmKzA,UCN6qbfPSzFtjhqUDZ3Cv3CQ,@yeniferaguirre4498,@carlosmedranovelasquez6380,1
UCut6b9S98nv84cVX89PmKzA,UCNBnKqWf4d-rS4HwJRQljmQ,@yeniferaguirre4498,@LE_A22,1
UCut6b9S98nv84cVX89PmKzA,UCNkcuy42zEwddwEcOd_HpnA,@yeniferaguirre4498,@vanigomez492,1
UCut6b9S98nv84cVX89PmKzA,UCOLGv5Pf6BF2wFcwUzgcvHg,@yeniferaguirre4498,@welfrealdana5559,1
UCut6b9S98nv84cVX89PmKzA,UCOS8ViEkccrTZx2w2ccxotA,@yeniferaguirre4498,@OscarHernandez-q8y,1
UCut6b9S98nv84cVX89PmKzA,UCOh6DaZC_x9HASnlRylEMfw,@yeniferaguirre4498,@AndresMedina-v1s,1
UCut6b9S98nv84cVX89PmKzA,UCQ_-LPP8JAbfkc-b1Q6NvWw,@yeniferaguirre4498,@MegaKristenstewart,1
UCut6b9S98nv84cVX89PmKzA,UCQgYjVngJRfPHDLGB5X6ZjA,@yeniferaguirre4498,@oscarnavas9996,1
UCut6b9S98nv84cVX89PmKzA,UCQqetiwzzmRNTM5OWuXarGQ,@yeniferaguirre4498,@isaiaslopezvelasquez1539,1
UCut6b9S98nv84cVX89PmKzA,UCQtICyzWmhC5woCtbNgaSmg,@yeniferaguirre4498,@nestormendez6216,1
UCut6b9S98nv84cVX89PmKzA,UCQtSFINs1h6GHkpg9o5kMvg,@yeniferaguirre4498,@MacarioMartinezruiz,1
UCut6b9S98nv84cVX89PmKzA,UCRETAiYdh2dL5ZxB0_N1zDA,@yeniferaguirre4498,@Joseroland21,1
UCut6b9S98nv84cVX89PmKzA,UCRlCV9zSn7avAWh-9_XFWqQ,@yeniferaguirre4498,@ronyarana8849,1
UCut6b9S98nv84cVX89PmKzA,UCSou6a2OuYGSvPjm5psquyA,@yeniferaguirre4498,@FranciscoRivera-sf7ne,1
UCut6b9S98nv84cVX89PmKzA,UCTD6q1nyIe3Y7HhqjaMj72w,@yeniferaguirre4498,@JuanChang-r6k,1
UCut6b9S98nv84cVX89PmKzA,UCTP3O0rMnc8z8v8jaDQwL0w,@yeniferaguirre4498,@RobertoZelaya-x1v,1
UCut6b9S98nv84cVX89PmKzA,UCThW2XNsAaBKme5PUt7n-Zg,@yeniferaguirre4498,@thelmamoran8565,1
UCut6b9S98nv84cVX89PmKzA,UCTwSut16JyAg3mX6LVUNGqA,@yeniferaguirre4498,@SuperVictor2005,1
UCut6b9S98nv84cVX89PmKzA,UCTylKrsqkrBKIqubMu_5N0Q,@yeniferaguirre4498,@edwingeovanymarroquinmarro6684,1
UCut6b9S98nv84cVX89PmKzA,UCUIIIPTVDVHAXqhC_5V6lPA,@yeniferaguirre4498,@gorrarota,1
UCut6b9S98nv84cVX89PmKzA,UCV0iizTBoOfdAFX_thfI9BA,@yeniferaguirre4498,@BenjaminLarios-jd8nk,1
UCut6b9S98nv84cVX89PmKzA,UCXSkL3ejZ8qWYyF_M7s_QKA,@yeniferaguirre4498,@JacintaTzoy,1
UCut6b9S98nv84cVX89PmKzA,UCXXh7yg5KUFIWylTiKVEFKQ,@yeniferaguirre4498,@MrDuenderojo,1
UCut6b9S98nv84cVX89PmKzA,UCXgr7vXlRrsaskPdo097kGA,@yeniferaguirre4498,@Rogergh-nw4oj,1
UCut6b9S98nv84cVX89PmKzA,UCXr8_5WtGeipe4haOoQDgyQ,@yeniferaguirre4498,@amyherrera7352,1
UCut6b9S98nv84cVX89PmKzA,UCYN4wSQ1Sx4_LurxLlW7MPg,@yeniferaguirre4498,@belarminavillatoro6474,1
UCut6b9S98nv84cVX89PmKzA,UCYwpX26TrCxq8TvbKGRYLXA,@yeniferaguirre4498,@beneficioelcaminovillacana8540,1
UCut6b9S98nv84cVX89PmKzA,UCZ51R_9Q9C0c8I3pAWhtmjQ,@yeniferaguirre4498,@belvettzapeta1251,1
UCut6b9S98nv84cVX89PmKzA,UCZLG9qH0tUjNhEGFIUt0CYw,@yeniferaguirre4498,@SoniaMarroquin-y6e,1
UCut6b9S98nv84cVX89PmKzA,UCcfdg8crmMJwEuLUsAhV7yg,@yeniferaguirre4498,@RolandoRaguay,1
UCut6b9S98nv84cVX89PmKzA,UCfM3nrxtTQMY5jFx1v1J4Gg,@yeniferaguirre4498,@edgarroldan5539,1
UCut6b9S98nv84cVX89PmKzA,UCgvw7xIdGFupzpt1Y_BFkEA,@yeniferaguirre4498,@fredygarcia9151,1
UCut6b9S98nv84cVX89PmKzA,UChZknRmJkeGeQk0-mQuhDOg,@yeniferaguirre4498,@OdilioRodríguez-c5w,1
UCut6b9S98nv84cVX89PmKzA,UChep9kVb5gQmpodEEl10Xlg,@yeniferaguirre4498,@carlosaguilar-kz7ml,1
UCut6b9S98nv84cVX89PmKzA,UChgkn5Jt5tWKYMoEOuCjz3Q,@yeniferaguirre4498,@pablochitay46,1
UCut6b9S98nv84cVX89PmKzA,UChs3tU2BcKOT0CezykvAsGw,@yeniferaguirre4498,@byronpontaza,1
UCut6b9S98nv84cVX89PmKzA,UCi1b_TRQfgO1Z9O2gNGGWNA,@yeniferaguirre4498,@davidisraelesquitsaquil,1
UCut6b9S98nv84cVX89PmKzA,UCiGRBf2RNF0WRKhRVT7zFoA,@yeniferaguirre4498,@edwinavila4876,1
UCut6b9S98nv84cVX89PmKzA,UCiMythXHsw7eQEMykCdmMUA,@yeniferaguirre4498,@JavierBecerra-h6x,1
UCut6b9S98nv84cVX89PmKzA,UCipetjeiWj4CZB6EbyYziZg,@yeniferaguirre4498,@OseasSamayoa-ol5rz,1
UCut6b9S98nv84cVX89PmKzA,UCj-LL25XJnjxepPKCc3NGog,@yeniferaguirre4498,@anaaguirre8985,1
UCut6b9S98nv84cVX89PmKzA,UCjSKM9j0Q7HLDr1hD6D-TUw,@yeniferaguirre4498,@josehidalgo4875,1
UCut6b9S98nv84cVX89PmKzA,UCjmPuazZJzscrwvk0QR9RVw,@yeniferaguirre4498,@mynorrodas8591,1
UCut6b9S98nv84cVX89PmKzA,UCkd9W714-947dEE6ZOEBATA,@yeniferaguirre4498,@ARGELIATELON,1
UCut6b9S98nv84cVX89PmKzA,UCl0ekS9Tt0jJGtOEM18S63w,@yeniferaguirre4498,@monkchapin,1
UCut6b9S98nv84cVX89PmKzA,UCljDbleJul41G1TzOjOZAVA,@yeniferaguirre4498,@hectorcarranza3777,1
UCut6b9S98nv84cVX89PmKzA,UCmjppp6ujz3SAnULvP3sZMw,@yeniferaguirre4498,@marcomendez7509,1
UCut6b9S98nv84cVX89PmKzA,UCmvOgzmmXbjUthHy-WJ52hQ,@yeniferaguirre4498,@mariorodas593,1
UCut6b9S98nv84cVX89PmKzA,UCp4iw5_5SmV9VGTFSNVGOmQ,@yeniferaguirre4498,@CARLOSSTREMS51,1
UCut6b9S98nv84cVX89PmKzA,UCpIdtvoFHVLGASGB5ySqIEA,@yeniferaguirre4498,@VidalVillatoro-p4w,1
UCut6b9S98nv84cVX89PmKzA,UCpl8rF8uv_8uui-QRvuJaRA,@yeniferaguirre4498,@SergioGarcia-z9c,1
UCut6b9S98nv84cVX89PmKzA,UCplrIQtaPj6au60_f2-mOYw,@yeniferaguirre4498,@romeolopezherrarte799,1
UCut6b9S98nv84cVX89PmKzA,UCpsKOkt5iWTbenzeuq7dsmQ,@yeniferaguirre4498,@inge_vergueta,1
UCut6b9S98nv84cVX89PmKzA,UCr1emrogPKkKTs_WTtx71xg,@yeniferaguirre4498,@domingopeneleu6457,1
UCut6b9S98nv84cVX89PmKzA,UCrJn_rbo_ENAdeqneS-RmRw,@yeniferaguirre4498,@josecarrera9623,1
UCut6b9S98nv84cVX89PmKzA,UCsJJAvrVGupdmhOqgtDp8dg,@yeniferaguirre4498,@nestorlorenzana1168,1
UCut6b9S98nv84cVX89PmKzA,UCsSXdJct-nsS8DsABoEsaYA,@yeniferaguirre4498,@IvánPérez-j4j,1
UCut6b9S98nv84cVX89PmKzA,UCsUCN0Yq_UyTvKjOJLmNrnQ,@yeniferaguirre4498,@moisesvaldez4043,1
UCut6b9S98nv84cVX89PmKzA,UCsjs5Hp_r86x1xbK6FAeqaA,@yeniferaguirre4498,@alvaroesquivel563,1
UCut6b9S98nv84cVX89PmKzA,UCtNfIBnc5S5DbbQj_yxgJTw,@yeniferaguirre4498,@JosueRamirez-ey3ih,1
UCut6b9S98nv84cVX89PmKzA,UCtUR3_CAiE7fCoZHM6cMfyQ,@yeniferaguirre4498,@mdelcid01,1
UCut6b9S98nv84cVX89PmKzA,UCueV9cTyTDwgQSec1x2dYgA,@yeniferaguirre4498,@fredydomingo7062,1
UCut6b9S98nv84cVX89PmKzA,UCujPF2nBgsTD62nWE3lcpIg,@yeniferaguirre4498,@victorarturoruanobautista7588,1
UCut6b9S98nv84cVX89PmKzA,UCvApqeCbLod-wejtT4CcVuA,@yeniferaguirre4498,@davidgaher9550,1
UCut6b9S98nv84cVX89PmKzA,UCwO2SXr0ggzwg6QWWrr01nQ,@yeniferaguirre4498,@ricardofigueroa5720,1
UCut6b9S98nv84cVX89PmKzA,UCwW2OFy95P7ZBkOPxWkpvYg,@yeniferaguirre4498,@TeresaLucero-b5o,1
UCut6b9S98nv84cVX89PmKzA,UCwha8rxULYMVtNwZWeSkE1A,@yeniferaguirre4498,@mariasamo8637,1
UCut6b9S98nv84cVX89PmKzA,UCxff05WuyvwELNITi7bj7UA,@yeniferaguirre4498,@markoherrera,1
UCut6b9S98nv84cVX89PmKzA,UCySYJU5kUh7X8gVt9la2ISA,@yeniferaguirre4498,@dantesarti4351,1
UCut6b9S98nv84cVX89PmKzA,UCylqlpsh8ENNM1LqgQ1KbxA,@yeniferaguirre4498,@Jel.Awesh.M,1
UCut6b9S98nv84cVX89PmKzA,UCz3gu01bmjNv0DpRq-K3XYg,@yeniferaguirre4498,@eusebiovasquez4385,1
UCut6b9S98nv84cVX89PmKzA,UCzSfZlOVxBSs5ObD25ywxDQ,@yeniferaguirre4498,@GilmarMaldonado-q9m,1
UCQyOePccUP-fIJYzchAgZYw,UC-fiZBS5Gp1eCJd9ucgWnCg,@aguilar4254,@Tommii.10,1
UCQyOePccUP-fIJYzchAgZYw,UC1DpqK6vaPEkBOMNvypsKYg,@aguilar4254,@HectorCarranza-u4j4o,1
UCQyOePccUP-fIJYzchAgZYw,UC32oozucwCF3q8d4m8fyOUg,@aguilar4254,@RauldejesusOlivagonzalez,1
UCQyOePccUP-fIJYzchAgZYw,UC3UVO7pTbeYvZ3ILEyRDskQ,@aguilar4254,@rosaelenaargueta79,1
UCQyOePccUP-fIJYzchAgZYw,UC4Avya4kmR4Q0FrfFdBozSQ,@aguilar4254,@davidlima1348,1
UCQyOePccUP-fIJYzchAgZYw,UC5hvEnRUzI4Kfvwnyi4QxqQ,@aguilar4254,@leonelsantizo5281,1
UCQyOePccUP-fIJYzchAgZYw,UC6Uj1FT5JjDSF8vudvDxPAA,@aguilar4254,@alfredoortega9264,1
UCQyOePccUP-fIJYzchAgZYw,UC7dadZG7kkGYnsNu6td0FbA,@aguilar4254,@lesolorzano,1
UCQyOePccUP-fIJYzchAgZYw,UC816IGbFCZinfYS1LRDaaHg,@aguilar4254,@ingenieroar,1
UCQyOePccUP-fIJYzchAgZYw,UC95PSMouTx2N5CbSq0hIyrQ,@aguilar4254,@lisss1908,1
UCQyOePccUP-fIJYzchAgZYw,UCAKuKvcbfnBD3kF5njNu-IA,@aguilar4254,@melvinlopez7096,1
UCQyOePccUP-fIJYzchAgZYw,UCCBYcToQ2dwkd6TJh0FSyDg,@aguilar4254,@lidiarodriguez3493,1
UCQyOePccUP-fIJYzchAgZYw,UCDrmf9y9nLgFY5wnA2hTuGA,@aguilar4254,@laboratorio5528,1
UCQyOePccUP-fIJYzchAgZYw,UCGGHbtfbbe0o68etrOf0qxw,@aguilar4254,@karensussetteleonvargas9794,1
UCQyOePccUP-fIJYzchAgZYw,UCHbwIx9pmQuf7i-4_xO2EpA,@aguilar4254,@caminoseternos752,1
UCQyOePccUP-fIJYzchAgZYw,UCOcUI5XkTYNMSFhZNMIPpGg,@aguilar4254,@hendersonlopez3864,1
UCQyOePccUP-fIJYzchAgZYw,UCQqlPPUGqAfWjd-FSh_qn7Q,@aguilar4254,@estuardoargueta137,1
UCQyOePccUP-fIJYzchAgZYw,UCRvPToDkkumha7WJAfCDk1A,@aguilar4254,@ligiaguerra3057,1
UCQyOePccUP-fIJYzchAgZYw,UCUoYsrx1oZnCZ0usbBJn4fA,@aguilar4254,@AnaDiaz-re9sq,1
UCQyOePccUP-fIJYzchAgZYw,UCV0lM03g5fg5pbPj97-sAtA,@aguilar4254,@genarodelgado3929,1
UCQyOePccUP-fIJYzchAgZYw,UCW-JC6lebVmf2P1dmY_L94g,@aguilar4254,@dinoraoroxon5771,1
UCQyOePccUP-fIJYzchAgZYw,UCW80DaMjQlEUibC98Cot-Dg,@aguilar4254,@rogeraldana4289,1
UCQyOePccUP-fIJYzchAgZYw,UCWoAVGVqCn4xtINCMOTM4jg,@aguilar4254,@OmarMartinez-vv8re,1
UCQyOePccUP-fIJYzchAgZYw,UCZeIIQrGAedW8tCbKWmGY-A,@aguilar4254,@mariocordon8873,1
UCQyOePccUP-fIJYzchAgZYw,UC_LYoGs5C3mbZKZuKuqYCvw,@aguilar4254,@javiercifuentesarchila6041,1
UCQyOePccUP-fIJYzchAgZYw,UCaKAjTW9MVub_clgr4DRYjQ,@aguilar4254,@josecastillo4390,1
UCQyOePccUP-fIJYzchAgZYw,UCe8JZoYkX5oKUZyivHYdXhw,@aguilar4254,@FernandoGarcia-jg1fj,1
UCQyOePccUP-fIJYzchAgZYw,UCeDNEtI8_a42bZ47wJiJMwQ,@aguilar4254,@EdgarcalderonCalderong,1
UCQyOePccUP-fIJYzchAgZYw,UCgJNFj5dnxXpcMvmuhZDPxA,@aguilar4254,@NataliaRodriguez-rx5mr,1
UCQyOePccUP-fIJYzchAgZYw,UCgQw_Sbq3ugruDUKsq1e0-A,@aguilar4254,@marlenareano-h4t,1
UCQyOePccUP-fIJYzchAgZYw,UCiC-Jn7wdgyQV4_Urk0DkWQ,@aguilar4254,@pedroros6358,1
UCQyOePccUP-fIJYzchAgZYw,UCkVtmkK07b2zaVVNssX4lOg,@aguilar4254,@HectorElias-u2l,1
UCQyOePccUP-fIJYzchAgZYw,UClhMWQ7XKWywYvbRnuf8QsA,@aguilar4254,@EcPerez-zz9oh,1
UCQyOePccUP-fIJYzchAgZYw,UClqA491Xa5fQcXcJJa-vTWw,@aguilar4254,@AndresLemus-k2d,1
UCQyOePccUP-fIJYzchAgZYw,UColMq7LmaoY3MT6aIDGrGvA,@aguilar4254,@quijotachapina1,1
UCQyOePccUP-fIJYzchAgZYw,UCpe5jW3MIqkgTJ-PgkzvM6Q,@aguilar4254,@carloslam5333,1
UCQyOePccUP-fIJYzchAgZYw,UCpsKOkt5iWTbenzeuq7dsmQ,@aguilar4254,@inge_vergueta,1
UCQyOePccUP-fIJYzchAgZYw,UCqCrvuoJpC-aVb0f4logQRQ,@aguilar4254,@Lyrics_GT,1
UCQyOePccUP-fIJYzchAgZYw,UCsGoJEvb-cFPZ2rWoJcXzEQ,@aguilar4254,@sergiohinestroza9709,1
UCQyOePccUP-fIJYzchAgZYw,UCu8_3-Wg-YzNyvHYQDEscfw,@aguilar4254,@RolandoCastroPérez-d7y,1
UCQyOePccUP-fIJYzchAgZYw,UCuXmOjxC-htcprLgeVXz6Tg,@aguilar4254,@jorgeaguilar-bq3uj,1
UCQyOePccUP-fIJYzchAgZYw,UCwgCc9Jd_gG-uLE_SY-FfPg,@aguilar4254,@armindapenados2841,1
UCQyOePccUP-fIJYzchAgZYw,UCwjUvRseNtJoItylIyIez7Q,@aguilar4254,@Silviazea,1
UCQyOePccUP-fIJYzchAgZYw,UCylqlpsh8ENNM1LqgQ1KbxA,@aguilar4254,@Jel.Awesh.M,1
UCOLGv5Pf6BF2wFcwUzgcvHg,UC-hfX8J5JPJ-dfuakzegMLA,@welfrealdana5559,@normaleticiaorozcojuarez2418,1
UCOLGv5Pf6BF2wFcwUzgcvHg,UC-jS_kA9w-OmpupXDx156Rg,@welfrealdana5559,@simoncreyesc7579,1
UCOLGv5Pf6BF2wFcwUzgcvHg,UC-pNP6RMFuLg_-x7Ah_0kEA,@welfrealdana5559,@almacatalan2717,1
UCOLGv5Pf6BF2wFcwUzgcvHg,UC1vr9aaMI2crB0NvwFHUeoQ,@welfrealdana5559,@JoseSimilox-p6e,1
UCOLGv5Pf6BF2wFcwUzgcvHg,UC2Y_EHWQKevubk4vOEBBFxw,@welfrealdana5559,@alfonsomorales2653,1
UCOLGv5Pf6BF2wFcwUzgcvHg,UC2weSE8rpqkGMOp6StYtVfg,@welfrealdana5559,@katerynsantiago2907,1
UCOLGv5Pf6BF2wFcwUzgcvHg,UC3E9mAgP7VoAE5mZoAexl5g,@welfrealdana5559,@EnnioAroche,1
UCOLGv5Pf6BF2wFcwUzgcvHg,UC3MYTqpQqlWBuCB7Th0e0PA,@welfrealdana5559,@isaaclopez7220,1
UCOLGv5Pf6BF2wFcwUzgcvHg,UC3NMzdMYryaw82kPTnsaljg,@welfrealdana5559,@marisosa7832,1
UCOLGv5Pf6BF2wFcwUzgcvHg,UC3XTwHxygNCgjndsg-UiCQA,@welfrealdana5559,@marioajset4283,1
UCOLGv5Pf6BF2wFcwUzgcvHg,UC3qn1yJA5PeW9rkGPatQxiw,@welfrealdana5559,@VICTOREST19,1
UCOLGv5Pf6BF2wFcwUzgcvHg,UC4cXueR2bKGFJV0Fk76gwmA,@welfrealdana5559,@aluxdel4792,1
UCOLGv5Pf6BF2wFcwUzgcvHg,UC4wq3DcbfaG6dtCqn8Oyu3w,@welfrealdana5559,@hugoasencio7764,1
UCOLGv5Pf6BF2wFcwUzgcvHg,UC5H8ASmMC9WrURmzeB4ySog,@welfrealdana5559,@ManuelEdran,1
UCOLGv5Pf6BF2wFcwUzgcvHg,UC5bG9nc_JV3FsNP2KseQiYw,@welfrealdana5559,@giovannirodas4836,1
UCOLGv5Pf6BF2wFcwUzgcvHg,UC650pRT-OYzny3GwOH8Cgfw,@welfrealdana5559,@edvinparedesherrera7632,1
UCOLGv5Pf6BF2wFcwUzgcvHg,UC6PvO1_k5lHKGdAPo5_C6TA,@welfrealdana5559,@johnmejia992,1
UCOLGv5Pf6BF2wFcwUzgcvHg,UC6YSZqL0vEcI-niPKIMUGfw,@welfrealdana5559,@maxwellsales885,1
UCOLGv5Pf6BF2wFcwUzgcvHg,UC72gBAtyb_VXQlYDcFrh6oQ,@welfrealdana5559,@osmanmorales3012,1
UCOLGv5Pf6BF2wFcwUzgcvHg,UC7VUuJr9cGh845CmTvf7TlQ,@welfrealdana5559,@LuisCastillo-oz4df,1
UCOLGv5Pf6BF2wFcwUzgcvHg,UC8F2V63KZ4ZEay6opX2hAQw,@welfrealdana5559,@carmenr6311,1
UCOLGv5Pf6BF2wFcwUzgcvHg,UC8G5cJONY8L9voMyBW8Eoug,@welfrealdana5559,@luisparedes-pw6qt,1
UCOLGv5Pf6BF2wFcwUzgcvHg,UC8r11yOugM2NuRfitQOxLLg,@welfrealdana5559,@cesaraugustomoralesmonroy6907,1
UCOLGv5Pf6BF2wFcwUzgcvHg,UC9vMq1YF-e7C-VO0SHkbUTA,@welfrealdana5559,@ErvinLeonardoCarreraLatín,1
UCOLGv5Pf6BF2wFcwUzgcvHg,UC9xr9QvIcDvoZNUX5f-jaZw,@welfrealdana5559,@MariaaliciaColonmorales,1
UCOLGv5Pf6BF2wFcwUzgcvHg,UCA93ym2TXs_Ibyxb4Vcn-6Q,@welfrealdana5559,@oswaldosolis8728,1
UCOLGv5Pf6BF2wFcwUzgcvHg,UCAlzM_N6xBlMYmM8EBzX86Q,@welfrealdana5559,@carlossoto3252,1
UCOLGv5Pf6BF2wFcwUzgcvHg,UCAmtbUiIrUIhikru0ZoTFig,@welfrealdana5559,@Aura-vf6dm,1
UCOLGv5Pf6BF2wFcwUzgcvHg,UCB5p8a5gklc80jJItP6xTHg,@welfrealdana5559,@ernestogamboa8737,1
UCOLGv5Pf6BF2wFcwUzgcvHg,UCCaYwkkbQGcvFoUmothVdQQ,@welfrealdana5559,@OsvaldoAguirre-l3i,1
UCOLGv5Pf6BF2wFcwUzgcvHg,UCDPWkUX3sNNaCx-m1dV4glA,@welfrealdana5559,@hectoroliva949,1
UCOLGv5Pf6BF2wFcwUzgcvHg,UCDQaQv0hr2SS_PO-CMEwVHg,@welfrealdana5559,@federicosaquimux1933,1
UCOLGv5Pf6BF2wFcwUzgcvHg,UCDUffaruH6dyUnUGwsTKpgg,@welfrealdana5559,@luisletona2842,1
UCOLGv5Pf6BF2wFcwUzgcvHg,UCDftMWXQoJ6nONfY7GVOVjg,@welfrealdana5559,@luisgpacheco5858,1
UCOLGv5Pf6BF2wFcwUzgcvHg,UCDlr1VadSucIZgZ171pRBjQ,@welfrealdana5559,@cuabatzjj5924,1
UCOLGv5Pf6BF2wFcwUzgcvHg,UCEgEQmRbtL5fwr9_DqAC--g,@welfrealdana5559,@ArielRodas-g5y,1
UCOLGv5Pf6BF2wFcwUzgcvHg,UCErZPJpHmLCsXs8ZWkAUupQ,@welfrealdana5559,@dorisl.garciaroche7763,1
UCOLGv5Pf6BF2wFcwUzgcvHg,UCFUuDARXdmmIrLppEqf-rFg,@welfrealdana5559,@allanmunoz7410,1
UCOLGv5Pf6BF2wFcwUzgcvHg,UCFhxtoeARHPnXXPcDrOU3Xg,@welfrealdana5559,@diegoalejandrolopezmendez205,1
UCOLGv5Pf6BF2wFcwUzgcvHg,UCFjudnPLoaSL1BaRuLahyHg,@welfrealdana5559,@HaroldoCastillo-rh9iw,1
UCOLGv5Pf6BF2wFcwUzgcvHg,UCFoIAE8k82D6AV-8gjjKaNg,@welfrealdana5559,@eddymunoz9789,1
UCOLGv5Pf6BF2wFcwUzgcvHg,UCFxE8GbokBrBsPEKM1xrOjQ,@welfrealdana5559,@JuanDavila-qd7qj,1
UCOLGv5Pf6BF2wFcwUzgcvHg,UCGzXwyCzMzGmjmCbH3Hg01Q,@welfrealdana5559,@FidelZacarias-ph7dy,1
UCOLGv5Pf6BF2wFcwUzgcvHg,UCHTGCgY2l-DQJIvlA_cpa_Q,@welfrealdana5559,@virgiliogarcia3039,1
UCOLGv5Pf6BF2wFcwUzgcvHg,UCHhHUjaMAZ8SiXdCUCj9DkQ,@welfrealdana5559,@fredymendez1786,1
UCOLGv5Pf6BF2wFcwUzgcvHg,UCKDR0f2fu2UzWL8mBv5-BHw,@welfrealdana5559,@mireyamorales6595,1
UCOLGv5Pf6BF2wFcwUzgcvHg,UCL13XhnRzbGokEkCkEOb0-g,@welfrealdana5559,@raquelprado3643,1
UCOLGv5Pf6BF2wFcwUzgcvHg,UCL1MT278vSaQ83ZDkVWn1gw,@welfrealdana5559,@elmorodriguez6978,1
UCOLGv5Pf6BF2wFcwUzgcvHg,UCLFdHr9BEbXHkoJopbEPLZw,@welfrealdana5559,@kanterra4584,1
UCOLGv5Pf6BF2wFcwUzgcvHg,UCLggDc_a5HriXv7I1h02sOA,@welfrealdana5559,@guillermogonzalez5153,1
UCOLGv5Pf6BF2wFcwUzgcvHg,UCN6qbfPSzFtjhqUDZ3Cv3CQ,@welfrealdana5559,@carlosmedranovelasquez6380,1
UCOLGv5Pf6BF2wFcwUzgcvHg,UCNBnKqWf4d-rS4HwJRQljmQ,@welfrealdana5559,@LE_A22,1
UCOLGv5Pf6BF2wFcwUzgcvHg,UCNkcuy42zEwddwEcOd_HpnA,@welfrealdana5559,@vanigomez492,1
UCOLGv5Pf6BF2wFcwUzgcvHg,UCOS8ViEkccrTZx2w2ccxotA,@welfrealdana5559,@OscarHernandez-q8y,1
UCOLGv5Pf6BF2wFcwUzgcvHg,UCOh6DaZC_x9HASnlRylEMfw,@welfrealdana5559,@AndresMedina-v1s,1
UCOLGv5Pf6BF2wFcwUzgcvHg,UCQ_-LPP8JAbfkc-b1Q6NvWw,@welfrealdana5559,@MegaKristenstewart,1
UCOLGv5Pf6BF2wFcwUzgcvHg,UCQgYjVngJRfPHDLGB5X6ZjA,@welfrealdana5559,@oscarnavas9996,1
UCOLGv5Pf6BF2wFcwUzgcvHg,UCQqetiwzzmRNTM5OWuXarGQ,@welfrealdana5559,@isaiaslopezvelasquez1539,1
UCOLGv5Pf6BF2wFcwUzgcvHg,UCQtICyzWmhC5woCtbNgaSmg,@welfrealdana5559,@nestormendez6216,1
UCOLGv5Pf6BF2wFcwUzgcvHg,UCQtSFINs1h6GHkpg9o5kMvg,@welfrealdana5559,@MacarioMartinezruiz,1
UCOLGv5Pf6BF2wFcwUzgcvHg,UCRETAiYdh2dL5ZxB0_N1zDA,@welfrealdana5559,@Joseroland21,1
UCOLGv5Pf6BF2wFcwUzgcvHg,UCRlCV9zSn7avAWh-9_XFWqQ,@welfrealdana5559,@ronyarana8849,1
UCOLGv5Pf6BF2wFcwUzgcvHg,UCSou6a2OuYGSvPjm5psquyA,@welfrealdana5559,@FranciscoRivera-sf7ne,1
UCOLGv5Pf6BF2wFcwUzgcvHg,UCTD6q1nyIe3Y7HhqjaMj72w,@welfrealdana5559,@JuanChang-r6k,1
UCOLGv5Pf6BF2wFcwUzgcvHg,UCTP3O0rMnc8z8v8jaDQwL0w,@welfrealdana5559,@RobertoZelaya-x1v,1
UCOLGv5Pf6BF2wFcwUzgcvHg,UCThW2XNsAaBKme5PUt7n-Zg,@welfrealdana5559,@thelmamoran8565,1
UCOLGv5Pf6BF2wFcwUzgcvHg,UCTwSut16JyAg3mX6LVUNGqA,@welfrealdana5559,@SuperVictor2005,1
UCOLGv5Pf6BF2wFcwUzgcvHg,UCTylKrsqkrBKIqubMu_5N0Q,@welfrealdana5559,@edwingeovanymarroquinmarro6684,1
UCOLGv5Pf6BF2wFcwUzgcvHg,UCUIIIPTVDVHAXqhC_5V6lPA,@welfrealdana5559,@gorrarota,1
UCOLGv5Pf6BF2wFcwUzgcvHg,UCV0iizTBoOfdAFX_thfI9BA,@welfrealdana5559,@BenjaminLarios-jd8nk,1
UCOLGv5Pf6BF2wFcwUzgcvHg,UCXSkL3ejZ8qWYyF_M7s_QKA,@welfrealdana5559,@JacintaTzoy,1
UCOLGv5Pf6BF2wFcwUzgcvHg,UCXXh7yg5KUFIWylTiKVEFKQ,@welfrealdana5559,@MrDuenderojo,1
UCOLGv5Pf6BF2wFcwUzgcvHg,UCXgr7vXlRrsaskPdo097kGA,@welfrealdana5559,@Rogergh-nw4oj,1
UCOLGv5Pf6BF2wFcwUzgcvHg,UCXr8_5WtGeipe4haOoQDgyQ,@welfrealdana5559,@amyherrera7352,1
UCOLGv5Pf6BF2wFcwUzgcvHg,UCYN4wSQ1Sx4_LurxLlW7MPg,@welfrealdana5559,@belarminavillatoro6474,1
UCOLGv5Pf6BF2wFcwUzgcvHg,UCYwpX26TrCxq8TvbKGRYLXA,@welfrealdana5559,@beneficioelcaminovillacana8540,1
UCOLGv5Pf6BF2wFcwUzgcvHg,UCZ51R_9Q9C0c8I3pAWhtmjQ,@welfrealdana5559,@belvettzapeta1251,1
UCOLGv5Pf6BF2wFcwUzgcvHg,UCZLG9qH0tUjNhEGFIUt0CYw,@welfrealdana5559,@SoniaMarroquin-y6e,1
UCOLGv5Pf6BF2wFcwUzgcvHg,UCcfdg8crmMJwEuLUsAhV7yg,@welfrealdana5559,@RolandoRaguay,1
UCOLGv5Pf6BF2wFcwUzgcvHg,UCfM3nrxtTQMY5jFx1v1J4Gg,@welfrealdana5559,@edgarroldan5539,1
UCOLGv5Pf6BF2wFcwUzgcvHg,UCgvw7xIdGFupzpt1Y_BFkEA,@welfrealdana5559,@fredygarcia9151,1
UCOLGv5Pf6BF2wFcwUzgcvHg,UChZknRmJkeGeQk0-mQuhDOg,@welfrealdana5559,@OdilioRodríguez-c5w,1
UCOLGv5Pf6BF2wFcwUzgcvHg,UChep9kVb5gQmpodEEl10Xlg,@welfrealdana5559,@carlosaguilar-kz7ml,1
UCOLGv5Pf6BF2wFcwUzgcvHg,UChgkn5Jt5tWKYMoEOuCjz3Q,@welfrealdana5559,@pablochitay46,1
UCOLGv5Pf6BF2wFcwUzgcvHg,UChs3tU2BcKOT0CezykvAsGw,@welfrealdana5559,@byronpontaza,1
UCOLGv5Pf6BF2wFcwUzgcvHg,UCi1b_TRQfgO1Z9O2gNGGWNA,@welfrealdana5559,@davidisraelesquitsaquil,1
UCOLGv5Pf6BF2wFcwUzgcvHg,UCiGRBf2RNF0WRKhRVT7zFoA,@welfrealdana5559,@edwinavila4876,1
UCOLGv5Pf6BF2wFcwUzgcvHg,UCiMythXHsw7eQEMykCdmMUA,@welfrealdana5559,@JavierBecerra-h6x,1
UCOLGv5Pf6BF2wFcwUzgcvHg,UCipetjeiWj4CZB6EbyYziZg,@welfrealdana5559,@OseasSamayoa-ol5rz,1
UCOLGv5Pf6BF2wFcwUzgcvHg,UCj-LL25XJnjxepPKCc3NGog,@welfrealdana5559,@anaaguirre8985,1
UCOLGv5Pf6BF2wFcwUzgcvHg,UCjSKM9j0Q7HLDr1hD6D-TUw,@welfrealdana5559,@josehidalgo4875,1
UCOLGv5Pf6BF2wFcwUzgcvHg,UCjmPuazZJzscrwvk0QR9RVw,@welfrealdana5559,@mynorrodas8591,1
UCOLGv5Pf6BF2wFcwUzgcvHg,UCkd9W714-947dEE6ZOEBATA,@welfrealdana5559,@ARGELIATELON,1
UCOLGv5Pf6BF2wFcwUzgcvHg,UCl0ekS9Tt0jJGtOEM18S63w,@welfrealdana5559,@monkchapin,1
UCOLGv5Pf6BF2wFcwUzgcvHg,UCljDbleJul41G1TzOjOZAVA,@welfrealdana5559,@hectorcarranza3777,1
UCOLGv5Pf6BF2wFcwUzgcvHg,UCmjppp6ujz3SAnULvP3sZMw,@welfrealdana5559,@marcomendez7509,1
UCOLGv5Pf6BF2wFcwUzgcvHg,UCmvOgzmmXbjUthHy-WJ52hQ,@welfrealdana5559,@mariorodas593,1
UCOLGv5Pf6BF2wFcwUzgcvHg,UCp4iw5_5SmV9VGTFSNVGOmQ,@welfrealdana5559,@CARLOSSTREMS51,1
UCOLGv5Pf6BF2wFcwUzgcvHg,UCpIdtvoFHVLGASGB5ySqIEA,@welfrealdana5559,@VidalVillatoro-p4w,1
UCOLGv5Pf6BF2wFcwUzgcvHg,UCpl8rF8uv_8uui-QRvuJaRA,@welfrealdana5559,@SergioGarcia-z9c,1
UCOLGv5Pf6BF2wFcwUzgcvHg,UCplrIQtaPj6au60_f2-mOYw,@welfrealdana5559,@romeolopezherrarte799,1
UCOLGv5Pf6BF2wFcwUzgcvHg,UCpsKOkt5iWTbenzeuq7dsmQ,@welfrealdana5559,@inge_vergueta,1
UCOLGv5Pf6BF2wFcwUzgcvHg,UCr1emrogPKkKTs_WTtx71xg,@welfrealdana5559,@domingopeneleu6457,1
UCOLGv5Pf6BF2wFcwUzgcvHg,UCrJn_rbo_ENAdeqneS-RmRw,@welfrealdana5559,@josecarrera9623,1
UCOLGv5Pf6BF2wFcwUzgcvHg,UCsJJAvrVGupdmhOqgtDp8dg,@welfrealdana5559,@nestorlorenzana1168,1
UCOLGv5Pf6BF2wFcwUzgcvHg,UCsSXdJct-nsS8DsABoEsaYA,@welfrealdana5559,@IvánPérez-j4j,1
UCOLGv5Pf6BF2wFcwUzgcvHg,UCsUCN0Yq_UyTvKjOJLmNrnQ,@welfrealdana5559,@moisesvaldez4043,1
UCOLGv5Pf6BF2wFcwUzgcvHg,UCsjs5Hp_r86x1xbK6FAeqaA,@welfrealdana5559,@alvaroesquivel563,1
UCOLGv5Pf6BF2wFcwUzgcvHg,UCtNfIBnc5S5DbbQj_yxgJTw,@welfrealdana5559,@JosueRamirez-ey3ih,1
UCOLGv5Pf6BF2wFcwUzgcvHg,UCtUR3_CAiE7fCoZHM6cMfyQ,@welfrealdana5559,@mdelcid01,1
UCOLGv5Pf6BF2wFcwUzgcvHg,UCueV9cTyTDwgQSec1x2dYgA,@welfrealdana5559,@fredydomingo7062,1
UCOLGv5Pf6BF2wFcwUzgcvHg,UCujPF2nBgsTD62nWE3lcpIg,@welfrealdana5559,@victorarturoruanobautista7588,1
UCOLGv5Pf6BF2wFcwUzgcvHg,UCvApqeCbLod-wejtT4CcVuA,@welfrealdana5559,@davidgaher9550,1
UCOLGv5Pf6BF2wFcwUzgcvHg,UCwO2SXr0ggzwg6QWWrr01nQ,@welfrealdana5559,@ricardofigueroa5720,1
UCOLGv5Pf6BF2wFcwUzgcvHg,UCwW2OFy95P7ZBkOPxWkpvYg,@welfrealdana5559,@TeresaLucero-b5o,1
UCOLGv5Pf6BF2wFcwUzgcvHg,UCwha8rxULYMVtNwZWeSkE1A,@welfrealdana5559,@mariasamo8637,1
UCOLGv5Pf6BF2wFcwUzgcvHg,UCxff05WuyvwELNITi7bj7UA,@welfrealdana5559,@markoherrera,1
UCOLGv5Pf6BF2wFcwUzgcvHg,UCySYJU5kUh7X8gVt9la2ISA,@welfrealdana5559,@dantesarti4351,1
UCOLGv5Pf6BF2wFcwUzgcvHg,UCylqlpsh8ENNM1LqgQ1KbxA,@welfrealdana5559,@Jel.Awesh.M,1
UCOLGv5Pf6BF2wFcwUzgcvHg,UCz3gu01bmjNv0DpRq-K3XYg,@welfrealdana5559,@eusebiovasquez4385,1
UCOLGv5Pf6BF2wFcwUzgcvHg,UCzSfZlOVxBSs5ObD25ywxDQ,@welfrealdana5559,@GilmarMaldonado-q9m,1
UCAxvOOHQk7dYPOajzFEVtbA,UC2ngpd8UBQu4gcUYy0goAtg,@ruddydepaz322,@juliohernandez7438,1
UCAxvOOHQk7dYPOajzFEVtbA,UCIXLDYqR_syskKRJy_x9W9Q,@ruddydepaz322,@carlitosramirez4739,1
UCAxvOOHQk7dYPOajzFEVtbA,UCLXYp1Cvc5DLtq5UQL5D9vw,@ruddydepaz322,@jorgecifuentes-m5g,1
UCAxvOOHQk7dYPOajzFEVtbA,UCO0zwwLWGyDgQmWPJ5Qrr1w,@ruddydepaz322,@elsalvador3605,1
UCAxvOOHQk7dYPOajzFEVtbA,UCXN2s7DwTJm33xO-pNkAdaA,@ruddydepaz322,@edithsan7688,1
UCAxvOOHQk7dYPOajzFEVtbA,UC_3xuTXvMIWU5MYP9HkJ3vQ,@ruddydepaz322,@Historia-wm4os,1
UCAxvOOHQk7dYPOajzFEVtbA,UCfXykdbSU97rj987LDUGfvg,@ruddydepaz322,@MariaSantos-c8y3h,1
UCAxvOOHQk7dYPOajzFEVtbA,UCfjhejO7LZy4doXURa7LZCQ,@ruddydepaz322,@HonwayLee-z5g,1
UCAxvOOHQk7dYPOajzFEVtbA,UCjZgFEowMBrsjodqfovzdKw,@ruddydepaz322,@franciscoflores3120,1
UCAxvOOHQk7dYPOajzFEVtbA,UCq3mDTTRZnUybct5M9OSXbg,@ruddydepaz322,@MacoMorales-i2i2d,1
UCAxvOOHQk7dYPOajzFEVtbA,UCwCfs-2zbD5k0lG-UVg_JBw,@ruddydepaz322,@JessicaHuaz-96,1
UCQ_-LPP8JAbfkc-b1Q6NvWw,UC-hfX8J5JPJ-dfuakzegMLA,@MegaKristenstewart,@normaleticiaorozcojuarez2418,1
UCQ_-LPP8JAbfkc-b1Q6NvWw,UC-jS_kA9w-OmpupXDx156Rg,@MegaKristenstewart,@simoncreyesc7579,1
UCQ_-LPP8JAbfkc-b1Q6NvWw,UC-pNP6RMFuLg_-x7Ah_0kEA,@MegaKristenstewart,@almacatalan2717,1
UCQ_-LPP8JAbfkc-b1Q6NvWw,UC1vr9aaMI2crB0NvwFHUeoQ,@MegaKristenstewart,@JoseSimilox-p6e,1
UCQ_-LPP8JAbfkc-b1Q6NvWw,UC2Y_EHWQKevubk4vOEBBFxw,@MegaKristenstewart,@alfonsomorales2653,1
UCQ_-LPP8JAbfkc-b1Q6NvWw,UC2weSE8rpqkGMOp6StYtVfg,@MegaKristenstewart,@katerynsantiago2907,1
UCQ_-LPP8JAbfkc-b1Q6NvWw,UC3E9mAgP7VoAE5mZoAexl5g,@MegaKristenstewart,@EnnioAroche,1
UCQ_-LPP8JAbfkc-b1Q6NvWw,UC3MYTqpQqlWBuCB7Th0e0PA,@MegaKristenstewart,@isaaclopez7220,1
UCQ_-LPP8JAbfkc-b1Q6NvWw,UC3NMzdMYryaw82kPTnsaljg,@MegaKristenstewart,@marisosa7832,1
UCQ_-LPP8JAbfkc-b1Q6NvWw,UC3XTwHxygNCgjndsg-UiCQA,@MegaKristenstewart,@marioajset4283,1
UCQ_-LPP8JAbfkc-b1Q6NvWw,UC3qn1yJA5PeW9rkGPatQxiw,@MegaKristenstewart,@VICTOREST19,1
UCQ_-LPP8JAbfkc-b1Q6NvWw,UC4cXueR2bKGFJV0Fk76gwmA,@MegaKristenstewart,@aluxdel4792,1
UCQ_-LPP8JAbfkc-b1Q6NvWw,UC4wq3DcbfaG6dtCqn8Oyu3w,@MegaKristenstewart,@hugoasencio7764,1
UCQ_-LPP8JAbfkc-b1Q6NvWw,UC5H8ASmMC9WrURmzeB4ySog,@MegaKristenstewart,@ManuelEdran,1
UCQ_-LPP8JAbfkc-b1Q6NvWw,UC5bG9nc_JV3FsNP2KseQiYw,@MegaKristenstewart,@giovannirodas4836,1
UCQ_-LPP8JAbfkc-b1Q6NvWw,UC650pRT-OYzny3GwOH8Cgfw,@MegaKristenstewart,@edvinparedesherrera7632,1
UCQ_-LPP8JAbfkc-b1Q6NvWw,UC6PvO1_k5lHKGdAPo5_C6TA,@MegaKristenstewart,@johnmejia992,1
UCQ_-LPP8JAbfkc-b1Q6NvWw,UC6YSZqL0vEcI-niPKIMUGfw,@MegaKristenstewart,@maxwellsales885,1
UCQ_-LPP8JAbfkc-b1Q6NvWw,UC72gBAtyb_VXQlYDcFrh6oQ,@MegaKristenstewart,@osmanmorales3012,1
UCQ_-LPP8JAbfkc-b1Q6NvWw,UC7VUuJr9cGh845CmTvf7TlQ,@MegaKristenstewart,@LuisCastillo-oz4df,1
UCQ_-LPP8JAbfkc-b1Q6NvWw,UC8F2V63KZ4ZEay6opX2hAQw,@MegaKristenstewart,@carmenr6311,1
UCQ_-LPP8JAbfkc-b1Q6NvWw,UC8G5cJONY8L9voMyBW8Eoug,@MegaKristenstewart,@luisparedes-pw6qt,1
UCQ_-LPP8JAbfkc-b1Q6NvWw,UC8r11yOugM2NuRfitQOxLLg,@MegaKristenstewart,@cesaraugustomoralesmonroy6907,1
UCQ_-LPP8JAbfkc-b1Q6NvWw,UC9vMq1YF-e7C-VO0SHkbUTA,@MegaKristenstewart,@ErvinLeonardoCarreraLatín,1
UCQ_-LPP8JAbfkc-b1Q6NvWw,UC9xr9QvIcDvoZNUX5f-jaZw,@MegaKristenstewart,@MariaaliciaColonmorales,1
UCQ_-LPP8JAbfkc-b1Q6NvWw,UCA93ym2TXs_Ibyxb4Vcn-6Q,@MegaKristenstewart,@oswaldosolis8728,1
UCQ_-LPP8JAbfkc-b1Q6NvWw,UCAlzM_N6xBlMYmM8EBzX86Q,@MegaKristenstewart,@carlossoto3252,1
UCQ_-LPP8JAbfkc-b1Q6NvWw,UCAmtbUiIrUIhikru0ZoTFig,@MegaKristenstewart,@Aura-vf6dm,1
UCQ_-LPP8JAbfkc-b1Q6NvWw,UCB5p8a5gklc80jJItP6xTHg,@MegaKristenstewart,@ernestogamboa8737,1
UCQ_-LPP8JAbfkc-b1Q6NvWw,UCCaYwkkbQGcvFoUmothVdQQ,@MegaKristenstewart,@OsvaldoAguirre-l3i,1
UCQ_-LPP8JAbfkc-b1Q6NvWw,UCDPWkUX3sNNaCx-m1dV4glA,@MegaKristenstewart,@hectoroliva949,1
UCQ_-LPP8JAbfkc-b1Q6NvWw,UCDQaQv0hr2SS_PO-CMEwVHg,@MegaKristenstewart,@federicosaquimux1933,1
UCQ_-LPP8JAbfkc-b1Q6NvWw,UCDUffaruH6dyUnUGwsTKpgg,@MegaKristenstewart,@luisletona2842,1
UCQ_-LPP8JAbfkc-b1Q6NvWw,UCDftMWXQoJ6nONfY7GVOVjg,@MegaKristenstewart,@luisgpacheco5858,1
UCQ_-LPP8JAbfkc-b1Q6NvWw,UCDlr1VadSucIZgZ171pRBjQ,@MegaKristenstewart,@cuabatzjj5924,1
UCQ_-LPP8JAbfkc-b1Q6NvWw,UCEgEQmRbtL5fwr9_DqAC--g,@MegaKristenstewart,@ArielRodas-g5y,1
UCQ_-LPP8JAbfkc-b1Q6NvWw,UCErZPJpHmLCsXs8ZWkAUupQ,@MegaKristenstewart,@dorisl.garciaroche7763,1
UCQ_-LPP8JAbfkc-b1Q6NvWw,UCFUuDARXdmmIrLppEqf-rFg,@MegaKristenstewart,@allanmunoz7410,1
UCQ_-LPP8JAbfkc-b1Q6NvWw,UCFhxtoeARHPnXXPcDrOU3Xg,@MegaKristenstewart,@diegoalejandrolopezmendez205,1
UCQ_-LPP8JAbfkc-b1Q6NvWw,UCFjudnPLoaSL1BaRuLahyHg,@MegaKristenstewart,@HaroldoCastillo-rh9iw,1
UCQ_-LPP8JAbfkc-b1Q6NvWw,UCFoIAE8k82D6AV-8gjjKaNg,@MegaKristenstewart,@eddymunoz9789,1
UCQ_-LPP8JAbfkc-b1Q6NvWw,UCFxE8GbokBrBsPEKM1xrOjQ,@MegaKristenstewart,@JuanDavila-qd7qj,1
UCQ_-LPP8JAbfkc-b1Q6NvWw,UCGzXwyCzMzGmjmCbH3Hg01Q,@MegaKristenstewart,@FidelZacarias-ph7dy,1
UCQ_-LPP8JAbfkc-b1Q6NvWw,UCHTGCgY2l-DQJIvlA_cpa_Q,@MegaKristenstewart,@virgiliogarcia3039,1
UCQ_-LPP8JAbfkc-b1Q6NvWw,UCHhHUjaMAZ8SiXdCUCj9DkQ,@MegaKristenstewart,@fredymendez1786,1
UCQ_-LPP8JAbfkc-b1Q6NvWw,UCKDR0f2fu2UzWL8mBv5-BHw,@MegaKristenstewart,@mireyamorales6595,1
UCQ_-LPP8JAbfkc-b1Q6NvWw,UCL13XhnRzbGokEkCkEOb0-g,@MegaKristenstewart,@raquelprado3643,1
UCQ_-LPP8JAbfkc-b1Q6NvWw,UCL1MT278vSaQ83ZDkVWn1gw,@MegaKristenstewart,@elmorodriguez6978,1
UCQ_-LPP8JAbfkc-b1Q6NvWw,UCLFdHr9BEbXHkoJopbEPLZw,@MegaKristenstewart,@kanterra4584,1
UCQ_-LPP8JAbfkc-b1Q6NvWw,UCLggDc_a5HriXv7I1h02sOA,@MegaKristenstewart,@guillermogonzalez5153,1
UCQ_-LPP8JAbfkc-b1Q6NvWw,UCN6qbfPSzFtjhqUDZ3Cv3CQ,@MegaKristenstewart,@carlosmedranovelasquez6380,1
UCQ_-LPP8JAbfkc-b1Q6NvWw,UCNBnKqWf4d-rS4HwJRQljmQ,@MegaKristenstewart,@LE_A22,1
UCQ_-LPP8JAbfkc-b1Q6NvWw,UCNkcuy42zEwddwEcOd_HpnA,@MegaKristenstewart,@vanigomez492,1
UCQ_-LPP8JAbfkc-b1Q6NvWw,UCOS8ViEkccrTZx2w2ccxotA,@MegaKristenstewart,@OscarHernandez-q8y,1
UCQ_-LPP8JAbfkc-b1Q6NvWw,UCOh6DaZC_x9HASnlRylEMfw,@MegaKristenstewart,@AndresMedina-v1s,1
UCQ_-LPP8JAbfkc-b1Q6NvWw,UCQgYjVngJRfPHDLGB5X6ZjA,@MegaKristenstewart,@oscarnavas9996,1
UCQ_-LPP8JAbfkc-b1Q6NvWw,UCQqetiwzzmRNTM5OWuXarGQ,@MegaKristenstewart,@isaiaslopezvelasquez1539,1
UCQ_-LPP8JAbfkc-b1Q6NvWw,UCQtICyzWmhC5woCtbNgaSmg,@MegaKristenstewart,@nestormendez6216,1
UCQ_-LPP8JAbfkc-b1Q6NvWw,UCQtSFINs1h6GHkpg9o5kMvg,@MegaKristenstewart,@MacarioMartinezruiz,1
UCQ_-LPP8JAbfkc-b1Q6NvWw,UCRETAiYdh2dL5ZxB0_N1zDA,@MegaKristenstewart,@Joseroland21,1
UCQ_-LPP8JAbfkc-b1Q6NvWw,UCRlCV9zSn7avAWh-9_XFWqQ,@MegaKristenstewart,@ronyarana8849,1
UCQ_-LPP8JAbfkc-b1Q6NvWw,UCSou6a2OuYGSvPjm5psquyA,@MegaKristenstewart,@FranciscoRivera-sf7ne,1
UCQ_-LPP8JAbfkc-b1Q6NvWw,UCTD6q1nyIe3Y7HhqjaMj72w,@MegaKristenstewart,@JuanChang-r6k,1
UCQ_-LPP8JAbfkc-b1Q6NvWw,UCTP3O0rMnc8z8v8jaDQwL0w,@MegaKristenstewart,@RobertoZelaya-x1v,1
UCQ_-LPP8JAbfkc-b1Q6NvWw,UCThW2XNsAaBKme5PUt7n-Zg,@MegaKristenstewart,@thelmamoran8565,1
UCQ_-LPP8JAbfkc-b1Q6NvWw,UCTwSut16JyAg3mX6LVUNGqA,@MegaKristenstewart,@SuperVictor2005,1
UCQ_-LPP8JAbfkc-b1Q6NvWw,UCTylKrsqkrBKIqubMu_5N0Q,@MegaKristenstewart,@edwingeovanymarroquinmarro6684,1
UCQ_-LPP8JAbfkc-b1Q6NvWw,UCUIIIPTVDVHAXqhC_5V6lPA,@MegaKristenstewart,@gorrarota,1
UCQ_-LPP8JAbfkc-b1Q6NvWw,UCV0iizTBoOfdAFX_thfI9BA,@MegaKristenstewart,@BenjaminLarios-jd8nk,1
UCQ_-LPP8JAbfkc-b1Q6NvWw,UCXSkL3ejZ8qWYyF_M7s_QKA,@MegaKristenstewart,@JacintaTzoy,1
UCQ_-LPP8JAbfkc-b1Q6NvWw,UCXXh7yg5KUFIWylTiKVEFKQ,@MegaKristenstewart,@MrDuenderojo,1
UCQ_-LPP8JAbfkc-b1Q6NvWw,UCXgr7vXlRrsaskPdo097kGA,@MegaKristenstewart,@Rogergh-nw4oj,1
UCQ_-LPP8JAbfkc-b1Q6NvWw,UCXr8_5WtGeipe4haOoQDgyQ,@MegaKristenstewart,@amyherrera7352,1
UCQ_-LPP8JAbfkc-b1Q6NvWw,UCYN4wSQ1Sx4_LurxLlW7MPg,@MegaKristenstewart,@belarminavillatoro6474,1
UCQ_-LPP8JAbfkc-b1Q6NvWw,UCYwpX26TrCxq8TvbKGRYLXA,@MegaKristenstewart,@beneficioelcaminovillacana8540,1
UCQ_-LPP8JAbfkc-b1Q6NvWw,UCZ51R_9Q9C0c8I3pAWhtmjQ,@MegaKristenstewart,@belvettzapeta1251,1
UCQ_-LPP8JAbfkc-b1Q6NvWw,UCZLG9qH0tUjNhEGFIUt0CYw,@MegaKristenstewart,@SoniaMarroquin-y6e,1
UCQ_-LPP8JAbfkc-b1Q6NvWw,UCcfdg8crmMJwEuLUsAhV7yg,@MegaKristenstewart,@RolandoRaguay,1
UCQ_-LPP8JAbfkc-b1Q6NvWw,UCfM3nrxtTQMY5jFx1v1J4Gg,@MegaKristenstewart,@edgarroldan5539,1
UCQ_-LPP8JAbfkc-b1Q6NvWw,UCgvw7xIdGFupzpt1Y_BFkEA,@MegaKristenstewart,@fredygarcia9151,1
UCQ_-LPP8JAbfkc-b1Q6NvWw,UChZknRmJkeGeQk0-mQuhDOg,@MegaKristenstewart,@OdilioRodríguez-c5w,1
UCQ_-LPP8JAbfkc-b1Q6NvWw,UChep9kVb5gQmpodEEl10Xlg,@MegaKristenstewart,@carlosaguilar-kz7ml,1
UCQ_-LPP8JAbfkc-b1Q6NvWw,UChgkn5Jt5tWKYMoEOuCjz3Q,@MegaKristenstewart,@pablochitay46,1
UCQ_-LPP8JAbfkc-b1Q6NvWw,UChs3tU2BcKOT0CezykvAsGw,@MegaKristenstewart,@byronpontaza,1
UCQ_-LPP8JAbfkc-b1Q6NvWw,UCi1b_TRQfgO1Z9O2gNGGWNA,@MegaKristenstewart,@davidisraelesquitsaquil,1
UCQ_-LPP8JAbfkc-b1Q6NvWw,UCiGRBf2RNF0WRKhRVT7zFoA,@MegaKristenstewart,@edwinavila4876,1
UCQ_-LPP8JAbfkc-b1Q6NvWw,UCiMythXHsw7eQEMykCdmMUA,@MegaKristenstewart,@JavierBecerra-h6x,1
UCQ_-LPP8JAbfkc-b1Q6NvWw,UCipetjeiWj4CZB6EbyYziZg,@MegaKristenstewart,@OseasSamayoa-ol5rz,1
UCQ_-LPP8JAbfkc-b1Q6NvWw,UCj-LL25XJnjxepPKCc3NGog,@MegaKristenstewart,@anaaguirre8985,1
UCQ_-LPP8JAbfkc-b1Q6NvWw,UCjSKM9j0Q7HLDr1hD6D-TUw,@MegaKristenstewart,@josehidalgo4875,1
UCQ_-LPP8JAbfkc-b1Q6NvWw,UCjmPuazZJzscrwvk0QR9RVw,@MegaKristenstewart,@mynorrodas8591,1
UCQ_-LPP8JAbfkc-b1Q6NvWw,UCkd9W714-947dEE6ZOEBATA,@MegaKristenstewart,@ARGELIATELON,1
UCQ_-LPP8JAbfkc-b1Q6NvWw,UCl0ekS9Tt0jJGtOEM18S63w,@MegaKristenstewart,@monkchapin,1
UCQ_-LPP8JAbfkc-b1Q6NvWw,UCljDbleJul41G1TzOjOZAVA,@MegaKristenstewart,@hectorcarranza3777,1
UCQ_-LPP8JAbfkc-b1Q6NvWw,UCmjppp6ujz3SAnULvP3sZMw,@MegaKristenstewart,@marcomendez7509,1
UCQ_-LPP8JAbfkc-b1Q6NvWw,UCmvOgzmmXbjUthHy-WJ52hQ,@MegaKristenstewart,@mariorodas593,1
UCQ_-LPP8JAbfkc-b1Q6NvWw,UCp4iw5_5SmV9VGTFSNVGOmQ,@MegaKristenstewart,@CARLOSSTREMS51,1
UCQ_-LPP8JAbfkc-b1Q6NvWw,UCpIdtvoFHVLGASGB5ySqIEA,@MegaKristenstewart,@VidalVillatoro-p4w,1
UCQ_-LPP8JAbfkc-b1Q6NvWw,UCpl8rF8uv_8uui-QRvuJaRA,@MegaKristenstewart,@SergioGarcia-z9c,1
UCQ_-LPP8JAbfkc-b1Q6NvWw,UCplrIQtaPj6au60_f2-mOYw,@MegaKristenstewart,@romeolopezherrarte799,1
UCQ_-LPP8JAbfkc-b1Q6NvWw,UCpsKOkt5iWTbenzeuq7dsmQ,@MegaKristenstewart,@inge_vergueta,1
UCQ_-LPP8JAbfkc-b1Q6NvWw,UCr1emrogPKkKTs_WTtx71xg,@MegaKristenstewart,@domingopeneleu6457,1
UCQ_-LPP8JAbfkc-b1Q6NvWw,UCrJn_rbo_ENAdeqneS-RmRw,@MegaKristenstewart,@josecarrera9623,1
UCQ_-LPP8JAbfkc-b1Q6NvWw,UCsJJAvrVGupdmhOqgtDp8dg,@MegaKristenstewart,@nestorlorenzana1168,1
UCQ_-LPP8JAbfkc-b1Q6NvWw,UCsSXdJct-nsS8DsABoEsaYA,@MegaKristenstewart,@IvánPérez-j4j,1
UCQ_-LPP8JAbfkc-b1Q6NvWw,UCsUCN0Yq_UyTvKjOJLmNrnQ,@MegaKristenstewart,@moisesvaldez4043,1
UCQ_-LPP8JAbfkc-b1Q6NvWw,UCsjs5Hp_r86x1xbK6FAeqaA,@MegaKristenstewart,@alvaroesquivel563,1
UCQ_-LPP8JAbfkc-b1Q6NvWw,UCtNfIBnc5S5DbbQj_yxgJTw,@MegaKristenstewart,@JosueRamirez-ey3ih,1
UCQ_-LPP8JAbfkc-b1Q6NvWw,UCtUR3_CAiE7fCoZHM6cMfyQ,@MegaKristenstewart,@mdelcid01,1
UCQ_-LPP8JAbfkc-b1Q6NvWw,UCueV9cTyTDwgQSec1x2dYgA,@MegaKristenstewart,@fredydomingo7062,1
UCQ_-LPP8JAbfkc-b1Q6NvWw,UCujPF2nBgsTD62nWE3lcpIg,@MegaKristenstewart,@victorarturoruanobautista7588,1
UCQ_-LPP8JAbfkc-b1Q6NvWw,UCvApqeCbLod-wejtT4CcVuA,@MegaKristenstewart,@davidgaher9550,1
UCQ_-LPP8JAbfkc-b1Q6NvWw,UCwO2SXr0ggzwg6QWWrr01nQ,@MegaKristenstewart,@ricardofigueroa5720,1
UCQ_-LPP8JAbfkc-b1Q6NvWw,UCwW2OFy95P7ZBkOPxWkpvYg,@MegaKristenstewart,@TeresaLucero-b5o,1
UCQ_-LPP8JAbfkc-b1Q6NvWw,UCwha8rxULYMVtNwZWeSkE1A,@MegaKristenstewart,@mariasamo8637,1
UCQ_-LPP8JAbfkc-b1Q6NvWw,UCxff05WuyvwELNITi7bj7UA,@MegaKristenstewart,@markoherrera,1
UCQ_-LPP8JAbfkc-b1Q6NvWw,UCySYJU5kUh7X8gVt9la2ISA,@MegaKristenstewart,@dantesarti4351,1
UCQ_-LPP8JAbfkc-b1Q6NvWw,UCylqlpsh8ENNM1LqgQ1KbxA,@MegaKristenstewart,@Jel.Awesh.M,1
UCQ_-LPP8JAbfkc-b1Q6NvWw,UCz3gu01bmjNv0DpRq-K3XYg,@MegaKristenstewart,@eusebiovasquez4385,1
UCQ_-LPP8JAbfkc-b1Q6NvWw,UCzSfZlOVxBSs5ObD25ywxDQ,@MegaKristenstewart,@GilmarMaldonado-q9m,1
UCXmrpc6Li0spcKxtS0Q_ptg,UC0RpuMwkDKJYqgKHtsJRuWQ,@melvinperez6710,@sabinamarinaguerra3248,1
UCXmrpc6Li0spcKxtS0Q_ptg,UC0aEyakBPqcBkVJiErfSupQ,@melvinperez6710,@jhonymanuel9891,1
UCXmrpc6Li0spcKxtS0Q_ptg,UC5PyGvSfFM--OVKmQ3COu6g,@melvinperez6710,@FreddyGmez,1
UCXmrpc6Li0spcKxtS0Q_ptg,UC5fvhAfm89JH8eDFdvc0xYw,@melvinperez6710,@isaidiaz2388,1
UCXmrpc6Li0spcKxtS0Q_ptg,UCFOxCyF926Y9eHhMeVoWLzw,@melvinperez6710,@arielsarc09,1
UCXmrpc6Li0spcKxtS0Q_ptg,UCGqKxQS-z3NZzZF-2w338AA,@melvinperez6710,@samuelaguilar529,1
UCXmrpc6Li0spcKxtS0Q_ptg,UCHMQ_lDhibZ-XZ_3fo6oxwg,@melvinperez6710,@crislexrubi4387,1
UCXmrpc6Li0spcKxtS0Q_ptg,UCIUhbSCy3-SGRe5UtqM4fzQ,@melvinperez6710,@jeanmorales1677,1
UCXmrpc6Li0spcKxtS0Q_ptg,UCIp19h9igblA2YKfSLPDAug,@melvinperez6710,@JoseReyes-rn6sh,1
UCXmrpc6Li0spcKxtS0Q_ptg,UCRcSR3Lvn9DZAmJpVPANfZQ,@melvinperez6710,@WalksandSuch,1
UCXmrpc6Li0spcKxtS0Q_ptg,UCRznz9-N3Qc1w-qNdLSIY2Q,@melvinperez6710,@jimmygomez724,1
UCXmrpc6Li0spcKxtS0Q_ptg,UCSTAUWVc1_82DHYeqOsqEFA,@melvinperez6710,@TheAlexX_C,1
UCXmrpc6Li0spcKxtS0Q_ptg,UCY7Hq7F9Lnucf-Yr6JkHZNw,@melvinperez6710,@maynorcalel1442,1
UCXmrpc6Li0spcKxtS0Q_ptg,UC_ljZ1hZXR9pzexFz87P5ZA,@melvinperez6710,@ChRiStOpHeR7969,1
UCXmrpc6Li0spcKxtS0Q_ptg,UCaT6M2zp7X6r6Whd8Vv3kHQ,@melvinperez6710,@alexarcos8349,1
UCXmrpc6Li0spcKxtS0Q_ptg,UCgLrWFdYitoP-b7-PxtUr-w,@melvinperez6710,@zetag,1
UCXmrpc6Li0spcKxtS0Q_ptg,UCi-vPdnpQreC7BkFs40mJGA,@melvinperez6710,@bryansicasales4280,1
UCXmrpc6Li0spcKxtS0Q_ptg,UCqilIa8r7iek5sGYg_q6ofA,@melvinperez6710,@rolandojuchuna484,1
UCXmrpc6Li0spcKxtS0Q_ptg,UCs_5qeqdku9tGAq22y3OcuQ,@melvinperez6710,@alexandrevasquez4135,1
UCXmrpc6Li0spcKxtS0Q_ptg,UCtMBF_1O2jY2INlb_luuB_A,@melvinperez6710,@mynorgudiel8646,1
UCXmrpc6Li0spcKxtS0Q_ptg,UCwUAv3_LpWVtTIi7lkmTL7A,@melvinperez6710,@kingr4706,1
UCXmrpc6Li0spcKxtS0Q_ptg,UCxKR3RA8T-kxMgq_2WWhRcQ,@melvinperez6710,@elenaluarca9377,1
UCXmrpc6Li0spcKxtS0Q_ptg,UCyzf29IYjNw67gGIfsjgtxA,@melvinperez6710,@carlosoliva9249,1
UCZ51R_9Q9C0c8I3pAWhtmjQ,UC-hfX8J5JPJ-dfuakzegMLA,@belvettzapeta1251,@normaleticiaorozcojuarez2418,1
UCZ51R_9Q9C0c8I3pAWhtmjQ,UC-jS_kA9w-OmpupXDx156Rg,@belvettzapeta1251,@simoncreyesc7579,1
UCZ51R_9Q9C0c8I3pAWhtmjQ,UC-pNP6RMFuLg_-x7Ah_0kEA,@belvettzapeta1251,@almacatalan2717,1
UCZ51R_9Q9C0c8I3pAWhtmjQ,UC1vr9aaMI2crB0NvwFHUeoQ,@belvettzapeta1251,@JoseSimilox-p6e,1
UCZ51R_9Q9C0c8I3pAWhtmjQ,UC2Y_EHWQKevubk4vOEBBFxw,@belvettzapeta1251,@alfonsomorales2653,1
UCZ51R_9Q9C0c8I3pAWhtmjQ,UC2weSE8rpqkGMOp6StYtVfg,@belvettzapeta1251,@katerynsantiago2907,1
UCZ51R_9Q9C0c8I3pAWhtmjQ,UC3E9mAgP7VoAE5mZoAexl5g,@belvettzapeta1251,@EnnioAroche,1
UCZ51R_9Q9C0c8I3pAWhtmjQ,UC3MYTqpQqlWBuCB7Th0e0PA,@belvettzapeta1251,@isaaclopez7220,1
UCZ51R_9Q9C0c8I3pAWhtmjQ,UC3NMzdMYryaw82kPTnsaljg,@belvettzapeta1251,@marisosa7832,1
UCZ51R_9Q9C0c8I3pAWhtmjQ,UC3XTwHxygNCgjndsg-UiCQA,@belvettzapeta1251,@marioajset4283,1
UCZ51R_9Q9C0c8I3pAWhtmjQ,UC3qn1yJA5PeW9rkGPatQxiw,@belvettzapeta1251,@VICTOREST19,1
UCZ51R_9Q9C0c8I3pAWhtmjQ,UC4cXueR2bKGFJV0Fk76gwmA,@belvettzapeta1251,@aluxdel4792,1
UCZ51R_9Q9C0c8I3pAWhtmjQ,UC4wq3DcbfaG6dtCqn8Oyu3w,@belvettzapeta1251,@hugoasencio7764,1
UCZ51R_9Q9C0c8I3pAWhtmjQ,UC5H8ASmMC9WrURmzeB4ySog,@belvettzapeta1251,@ManuelEdran,1
UCZ51R_9Q9C0c8I3pAWhtmjQ,UC5bG9nc_JV3FsNP2KseQiYw,@belvettzapeta1251,@giovannirodas4836,1
UCZ51R_9Q9C0c8I3pAWhtmjQ,UC650pRT-OYzny3GwOH8Cgfw,@belvettzapeta1251,@edvinparedesherrera7632,1
UCZ51R_9Q9C0c8I3pAWhtmjQ,UC6PvO1_k5lHKGdAPo5_C6TA,@belvettzapeta1251,@johnmejia992,1
UCZ51R_9Q9C0c8I3pAWhtmjQ,UC6YSZqL0vEcI-niPKIMUGfw,@belvettzapeta1251,@maxwellsales885,1
UCZ51R_9Q9C0c8I3pAWhtmjQ,UC72gBAtyb_VXQlYDcFrh6oQ,@belvettzapeta1251,@osmanmorales3012,1
UCZ51R_9Q9C0c8I3pAWhtmjQ,UC7VUuJr9cGh845CmTvf7TlQ,@belvettzapeta1251,@LuisCastillo-oz4df,1
UCZ51R_9Q9C0c8I3pAWhtmjQ,UC8F2V63KZ4ZEay6opX2hAQw,@belvettzapeta1251,@carmenr6311,1
UCZ51R_9Q9C0c8I3pAWhtmjQ,UC8G5cJONY8L9voMyBW8Eoug,@belvettzapeta1251,@luisparedes-pw6qt,1
UCZ51R_9Q9C0c8I3pAWhtmjQ,UC8r11yOugM2NuRfitQOxLLg,@belvettzapeta1251,@cesaraugustomoralesmonroy6907,1
UCZ51R_9Q9C0c8I3pAWhtmjQ,UC9vMq1YF-e7C-VO0SHkbUTA,@belvettzapeta1251,@ErvinLeonardoCarreraLatín,1
UCZ51R_9Q9C0c8I3pAWhtmjQ,UC9xr9QvIcDvoZNUX5f-jaZw,@belvettzapeta1251,@MariaaliciaColonmorales,1
UCZ51R_9Q9C0c8I3pAWhtmjQ,UCA93ym2TXs_Ibyxb4Vcn-6Q,@belvettzapeta1251,@oswaldosolis8728,1
UCZ51R_9Q9C0c8I3pAWhtmjQ,UCAlzM_N6xBlMYmM8EBzX86Q,@belvettzapeta1251,@carlossoto3252,1
UCZ51R_9Q9C0c8I3pAWhtmjQ,UCAmtbUiIrUIhikru0ZoTFig,@belvettzapeta1251,@Aura-vf6dm,1
UCZ51R_9Q9C0c8I3pAWhtmjQ,UCB5p8a5gklc80jJItP6xTHg,@belvettzapeta1251,@ernestogamboa8737,1
UCZ51R_9Q9C0c8I3pAWhtmjQ,UCCaYwkkbQGcvFoUmothVdQQ,@belvettzapeta1251,@OsvaldoAguirre-l3i,1
UCZ51R_9Q9C0c8I3pAWhtmjQ,UCDPWkUX3sNNaCx-m1dV4glA,@belvettzapeta1251,@hectoroliva949,1
UCZ51R_9Q9C0c8I3pAWhtmjQ,UCDQaQv0hr2SS_PO-CMEwVHg,@belvettzapeta1251,@federicosaquimux1933,1
UCZ51R_9Q9C0c8I3pAWhtmjQ,UCDUffaruH6dyUnUGwsTKpgg,@belvettzapeta1251,@luisletona2842,1
UCZ51R_9Q9C0c8I3pAWhtmjQ,UCDftMWXQoJ6nONfY7GVOVjg,@belvettzapeta1251,@luisgpacheco5858,1
UCZ51R_9Q9C0c8I3pAWhtmjQ,UCDlr1VadSucIZgZ171pRBjQ,@belvettzapeta1251,@cuabatzjj5924,1
UCZ51R_9Q9C0c8I3pAWhtmjQ,UCEgEQmRbtL5fwr9_DqAC--g,@belvettzapeta1251,@ArielRodas-g5y,1
UCZ51R_9Q9C0c8I3pAWhtmjQ,UCErZPJpHmLCsXs8ZWkAUupQ,@belvettzapeta1251,@dorisl.garciaroche7763,1
UCZ51R_9Q9C0c8I3pAWhtmjQ,UCFUuDARXdmmIrLppEqf-rFg,@belvettzapeta1251,@allanmunoz7410,1
UCZ51R_9Q9C0c8I3pAWhtmjQ,UCFhxtoeARHPnXXPcDrOU3Xg,@belvettzapeta1251,@diegoalejandrolopezmendez205,1
UCZ51R_9Q9C0c8I3pAWhtmjQ,UCFjudnPLoaSL1BaRuLahyHg,@belvettzapeta1251,@HaroldoCastillo-rh9iw,1
UCZ51R_9Q9C0c8I3pAWhtmjQ,UCFoIAE8k82D6AV-8gjjKaNg,@belvettzapeta1251,@eddymunoz9789,1
UCZ51R_9Q9C0c8I3pAWhtmjQ,UCFxE8GbokBrBsPEKM1xrOjQ,@belvettzapeta1251,@JuanDavila-qd7qj,1
UCZ51R_9Q9C0c8I3pAWhtmjQ,UCGzXwyCzMzGmjmCbH3Hg01Q,@belvettzapeta1251,@FidelZacarias-ph7dy,1
UCZ51R_9Q9C0c8I3pAWhtmjQ,UCHTGCgY2l-DQJIvlA_cpa_Q,@belvettzapeta1251,@virgiliogarcia3039,1
UCZ51R_9Q9C0c8I3pAWhtmjQ,UCHhHUjaMAZ8SiXdCUCj9DkQ,@belvettzapeta1251,@fredymendez1786,1
UCZ51R_9Q9C0c8I3pAWhtmjQ,UCKDR0f2fu2UzWL8mBv5-BHw,@belvettzapeta1251,@mireyamorales6595,1
UCZ51R_9Q9C0c8I3pAWhtmjQ,UCL13XhnRzbGokEkCkEOb0-g,@belvettzapeta1251,@raquelprado3643,1
UCZ51R_9Q9C0c8I3pAWhtmjQ,UCL1MT278vSaQ83ZDkVWn1gw,@belvettzapeta1251,@elmorodriguez6978,1
UCZ51R_9Q9C0c8I3pAWhtmjQ,UCLFdHr9BEbXHkoJopbEPLZw,@belvettzapeta1251,@kanterra4584,1
UCZ51R_9Q9C0c8I3pAWhtmjQ,UCLggDc_a5HriXv7I1h02sOA,@belvettzapeta1251,@guillermogonzalez5153,1
UCZ51R_9Q9C0c8I3pAWhtmjQ,UCN6qbfPSzFtjhqUDZ3Cv3CQ,@belvettzapeta1251,@carlosmedranovelasquez6380,1
UCZ51R_9Q9C0c8I3pAWhtmjQ,UCNBnKqWf4d-rS4HwJRQljmQ,@belvettzapeta1251,@LE_A22,1
UCZ51R_9Q9C0c8I3pAWhtmjQ,UCNkcuy42zEwddwEcOd_HpnA,@belvettzapeta1251,@vanigomez492,1
UCZ51R_9Q9C0c8I3pAWhtmjQ,UCOS8ViEkccrTZx2w2ccxotA,@belvettzapeta1251,@OscarHernandez-q8y,1
UCZ51R_9Q9C0c8I3pAWhtmjQ,UCOh6DaZC_x9HASnlRylEMfw,@belvettzapeta1251,@AndresMedina-v1s,1
UCZ51R_9Q9C0c8I3pAWhtmjQ,UCQgYjVngJRfPHDLGB5X6ZjA,@belvettzapeta1251,@oscarnavas9996,1
UCZ51R_9Q9C0c8I3pAWhtmjQ,UCQqetiwzzmRNTM5OWuXarGQ,@belvettzapeta1251,@isaiaslopezvelasquez1539,1
UCZ51R_9Q9C0c8I3pAWhtmjQ,UCQtICyzWmhC5woCtbNgaSmg,@belvettzapeta1251,@nestormendez6216,1
UCZ51R_9Q9C0c8I3pAWhtmjQ,UCQtSFINs1h6GHkpg9o5kMvg,@belvettzapeta1251,@MacarioMartinezruiz,1
UCZ51R_9Q9C0c8I3pAWhtmjQ,UCRETAiYdh2dL5ZxB0_N1zDA,@belvettzapeta1251,@Joseroland21,1
UCZ51R_9Q9C0c8I3pAWhtmjQ,UCRlCV9zSn7avAWh-9_XFWqQ,@belvettzapeta1251,@ronyarana8849,1
UCZ51R_9Q9C0c8I3pAWhtmjQ,UCSou6a2OuYGSvPjm5psquyA,@belvettzapeta1251,@FranciscoRivera-sf7ne,1
UCZ51R_9Q9C0c8I3pAWhtmjQ,UCTD6q1nyIe3Y7HhqjaMj72w,@belvettzapeta1251,@JuanChang-r6k,1
UCZ51R_9Q9C0c8I3pAWhtmjQ,UCTP3O0rMnc8z8v8jaDQwL0w,@belvettzapeta1251,@RobertoZelaya-x1v,1
UCZ51R_9Q9C0c8I3pAWhtmjQ,UCThW2XNsAaBKme5PUt7n-Zg,@belvettzapeta1251,@thelmamoran8565,1
UCZ51R_9Q9C0c8I3pAWhtmjQ,UCTwSut16JyAg3mX6LVUNGqA,@belvettzapeta1251,@SuperVictor2005,1
UCZ51R_9Q9C0c8I3pAWhtmjQ,UCTylKrsqkrBKIqubMu_5N0Q,@belvettzapeta1251,@edwingeovanymarroquinmarro6684,1
UCZ51R_9Q9C0c8I3pAWhtmjQ,UCUIIIPTVDVHAXqhC_5V6lPA,@belvettzapeta1251,@gorrarota,1
UCZ51R_9Q9C0c8I3pAWhtmjQ,UCV0iizTBoOfdAFX_thfI9BA,@belvettzapeta1251,@BenjaminLarios-jd8nk,1
UCZ51R_9Q9C0c8I3pAWhtmjQ,UCXSkL3ejZ8qWYyF_M7s_QKA,@belvettzapeta1251,@JacintaTzoy,1
UCZ51R_9Q9C0c8I3pAWhtmjQ,UCXXh7yg5KUFIWylTiKVEFKQ,@belvettzapeta1251,@MrDuenderojo,1
UCZ51R_9Q9C0c8I3pAWhtmjQ,UCXgr7vXlRrsaskPdo097kGA,@belvettzapeta1251,@Rogergh-nw4oj,1
UCZ51R_9Q9C0c8I3pAWhtmjQ,UCXr8_5WtGeipe4haOoQDgyQ,@belvettzapeta1251,@amyherrera7352,1
UCZ51R_9Q9C0c8I3pAWhtmjQ,UCYN4wSQ1Sx4_LurxLlW7MPg,@belvettzapeta1251,@belarminavillatoro6474,1
UCZ51R_9Q9C0c8I3pAWhtmjQ,UCYwpX26TrCxq8TvbKGRYLXA,@belvettzapeta1251,@beneficioelcaminovillacana8540,1
UCZ51R_9Q9C0c8I3pAWhtmjQ,UCZLG9qH0tUjNhEGFIUt0CYw,@belvettzapeta1251,@SoniaMarroquin-y6e,1
UCZ51R_9Q9C0c8I3pAWhtmjQ,UCcfdg8crmMJwEuLUsAhV7yg,@belvettzapeta1251,@RolandoRaguay,1
UCZ51R_9Q9C0c8I3pAWhtmjQ,UCfM3nrxtTQMY5jFx1v1J4Gg,@belvettzapeta1251,@edgarroldan5539,1
UCZ51R_9Q9C0c8I3pAWhtmjQ,UCgvw7xIdGFupzpt1Y_BFkEA,@belvettzapeta1251,@fredygarcia9151,1
UCZ51R_9Q9C0c8I3pAWhtmjQ,UChZknRmJkeGeQk0-mQuhDOg,@belvettzapeta1251,@OdilioRodríguez-c5w,1
UCZ51R_9Q9C0c8I3pAWhtmjQ,UChep9kVb5gQmpodEEl10Xlg,@belvettzapeta1251,@carlosaguilar-kz7ml,1
UCZ51R_9Q9C0c8I3pAWhtmjQ,UChgkn5Jt5tWKYMoEOuCjz3Q,@belvettzapeta1251,@pablochitay46,1
UCZ51R_9Q9C0c8I3pAWhtmjQ,UChs3tU2BcKOT0CezykvAsGw,@belvettzapeta1251,@byronpontaza,1
UCZ51R_9Q9C0c8I3pAWhtmjQ,UCi1b_TRQfgO1Z9O2gNGGWNA,@belvettzapeta1251,@davidisraelesquitsaquil,1
UCZ51R_9Q9C0c8I3pAWhtmjQ,UCiGRBf2RNF0WRKhRVT7zFoA,@belvettzapeta1251,@edwinavila4876,1
UCZ51R_9Q9C0c8I3pAWhtmjQ,UCiMythXHsw7eQEMykCdmMUA,@belvettzapeta1251,@JavierBecerra-h6x,1
UCZ51R_9Q9C0c8I3pAWhtmjQ,UCipetjeiWj4CZB6EbyYziZg,@belvettzapeta1251,@OseasSamayoa-ol5rz,1
UCZ51R_9Q9C0c8I3pAWhtmjQ,UCj-LL25XJnjxepPKCc3NGog,@belvettzapeta1251,@anaaguirre8985,1
UCZ51R_9Q9C0c8I3pAWhtmjQ,UCjSKM9j0Q7HLDr1hD6D-TUw,@belvettzapeta1251,@josehidalgo4875,1
UCZ51R_9Q9C0c8I3pAWhtmjQ,UCjmPuazZJzscrwvk0QR9RVw,@belvettzapeta1251,@mynorrodas8591,1
UCZ51R_9Q9C0c8I3pAWhtmjQ,UCkd9W714-947dEE6ZOEBATA,@belvettzapeta1251,@ARGELIATELON,1
UCZ51R_9Q9C0c8I3pAWhtmjQ,UCl0ekS9Tt0jJGtOEM18S63w,@belvettzapeta1251,@monkchapin,1
UCZ51R_9Q9C0c8I3pAWhtmjQ,UCljDbleJul41G1TzOjOZAVA,@belvettzapeta1251,@hectorcarranza3777,1
UCZ51R_9Q9C0c8I3pAWhtmjQ,UCmjppp6ujz3SAnULvP3sZMw,@belvettzapeta1251,@marcomendez7509,1
UCZ51R_9Q9C0c8I3pAWhtmjQ,UCmvOgzmmXbjUthHy-WJ52hQ,@belvettzapeta1251,@mariorodas593,1
UCZ51R_9Q9C0c8I3pAWhtmjQ,UCp4iw5_5SmV9VGTFSNVGOmQ,@belvettzapeta1251,@CARLOSSTREMS51,1
UCZ51R_9Q9C0c8I3pAWhtmjQ,UCpIdtvoFHVLGASGB5ySqIEA,@belvettzapeta1251,@VidalVillatoro-p4w,1
UCZ51R_9Q9C0c8I3pAWhtmjQ,UCpl8rF8uv_8uui-QRvuJaRA,@belvettzapeta1251,@SergioGarcia-z9c,1
UCZ51R_9Q9C0c8I3pAWhtmjQ,UCplrIQtaPj6au60_f2-mOYw,@belvettzapeta1251,@romeolopezherrarte799,1
UCZ51R_9Q9C0c8I3pAWhtmjQ,UCpsKOkt5iWTbenzeuq7dsmQ,@belvettzapeta1251,@inge_vergueta,1
UCZ51R_9Q9C0c8I3pAWhtmjQ,UCr1emrogPKkKTs_WTtx71xg,@belvettzapeta1251,@domingopeneleu6457,1
UCZ51R_9Q9C0c8I3pAWhtmjQ,UCrJn_rbo_ENAdeqneS-RmRw,@belvettzapeta1251,@josecarrera9623,1
UCZ51R_9Q9C0c8I3pAWhtmjQ,UCsJJAvrVGupdmhOqgtDp8dg,@belvettzapeta1251,@nestorlorenzana1168,1
UCZ51R_9Q9C0c8I3pAWhtmjQ,UCsSXdJct-nsS8DsABoEsaYA,@belvettzapeta1251,@IvánPérez-j4j,1
UCZ51R_9Q9C0c8I3pAWhtmjQ,UCsUCN0Yq_UyTvKjOJLmNrnQ,@belvettzapeta1251,@moisesvaldez4043,1
UCZ51R_9Q9C0c8I3pAWhtmjQ,UCsjs5Hp_r86x1xbK6FAeqaA,@belvettzapeta1251,@alvaroesquivel563,1
UCZ51R_9Q9C0c8I3pAWhtmjQ,UCtNfIBnc5S5DbbQj_yxgJTw,@belvettzapeta1251,@JosueRamirez-ey3ih,1
UCZ51R_9Q9C0c8I3pAWhtmjQ,UCtUR3_CAiE7fCoZHM6cMfyQ,@belvettzapeta1251,@mdelcid01,1
UCZ51R_9Q9C0c8I3pAWhtmjQ,UCueV9cTyTDwgQSec1x2dYgA,@belvettzapeta1251,@fredydomingo7062,1
UCZ51R_9Q9C0c8I3pAWhtmjQ,UCujPF2nBgsTD62nWE3lcpIg,@belvettzapeta1251,@victorarturoruanobautista7588,1
UCZ51R_9Q9C0c8I3pAWhtmjQ,UCvApqeCbLod-wejtT4CcVuA,@belvettzapeta1251,@davidgaher9550,1
UCZ51R_9Q9C0c8I3pAWhtmjQ,UCwO2SXr0ggzwg6QWWrr01nQ,@belvettzapeta1251,@ricardofigueroa5720,1
UCZ51R_9Q9C0c8I3pAWhtmjQ,UCwW2OFy95P7ZBkOPxWkpvYg,@belvettzapeta1251,@TeresaLucero-b5o,1
UCZ51R_9Q9C0c8I3pAWhtmjQ,UCwha8rxULYMVtNwZWeSkE1A,@belvettzapeta1251,@mariasamo8637,1
UCZ51R_9Q9C0c8I3pAWhtmjQ,UCxff05WuyvwELNITi7bj7UA,@belvettzapeta1251,@markoherrera,1
UCZ51R_9Q9C0c8I3pAWhtmjQ,UCySYJU5kUh7X8gVt9la2ISA,@belvettzapeta1251,@dantesarti4351,1
UCZ51R_9Q9C0c8I3pAWhtmjQ,UCylqlpsh8ENNM1LqgQ1KbxA,@belvettzapeta1251,@Jel.Awesh.M,1
UCZ51R_9Q9C0c8I3pAWhtmjQ,UCz3gu01bmjNv0DpRq-K3XYg,@belvettzapeta1251,@eusebiovasquez4385,1
UCZ51R_9Q9C0c8I3pAWhtmjQ,UCzSfZlOVxBSs5ObD25ywxDQ,@belvettzapeta1251,@GilmarMaldonado-q9m,1
UCxhtlxPV8AYWaNNyU6S9H8Q,UC-QOpE7GOxlXcHZ8b7HbQKA,@WilR-s8r,@mariaalexander427,1
UCxhtlxPV8AYWaNNyU6S9H8Q,UC1WlJfQmaIskYhP4gmWoamw,@WilR-s8r,@marthareiss5434,1
UCxhtlxPV8AYWaNNyU6S9H8Q,UCBlm80VQ4YoV3bUJR_XhkaQ,@WilR-s8r,@rosadiaz6945,1
UCxhtlxPV8AYWaNNyU6S9H8Q,UCGZMgmM92E3njyXNe9-kjAQ,@WilR-s8r,@pasionpornada,1
UCxhtlxPV8AYWaNNyU6S9H8Q,UCIgoiXdIKJyUGmUoH2Lxdzg,@WilR-s8r,@susievidal4134,1
UCxhtlxPV8AYWaNNyU6S9H8Q,UCPNXmbOBVeC4HS-xemvcPtQ,@WilR-s8r,@BelkisRodriguezRamirez,1
UCxhtlxPV8AYWaNNyU6S9H8Q,UCQMMuADgqWUOcJpLwHOzC-g,@WilR-s8r,@Ripped-Yoda,1
UCxhtlxPV8AYWaNNyU6S9H8Q,UCVdjCrh4tQoX3haNAZv-n5A,@WilR-s8r,@aurahernandez5646,1
UCxhtlxPV8AYWaNNyU6S9H8Q,UCZjm6U576nX8WOiLhmMR3bw,@WilR-s8r,@MariaNavarroYT,1
UCxhtlxPV8AYWaNNyU6S9H8Q,UCat2qkYvqmtDNEmo2PVuhXw,@WilR-s8r,@DoraSalas-j5o,1
UCxhtlxPV8AYWaNNyU6S9H8Q,UCbNanjFI51cwGqMAb2rOrBw,@WilR-s8r,@RosaMontesdeOca777,1
UCxhtlxPV8AYWaNNyU6S9H8Q,UCozFYHN0e_-vlQbX3wQGOug,@WilR-s8r,@jesusguzman2321,1
UCxhtlxPV8AYWaNNyU6S9H8Q,UCp_dAUfv8i3LW3zWc24dLaQ,@WilR-s8r,@MarioCortez-o6v,1
UCxhtlxPV8AYWaNNyU6S9H8Q,UCrqXyRsg-_hTosURZ-uvoKg,@WilR-s8r,@flornolberto2425,1
UCxhtlxPV8AYWaNNyU6S9H8Q,UCtiHFjFu7d5v2XxHnKFUYig,@WilR-s8r,@Paul-gf7ec,1
UCvcu1kR8xMYy_I1Ty-2mV2Q,UCGj2v6Gl5bN8NSrzJMXS-CA,@hashojea7348,@juliogutierrez492,1
UCvcu1kR8xMYy_I1Ty-2mV2Q,UCOARn3hnfkB7-_Rwa8Hoqcw,@hashojea7348,@nicelol5241,1
UCvcu1kR8xMYy_I1Ty-2mV2Q,UCVhif9eV0f8plICen2DnpKA,@hashojea7348,@blogarteplus,1
UCvcu1kR8xMYy_I1Ty-2mV2Q,UCZIQnb1fkwe39Iw2TAu-bGA,@hashojea7348,@jorgegomez2237,1
UCvcu1kR8xMYy_I1Ty-2mV2Q,UCyW68EGZey4ao_Vf2cR5Ztg,@hashojea7348,@ZabalaXabier,1
UCvcu1kR8xMYy_I1Ty-2mV2Q,UC5wuDq3U3vRAhOQI3D7gNdw,@hashojea7348,@allanreneramirezgonzalez534,1
UCvcu1kR8xMYy_I1Ty-2mV2Q,UCJp3OrVYcBorC94sKwdch_A,@hashojea7348,@ULJoshmg2011,1
UCvcu1kR8xMYy_I1Ty-2mV2Q,UCVC2QugcI1G4RvlCiUqd1aQ,@hashojea7348,@rwdm76,1
UCvcu1kR8xMYy_I1Ty-2mV2Q,UC_6KbBY1bsYXz9fwFS0eQRg,@hashojea7348,@imrcp5694,1
UCvcu1kR8xMYy_I1Ty-2mV2Q,UCjJf-AJKRFFWtiN-CSwkDmA,@hashojea7348,@2jose82,1
UCvcu1kR8xMYy_I1Ty-2mV2Q,UCnU8wO1OurAmGstDw6VGjgQ,@hashojea7348,@cmorera21,1
UCvcu1kR8xMYy_I1Ty-2mV2Q,UCpsKOkt5iWTbenzeuq7dsmQ,@hashojea7348,@inge_vergueta,1
UCvcu1kR8xMYy_I1Ty-2mV2Q,UCCUmP4PlbwgikVFpYwbtRTg,@hashojea7348,@alhvi,1
UCvcu1kR8xMYy_I1Ty-2mV2Q,UCOY3XpD9qMCRSA8AA8c4CAw,@hashojea7348,@franciscorodas9686,1
UCvcu1kR8xMYy_I1Ty-2mV2Q,UCTTILH6QCIxbTnEWxwRqs1g,@hashojea7348,@3762Jorge,1
UCvcu1kR8xMYy_I1Ty-2mV2Q,UCXO1BBohNWXkK9SBDAG2ySg,@hashojea7348,@JBFlute92,1
UCvcu1kR8xMYy_I1Ty-2mV2Q,UCXVLc8CmAO813ubM-fLvCDw,@hashojea7348,@herminiasaquimux7565,1
UCvcu1kR8xMYy_I1Ty-2mV2Q,UCcFIBN-rtC3d3hXeuN5TfWw,@hashojea7348,@DenisRMC,1
UCvcu1kR8xMYy_I1Ty-2mV2Q,UCc_F88PzGWtA1OPNUEASulA,@hashojea7348,@rockyscarlet,1
UCvcu1kR8xMYy_I1Ty-2mV2Q,UCdQAuWwyC99MB7Y02Umj26Q,@hashojea7348,@miguelbran1268,1
UCvcu1kR8xMYy_I1Ty-2mV2Q,UCefAH1MbvADWUjE9WVcB9EQ,@hashojea7348,@jabriz8152,1
UCvcu1kR8xMYy_I1Ty-2mV2Q,UChT7pzGytNd92Nmvi-zuWog,@hashojea7348,@sparkvalkov,1
UCvcu1kR8xMYy_I1Ty-2mV2Q,UCkxdJ_yGN2gghOMo2ybQtXQ,@hashojea7348,@11223344An,1
UCvcu1kR8xMYy_I1Ty-2mV2Q,UCwEe1RKlEv1UpNWmWYfSh4w,@hashojea7348,@marioramirez299,1
UCvcu1kR8xMYy_I1Ty-2mV2Q,UCxcoDvP-g2_KTZDmVZtvb3w,@hashojea7348,@angelmartinez9523,1
UCaKAjTW9MVub_clgr4DRYjQ,UC-fiZBS5Gp1eCJd9ucgWnCg,@josecastillo4390,@Tommii.10,1
UCaKAjTW9MVub_clgr4DRYjQ,UC1DpqK6vaPEkBOMNvypsKYg,@josecastillo4390,@HectorCarranza-u4j4o,1
UCaKAjTW9MVub_clgr4DRYjQ,UC32oozucwCF3q8d4m8fyOUg,@josecastillo4390,@RauldejesusOlivagonzalez,1
UCaKAjTW9MVub_clgr4DRYjQ,UC3UVO7pTbeYvZ3ILEyRDskQ,@josecastillo4390,@rosaelenaargueta79,1
UCaKAjTW9MVub_clgr4DRYjQ,UC4Avya4kmR4Q0FrfFdBozSQ,@josecastillo4390,@davidlima1348,1
UCaKAjTW9MVub_clgr4DRYjQ,UC5hvEnRUzI4Kfvwnyi4QxqQ,@josecastillo4390,@leonelsantizo5281,1
UCaKAjTW9MVub_clgr4DRYjQ,UC6Uj1FT5JjDSF8vudvDxPAA,@josecastillo4390,@alfredoortega9264,1
UCaKAjTW9MVub_clgr4DRYjQ,UC7dadZG7kkGYnsNu6td0FbA,@josecastillo4390,@lesolorzano,1
UCaKAjTW9MVub_clgr4DRYjQ,UC816IGbFCZinfYS1LRDaaHg,@josecastillo4390,@ingenieroar,1
UCaKAjTW9MVub_clgr4DRYjQ,UC95PSMouTx2N5CbSq0hIyrQ,@josecastillo4390,@lisss1908,1
UCaKAjTW9MVub_clgr4DRYjQ,UCAKuKvcbfnBD3kF5njNu-IA,@josecastillo4390,@melvinlopez7096,1
UCaKAjTW9MVub_clgr4DRYjQ,UCCBYcToQ2dwkd6TJh0FSyDg,@josecastillo4390,@lidiarodriguez3493,1
UCaKAjTW9MVub_clgr4DRYjQ,UCDrmf9y9nLgFY5wnA2hTuGA,@josecastillo4390,@laboratorio5528,1
UCaKAjTW9MVub_clgr4DRYjQ,UCGGHbtfbbe0o68etrOf0qxw,@josecastillo4390,@karensussetteleonvargas9794,1
UCaKAjTW9MVub_clgr4DRYjQ,UCHbwIx9pmQuf7i-4_xO2EpA,@josecastillo4390,@caminoseternos752,1
UCaKAjTW9MVub_clgr4DRYjQ,UCOcUI5XkTYNMSFhZNMIPpGg,@josecastillo4390,@hendersonlopez3864,1
UCaKAjTW9MVub_clgr4DRYjQ,UCQqlPPUGqAfWjd-FSh_qn7Q,@josecastillo4390,@estuardoargueta137,1
UCaKAjTW9MVub_clgr4DRYjQ,UCRvPToDkkumha7WJAfCDk1A,@josecastillo4390,@ligiaguerra3057,1
UCaKAjTW9MVub_clgr4DRYjQ,UCUoYsrx1oZnCZ0usbBJn4fA,@josecastillo4390,@AnaDiaz-re9sq,1
UCaKAjTW9MVub_clgr4DRYjQ,UCV0lM03g5fg5pbPj97-sAtA,@josecastillo4390,@genarodelgado3929,1
UCaKAjTW9MVub_clgr4DRYjQ,UCW-JC6lebVmf2P1dmY_L94g,@josecastillo4390,@dinoraoroxon5771,1
UCaKAjTW9MVub_clgr4DRYjQ,UCW80DaMjQlEUibC98Cot-Dg,@josecastillo4390,@rogeraldana4289,1
UCaKAjTW9MVub_clgr4DRYjQ,UCWoAVGVqCn4xtINCMOTM4jg,@josecastillo4390,@OmarMartinez-vv8re,1
UCaKAjTW9MVub_clgr4DRYjQ,UCZeIIQrGAedW8tCbKWmGY-A,@josecastillo4390,@mariocordon8873,1
UCaKAjTW9MVub_clgr4DRYjQ,UC_LYoGs5C3mbZKZuKuqYCvw,@josecastillo4390,@javiercifuentesarchila6041,1
UCaKAjTW9MVub_clgr4DRYjQ,UCe8JZoYkX5oKUZyivHYdXhw,@josecastillo4390,@FernandoGarcia-jg1fj,1
UCaKAjTW9MVub_clgr4DRYjQ,UCeDNEtI8_a42bZ47wJiJMwQ,@josecastillo4390,@EdgarcalderonCalderong,1
UCaKAjTW9MVub_clgr4DRYjQ,UCgJNFj5dnxXpcMvmuhZDPxA,@josecastillo4390,@NataliaRodriguez-rx5mr,1
UCaKAjTW9MVub_clgr4DRYjQ,UCgQw_Sbq3ugruDUKsq1e0-A,@josecastillo4390,@marlenareano-h4t,1
UCaKAjTW9MVub_clgr4DRYjQ,UCiC-Jn7wdgyQV4_Urk0DkWQ,@josecastillo4390,@pedroros6358,1
UCaKAjTW9MVub_clgr4DRYjQ,UCkVtmkK07b2zaVVNssX4lOg,@josecastillo4390,@HectorElias-u2l,1
UCaKAjTW9MVub_clgr4DRYjQ,UClhMWQ7XKWywYvbRnuf8QsA,@josecastillo4390,@EcPerez-zz9oh,1
UCaKAjTW9MVub_clgr4DRYjQ,UClqA491Xa5fQcXcJJa-vTWw,@josecastillo4390,@AndresLemus-k2d,1
UCaKAjTW9MVub_clgr4DRYjQ,UColMq7LmaoY3MT6aIDGrGvA,@josecastillo4390,@quijotachapina1,1
UCaKAjTW9MVub_clgr4DRYjQ,UCpe5jW3MIqkgTJ-PgkzvM6Q,@josecastillo4390,@carloslam5333,1
UCaKAjTW9MVub_clgr4DRYjQ,UCpsKOkt5iWTbenzeuq7dsmQ,@josecastillo4390,@inge_vergueta,1
UCaKAjTW9MVub_clgr4DRYjQ,UCqCrvuoJpC-aVb0f4logQRQ,@josecastillo4390,@Lyrics_GT,1
UCaKAjTW9MVub_clgr4DRYjQ,UCsGoJEvb-cFPZ2rWoJcXzEQ,@josecastillo4390,@sergiohinestroza9709,1
UCaKAjTW9MVub_clgr4DRYjQ,UCu8_3-Wg-YzNyvHYQDEscfw,@josecastillo4390,@RolandoCastroPérez-d7y,1
UCaKAjTW9MVub_clgr4DRYjQ,UCuXmOjxC-htcprLgeVXz6Tg,@josecastillo4390,@jorgeaguilar-bq3uj,1
UCaKAjTW9MVub_clgr4DRYjQ,UCwgCc9Jd_gG-uLE_SY-FfPg,@josecastillo4390,@armindapenados2841,1
UCaKAjTW9MVub_clgr4DRYjQ,UCwjUvRseNtJoItylIyIez7Q,@josecastillo4390,@Silviazea,1
UCaKAjTW9MVub_clgr4DRYjQ,UCylqlpsh8ENNM1LqgQ1KbxA,@josecastillo4390,@Jel.Awesh.M,1
UCxff05WuyvwELNITi7bj7UA,UC-hfX8J5JPJ-dfuakzegMLA,@markoherrera,@normaleticiaorozcojuarez2418,1
UCxff05WuyvwELNITi7bj7UA,UC-jS_kA9w-OmpupXDx156Rg,@markoherrera,@simoncreyesc7579,1
UCxff05WuyvwELNITi7bj7UA,UC-pNP6RMFuLg_-x7Ah_0kEA,@markoherrera,@almacatalan2717,1
UCxff05WuyvwELNITi7bj7UA,UC1vr9aaMI2crB0NvwFHUeoQ,@markoherrera,@JoseSimilox-p6e,1
UCxff05WuyvwELNITi7bj7UA,UC2Y_EHWQKevubk4vOEBBFxw,@markoherrera,@alfonsomorales2653,1
UCxff05WuyvwELNITi7bj7UA,UC2weSE8rpqkGMOp6StYtVfg,@markoherrera,@katerynsantiago2907,1
UCxff05WuyvwELNITi7bj7UA,UC3E9mAgP7VoAE5mZoAexl5g,@markoherrera,@EnnioAroche,1
UCxff05WuyvwELNITi7bj7UA,UC3MYTqpQqlWBuCB7Th0e0PA,@markoherrera,@isaaclopez7220,1
UCxff05WuyvwELNITi7bj7UA,UC3NMzdMYryaw82kPTnsaljg,@markoherrera,@marisosa7832,1
UCxff05WuyvwELNITi7bj7UA,UC3XTwHxygNCgjndsg-UiCQA,@markoherrera,@marioajset4283,1
UCxff05WuyvwELNITi7bj7UA,UC3qn1yJA5PeW9rkGPatQxiw,@markoherrera,@VICTOREST19,1
UCxff05WuyvwELNITi7bj7UA,UC4cXueR2bKGFJV0Fk76gwmA,@markoherrera,@aluxdel4792,1
UCxff05WuyvwELNITi7bj7UA,UC4wq3DcbfaG6dtCqn8Oyu3w,@markoherrera,@hugoasencio7764,1
UCxff05WuyvwELNITi7bj7UA,UC5H8ASmMC9WrURmzeB4ySog,@markoherrera,@ManuelEdran,1
UCxff05WuyvwELNITi7bj7UA,UC5bG9nc_JV3FsNP2KseQiYw,@markoherrera,@giovannirodas4836,1
UCxff05WuyvwELNITi7bj7UA,UC650pRT-OYzny3GwOH8Cgfw,@markoherrera,@edvinparedesherrera7632,1
UCxff05WuyvwELNITi7bj7UA,UC6PvO1_k5lHKGdAPo5_C6TA,@markoherrera,@johnmejia992,1
UCxff05WuyvwELNITi7bj7UA,UC6YSZqL0vEcI-niPKIMUGfw,@markoherrera,@maxwellsales885,1
UCxff05WuyvwELNITi7bj7UA,UC72gBAtyb_VXQlYDcFrh6oQ,@markoherrera,@osmanmorales3012,1
UCxff05WuyvwELNITi7bj7UA,UC7VUuJr9cGh845CmTvf7TlQ,@markoherrera,@LuisCastillo-oz4df,1
UCxff05WuyvwELNITi7bj7UA,UC8F2V63KZ4ZEay6opX2hAQw,@markoherrera,@carmenr6311,1
UCxff05WuyvwELNITi7bj7UA,UC8G5cJONY8L9voMyBW8Eoug,@markoherrera,@luisparedes-pw6qt,1
UCxff05WuyvwELNITi7bj7UA,UC8r11yOugM2NuRfitQOxLLg,@markoherrera,@cesaraugustomoralesmonroy6907,1
UCxff05WuyvwELNITi7bj7UA,UC9vMq1YF-e7C-VO0SHkbUTA,@markoherrera,@ErvinLeonardoCarreraLatín,1
UCxff05WuyvwELNITi7bj7UA,UC9xr9QvIcDvoZNUX5f-jaZw,@markoherrera,@MariaaliciaColonmorales,1
UCxff05WuyvwELNITi7bj7UA,UCA93ym2TXs_Ibyxb4Vcn-6Q,@markoherrera,@oswaldosolis8728,1
UCxff05WuyvwELNITi7bj7UA,UCAlzM_N6xBlMYmM8EBzX86Q,@markoherrera,@carlossoto3252,1
UCxff05WuyvwELNITi7bj7UA,UCAmtbUiIrUIhikru0ZoTFig,@markoherrera,@Aura-vf6dm,1
UCxff05WuyvwELNITi7bj7UA,UCB5p8a5gklc80jJItP6xTHg,@markoherrera,@ernestogamboa8737,1
UCxff05WuyvwELNITi7bj7UA,UCCaYwkkbQGcvFoUmothVdQQ,@markoherrera,@OsvaldoAguirre-l3i,1
UCxff05WuyvwELNITi7bj7UA,UCDPWkUX3sNNaCx-m1dV4glA,@markoherrera,@hectoroliva949,1
UCxff05WuyvwELNITi7bj7UA,UCDQaQv0hr2SS_PO-CMEwVHg,@markoherrera,@federicosaquimux1933,1
UCxff05WuyvwELNITi7bj7UA,UCDUffaruH6dyUnUGwsTKpgg,@markoherrera,@luisletona2842,1
UCxff05WuyvwELNITi7bj7UA,UCDftMWXQoJ6nONfY7GVOVjg,@markoherrera,@luisgpacheco5858,1
UCxff05WuyvwELNITi7bj7UA,UCDlr1VadSucIZgZ171pRBjQ,@markoherrera,@cuabatzjj5924,1
UCxff05WuyvwELNITi7bj7UA,UCEgEQmRbtL5fwr9_DqAC--g,@markoherrera,@ArielRodas-g5y,1
UCxff05WuyvwELNITi7bj7UA,UCErZPJpHmLCsXs8ZWkAUupQ,@markoherrera,@dorisl.garciaroche7763,1
UCxff05WuyvwELNITi7bj7UA,UCFUuDARXdmmIrLppEqf-rFg,@markoherrera,@allanmunoz7410,1
UCxff05WuyvwELNITi7bj7UA,UCFhxtoeARHPnXXPcDrOU3Xg,@markoherrera,@diegoalejandrolopezmendez205,1
UCxff05WuyvwELNITi7bj7UA,UCFjudnPLoaSL1BaRuLahyHg,@markoherrera,@HaroldoCastillo-rh9iw,1
UCxff05WuyvwELNITi7bj7UA,UCFoIAE8k82D6AV-8gjjKaNg,@markoherrera,@eddymunoz9789,1
UCxff05WuyvwELNITi7bj7UA,UCFxE8GbokBrBsPEKM1xrOjQ,@markoherrera,@JuanDavila-qd7qj,1
UCxff05WuyvwELNITi7bj7UA,UCGzXwyCzMzGmjmCbH3Hg01Q,@markoherrera,@FidelZacarias-ph7dy,1
UCxff05WuyvwELNITi7bj7UA,UCHTGCgY2l-DQJIvlA_cpa_Q,@markoherrera,@virgiliogarcia3039,1
UCxff05WuyvwELNITi7bj7UA,UCHhHUjaMAZ8SiXdCUCj9DkQ,@markoherrera,@fredymendez1786,1
UCxff05WuyvwELNITi7bj7UA,UCKDR0f2fu2UzWL8mBv5-BHw,@markoherrera,@mireyamorales6595,1
UCxff05WuyvwELNITi7bj7UA,UCL13XhnRzbGokEkCkEOb0-g,@markoherrera,@raquelprado3643,1
UCxff05WuyvwELNITi7bj7UA,UCL1MT278vSaQ83ZDkVWn1gw,@markoherrera,@elmorodriguez6978,1
UCxff05WuyvwELNITi7bj7UA,UCLFdHr9BEbXHkoJopbEPLZw,@markoherrera,@kanterra4584,1
UCxff05WuyvwELNITi7bj7UA,UCLggDc_a5HriXv7I1h02sOA,@markoherrera,@guillermogonzalez5153,1
UCxff05WuyvwELNITi7bj7UA,UCN6qbfPSzFtjhqUDZ3Cv3CQ,@markoherrera,@carlosmedranovelasquez6380,1
UCxff05WuyvwELNITi7bj7UA,UCNBnKqWf4d-rS4HwJRQljmQ,@markoherrera,@LE_A22,1
UCxff05WuyvwELNITi7bj7UA,UCNkcuy42zEwddwEcOd_HpnA,@markoherrera,@vanigomez492,1
UCxff05WuyvwELNITi7bj7UA,UCOS8ViEkccrTZx2w2ccxotA,@markoherrera,@OscarHernandez-q8y,1
UCxff05WuyvwELNITi7bj7UA,UCOh6DaZC_x9HASnlRylEMfw,@markoherrera,@AndresMedina-v1s,1
UCxff05WuyvwELNITi7bj7UA,UCQgYjVngJRfPHDLGB5X6ZjA,@markoherrera,@oscarnavas9996,1
UCxff05WuyvwELNITi7bj7UA,UCQqetiwzzmRNTM5OWuXarGQ,@markoherrera,@isaiaslopezvelasquez1539,1
UCxff05WuyvwELNITi7bj7UA,UCQtICyzWmhC5woCtbNgaSmg,@markoherrera,@nestormendez6216,1
UCxff05WuyvwELNITi7bj7UA,UCQtSFINs1h6GHkpg9o5kMvg,@markoherrera,@MacarioMartinezruiz,1
UCxff05WuyvwELNITi7bj7UA,UCRETAiYdh2dL5ZxB0_N1zDA,@markoherrera,@Joseroland21,1
UCxff05WuyvwELNITi7bj7UA,UCRlCV9zSn7avAWh-9_XFWqQ,@markoherrera,@ronyarana8849,1
UCxff05WuyvwELNITi7bj7UA,UCSou6a2OuYGSvPjm5psquyA,@markoherrera,@FranciscoRivera-sf7ne,1
UCxff05WuyvwELNITi7bj7UA,UCTD6q1nyIe3Y7HhqjaMj72w,@markoherrera,@JuanChang-r6k,1
UCxff05WuyvwELNITi7bj7UA,UCTP3O0rMnc8z8v8jaDQwL0w,@markoherrera,@RobertoZelaya-x1v,1
UCxff05WuyvwELNITi7bj7UA,UCThW2XNsAaBKme5PUt7n-Zg,@markoherrera,@thelmamoran8565,1
UCxff05WuyvwELNITi7bj7UA,UCTwSut16JyAg3mX6LVUNGqA,@markoherrera,@SuperVictor2005,1
UCxff05WuyvwELNITi7bj7UA,UCTylKrsqkrBKIqubMu_5N0Q,@markoherrera,@edwingeovanymarroquinmarro6684,1
UCxff05WuyvwELNITi7bj7UA,UCUIIIPTVDVHAXqhC_5V6lPA,@markoherrera,@gorrarota,1
UCxff05WuyvwELNITi7bj7UA,UCV0iizTBoOfdAFX_thfI9BA,@markoherrera,@BenjaminLarios-jd8nk,1
UCxff05WuyvwELNITi7bj7UA,UCXSkL3ejZ8qWYyF_M7s_QKA,@markoherrera,@JacintaTzoy,1
UCxff05WuyvwELNITi7bj7UA,UCXXh7yg5KUFIWylTiKVEFKQ,@markoherrera,@MrDuenderojo,1
UCxff05WuyvwELNITi7bj7UA,UCXgr7vXlRrsaskPdo097kGA,@markoherrera,@Rogergh-nw4oj,1
UCxff05WuyvwELNITi7bj7UA,UCXr8_5WtGeipe4haOoQDgyQ,@markoherrera,@amyherrera7352,1
UCxff05WuyvwELNITi7bj7UA,UCYN4wSQ1Sx4_LurxLlW7MPg,@markoherrera,@belarminavillatoro6474,1
UCxff05WuyvwELNITi7bj7UA,UCYwpX26TrCxq8TvbKGRYLXA,@markoherrera,@beneficioelcaminovillacana8540,1
UCxff05WuyvwELNITi7bj7UA,UCZLG9qH0tUjNhEGFIUt0CYw,@markoherrera,@SoniaMarroquin-y6e,1
UCxff05WuyvwELNITi7bj7UA,UCcfdg8crmMJwEuLUsAhV7yg,@markoherrera,@RolandoRaguay,1
UCxff05WuyvwELNITi7bj7UA,UCfM3nrxtTQMY5jFx1v1J4Gg,@markoherrera,@edgarroldan5539,1
UCxff05WuyvwELNITi7bj7UA,UCgvw7xIdGFupzpt1Y_BFkEA,@markoherrera,@fredygarcia9151,1
UCxff05WuyvwELNITi7bj7UA,UChZknRmJkeGeQk0-mQuhDOg,@markoherrera,@OdilioRodríguez-c5w,1
UCxff05WuyvwELNITi7bj7UA,UChep9kVb5gQmpodEEl10Xlg,@markoherrera,@carlosaguilar-kz7ml,1
UCxff05WuyvwELNITi7bj7UA,UChgkn5Jt5tWKYMoEOuCjz3Q,@markoherrera,@pablochitay46,1
UCxff05WuyvwELNITi7bj7UA,UChs3tU2BcKOT0CezykvAsGw,@markoherrera,@byronpontaza,1
UCxff05WuyvwELNITi7bj7UA,UCi1b_TRQfgO1Z9O2gNGGWNA,@markoherrera,@davidisraelesquitsaquil,1
UCxff05WuyvwELNITi7bj7UA,UCiGRBf2RNF0WRKhRVT7zFoA,@markoherrera,@edwinavila4876,1
UCxff05WuyvwELNITi7bj7UA,UCiMythXHsw7eQEMykCdmMUA,@markoherrera,@JavierBecerra-h6x,1
UCxff05WuyvwELNITi7bj7UA,UCipetjeiWj4CZB6EbyYziZg,@markoherrera,@OseasSamayoa-ol5rz,1
UCxff05WuyvwELNITi7bj7UA,UCj-LL25XJnjxepPKCc3NGog,@markoherrera,@anaaguirre8985,1
UCxff05WuyvwELNITi7bj7UA,UCjSKM9j0Q7HLDr1hD6D-TUw,@markoherrera,@josehidalgo4875,1
UCxff05WuyvwELNITi7bj7UA,UCjmPuazZJzscrwvk0QR9RVw,@markoherrera,@mynorrodas8591,1
UCxff05WuyvwELNITi7bj7UA,UCkd9W714-947dEE6ZOEBATA,@markoherrera,@ARGELIATELON,1
UCxff05WuyvwELNITi7bj7UA,UCl0ekS9Tt0jJGtOEM18S63w,@markoherrera,@monkchapin,1
UCxff05WuyvwELNITi7bj7UA,UCljDbleJul41G1TzOjOZAVA,@markoherrera,@hectorcarranza3777,1
UCxff05WuyvwELNITi7bj7UA,UCmjppp6ujz3SAnULvP3sZMw,@markoherrera,@marcomendez7509,1
UCxff05WuyvwELNITi7bj7UA,UCmvOgzmmXbjUthHy-WJ52hQ,@markoherrera,@mariorodas593,1
UCxff05WuyvwELNITi7bj7UA,UCp4iw5_5SmV9VGTFSNVGOmQ,@markoherrera,@CARLOSSTREMS51,1
UCxff05WuyvwELNITi7bj7UA,UCpIdtvoFHVLGASGB5ySqIEA,@markoherrera,@VidalVillatoro-p4w,1
UCxff05WuyvwELNITi7bj7UA,UCpl8rF8uv_8uui-QRvuJaRA,@markoherrera,@SergioGarcia-z9c,1
UCxff05WuyvwELNITi7bj7UA,UCplrIQtaPj6au60_f2-mOYw,@markoherrera,@romeolopezherrarte799,1
UCxff05WuyvwELNITi7bj7UA,UCpsKOkt5iWTbenzeuq7dsmQ,@markoherrera,@inge_vergueta,1
UCxff05WuyvwELNITi7bj7UA,UCr1emrogPKkKTs_WTtx71xg,@markoherrera,@domingopeneleu6457,1
UCxff05WuyvwELNITi7bj7UA,UCrJn_rbo_ENAdeqneS-RmRw,@markoherrera,@josecarrera9623,1
UCxff05WuyvwELNITi7bj7UA,UCsJJAvrVGupdmhOqgtDp8dg,@markoherrera,@nestorlorenzana1168,1
UCxff05WuyvwELNITi7bj7UA,UCsSXdJct-nsS8DsABoEsaYA,@markoherrera,@IvánPérez-j4j,1
UCxff05WuyvwELNITi7bj7UA,UCsUCN0Yq_UyTvKjOJLmNrnQ,@markoherrera,@moisesvaldez4043,1
UCxff05WuyvwELNITi7bj7UA,UCsjs5Hp_r86x1xbK6FAeqaA,@markoherrera,@alvaroesquivel563,1
UCxff05WuyvwELNITi7bj7UA,UCtNfIBnc5S5DbbQj_yxgJTw,@markoherrera,@JosueRamirez-ey3ih,1
UCxff05WuyvwELNITi7bj7UA,UCtUR3_CAiE7fCoZHM6cMfyQ,@markoherrera,@mdelcid01,1
UCxff05WuyvwELNITi7bj7UA,UCueV9cTyTDwgQSec1x2dYgA,@markoherrera,@fredydomingo7062,1
UCxff05WuyvwELNITi7bj7UA,UCujPF2nBgsTD62nWE3lcpIg,@markoherrera,@victorarturoruanobautista7588,1
UCxff05WuyvwELNITi7bj7UA,UCvApqeCbLod-wejtT4CcVuA,@markoherrera,@davidgaher9550,1
UCxff05WuyvwELNITi7bj7UA,UCwO2SXr0ggzwg6QWWrr01nQ,@markoherrera,@ricardofigueroa5720,1
UCxff05WuyvwELNITi7bj7UA,UCwW2OFy95P7ZBkOPxWkpvYg,@markoherrera,@TeresaLucero-b5o,1
UCxff05WuyvwELNITi7bj7UA,UCwha8rxULYMVtNwZWeSkE1A,@markoherrera,@mariasamo8637,1
UCxff05WuyvwELNITi7bj7UA,UCySYJU5kUh7X8gVt9la2ISA,@markoherrera,@dantesarti4351,1
UCxff05WuyvwELNITi7bj7UA,UCylqlpsh8ENNM1LqgQ1KbxA,@markoherrera,@Jel.Awesh.M,1
UCxff05WuyvwELNITi7bj7UA,UCz3gu01bmjNv0DpRq-K3XYg,@markoherrera,@eusebiovasquez4385,1
UCxff05WuyvwELNITi7bj7UA,UCzSfZlOVxBSs5ObD25ywxDQ,@markoherrera,@GilmarMaldonado-q9m,1
UCZLG9qH0tUjNhEGFIUt0CYw,UC-hfX8J5JPJ-dfuakzegMLA,@SoniaMarroquin-y6e,@normaleticiaorozcojuarez2418,1
UCZLG9qH0tUjNhEGFIUt0CYw,UC-jS_kA9w-OmpupXDx156Rg,@SoniaMarroquin-y6e,@simoncreyesc7579,1
UCZLG9qH0tUjNhEGFIUt0CYw,UC-pNP6RMFuLg_-x7Ah_0kEA,@SoniaMarroquin-y6e,@almacatalan2717,1
UCZLG9qH0tUjNhEGFIUt0CYw,UC1vr9aaMI2crB0NvwFHUeoQ,@SoniaMarroquin-y6e,@JoseSimilox-p6e,1
UCZLG9qH0tUjNhEGFIUt0CYw,UC2Y_EHWQKevubk4vOEBBFxw,@SoniaMarroquin-y6e,@alfonsomorales2653,1
UCZLG9qH0tUjNhEGFIUt0CYw,UC2weSE8rpqkGMOp6StYtVfg,@SoniaMarroquin-y6e,@katerynsantiago2907,1
UCZLG9qH0tUjNhEGFIUt0CYw,UC3E9mAgP7VoAE5mZoAexl5g,@SoniaMarroquin-y6e,@EnnioAroche,1
UCZLG9qH0tUjNhEGFIUt0CYw,UC3MYTqpQqlWBuCB7Th0e0PA,@SoniaMarroquin-y6e,@isaaclopez7220,1
UCZLG9qH0tUjNhEGFIUt0CYw,UC3NMzdMYryaw82kPTnsaljg,@SoniaMarroquin-y6e,@marisosa7832,1
UCZLG9qH0tUjNhEGFIUt0CYw,UC3XTwHxygNCgjndsg-UiCQA,@SoniaMarroquin-y6e,@marioajset4283,1
UCZLG9qH0tUjNhEGFIUt0CYw,UC3qn1yJA5PeW9rkGPatQxiw,@SoniaMarroquin-y6e,@VICTOREST19,1
UCZLG9qH0tUjNhEGFIUt0CYw,UC4cXueR2bKGFJV0Fk76gwmA,@SoniaMarroquin-y6e,@aluxdel4792,1
UCZLG9qH0tUjNhEGFIUt0CYw,UC4wq3DcbfaG6dtCqn8Oyu3w,@SoniaMarroquin-y6e,@hugoasencio7764,1
UCZLG9qH0tUjNhEGFIUt0CYw,UC5H8ASmMC9WrURmzeB4ySog,@SoniaMarroquin-y6e,@ManuelEdran,1
UCZLG9qH0tUjNhEGFIUt0CYw,UC5bG9nc_JV3FsNP2KseQiYw,@SoniaMarroquin-y6e,@giovannirodas4836,1
UCZLG9qH0tUjNhEGFIUt0CYw,UC650pRT-OYzny3GwOH8Cgfw,@SoniaMarroquin-y6e,@edvinparedesherrera7632,1
UCZLG9qH0tUjNhEGFIUt0CYw,UC6PvO1_k5lHKGdAPo5_C6TA,@SoniaMarroquin-y6e,@johnmejia992,1
UCZLG9qH0tUjNhEGFIUt0CYw,UC6YSZqL0vEcI-niPKIMUGfw,@SoniaMarroquin-y6e,@maxwellsales885,1
UCZLG9qH0tUjNhEGFIUt0CYw,UC72gBAtyb_VXQlYDcFrh6oQ,@SoniaMarroquin-y6e,@osmanmorales3012,1
UCZLG9qH0tUjNhEGFIUt0CYw,UC7VUuJr9cGh845CmTvf7TlQ,@SoniaMarroquin-y6e,@LuisCastillo-oz4df,1
UCZLG9qH0tUjNhEGFIUt0CYw,UC8F2V63KZ4ZEay6opX2hAQw,@SoniaMarroquin-y6e,@carmenr6311,1
UCZLG9qH0tUjNhEGFIUt0CYw,UC8G5cJONY8L9voMyBW8Eoug,@SoniaMarroquin-y6e,@luisparedes-pw6qt,1
UCZLG9qH0tUjNhEGFIUt0CYw,UC8r11yOugM2NuRfitQOxLLg,@SoniaMarroquin-y6e,@cesaraugustomoralesmonroy6907,1
UCZLG9qH0tUjNhEGFIUt0CYw,UC9vMq1YF-e7C-VO0SHkbUTA,@SoniaMarroquin-y6e,@ErvinLeonardoCarreraLatín,1
UCZLG9qH0tUjNhEGFIUt0CYw,UC9xr9QvIcDvoZNUX5f-jaZw,@SoniaMarroquin-y6e,@MariaaliciaColonmorales,1
UCZLG9qH0tUjNhEGFIUt0CYw,UCA93ym2TXs_Ibyxb4Vcn-6Q,@SoniaMarroquin-y6e,@oswaldosolis8728,1
UCZLG9qH0tUjNhEGFIUt0CYw,UCAlzM_N6xBlMYmM8EBzX86Q,@SoniaMarroquin-y6e,@carlossoto3252,1
UCZLG9qH0tUjNhEGFIUt0CYw,UCAmtbUiIrUIhikru0ZoTFig,@SoniaMarroquin-y6e,@Aura-vf6dm,1
UCZLG9qH0tUjNhEGFIUt0CYw,UCB5p8a5gklc80jJItP6xTHg,@SoniaMarroquin-y6e,@ernestogamboa8737,1
UCZLG9qH0tUjNhEGFIUt0CYw,UCCaYwkkbQGcvFoUmothVdQQ,@SoniaMarroquin-y6e,@OsvaldoAguirre-l3i,1
UCZLG9qH0tUjNhEGFIUt0CYw,UCDPWkUX3sNNaCx-m1dV4glA,@SoniaMarroquin-y6e,@hectoroliva949,1
UCZLG9qH0tUjNhEGFIUt0CYw,UCDQaQv0hr2SS_PO-CMEwVHg,@SoniaMarroquin-y6e,@federicosaquimux1933,1
UCZLG9qH0tUjNhEGFIUt0CYw,UCDUffaruH6dyUnUGwsTKpgg,@SoniaMarroquin-y6e,@luisletona2842,1
UCZLG9qH0tUjNhEGFIUt0CYw,UCDftMWXQoJ6nONfY7GVOVjg,@SoniaMarroquin-y6e,@luisgpacheco5858,1
UCZLG9qH0tUjNhEGFIUt0CYw,UCDlr1VadSucIZgZ171pRBjQ,@SoniaMarroquin-y6e,@cuabatzjj5924,1
UCZLG9qH0tUjNhEGFIUt0CYw,UCEgEQmRbtL5fwr9_DqAC--g,@SoniaMarroquin-y6e,@ArielRodas-g5y,1
UCZLG9qH0tUjNhEGFIUt0CYw,UCErZPJpHmLCsXs8ZWkAUupQ,@SoniaMarroquin-y6e,@dorisl.garciaroche7763,1
UCZLG9qH0tUjNhEGFIUt0CYw,UCFUuDARXdmmIrLppEqf-rFg,@SoniaMarroquin-y6e,@allanmunoz7410,1
UCZLG9qH0tUjNhEGFIUt0CYw,UCFhxtoeARHPnXXPcDrOU3Xg,@SoniaMarroquin-y6e,@diegoalejandrolopezmendez205,1
UCZLG9qH0tUjNhEGFIUt0CYw,UCFjudnPLoaSL1BaRuLahyHg,@SoniaMarroquin-y6e,@HaroldoCastillo-rh9iw,1
UCZLG9qH0tUjNhEGFIUt0CYw,UCFoIAE8k82D6AV-8gjjKaNg,@SoniaMarroquin-y6e,@eddymunoz9789,1
UCZLG9qH0tUjNhEGFIUt0CYw,UCFxE8GbokBrBsPEKM1xrOjQ,@SoniaMarroquin-y6e,@JuanDavila-qd7qj,1
UCZLG9qH0tUjNhEGFIUt0CYw,UCGzXwyCzMzGmjmCbH3Hg01Q,@SoniaMarroquin-y6e,@FidelZacarias-ph7dy,1
UCZLG9qH0tUjNhEGFIUt0CYw,UCHTGCgY2l-DQJIvlA_cpa_Q,@SoniaMarroquin-y6e,@virgiliogarcia3039,1
UCZLG9qH0tUjNhEGFIUt0CYw,UCHhHUjaMAZ8SiXdCUCj9DkQ,@SoniaMarroquin-y6e,@fredymendez1786,1
UCZLG9qH0tUjNhEGFIUt0CYw,UCKDR0f2fu2UzWL8mBv5-BHw,@SoniaMarroquin-y6e,@mireyamorales6595,1
UCZLG9qH0tUjNhEGFIUt0CYw,UCL13XhnRzbGokEkCkEOb0-g,@SoniaMarroquin-y6e,@raquelprado3643,1
UCZLG9qH0tUjNhEGFIUt0CYw,UCL1MT278vSaQ83ZDkVWn1gw,@SoniaMarroquin-y6e,@elmorodriguez6978,1
UCZLG9qH0tUjNhEGFIUt0CYw,UCLFdHr9BEbXHkoJopbEPLZw,@SoniaMarroquin-y6e,@kanterra4584,1
UCZLG9qH0tUjNhEGFIUt0CYw,UCLggDc_a5HriXv7I1h02sOA,@SoniaMarroquin-y6e,@guillermogonzalez5153,1
UCZLG9qH0tUjNhEGFIUt0CYw,UCN6qbfPSzFtjhqUDZ3Cv3CQ,@SoniaMarroquin-y6e,@carlosmedranovelasquez6380,1
UCZLG9qH0tUjNhEGFIUt0CYw,UCNBnKqWf4d-rS4HwJRQljmQ,@SoniaMarroquin-y6e,@LE_A22,1
UCZLG9qH0tUjNhEGFIUt0CYw,UCNkcuy42zEwddwEcOd_HpnA,@SoniaMarroquin-y6e,@vanigomez492,1
UCZLG9qH0tUjNhEGFIUt0CYw,UCOS8ViEkccrTZx2w2ccxotA,@SoniaMarroquin-y6e,@OscarHernandez-q8y,1
UCZLG9qH0tUjNhEGFIUt0CYw,UCOh6DaZC_x9HASnlRylEMfw,@SoniaMarroquin-y6e,@AndresMedina-v1s,1
UCZLG9qH0tUjNhEGFIUt0CYw,UCQgYjVngJRfPHDLGB5X6ZjA,@SoniaMarroquin-y6e,@oscarnavas9996,1
UCZLG9qH0tUjNhEGFIUt0CYw,UCQqetiwzzmRNTM5OWuXarGQ,@SoniaMarroquin-y6e,@isaiaslopezvelasquez1539,1
UCZLG9qH0tUjNhEGFIUt0CYw,UCQtICyzWmhC5woCtbNgaSmg,@SoniaMarroquin-y6e,@nestormendez6216,1
UCZLG9qH0tUjNhEGFIUt0CYw,UCQtSFINs1h6GHkpg9o5kMvg,@SoniaMarroquin-y6e,@MacarioMartinezruiz,1
UCZLG9qH0tUjNhEGFIUt0CYw,UCRETAiYdh2dL5ZxB0_N1zDA,@SoniaMarroquin-y6e,@Joseroland21,1
UCZLG9qH0tUjNhEGFIUt0CYw,UCRlCV9zSn7avAWh-9_XFWqQ,@SoniaMarroquin-y6e,@ronyarana8849,1
UCZLG9qH0tUjNhEGFIUt0CYw,UCSou6a2OuYGSvPjm5psquyA,@SoniaMarroquin-y6e,@FranciscoRivera-sf7ne,1
UCZLG9qH0tUjNhEGFIUt0CYw,UCTD6q1nyIe3Y7HhqjaMj72w,@SoniaMarroquin-y6e,@JuanChang-r6k,1
UCZLG9qH0tUjNhEGFIUt0CYw,UCTP3O0rMnc8z8v8jaDQwL0w,@SoniaMarroquin-y6e,@RobertoZelaya-x1v,1
UCZLG9qH0tUjNhEGFIUt0CYw,UCThW2XNsAaBKme5PUt7n-Zg,@SoniaMarroquin-y6e,@thelmamoran8565,1
UCZLG9qH0tUjNhEGFIUt0CYw,UCTwSut16JyAg3mX6LVUNGqA,@SoniaMarroquin-y6e,@SuperVictor2005,1
UCZLG9qH0tUjNhEGFIUt0CYw,UCTylKrsqkrBKIqubMu_5N0Q,@SoniaMarroquin-y6e,@edwingeovanymarroquinmarro6684,1
UCZLG9qH0tUjNhEGFIUt0CYw,UCUIIIPTVDVHAXqhC_5V6lPA,@SoniaMarroquin-y6e,@gorrarota,1
UCZLG9qH0tUjNhEGFIUt0CYw,UCV0iizTBoOfdAFX_thfI9BA,@SoniaMarroquin-y6e,@BenjaminLarios-jd8nk,1
UCZLG9qH0tUjNhEGFIUt0CYw,UCXSkL3ejZ8qWYyF_M7s_QKA,@SoniaMarroquin-y6e,@JacintaTzoy,1
UCZLG9qH0tUjNhEGFIUt0CYw,UCXXh7yg5KUFIWylTiKVEFKQ,@SoniaMarroquin-y6e,@MrDuenderojo,1
UCZLG9qH0tUjNhEGFIUt0CYw,UCXgr7vXlRrsaskPdo097kGA,@SoniaMarroquin-y6e,@Rogergh-nw4oj,1
UCZLG9qH0tUjNhEGFIUt0CYw,UCXr8_5WtGeipe4haOoQDgyQ,@SoniaMarroquin-y6e,@amyherrera7352,1
UCZLG9qH0tUjNhEGFIUt0CYw,UCYN4wSQ1Sx4_LurxLlW7MPg,@SoniaMarroquin-y6e,@belarminavillatoro6474,1
UCZLG9qH0tUjNhEGFIUt0CYw,UCYwpX26TrCxq8TvbKGRYLXA,@SoniaMarroquin-y6e,@beneficioelcaminovillacana8540,1
UCZLG9qH0tUjNhEGFIUt0CYw,UCcfdg8crmMJwEuLUsAhV7yg,@SoniaMarroquin-y6e,@RolandoRaguay,1
UCZLG9qH0tUjNhEGFIUt0CYw,UCfM3nrxtTQMY5jFx1v1J4Gg,@SoniaMarroquin-y6e,@edgarroldan5539,1
UCZLG9qH0tUjNhEGFIUt0CYw,UCgvw7xIdGFupzpt1Y_BFkEA,@SoniaMarroquin-y6e,@fredygarcia9151,1
UCZLG9qH0tUjNhEGFIUt0CYw,UChZknRmJkeGeQk0-mQuhDOg,@SoniaMarroquin-y6e,@OdilioRodríguez-c5w,1
UCZLG9qH0tUjNhEGFIUt0CYw,UChep9kVb5gQmpodEEl10Xlg,@SoniaMarroquin-y6e,@carlosaguilar-kz7ml,1
UCZLG9qH0tUjNhEGFIUt0CYw,UChgkn5Jt5tWKYMoEOuCjz3Q,@SoniaMarroquin-y6e,@pablochitay46,1
UCZLG9qH0tUjNhEGFIUt0CYw,UChs3tU2BcKOT0CezykvAsGw,@SoniaMarroquin-y6e,@byronpontaza,1
UCZLG9qH0tUjNhEGFIUt0CYw,UCi1b_TRQfgO1Z9O2gNGGWNA,@SoniaMarroquin-y6e,@davidisraelesquitsaquil,1
UCZLG9qH0tUjNhEGFIUt0CYw,UCiGRBf2RNF0WRKhRVT7zFoA,@SoniaMarroquin-y6e,@edwinavila4876,1
UCZLG9qH0tUjNhEGFIUt0CYw,UCiMythXHsw7eQEMykCdmMUA,@SoniaMarroquin-y6e,@JavierBecerra-h6x,1
UCZLG9qH0tUjNhEGFIUt0CYw,UCipetjeiWj4CZB6EbyYziZg,@SoniaMarroquin-y6e,@OseasSamayoa-ol5rz,1
UCZLG9qH0tUjNhEGFIUt0CYw,UCj-LL25XJnjxepPKCc3NGog,@SoniaMarroquin-y6e,@anaaguirre8985,1
UCZLG9qH0tUjNhEGFIUt0CYw,UCjSKM9j0Q7HLDr1hD6D-TUw,@SoniaMarroquin-y6e,@josehidalgo4875,1
UCZLG9qH0tUjNhEGFIUt0CYw,UCjmPuazZJzscrwvk0QR9RVw,@SoniaMarroquin-y6e,@mynorrodas8591,1
UCZLG9qH0tUjNhEGFIUt0CYw,UCkd9W714-947dEE6ZOEBATA,@SoniaMarroquin-y6e,@ARGELIATELON,1
UCZLG9qH0tUjNhEGFIUt0CYw,UCl0ekS9Tt0jJGtOEM18S63w,@SoniaMarroquin-y6e,@monkchapin,1
UCZLG9qH0tUjNhEGFIUt0CYw,UCljDbleJul41G1TzOjOZAVA,@SoniaMarroquin-y6e,@hectorcarranza3777,1
UCZLG9qH0tUjNhEGFIUt0CYw,UCmjppp6ujz3SAnULvP3sZMw,@SoniaMarroquin-y6e,@marcomendez7509,1
UCZLG9qH0tUjNhEGFIUt0CYw,UCmvOgzmmXbjUthHy-WJ52hQ,@SoniaMarroquin-y6e,@mariorodas593,1
UCZLG9qH0tUjNhEGFIUt0CYw,UCp4iw5_5SmV9VGTFSNVGOmQ,@SoniaMarroquin-y6e,@CARLOSSTREMS51,1
UCZLG9qH0tUjNhEGFIUt0CYw,UCpIdtvoFHVLGASGB5ySqIEA,@SoniaMarroquin-y6e,@VidalVillatoro-p4w,1
UCZLG9qH0tUjNhEGFIUt0CYw,UCpl8rF8uv_8uui-QRvuJaRA,@SoniaMarroquin-y6e,@SergioGarcia-z9c,1
UCZLG9qH0tUjNhEGFIUt0CYw,UCplrIQtaPj6au60_f2-mOYw,@SoniaMarroquin-y6e,@romeolopezherrarte799,1
UCZLG9qH0tUjNhEGFIUt0CYw,UCpsKOkt5iWTbenzeuq7dsmQ,@SoniaMarroquin-y6e,@inge_vergueta,1
UCZLG9qH0tUjNhEGFIUt0CYw,UCr1emrogPKkKTs_WTtx71xg,@SoniaMarroquin-y6e,@domingopeneleu6457,1
UCZLG9qH0tUjNhEGFIUt0CYw,UCrJn_rbo_ENAdeqneS-RmRw,@SoniaMarroquin-y6e,@josecarrera9623,1
UCZLG9qH0tUjNhEGFIUt0CYw,UCsJJAvrVGupdmhOqgtDp8dg,@SoniaMarroquin-y6e,@nestorlorenzana1168,1
UCZLG9qH0tUjNhEGFIUt0CYw,UCsSXdJct-nsS8DsABoEsaYA,@SoniaMarroquin-y6e,@IvánPérez-j4j,1
UCZLG9qH0tUjNhEGFIUt0CYw,UCsUCN0Yq_UyTvKjOJLmNrnQ,@SoniaMarroquin-y6e,@moisesvaldez4043,1
UCZLG9qH0tUjNhEGFIUt0CYw,UCsjs5Hp_r86x1xbK6FAeqaA,@SoniaMarroquin-y6e,@alvaroesquivel563,1
UCZLG9qH0tUjNhEGFIUt0CYw,UCtNfIBnc5S5DbbQj_yxgJTw,@SoniaMarroquin-y6e,@JosueRamirez-ey3ih,1
UCZLG9qH0tUjNhEGFIUt0CYw,UCtUR3_CAiE7fCoZHM6cMfyQ,@SoniaMarroquin-y6e,@mdelcid01,1
UCZLG9qH0tUjNhEGFIUt0CYw,UCueV9cTyTDwgQSec1x2dYgA,@SoniaMarroquin-y6e,@fredydomingo7062,1
UCZLG9qH0tUjNhEGFIUt0CYw,UCujPF2nBgsTD62nWE3lcpIg,@SoniaMarroquin-y6e,@victorarturoruanobautista7588,1
UCZLG9qH0tUjNhEGFIUt0CYw,UCvApqeCbLod-wejtT4CcVuA,@SoniaMarroquin-y6e,@davidgaher9550,1
UCZLG9qH0tUjNhEGFIUt0CYw,UCwO2SXr0ggzwg6QWWrr01nQ,@SoniaMarroquin-y6e,@ricardofigueroa5720,1
UCZLG9qH0tUjNhEGFIUt0CYw,UCwW2OFy95P7ZBkOPxWkpvYg,@SoniaMarroquin-y6e,@TeresaLucero-b5o,1
UCZLG9qH0tUjNhEGFIUt0CYw,UCwha8rxULYMVtNwZWeSkE1A,@SoniaMarroquin-y6e,@mariasamo8637,1
UCZLG9qH0tUjNhEGFIUt0CYw,UCySYJU5kUh7X8gVt9la2ISA,@SoniaMarroquin-y6e,@dantesarti4351,1
UCZLG9qH0tUjNhEGFIUt0CYw,UCylqlpsh8ENNM1LqgQ1KbxA,@SoniaMarroquin-y6e,@Jel.Awesh.M,1
UCZLG9qH0tUjNhEGFIUt0CYw,UCz3gu01bmjNv0DpRq-K3XYg,@SoniaMarroquin-y6e,@eusebiovasquez4385,1
UCZLG9qH0tUjNhEGFIUt0CYw,UCzSfZlOVxBSs5ObD25ywxDQ,@SoniaMarroquin-y6e,@GilmarMaldonado-q9m,1
UCwgCc9Jd_gG-uLE_SY-FfPg,UC-fiZBS5Gp1eCJd9ucgWnCg,@armindapenados2841,@Tommii.10,1
UCwgCc9Jd_gG-uLE_SY-FfPg,UC1DpqK6vaPEkBOMNvypsKYg,@armindapenados2841,@HectorCarranza-u4j4o,1
UCwgCc9Jd_gG-uLE_SY-FfPg,UC32oozucwCF3q8d4m8fyOUg,@armindapenados2841,@RauldejesusOlivagonzalez,1
UCwgCc9Jd_gG-uLE_SY-FfPg,UC3UVO7pTbeYvZ3ILEyRDskQ,@armindapenados2841,@rosaelenaargueta79,1
UCwgCc9Jd_gG-uLE_SY-FfPg,UC4Avya4kmR4Q0FrfFdBozSQ,@armindapenados2841,@davidlima1348,1
UCwgCc9Jd_gG-uLE_SY-FfPg,UC5hvEnRUzI4Kfvwnyi4QxqQ,@armindapenados2841,@leonelsantizo5281,1
UCwgCc9Jd_gG-uLE_SY-FfPg,UC6Uj1FT5JjDSF8vudvDxPAA,@armindapenados2841,@alfredoortega9264,1
UCwgCc9Jd_gG-uLE_SY-FfPg,UC7dadZG7kkGYnsNu6td0FbA,@armindapenados2841,@lesolorzano,1
UCwgCc9Jd_gG-uLE_SY-FfPg,UC816IGbFCZinfYS1LRDaaHg,@armindapenados2841,@ingenieroar,1
UCwgCc9Jd_gG-uLE_SY-FfPg,UC95PSMouTx2N5CbSq0hIyrQ,@armindapenados2841,@lisss1908,1
UCwgCc9Jd_gG-uLE_SY-FfPg,UCAKuKvcbfnBD3kF5njNu-IA,@armindapenados2841,@melvinlopez7096,1
UCwgCc9Jd_gG-uLE_SY-FfPg,UCCBYcToQ2dwkd6TJh0FSyDg,@armindapenados2841,@lidiarodriguez3493,1
UCwgCc9Jd_gG-uLE_SY-FfPg,UCDrmf9y9nLgFY5wnA2hTuGA,@armindapenados2841,@laboratorio5528,1
UCwgCc9Jd_gG-uLE_SY-FfPg,UCGGHbtfbbe0o68etrOf0qxw,@armindapenados2841,@karensussetteleonvargas9794,1
UCwgCc9Jd_gG-uLE_SY-FfPg,UCHbwIx9pmQuf7i-4_xO2EpA,@armindapenados2841,@caminoseternos752,1
UCwgCc9Jd_gG-uLE_SY-FfPg,UCOcUI5XkTYNMSFhZNMIPpGg,@armindapenados2841,@hendersonlopez3864,1
UCwgCc9Jd_gG-uLE_SY-FfPg,UCQqlPPUGqAfWjd-FSh_qn7Q,@armindapenados2841,@estuardoargueta137,1
UCwgCc9Jd_gG-uLE_SY-FfPg,UCRvPToDkkumha7WJAfCDk1A,@armindapenados2841,@ligiaguerra3057,1
UCwgCc9Jd_gG-uLE_SY-FfPg,UCUoYsrx1oZnCZ0usbBJn4fA,@armindapenados2841,@AnaDiaz-re9sq,1
UCwgCc9Jd_gG-uLE_SY-FfPg,UCV0lM03g5fg5pbPj97-sAtA,@armindapenados2841,@genarodelgado3929,1
UCwgCc9Jd_gG-uLE_SY-FfPg,UCW-JC6lebVmf2P1dmY_L94g,@armindapenados2841,@dinoraoroxon5771,1
UCwgCc9Jd_gG-uLE_SY-FfPg,UCW80DaMjQlEUibC98Cot-Dg,@armindapenados2841,@rogeraldana4289,1
UCwgCc9Jd_gG-uLE_SY-FfPg,UCWoAVGVqCn4xtINCMOTM4jg,@armindapenados2841,@OmarMartinez-vv8re,1
UCwgCc9Jd_gG-uLE_SY-FfPg,UCZeIIQrGAedW8tCbKWmGY-A,@armindapenados2841,@mariocordon8873,1
UCwgCc9Jd_gG-uLE_SY-FfPg,UC_LYoGs5C3mbZKZuKuqYCvw,@armindapenados2841,@javiercifuentesarchila6041,1
UCwgCc9Jd_gG-uLE_SY-FfPg,UCe8JZoYkX5oKUZyivHYdXhw,@armindapenados2841,@FernandoGarcia-jg1fj,1
UCwgCc9Jd_gG-uLE_SY-FfPg,UCeDNEtI8_a42bZ47wJiJMwQ,@armindapenados2841,@EdgarcalderonCalderong,1
UCwgCc9Jd_gG-uLE_SY-FfPg,UCgJNFj5dnxXpcMvmuhZDPxA,@armindapenados2841,@NataliaRodriguez-rx5mr,1
UCwgCc9Jd_gG-uLE_SY-FfPg,UCgQw_Sbq3ugruDUKsq1e0-A,@armindapenados2841,@marlenareano-h4t,1
UCwgCc9Jd_gG-uLE_SY-FfPg,UCiC-Jn7wdgyQV4_Urk0DkWQ,@armindapenados2841,@pedroros6358,1
UCwgCc9Jd_gG-uLE_SY-FfPg,UCkVtmkK07b2zaVVNssX4lOg,@armindapenados2841,@HectorElias-u2l,1
UCwgCc9Jd_gG-uLE_SY-FfPg,UClhMWQ7XKWywYvbRnuf8QsA,@armindapenados2841,@EcPerez-zz9oh,1
UCwgCc9Jd_gG-uLE_SY-FfPg,UClqA491Xa5fQcXcJJa-vTWw,@armindapenados2841,@AndresLemus-k2d,1
UCwgCc9Jd_gG-uLE_SY-FfPg,UColMq7LmaoY3MT6aIDGrGvA,@armindapenados2841,@quijotachapina1,1
UCwgCc9Jd_gG-uLE_SY-FfPg,UCpe5jW3MIqkgTJ-PgkzvM6Q,@armindapenados2841,@carloslam5333,1
UCwgCc9Jd_gG-uLE_SY-FfPg,UCpsKOkt5iWTbenzeuq7dsmQ,@armindapenados2841,@inge_vergueta,1
UCwgCc9Jd_gG-uLE_SY-FfPg,UCqCrvuoJpC-aVb0f4logQRQ,@armindapenados2841,@Lyrics_GT,1
UCwgCc9Jd_gG-uLE_SY-FfPg,UCsGoJEvb-cFPZ2rWoJcXzEQ,@armindapenados2841,@sergiohinestroza9709,1
UCwgCc9Jd_gG-uLE_SY-FfPg,UCu8_3-Wg-YzNyvHYQDEscfw,@armindapenados2841,@RolandoCastroPérez-d7y,1
UCwgCc9Jd_gG-uLE_SY-FfPg,UCuXmOjxC-htcprLgeVXz6Tg,@armindapenados2841,@jorgeaguilar-bq3uj,1
UCwgCc9Jd_gG-uLE_SY-FfPg,UCwjUvRseNtJoItylIyIez7Q,@armindapenados2841,@Silviazea,1
UCwgCc9Jd_gG-uLE_SY-FfPg,UCylqlpsh8ENNM1LqgQ1KbxA,@armindapenados2841,@Jel.Awesh.M,1
UCXSkL3ejZ8qWYyF_M7s_QKA,UC-hfX8J5JPJ-dfuakzegMLA,@JacintaTzoy,@normaleticiaorozcojuarez2418,1
UCXSkL3ejZ8qWYyF_M7s_QKA,UC-jS_kA9w-OmpupXDx156Rg,@JacintaTzoy,@simoncreyesc7579,1
UCXSkL3ejZ8qWYyF_M7s_QKA,UC-pNP6RMFuLg_-x7Ah_0kEA,@JacintaTzoy,@almacatalan2717,1
UCXSkL3ejZ8qWYyF_M7s_QKA,UC1vr9aaMI2crB0NvwFHUeoQ,@JacintaTzoy,@JoseSimilox-p6e,1
UCXSkL3ejZ8qWYyF_M7s_QKA,UC2Y_EHWQKevubk4vOEBBFxw,@JacintaTzoy,@alfonsomorales2653,1
UCXSkL3ejZ8qWYyF_M7s_QKA,UC2weSE8rpqkGMOp6StYtVfg,@JacintaTzoy,@katerynsantiago2907,1
UCXSkL3ejZ8qWYyF_M7s_QKA,UC3E9mAgP7VoAE5mZoAexl5g,@JacintaTzoy,@EnnioAroche,1
UCXSkL3ejZ8qWYyF_M7s_QKA,UC3MYTqpQqlWBuCB7Th0e0PA,@JacintaTzoy,@isaaclopez7220,1
UCXSkL3ejZ8qWYyF_M7s_QKA,UC3NMzdMYryaw82kPTnsaljg,@JacintaTzoy,@marisosa7832,1
UCXSkL3ejZ8qWYyF_M7s_QKA,UC3XTwHxygNCgjndsg-UiCQA,@JacintaTzoy,@marioajset4283,1
UCXSkL3ejZ8qWYyF_M7s_QKA,UC3qn1yJA5PeW9rkGPatQxiw,@JacintaTzoy,@VICTOREST19,1
UCXSkL3ejZ8qWYyF_M7s_QKA,UC4cXueR2bKGFJV0Fk76gwmA,@JacintaTzoy,@aluxdel4792,1
UCXSkL3ejZ8qWYyF_M7s_QKA,UC4wq3DcbfaG6dtCqn8Oyu3w,@JacintaTzoy,@hugoasencio7764,1
UCXSkL3ejZ8qWYyF_M7s_QKA,UC5H8ASmMC9WrURmzeB4ySog,@JacintaTzoy,@ManuelEdran,1
UCXSkL3ejZ8qWYyF_M7s_QKA,UC5bG9nc_JV3FsNP2KseQiYw,@JacintaTzoy,@giovannirodas4836,1
UCXSkL3ejZ8qWYyF_M7s_QKA,UC650pRT-OYzny3GwOH8Cgfw,@JacintaTzoy,@edvinparedesherrera7632,1
UCXSkL3ejZ8qWYyF_M7s_QKA,UC6PvO1_k5lHKGdAPo5_C6TA,@JacintaTzoy,@johnmejia992,1
UCXSkL3ejZ8qWYyF_M7s_QKA,UC6YSZqL0vEcI-niPKIMUGfw,@JacintaTzoy,@maxwellsales885,1
UCXSkL3ejZ8qWYyF_M7s_QKA,UC72gBAtyb_VXQlYDcFrh6oQ,@JacintaTzoy,@osmanmorales3012,1
UCXSkL3ejZ8qWYyF_M7s_QKA,UC7VUuJr9cGh845CmTvf7TlQ,@JacintaTzoy,@LuisCastillo-oz4df,1
UCXSkL3ejZ8qWYyF_M7s_QKA,UC8F2V63KZ4ZEay6opX2hAQw,@JacintaTzoy,@carmenr6311,1
UCXSkL3ejZ8qWYyF_M7s_QKA,UC8G5cJONY8L9voMyBW8Eoug,@JacintaTzoy,@luisparedes-pw6qt,1
UCXSkL3ejZ8qWYyF_M7s_QKA,UC8r11yOugM2NuRfitQOxLLg,@JacintaTzoy,@cesaraugustomoralesmonroy6907,1
UCXSkL3ejZ8qWYyF_M7s_QKA,UC9vMq1YF-e7C-VO0SHkbUTA,@JacintaTzoy,@ErvinLeonardoCarreraLatín,1
UCXSkL3ejZ8qWYyF_M7s_QKA,UC9xr9QvIcDvoZNUX5f-jaZw,@JacintaTzoy,@MariaaliciaColonmorales,1
UCXSkL3ejZ8qWYyF_M7s_QKA,UCA93ym2TXs_Ibyxb4Vcn-6Q,@JacintaTzoy,@oswaldosolis8728,1
UCXSkL3ejZ8qWYyF_M7s_QKA,UCAlzM_N6xBlMYmM8EBzX86Q,@JacintaTzoy,@carlossoto3252,1
UCXSkL3ejZ8qWYyF_M7s_QKA,UCAmtbUiIrUIhikru0ZoTFig,@JacintaTzoy,@Aura-vf6dm,1
UCXSkL3ejZ8qWYyF_M7s_QKA,UCB5p8a5gklc80jJItP6xTHg,@JacintaTzoy,@ernestogamboa8737,1
UCXSkL3ejZ8qWYyF_M7s_QKA,UCCaYwkkbQGcvFoUmothVdQQ,@JacintaTzoy,@OsvaldoAguirre-l3i,1
UCXSkL3ejZ8qWYyF_M7s_QKA,UCDPWkUX3sNNaCx-m1dV4glA,@JacintaTzoy,@hectoroliva949,1
UCXSkL3ejZ8qWYyF_M7s_QKA,UCDQaQv0hr2SS_PO-CMEwVHg,@JacintaTzoy,@federicosaquimux1933,1
UCXSkL3ejZ8qWYyF_M7s_QKA,UCDUffaruH6dyUnUGwsTKpgg,@JacintaTzoy,@luisletona2842,1
UCXSkL3ejZ8qWYyF_M7s_QKA,UCDftMWXQoJ6nONfY7GVOVjg,@JacintaTzoy,@luisgpacheco5858,1
UCXSkL3ejZ8qWYyF_M7s_QKA,UCDlr1VadSucIZgZ171pRBjQ,@JacintaTzoy,@cuabatzjj5924,1
UCXSkL3ejZ8qWYyF_M7s_QKA,UCEgEQmRbtL5fwr9_DqAC--g,@JacintaTzoy,@ArielRodas-g5y,1
UCXSkL3ejZ8qWYyF_M7s_QKA,UCErZPJpHmLCsXs8ZWkAUupQ,@JacintaTzoy,@dorisl.garciaroche7763,1
UCXSkL3ejZ8qWYyF_M7s_QKA,UCFUuDARXdmmIrLppEqf-rFg,@JacintaTzoy,@allanmunoz7410,1
UCXSkL3ejZ8qWYyF_M7s_QKA,UCFhxtoeARHPnXXPcDrOU3Xg,@JacintaTzoy,@diegoalejandrolopezmendez205,1
UCXSkL3ejZ8qWYyF_M7s_QKA,UCFjudnPLoaSL1BaRuLahyHg,@JacintaTzoy,@HaroldoCastillo-rh9iw,1
UCXSkL3ejZ8qWYyF_M7s_QKA,UCFoIAE8k82D6AV-8gjjKaNg,@JacintaTzoy,@eddymunoz9789,1
UCXSkL3ejZ8qWYyF_M7s_QKA,UCFxE8GbokBrBsPEKM1xrOjQ,@JacintaTzoy,@JuanDavila-qd7qj,1
UCXSkL3ejZ8qWYyF_M7s_QKA,UCGzXwyCzMzGmjmCbH3Hg01Q,@JacintaTzoy,@FidelZacarias-ph7dy,1
UCXSkL3ejZ8qWYyF_M7s_QKA,UCHTGCgY2l-DQJIvlA_cpa_Q,@JacintaTzoy,@virgiliogarcia3039,1
UCXSkL3ejZ8qWYyF_M7s_QKA,UCHhHUjaMAZ8SiXdCUCj9DkQ,@JacintaTzoy,@fredymendez1786,1
UCXSkL3ejZ8qWYyF_M7s_QKA,UCKDR0f2fu2UzWL8mBv5-BHw,@JacintaTzoy,@mireyamorales6595,1
UCXSkL3ejZ8qWYyF_M7s_QKA,UCL13XhnRzbGokEkCkEOb0-g,@JacintaTzoy,@raquelprado3643,1
UCXSkL3ejZ8qWYyF_M7s_QKA,UCL1MT278vSaQ83ZDkVWn1gw,@JacintaTzoy,@elmorodriguez6978,1
UCXSkL3ejZ8qWYyF_M7s_QKA,UCLFdHr9BEbXHkoJopbEPLZw,@JacintaTzoy,@kanterra4584,1
UCXSkL3ejZ8qWYyF_M7s_QKA,UCLggDc_a5HriXv7I1h02sOA,@JacintaTzoy,@guillermogonzalez5153,1
UCXSkL3ejZ8qWYyF_M7s_QKA,UCN6qbfPSzFtjhqUDZ3Cv3CQ,@JacintaTzoy,@carlosmedranovelasquez6380,1
UCXSkL3ejZ8qWYyF_M7s_QKA,UCNBnKqWf4d-rS4HwJRQljmQ,@JacintaTzoy,@LE_A22,1
UCXSkL3ejZ8qWYyF_M7s_QKA,UCNkcuy42zEwddwEcOd_HpnA,@JacintaTzoy,@vanigomez492,1
UCXSkL3ejZ8qWYyF_M7s_QKA,UCOS8ViEkccrTZx2w2ccxotA,@JacintaTzoy,@OscarHernandez-q8y,1
UCXSkL3ejZ8qWYyF_M7s_QKA,UCOh6DaZC_x9HASnlRylEMfw,@JacintaTzoy,@AndresMedina-v1s,1
UCXSkL3ejZ8qWYyF_M7s_QKA,UCQgYjVngJRfPHDLGB5X6ZjA,@JacintaTzoy,@oscarnavas9996,1
UCXSkL3ejZ8qWYyF_M7s_QKA,UCQqetiwzzmRNTM5OWuXarGQ,@JacintaTzoy,@isaiaslopezvelasquez1539,1
UCXSkL3ejZ8qWYyF_M7s_QKA,UCQtICyzWmhC5woCtbNgaSmg,@JacintaTzoy,@nestormendez6216,1
UCXSkL3ejZ8qWYyF_M7s_QKA,UCQtSFINs1h6GHkpg9o5kMvg,@JacintaTzoy,@MacarioMartinezruiz,1
UCXSkL3ejZ8qWYyF_M7s_QKA,UCRETAiYdh2dL5ZxB0_N1zDA,@JacintaTzoy,@Joseroland21,1
UCXSkL3ejZ8qWYyF_M7s_QKA,UCRlCV9zSn7avAWh-9_XFWqQ,@JacintaTzoy,@ronyarana8849,1
UCXSkL3ejZ8qWYyF_M7s_QKA,UCSou6a2OuYGSvPjm5psquyA,@JacintaTzoy,@FranciscoRivera-sf7ne,1
UCXSkL3ejZ8qWYyF_M7s_QKA,UCTD6q1nyIe3Y7HhqjaMj72w,@JacintaTzoy,@JuanChang-r6k,1
UCXSkL3ejZ8qWYyF_M7s_QKA,UCTP3O0rMnc8z8v8jaDQwL0w,@JacintaTzoy,@RobertoZelaya-x1v,1
UCXSkL3ejZ8qWYyF_M7s_QKA,UCThW2XNsAaBKme5PUt7n-Zg,@JacintaTzoy,@thelmamoran8565,1
UCXSkL3ejZ8qWYyF_M7s_QKA,UCTwSut16JyAg3mX6LVUNGqA,@JacintaTzoy,@SuperVictor2005,1
UCXSkL3ejZ8qWYyF_M7s_QKA,UCTylKrsqkrBKIqubMu_5N0Q,@JacintaTzoy,@edwingeovanymarroquinmarro6684,1
UCXSkL3ejZ8qWYyF_M7s_QKA,UCUIIIPTVDVHAXqhC_5V6lPA,@JacintaTzoy,@gorrarota,1
UCXSkL3ejZ8qWYyF_M7s_QKA,UCV0iizTBoOfdAFX_thfI9BA,@JacintaTzoy,@BenjaminLarios-jd8nk,1
UCXSkL3ejZ8qWYyF_M7s_QKA,UCXXh7yg5KUFIWylTiKVEFKQ,@JacintaTzoy,@MrDuenderojo,1
UCXSkL3ejZ8qWYyF_M7s_QKA,UCXgr7vXlRrsaskPdo097kGA,@JacintaTzoy,@Rogergh-nw4oj,1
UCXSkL3ejZ8qWYyF_M7s_QKA,UCXr8_5WtGeipe4haOoQDgyQ,@JacintaTzoy,@amyherrera7352,1
UCXSkL3ejZ8qWYyF_M7s_QKA,UCYN4wSQ1Sx4_LurxLlW7MPg,@JacintaTzoy,@belarminavillatoro6474,1
UCXSkL3ejZ8qWYyF_M7s_QKA,UCYwpX26TrCxq8TvbKGRYLXA,@JacintaTzoy,@beneficioelcaminovillacana8540,1
UCXSkL3ejZ8qWYyF_M7s_QKA,UCcfdg8crmMJwEuLUsAhV7yg,@JacintaTzoy,@RolandoRaguay,1
UCXSkL3ejZ8qWYyF_M7s_QKA,UCfM3nrxtTQMY5jFx1v1J4Gg,@JacintaTzoy,@edgarroldan5539,1
UCXSkL3ejZ8qWYyF_M7s_QKA,UCgvw7xIdGFupzpt1Y_BFkEA,@JacintaTzoy,@fredygarcia9151,1
UCXSkL3ejZ8qWYyF_M7s_QKA,UChZknRmJkeGeQk0-mQuhDOg,@JacintaTzoy,@OdilioRodríguez-c5w,1
UCXSkL3ejZ8qWYyF_M7s_QKA,UChep9kVb5gQmpodEEl10Xlg,@JacintaTzoy,@carlosaguilar-kz7ml,1
UCXSkL3ejZ8qWYyF_M7s_QKA,UChgkn5Jt5tWKYMoEOuCjz3Q,@JacintaTzoy,@pablochitay46,1
UCXSkL3ejZ8qWYyF_M7s_QKA,UChs3tU2BcKOT0CezykvAsGw,@JacintaTzoy,@byronpontaza,1
UCXSkL3ejZ8qWYyF_M7s_QKA,UCi1b_TRQfgO1Z9O2gNGGWNA,@JacintaTzoy,@davidisraelesquitsaquil,1
UCXSkL3ejZ8qWYyF_M7s_QKA,UCiGRBf2RNF0WRKhRVT7zFoA,@JacintaTzoy,@edwinavila4876,1
UCXSkL3ejZ8qWYyF_M7s_QKA,UCiMythXHsw7eQEMykCdmMUA,@JacintaTzoy,@JavierBecerra-h6x,1
UCXSkL3ejZ8qWYyF_M7s_QKA,UCipetjeiWj4CZB6EbyYziZg,@JacintaTzoy,@OseasSamayoa-ol5rz,1
UCXSkL3ejZ8qWYyF_M7s_QKA,UCj-LL25XJnjxepPKCc3NGog,@JacintaTzoy,@anaaguirre8985,1
UCXSkL3ejZ8qWYyF_M7s_QKA,UCjSKM9j0Q7HLDr1hD6D-TUw,@JacintaTzoy,@josehidalgo4875,1
UCXSkL3ejZ8qWYyF_M7s_QKA,UCjmPuazZJzscrwvk0QR9RVw,@JacintaTzoy,@mynorrodas8591,1
UCXSkL3ejZ8qWYyF_M7s_QKA,UCkd9W714-947dEE6ZOEBATA,@JacintaTzoy,@ARGELIATELON,1
UCXSkL3ejZ8qWYyF_M7s_QKA,UCl0ekS9Tt0jJGtOEM18S63w,@JacintaTzoy,@monkchapin,1
UCXSkL3ejZ8qWYyF_M7s_QKA,UCljDbleJul41G1TzOjOZAVA,@JacintaTzoy,@hectorcarranza3777,1
UCXSkL3ejZ8qWYyF_M7s_QKA,UCmjppp6ujz3SAnULvP3sZMw,@JacintaTzoy,@marcomendez7509,1
UCXSkL3ejZ8qWYyF_M7s_QKA,UCmvOgzmmXbjUthHy-WJ52hQ,@JacintaTzoy,@mariorodas593,1
UCXSkL3ejZ8qWYyF_M7s_QKA,UCp4iw5_5SmV9VGTFSNVGOmQ,@JacintaTzoy,@CARLOSSTREMS51,1
UCXSkL3ejZ8qWYyF_M7s_QKA,UCpIdtvoFHVLGASGB5ySqIEA,@JacintaTzoy,@VidalVillatoro-p4w,1
UCXSkL3ejZ8qWYyF_M7s_QKA,UCpl8rF8uv_8uui-QRvuJaRA,@JacintaTzoy,@SergioGarcia-z9c,1
UCXSkL3ejZ8qWYyF_M7s_QKA,UCplrIQtaPj6au60_f2-mOYw,@JacintaTzoy,@romeolopezherrarte799,1
UCXSkL3ejZ8qWYyF_M7s_QKA,UCpsKOkt5iWTbenzeuq7dsmQ,@JacintaTzoy,@inge_vergueta,1
UCXSkL3ejZ8qWYyF_M7s_QKA,UCr1emrogPKkKTs_WTtx71xg,@JacintaTzoy,@domingopeneleu6457,1
UCXSkL3ejZ8qWYyF_M7s_QKA,UCrJn_rbo_ENAdeqneS-RmRw,@JacintaTzoy,@josecarrera9623,1
UCXSkL3ejZ8qWYyF_M7s_QKA,UCsJJAvrVGupdmhOqgtDp8dg,@JacintaTzoy,@nestorlorenzana1168,1
UCXSkL3ejZ8qWYyF_M7s_QKA,UCsSXdJct-nsS8DsABoEsaYA,@JacintaTzoy,@IvánPérez-j4j,1
UCXSkL3ejZ8qWYyF_M7s_QKA,UCsUCN0Yq_UyTvKjOJLmNrnQ,@JacintaTzoy,@moisesvaldez4043,1
UCXSkL3ejZ8qWYyF_M7s_QKA,UCsjs5Hp_r86x1xbK6FAeqaA,@JacintaTzoy,@alvaroesquivel563,1
UCXSkL3ejZ8qWYyF_M7s_QKA,UCtNfIBnc5S5DbbQj_yxgJTw,@JacintaTzoy,@JosueRamirez-ey3ih,1
UCXSkL3ejZ8qWYyF_M7s_QKA,UCtUR3_CAiE7fCoZHM6cMfyQ,@JacintaTzoy,@mdelcid01,1
UCXSkL3ejZ8qWYyF_M7s_QKA,UCueV9cTyTDwgQSec1x2dYgA,@JacintaTzoy,@fredydomingo7062,1
UCXSkL3ejZ8qWYyF_M7s_QKA,UCujPF2nBgsTD62nWE3lcpIg,@JacintaTzoy,@victorarturoruanobautista7588,1
UCXSkL3ejZ8qWYyF_M7s_QKA,UCvApqeCbLod-wejtT4CcVuA,@JacintaTzoy,@davidgaher9550,1
UCXSkL3ejZ8qWYyF_M7s_QKA,UCwO2SXr0ggzwg6QWWrr01nQ,@JacintaTzoy,@ricardofigueroa5720,1
UCXSkL3ejZ8qWYyF_M7s_QKA,UCwW2OFy95P7ZBkOPxWkpvYg,@JacintaTzoy,@TeresaLucero-b5o,1
UCXSkL3ejZ8qWYyF_M7s_QKA,UCwha8rxULYMVtNwZWeSkE1A,@JacintaTzoy,@mariasamo8637,1
UCXSkL3ejZ8qWYyF_M7s_QKA,UCySYJU5kUh7X8gVt9la2ISA,@JacintaTzoy,@dantesarti4351,1
UCXSkL3ejZ8qWYyF_M7s_QKA,UCylqlpsh8ENNM1LqgQ1KbxA,@JacintaTzoy,@Jel.Awesh.M,1
UCXSkL3ejZ8qWYyF_M7s_QKA,UCz3gu01bmjNv0DpRq-K3XYg,@JacintaTzoy,@eusebiovasquez4385,1
UCXSkL3ejZ8qWYyF_M7s_QKA,UCzSfZlOVxBSs5ObD25ywxDQ,@JacintaTzoy,@GilmarMaldonado-q9m,1
UChs3tU2BcKOT0CezykvAsGw,UC-hfX8J5JPJ-dfuakzegMLA,@byronpontaza,@normaleticiaorozcojuarez2418,1
UChs3tU2BcKOT0CezykvAsGw,UC-jS_kA9w-OmpupXDx156Rg,@byronpontaza,@simoncreyesc7579,1
UChs3tU2BcKOT0CezykvAsGw,UC-pNP6RMFuLg_-x7Ah_0kEA,@byronpontaza,@almacatalan2717,1
UChs3tU2BcKOT0CezykvAsGw,UC1vr9aaMI2crB0NvwFHUeoQ,@byronpontaza,@JoseSimilox-p6e,1
UChs3tU2BcKOT0CezykvAsGw,UC2Y_EHWQKevubk4vOEBBFxw,@byronpontaza,@alfonsomorales2653,1
UChs3tU2BcKOT0CezykvAsGw,UC2weSE8rpqkGMOp6StYtVfg,@byronpontaza,@katerynsantiago2907,1
UChs3tU2BcKOT0CezykvAsGw,UC3E9mAgP7VoAE5mZoAexl5g,@byronpontaza,@EnnioAroche,1
UChs3tU2BcKOT0CezykvAsGw,UC3MYTqpQqlWBuCB7Th0e0PA,@byronpontaza,@isaaclopez7220,1
UChs3tU2BcKOT0CezykvAsGw,UC3NMzdMYryaw82kPTnsaljg,@byronpontaza,@marisosa7832,1
UChs3tU2BcKOT0CezykvAsGw,UC3XTwHxygNCgjndsg-UiCQA,@byronpontaza,@marioajset4283,1
UChs3tU2BcKOT0CezykvAsGw,UC3qn1yJA5PeW9rkGPatQxiw,@byronpontaza,@VICTOREST19,1
UChs3tU2BcKOT0CezykvAsGw,UC4cXueR2bKGFJV0Fk76gwmA,@byronpontaza,@aluxdel4792,1
UChs3tU2BcKOT0CezykvAsGw,UC4wq3DcbfaG6dtCqn8Oyu3w,@byronpontaza,@hugoasencio7764,1
UChs3tU2BcKOT0CezykvAsGw,UC5H8ASmMC9WrURmzeB4ySog,@byronpontaza,@ManuelEdran,1
UChs3tU2BcKOT0CezykvAsGw,UC5bG9nc_JV3FsNP2KseQiYw,@byronpontaza,@giovannirodas4836,1
UChs3tU2BcKOT0CezykvAsGw,UC650pRT-OYzny3GwOH8Cgfw,@byronpontaza,@edvinparedesherrera7632,1
UChs3tU2BcKOT0CezykvAsGw,UC6PvO1_k5lHKGdAPo5_C6TA,@byronpontaza,@johnmejia992,1
UChs3tU2BcKOT0CezykvAsGw,UC6YSZqL0vEcI-niPKIMUGfw,@byronpontaza,@maxwellsales885,1
UChs3tU2BcKOT0CezykvAsGw,UC72gBAtyb_VXQlYDcFrh6oQ,@byronpontaza,@osmanmorales3012,1
UChs3tU2BcKOT0CezykvAsGw,UC7VUuJr9cGh845CmTvf7TlQ,@byronpontaza,@LuisCastillo-oz4df,1
UChs3tU2BcKOT0CezykvAsGw,UC8F2V63KZ4ZEay6opX2hAQw,@byronpontaza,@carmenr6311,1
UChs3tU2BcKOT0CezykvAsGw,UC8G5cJONY8L9voMyBW8Eoug,@byronpontaza,@luisparedes-pw6qt,1
UChs3tU2BcKOT0CezykvAsGw,UC8r11yOugM2NuRfitQOxLLg,@byronpontaza,@cesaraugustomoralesmonroy6907,1
UChs3tU2BcKOT0CezykvAsGw,UC9vMq1YF-e7C-VO0SHkbUTA,@byronpontaza,@ErvinLeonardoCarreraLatín,1
UChs3tU2BcKOT0CezykvAsGw,UC9xr9QvIcDvoZNUX5f-jaZw,@byronpontaza,@MariaaliciaColonmorales,1
UChs3tU2BcKOT0CezykvAsGw,UCA93ym2TXs_Ibyxb4Vcn-6Q,@byronpontaza,@oswaldosolis8728,1
UChs3tU2BcKOT0CezykvAsGw,UCAlzM_N6xBlMYmM8EBzX86Q,@byronpontaza,@carlossoto3252,1
UChs3tU2BcKOT0CezykvAsGw,UCAmtbUiIrUIhikru0ZoTFig,@byronpontaza,@Aura-vf6dm,1
UChs3tU2BcKOT0CezykvAsGw,UCB5p8a5gklc80jJItP6xTHg,@byronpontaza,@ernestogamboa8737,1
UChs3tU2BcKOT0CezykvAsGw,UCCaYwkkbQGcvFoUmothVdQQ,@byronpontaza,@OsvaldoAguirre-l3i,1
UChs3tU2BcKOT0CezykvAsGw,UCDPWkUX3sNNaCx-m1dV4glA,@byronpontaza,@hectoroliva949,1
UChs3tU2BcKOT0CezykvAsGw,UCDQaQv0hr2SS_PO-CMEwVHg,@byronpontaza,@federicosaquimux1933,1
UChs3tU2BcKOT0CezykvAsGw,UCDUffaruH6dyUnUGwsTKpgg,@byronpontaza,@luisletona2842,1
UChs3tU2BcKOT0CezykvAsGw,UCDftMWXQoJ6nONfY7GVOVjg,@byronpontaza,@luisgpacheco5858,1
UChs3tU2BcKOT0CezykvAsGw,UCDlr1VadSucIZgZ171pRBjQ,@byronpontaza,@cuabatzjj5924,1
UChs3tU2BcKOT0CezykvAsGw,UCEgEQmRbtL5fwr9_DqAC--g,@byronpontaza,@ArielRodas-g5y,1
UChs3tU2BcKOT0CezykvAsGw,UCErZPJpHmLCsXs8ZWkAUupQ,@byronpontaza,@dorisl.garciaroche7763,1
UChs3tU2BcKOT0CezykvAsGw,UCFUuDARXdmmIrLppEqf-rFg,@byronpontaza,@allanmunoz7410,1
UChs3tU2BcKOT0CezykvAsGw,UCFhxtoeARHPnXXPcDrOU3Xg,@byronpontaza,@diegoalejandrolopezmendez205,1
UChs3tU2BcKOT0CezykvAsGw,UCFjudnPLoaSL1BaRuLahyHg,@byronpontaza,@HaroldoCastillo-rh9iw,1
UChs3tU2BcKOT0CezykvAsGw,UCFoIAE8k82D6AV-8gjjKaNg,@byronpontaza,@eddymunoz9789,1
UChs3tU2BcKOT0CezykvAsGw,UCFxE8GbokBrBsPEKM1xrOjQ,@byronpontaza,@JuanDavila-qd7qj,1
UChs3tU2BcKOT0CezykvAsGw,UCGzXwyCzMzGmjmCbH3Hg01Q,@byronpontaza,@FidelZacarias-ph7dy,1
UChs3tU2BcKOT0CezykvAsGw,UCHTGCgY2l-DQJIvlA_cpa_Q,@byronpontaza,@virgiliogarcia3039,1
UChs3tU2BcKOT0CezykvAsGw,UCHhHUjaMAZ8SiXdCUCj9DkQ,@byronpontaza,@fredymendez1786,1
UChs3tU2BcKOT0CezykvAsGw,UCKDR0f2fu2UzWL8mBv5-BHw,@byronpontaza,@mireyamorales6595,1
UChs3tU2BcKOT0CezykvAsGw,UCL13XhnRzbGokEkCkEOb0-g,@byronpontaza,@raquelprado3643,1
UChs3tU2BcKOT0CezykvAsGw,UCL1MT278vSaQ83ZDkVWn1gw,@byronpontaza,@elmorodriguez6978,1
UChs3tU2BcKOT0CezykvAsGw,UCLFdHr9BEbXHkoJopbEPLZw,@byronpontaza,@kanterra4584,1
UChs3tU2BcKOT0CezykvAsGw,UCLggDc_a5HriXv7I1h02sOA,@byronpontaza,@guillermogonzalez5153,1
UChs3tU2BcKOT0CezykvAsGw,UCN6qbfPSzFtjhqUDZ3Cv3CQ,@byronpontaza,@carlosmedranovelasquez6380,1
UChs3tU2BcKOT0CezykvAsGw,UCNBnKqWf4d-rS4HwJRQljmQ,@byronpontaza,@LE_A22,1
UChs3tU2BcKOT0CezykvAsGw,UCNkcuy42zEwddwEcOd_HpnA,@byronpontaza,@vanigomez492,1
UChs3tU2BcKOT0CezykvAsGw,UCOS8ViEkccrTZx2w2ccxotA,@byronpontaza,@OscarHernandez-q8y,1
UChs3tU2BcKOT0CezykvAsGw,UCOh6DaZC_x9HASnlRylEMfw,@byronpontaza,@AndresMedina-v1s,1
UChs3tU2BcKOT0CezykvAsGw,UCQgYjVngJRfPHDLGB5X6ZjA,@byronpontaza,@oscarnavas9996,1
UChs3tU2BcKOT0CezykvAsGw,UCQqetiwzzmRNTM5OWuXarGQ,@byronpontaza,@isaiaslopezvelasquez1539,1
UChs3tU2BcKOT0CezykvAsGw,UCQtICyzWmhC5woCtbNgaSmg,@byronpontaza,@nestormendez6216,1
UChs3tU2BcKOT0CezykvAsGw,UCQtSFINs1h6GHkpg9o5kMvg,@byronpontaza,@MacarioMartinezruiz,1
UChs3tU2BcKOT0CezykvAsGw,UCRETAiYdh2dL5ZxB0_N1zDA,@byronpontaza,@Joseroland21,1
UChs3tU2BcKOT0CezykvAsGw,UCRlCV9zSn7avAWh-9_XFWqQ,@byronpontaza,@ronyarana8849,1
UChs3tU2BcKOT0CezykvAsGw,UCSou6a2OuYGSvPjm5psquyA,@byronpontaza,@FranciscoRivera-sf7ne,1
UChs3tU2BcKOT0CezykvAsGw,UCTD6q1nyIe3Y7HhqjaMj72w,@byronpontaza,@JuanChang-r6k,1
UChs3tU2BcKOT0CezykvAsGw,UCTP3O0rMnc8z8v8jaDQwL0w,@byronpontaza,@RobertoZelaya-x1v,1
UChs3tU2BcKOT0CezykvAsGw,UCThW2XNsAaBKme5PUt7n-Zg,@byronpontaza,@thelmamoran8565,1
UChs3tU2BcKOT0CezykvAsGw,UCTwSut16JyAg3mX6LVUNGqA,@byronpontaza,@SuperVictor2005,1
UChs3tU2BcKOT0CezykvAsGw,UCTylKrsqkrBKIqubMu_5N0Q,@byronpontaza,@edwingeovanymarroquinmarro6684,1
UChs3tU2BcKOT0CezykvAsGw,UCUIIIPTVDVHAXqhC_5V6lPA,@byronpontaza,@gorrarota,1
UChs3tU2BcKOT0CezykvAsGw,UCV0iizTBoOfdAFX_thfI9BA,@byronpontaza,@BenjaminLarios-jd8nk,1
UChs3tU2BcKOT0CezykvAsGw,UCXXh7yg5KUFIWylTiKVEFKQ,@byronpontaza,@MrDuenderojo,1
UChs3tU2BcKOT0CezykvAsGw,UCXgr7vXlRrsaskPdo097kGA,@byronpontaza,@Rogergh-nw4oj,1
UChs3tU2BcKOT0CezykvAsGw,UCXr8_5WtGeipe4haOoQDgyQ,@byronpontaza,@amyherrera7352,1
UChs3tU2BcKOT0CezykvAsGw,UCYN4wSQ1Sx4_LurxLlW7MPg,@byronpontaza,@belarminavillatoro6474,1
UChs3tU2BcKOT0CezykvAsGw,UCYwpX26TrCxq8TvbKGRYLXA,@byronpontaza,@beneficioelcaminovillacana8540,1
UChs3tU2BcKOT0CezykvAsGw,UCcfdg8crmMJwEuLUsAhV7yg,@byronpontaza,@RolandoRaguay,1
UChs3tU2BcKOT0CezykvAsGw,UCfM3nrxtTQMY5jFx1v1J4Gg,@byronpontaza,@edgarroldan5539,1
UChs3tU2BcKOT0CezykvAsGw,UCgvw7xIdGFupzpt1Y_BFkEA,@byronpontaza,@fredygarcia9151,1
UChs3tU2BcKOT0CezykvAsGw,UChZknRmJkeGeQk0-mQuhDOg,@byronpontaza,@OdilioRodríguez-c5w,1
UChs3tU2BcKOT0CezykvAsGw,UChep9kVb5gQmpodEEl10Xlg,@byronpontaza,@carlosaguilar-kz7ml,1
UChs3tU2BcKOT0CezykvAsGw,UChgkn5Jt5tWKYMoEOuCjz3Q,@byronpontaza,@pablochitay46,1
UChs3tU2BcKOT0CezykvAsGw,UCi1b_TRQfgO1Z9O2gNGGWNA,@byronpontaza,@davidisraelesquitsaquil,1
UChs3tU2BcKOT0CezykvAsGw,UCiGRBf2RNF0WRKhRVT7zFoA,@byronpontaza,@edwinavila4876,1
UChs3tU2BcKOT0CezykvAsGw,UCiMythXHsw7eQEMykCdmMUA,@byronpontaza,@JavierBecerra-h6x,1
UChs3tU2BcKOT0CezykvAsGw,UCipetjeiWj4CZB6EbyYziZg,@byronpontaza,@OseasSamayoa-ol5rz,1
UChs3tU2BcKOT0CezykvAsGw,UCj-LL25XJnjxepPKCc3NGog,@byronpontaza,@anaaguirre8985,1
UChs3tU2BcKOT0CezykvAsGw,UCjSKM9j0Q7HLDr1hD6D-TUw,@byronpontaza,@josehidalgo4875,1
UChs3tU2BcKOT0CezykvAsGw,UCjmPuazZJzscrwvk0QR9RVw,@byronpontaza,@mynorrodas8591,1
UChs3tU2BcKOT0CezykvAsGw,UCkd9W714-947dEE6ZOEBATA,@byronpontaza,@ARGELIATELON,1
UChs3tU2BcKOT0CezykvAsGw,UCl0ekS9Tt0jJGtOEM18S63w,@byronpontaza,@monkchapin,1
UChs3tU2BcKOT0CezykvAsGw,UCljDbleJul41G1TzOjOZAVA,@byronpontaza,@hectorcarranza3777,1
UChs3tU2BcKOT0CezykvAsGw,UCmjppp6ujz3SAnULvP3sZMw,@byronpontaza,@marcomendez7509,1
UChs3tU2BcKOT0CezykvAsGw,UCmvOgzmmXbjUthHy-WJ52hQ,@byronpontaza,@mariorodas593,1
UChs3tU2BcKOT0CezykvAsGw,UCp4iw5_5SmV9VGTFSNVGOmQ,@byronpontaza,@CARLOSSTREMS51,1
UChs3tU2BcKOT0CezykvAsGw,UCpIdtvoFHVLGASGB5ySqIEA,@byronpontaza,@VidalVillatoro-p4w,1
UChs3tU2BcKOT0CezykvAsGw,UCpl8rF8uv_8uui-QRvuJaRA,@byronpontaza,@SergioGarcia-z9c,1
UChs3tU2BcKOT0CezykvAsGw,UCplrIQtaPj6au60_f2-mOYw,@byronpontaza,@romeolopezherrarte799,1
UChs3tU2BcKOT0CezykvAsGw,UCpsKOkt5iWTbenzeuq7dsmQ,@byronpontaza,@inge_vergueta,1
UChs3tU2BcKOT0CezykvAsGw,UCr1emrogPKkKTs_WTtx71xg,@byronpontaza,@domingopeneleu6457,1
UChs3tU2BcKOT0CezykvAsGw,UCrJn_rbo_ENAdeqneS-RmRw,@byronpontaza,@josecarrera9623,1
UChs3tU2BcKOT0CezykvAsGw,UCsJJAvrVGupdmhOqgtDp8dg,@byronpontaza,@nestorlorenzana1168,1
UChs3tU2BcKOT0CezykvAsGw,UCsSXdJct-nsS8DsABoEsaYA,@byronpontaza,@IvánPérez-j4j,1
UChs3tU2BcKOT0CezykvAsGw,UCsUCN0Yq_UyTvKjOJLmNrnQ,@byronpontaza,@moisesvaldez4043,1
UChs3tU2BcKOT0CezykvAsGw,UCsjs5Hp_r86x1xbK6FAeqaA,@byronpontaza,@alvaroesquivel563,1
UChs3tU2BcKOT0CezykvAsGw,UCtNfIBnc5S5DbbQj_yxgJTw,@byronpontaza,@JosueRamirez-ey3ih,1
UChs3tU2BcKOT0CezykvAsGw,UCtUR3_CAiE7fCoZHM6cMfyQ,@byronpontaza,@mdelcid01,1
UChs3tU2BcKOT0CezykvAsGw,UCueV9cTyTDwgQSec1x2dYgA,@byronpontaza,@fredydomingo7062,1
UChs3tU2BcKOT0CezykvAsGw,UCujPF2nBgsTD62nWE3lcpIg,@byronpontaza,@victorarturoruanobautista7588,1
UChs3tU2BcKOT0CezykvAsGw,UCvApqeCbLod-wejtT4CcVuA,@byronpontaza,@davidgaher9550,1
UChs3tU2BcKOT0CezykvAsGw,UCwO2SXr0ggzwg6QWWrr01nQ,@byronpontaza,@ricardofigueroa5720,1
UChs3tU2BcKOT0CezykvAsGw,UCwW2OFy95P7ZBkOPxWkpvYg,@byronpontaza,@TeresaLucero-b5o,1
UChs3tU2BcKOT0CezykvAsGw,UCwha8rxULYMVtNwZWeSkE1A,@byronpontaza,@mariasamo8637,1
UChs3tU2BcKOT0CezykvAsGw,UCySYJU5kUh7X8gVt9la2ISA,@byronpontaza,@dantesarti4351,1
UChs3tU2BcKOT0CezykvAsGw,UCylqlpsh8ENNM1LqgQ1KbxA,@byronpontaza,@Jel.Awesh.M,1
UChs3tU2BcKOT0CezykvAsGw,UCz3gu01bmjNv0DpRq-K3XYg,@byronpontaza,@eusebiovasquez4385,1
UChs3tU2BcKOT0CezykvAsGw,UCzSfZlOVxBSs5ObD25ywxDQ,@byronpontaza,@GilmarMaldonado-q9m,1
UC6PvO1_k5lHKGdAPo5_C6TA,UC-hfX8J5JPJ-dfuakzegMLA,@johnmejia992,@normaleticiaorozcojuarez2418,1
UC6PvO1_k5lHKGdAPo5_C6TA,UC-jS_kA9w-OmpupXDx156Rg,@johnmejia992,@simoncreyesc7579,1
UC6PvO1_k5lHKGdAPo5_C6TA,UC-pNP6RMFuLg_-x7Ah_0kEA,@johnmejia992,@almacatalan2717,1
UC6PvO1_k5lHKGdAPo5_C6TA,UC1vr9aaMI2crB0NvwFHUeoQ,@johnmejia992,@JoseSimilox-p6e,1
UC6PvO1_k5lHKGdAPo5_C6TA,UC2Y_EHWQKevubk4vOEBBFxw,@johnmejia992,@alfonsomorales2653,1
UC6PvO1_k5lHKGdAPo5_C6TA,UC2weSE8rpqkGMOp6StYtVfg,@johnmejia992,@katerynsantiago2907,1
UC6PvO1_k5lHKGdAPo5_C6TA,UC3E9mAgP7VoAE5mZoAexl5g,@johnmejia992,@EnnioAroche,1
UC6PvO1_k5lHKGdAPo5_C6TA,UC3MYTqpQqlWBuCB7Th0e0PA,@johnmejia992,@isaaclopez7220,1
UC6PvO1_k5lHKGdAPo5_C6TA,UC3NMzdMYryaw82kPTnsaljg,@johnmejia992,@marisosa7832,1
UC6PvO1_k5lHKGdAPo5_C6TA,UC3XTwHxygNCgjndsg-UiCQA,@johnmejia992,@marioajset4283,1
UC6PvO1_k5lHKGdAPo5_C6TA,UC3qn1yJA5PeW9rkGPatQxiw,@johnmejia992,@VICTOREST19,1
UC6PvO1_k5lHKGdAPo5_C6TA,UC4cXueR2bKGFJV0Fk76gwmA,@johnmejia992,@aluxdel4792,1
UC6PvO1_k5lHKGdAPo5_C6TA,UC4wq3DcbfaG6dtCqn8Oyu3w,@johnmejia992,@hugoasencio7764,1
UC6PvO1_k5lHKGdAPo5_C6TA,UC5H8ASmMC9WrURmzeB4ySog,@johnmejia992,@ManuelEdran,1
UC6PvO1_k5lHKGdAPo5_C6TA,UC5bG9nc_JV3FsNP2KseQiYw,@johnmejia992,@giovannirodas4836,1
UC6PvO1_k5lHKGdAPo5_C6TA,UC650pRT-OYzny3GwOH8Cgfw,@johnmejia992,@edvinparedesherrera7632,1
UC6PvO1_k5lHKGdAPo5_C6TA,UC6YSZqL0vEcI-niPKIMUGfw,@johnmejia992,@maxwellsales885,1
UC6PvO1_k5lHKGdAPo5_C6TA,UC72gBAtyb_VXQlYDcFrh6oQ,@johnmejia992,@osmanmorales3012,1
UC6PvO1_k5lHKGdAPo5_C6TA,UC7VUuJr9cGh845CmTvf7TlQ,@johnmejia992,@LuisCastillo-oz4df,1
UC6PvO1_k5lHKGdAPo5_C6TA,UC8F2V63KZ4ZEay6opX2hAQw,@johnmejia992,@carmenr6311,1
UC6PvO1_k5lHKGdAPo5_C6TA,UC8G5cJONY8L9voMyBW8Eoug,@johnmejia992,@luisparedes-pw6qt,1
UC6PvO1_k5lHKGdAPo5_C6TA,UC8r11yOugM2NuRfitQOxLLg,@johnmejia992,@cesaraugustomoralesmonroy6907,1
UC6PvO1_k5lHKGdAPo5_C6TA,UC9vMq1YF-e7C-VO0SHkbUTA,@johnmejia992,@ErvinLeonardoCarreraLatín,1
UC6PvO1_k5lHKGdAPo5_C6TA,UC9xr9QvIcDvoZNUX5f-jaZw,@johnmejia992,@MariaaliciaColonmorales,1
UC6PvO1_k5lHKGdAPo5_C6TA,UCA93ym2TXs_Ibyxb4Vcn-6Q,@johnmejia992,@oswaldosolis8728,1
UC6PvO1_k5lHKGdAPo5_C6TA,UCAlzM_N6xBlMYmM8EBzX86Q,@johnmejia992,@carlossoto3252,1
UC6PvO1_k5lHKGdAPo5_C6TA,UCAmtbUiIrUIhikru0ZoTFig,@johnmejia992,@Aura-vf6dm,1
UC6PvO1_k5lHKGdAPo5_C6TA,UCB5p8a5gklc80jJItP6xTHg,@johnmejia992,@ernestogamboa8737,1
UC6PvO1_k5lHKGdAPo5_C6TA,UCCaYwkkbQGcvFoUmothVdQQ,@johnmejia992,@OsvaldoAguirre-l3i,1
UC6PvO1_k5lHKGdAPo5_C6TA,UCDPWkUX3sNNaCx-m1dV4glA,@johnmejia992,@hectoroliva949,1
UC6PvO1_k5lHKGdAPo5_C6TA,UCDQaQv0hr2SS_PO-CMEwVHg,@johnmejia992,@federicosaquimux1933,1
UC6PvO1_k5lHKGdAPo5_C6TA,UCDUffaruH6dyUnUGwsTKpgg,@johnmejia992,@luisletona2842,1
UC6PvO1_k5lHKGdAPo5_C6TA,UCDftMWXQoJ6nONfY7GVOVjg,@johnmejia992,@luisgpacheco5858,1
UC6PvO1_k5lHKGdAPo5_C6TA,UCDlr1VadSucIZgZ171pRBjQ,@johnmejia992,@cuabatzjj5924,1
UC6PvO1_k5lHKGdAPo5_C6TA,UCEgEQmRbtL5fwr9_DqAC--g,@johnmejia992,@ArielRodas-g5y,1
UC6PvO1_k5lHKGdAPo5_C6TA,UCErZPJpHmLCsXs8ZWkAUupQ,@johnmejia992,@dorisl.garciaroche7763,1
UC6PvO1_k5lHKGdAPo5_C6TA,UCFUuDARXdmmIrLppEqf-rFg,@johnmejia992,@allanmunoz7410,1
UC6PvO1_k5lHKGdAPo5_C6TA,UCFhxtoeARHPnXXPcDrOU3Xg,@johnmejia992,@diegoalejandrolopezmendez205,1
UC6PvO1_k5lHKGdAPo5_C6TA,UCFjudnPLoaSL1BaRuLahyHg,@johnmejia992,@HaroldoCastillo-rh9iw,1
UC6PvO1_k5lHKGdAPo5_C6TA,UCFoIAE8k82D6AV-8gjjKaNg,@johnmejia992,@eddymunoz9789,1
UC6PvO1_k5lHKGdAPo5_C6TA,UCFxE8GbokBrBsPEKM1xrOjQ,@johnmejia992,@JuanDavila-qd7qj,1
UC6PvO1_k5lHKGdAPo5_C6TA,UCGzXwyCzMzGmjmCbH3Hg01Q,@johnmejia992,@FidelZacarias-ph7dy,1
UC6PvO1_k5lHKGdAPo5_C6TA,UCHTGCgY2l-DQJIvlA_cpa_Q,@johnmejia992,@virgiliogarcia3039,1
UC6PvO1_k5lHKGdAPo5_C6TA,UCHhHUjaMAZ8SiXdCUCj9DkQ,@johnmejia992,@fredymendez1786,1
UC6PvO1_k5lHKGdAPo5_C6TA,UCKDR0f2fu2UzWL8mBv5-BHw,@johnmejia992,@mireyamorales6595,1
UC6PvO1_k5lHKGdAPo5_C6TA,UCL13XhnRzbGokEkCkEOb0-g,@johnmejia992,@raquelprado3643,1
UC6PvO1_k5lHKGdAPo5_C6TA,UCL1MT278vSaQ83ZDkVWn1gw,@johnmejia992,@elmorodriguez6978,1
UC6PvO1_k5lHKGdAPo5_C6TA,UCLFdHr9BEbXHkoJopbEPLZw,@johnmejia992,@kanterra4584,1
UC6PvO1_k5lHKGdAPo5_C6TA,UCLggDc_a5HriXv7I1h02sOA,@johnmejia992,@guillermogonzalez5153,1
UC6PvO1_k5lHKGdAPo5_C6TA,UCN6qbfPSzFtjhqUDZ3Cv3CQ,@johnmejia992,@carlosmedranovelasquez6380,1
UC6PvO1_k5lHKGdAPo5_C6TA,UCNBnKqWf4d-rS4HwJRQljmQ,@johnmejia992,@LE_A22,1
UC6PvO1_k5lHKGdAPo5_C6TA,UCNkcuy42zEwddwEcOd_HpnA,@johnmejia992,@vanigomez492,1
UC6PvO1_k5lHKGdAPo5_C6TA,UCOS8ViEkccrTZx2w2ccxotA,@johnmejia992,@OscarHernandez-q8y,1
UC6PvO1_k5lHKGdAPo5_C6TA,UCOh6DaZC_x9HASnlRylEMfw,@johnmejia992,@AndresMedina-v1s,1
UC6PvO1_k5lHKGdAPo5_C6TA,UCQgYjVngJRfPHDLGB5X6ZjA,@johnmejia992,@oscarnavas9996,1
UC6PvO1_k5lHKGdAPo5_C6TA,UCQqetiwzzmRNTM5OWuXarGQ,@johnmejia992,@isaiaslopezvelasquez1539,1
UC6PvO1_k5lHKGdAPo5_C6TA,UCQtICyzWmhC5woCtbNgaSmg,@johnmejia992,@nestormendez6216,1
UC6PvO1_k5lHKGdAPo5_C6TA,UCQtSFINs1h6GHkpg9o5kMvg,@johnmejia992,@MacarioMartinezruiz,1
UC6PvO1_k5lHKGdAPo5_C6TA,UCRETAiYdh2dL5ZxB0_N1zDA,@johnmejia992,@Joseroland21,1
UC6PvO1_k5lHKGdAPo5_C6TA,UCRlCV9zSn7avAWh-9_XFWqQ,@johnmejia992,@ronyarana8849,1
UC6PvO1_k5lHKGdAPo5_C6TA,UCSou6a2OuYGSvPjm5psquyA,@johnmejia992,@FranciscoRivera-sf7ne,1
UC6PvO1_k5lHKGdAPo5_C6TA,UCTD6q1nyIe3Y7HhqjaMj72w,@johnmejia992,@JuanChang-r6k,1
UC6PvO1_k5lHKGdAPo5_C6TA,UCTP3O0rMnc8z8v8jaDQwL0w,@johnmejia992,@RobertoZelaya-x1v,1
UC6PvO1_k5lHKGdAPo5_C6TA,UCThW2XNsAaBKme5PUt7n-Zg,@johnmejia992,@thelmamoran8565,1
UC6PvO1_k5lHKGdAPo5_C6TA,UCTwSut16JyAg3mX6LVUNGqA,@johnmejia992,@SuperVictor2005,1
UC6PvO1_k5lHKGdAPo5_C6TA,UCTylKrsqkrBKIqubMu_5N0Q,@johnmejia992,@edwingeovanymarroquinmarro6684,1
UC6PvO1_k5lHKGdAPo5_C6TA,UCUIIIPTVDVHAXqhC_5V6lPA,@johnmejia992,@gorrarota,1
UC6PvO1_k5lHKGdAPo5_C6TA,UCV0iizTBoOfdAFX_thfI9BA,@johnmejia992,@BenjaminLarios-jd8nk,1
UC6PvO1_k5lHKGdAPo5_C6TA,UCXXh7yg5KUFIWylTiKVEFKQ,@johnmejia992,@MrDuenderojo,1
UC6PvO1_k5lHKGdAPo5_C6TA,UCXgr7vXlRrsaskPdo097kGA,@johnmejia992,@Rogergh-nw4oj,1
UC6PvO1_k5lHKGdAPo5_C6TA,UCXr8_5WtGeipe4haOoQDgyQ,@johnmejia992,@amyherrera7352,1
UC6PvO1_k5lHKGdAPo5_C6TA,UCYN4wSQ1Sx4_LurxLlW7MPg,@johnmejia992,@belarminavillatoro6474,1
UC6PvO1_k5lHKGdAPo5_C6TA,UCYwpX26TrCxq8TvbKGRYLXA,@johnmejia992,@beneficioelcaminovillacana8540,1
UC6PvO1_k5lHKGdAPo5_C6TA,UCcfdg8crmMJwEuLUsAhV7yg,@johnmejia992,@RolandoRaguay,1
UC6PvO1_k5lHKGdAPo5_C6TA,UCfM3nrxtTQMY5jFx1v1J4Gg,@johnmejia992,@edgarroldan5539,1
UC6PvO1_k5lHKGdAPo5_C6TA,UCgvw7xIdGFupzpt1Y_BFkEA,@johnmejia992,@fredygarcia9151,1
UC6PvO1_k5lHKGdAPo5_C6TA,UChZknRmJkeGeQk0-mQuhDOg,@johnmejia992,@OdilioRodríguez-c5w,1
UC6PvO1_k5lHKGdAPo5_C6TA,UChep9kVb5gQmpodEEl10Xlg,@johnmejia992,@carlosaguilar-kz7ml,1
UC6PvO1_k5lHKGdAPo5_C6TA,UChgkn5Jt5tWKYMoEOuCjz3Q,@johnmejia992,@pablochitay46,1
UC6PvO1_k5lHKGdAPo5_C6TA,UCi1b_TRQfgO1Z9O2gNGGWNA,@johnmejia992,@davidisraelesquitsaquil,1
UC6PvO1_k5lHKGdAPo5_C6TA,UCiGRBf2RNF0WRKhRVT7zFoA,@johnmejia992,@edwinavila4876,1
UC6PvO1_k5lHKGdAPo5_C6TA,UCiMythXHsw7eQEMykCdmMUA,@johnmejia992,@JavierBecerra-h6x,1
UC6PvO1_k5lHKGdAPo5_C6TA,UCipetjeiWj4CZB6EbyYziZg,@johnmejia992,@OseasSamayoa-ol5rz,1
UC6PvO1_k5lHKGdAPo5_C6TA,UCj-LL25XJnjxepPKCc3NGog,@johnmejia992,@anaaguirre8985,1
UC6PvO1_k5lHKGdAPo5_C6TA,UCjSKM9j0Q7HLDr1hD6D-TUw,@johnmejia992,@josehidalgo4875,1
UC6PvO1_k5lHKGdAPo5_C6TA,UCjmPuazZJzscrwvk0QR9RVw,@johnmejia992,@mynorrodas8591,1
UC6PvO1_k5lHKGdAPo5_C6TA,UCkd9W714-947dEE6ZOEBATA,@johnmejia992,@ARGELIATELON,1
UC6PvO1_k5lHKGdAPo5_C6TA,UCl0ekS9Tt0jJGtOEM18S63w,@johnmejia992,@monkchapin,1
UC6PvO1_k5lHKGdAPo5_C6TA,UCljDbleJul41G1TzOjOZAVA,@johnmejia992,@hectorcarranza3777,1
UC6PvO1_k5lHKGdAPo5_C6TA,UCmjppp6ujz3SAnULvP3sZMw,@johnmejia992,@marcomendez7509,1
UC6PvO1_k5lHKGdAPo5_C6TA,UCmvOgzmmXbjUthHy-WJ52hQ,@johnmejia992,@mariorodas593,1
UC6PvO1_k5lHKGdAPo5_C6TA,UCp4iw5_5SmV9VGTFSNVGOmQ,@johnmejia992,@CARLOSSTREMS51,1
UC6PvO1_k5lHKGdAPo5_C6TA,UCpIdtvoFHVLGASGB5ySqIEA,@johnmejia992,@VidalVillatoro-p4w,1
UC6PvO1_k5lHKGdAPo5_C6TA,UCpl8rF8uv_8uui-QRvuJaRA,@johnmejia992,@SergioGarcia-z9c,1
UC6PvO1_k5lHKGdAPo5_C6TA,UCplrIQtaPj6au60_f2-mOYw,@johnmejia992,@romeolopezherrarte799,1
UC6PvO1_k5lHKGdAPo5_C6TA,UCpsKOkt5iWTbenzeuq7dsmQ,@johnmejia992,@inge_vergueta,1
UC6PvO1_k5lHKGdAPo5_C6TA,UCr1emrogPKkKTs_WTtx71xg,@johnmejia992,@domingopeneleu6457,1
UC6PvO1_k5lHKGdAPo5_C6TA,UCrJn_rbo_ENAdeqneS-RmRw,@johnmejia992,@josecarrera9623,1
UC6PvO1_k5lHKGdAPo5_C6TA,UCsJJAvrVGupdmhOqgtDp8dg,@johnmejia992,@nestorlorenzana1168,1
UC6PvO1_k5lHKGdAPo5_C6TA,UCsSXdJct-nsS8DsABoEsaYA,@johnmejia992,@IvánPérez-j4j,1
UC6PvO1_k5lHKGdAPo5_C6TA,UCsUCN0Yq_UyTvKjOJLmNrnQ,@johnmejia992,@moisesvaldez4043,1
UC6PvO1_k5lHKGdAPo5_C6TA,UCsjs5Hp_r86x1xbK6FAeqaA,@johnmejia992,@alvaroesquivel563,1
UC6PvO1_k5lHKGdAPo5_C6TA,UCtNfIBnc5S5DbbQj_yxgJTw,@johnmejia992,@JosueRamirez-ey3ih,1
UC6PvO1_k5lHKGdAPo5_C6TA,UCtUR3_CAiE7fCoZHM6cMfyQ,@johnmejia992,@mdelcid01,1
UC6PvO1_k5lHKGdAPo5_C6TA,UCueV9cTyTDwgQSec1x2dYgA,@johnmejia992,@fredydomingo7062,1
UC6PvO1_k5lHKGdAPo5_C6TA,UCujPF2nBgsTD62nWE3lcpIg,@johnmejia992,@victorarturoruanobautista7588,1
UC6PvO1_k5lHKGdAPo5_C6TA,UCvApqeCbLod-wejtT4CcVuA,@johnmejia992,@davidgaher9550,1
UC6PvO1_k5lHKGdAPo5_C6TA,UCwO2SXr0ggzwg6QWWrr01nQ,@johnmejia992,@ricardofigueroa5720,1
UC6PvO1_k5lHKGdAPo5_C6TA,UCwW2OFy95P7ZBkOPxWkpvYg,@johnmejia992,@TeresaLucero-b5o,1
UC6PvO1_k5lHKGdAPo5_C6TA,UCwha8rxULYMVtNwZWeSkE1A,@johnmejia992,@mariasamo8637,1
UC6PvO1_k5lHKGdAPo5_C6TA,UCySYJU5kUh7X8gVt9la2ISA,@johnmejia992,@dantesarti4351,1
UC6PvO1_k5lHKGdAPo5_C6TA,UCylqlpsh8ENNM1LqgQ1KbxA,@johnmejia992,@Jel.Awesh.M,1
UC6PvO1_k5lHKGdAPo5_C6TA,UCz3gu01bmjNv0DpRq-K3XYg,@johnmejia992,@eusebiovasquez4385,1
UC6PvO1_k5lHKGdAPo5_C6TA,UCzSfZlOVxBSs5ObD25ywxDQ,@johnmejia992,@GilmarMaldonado-q9m,1
UCwxoKK59nGCeBqB2sXfDBIw,UC-HeUTT6_g-VoiWds2a4H-w,@vic-bonivideos,@JorgeMunoz-gd9et,1
UCwxoKK59nGCeBqB2sXfDBIw,UC-Iul5tDYH_oiAMXQH-KaaQ,@vic-bonivideos,@AlbertoMancilla-p9h,1
UCwxoKK59nGCeBqB2sXfDBIw,UC0HvfEWozTHbwl_iEmJNvVA,@vic-bonivideos,@OttoPalencia-b7r,1
UCwxoKK59nGCeBqB2sXfDBIw,UC14qlobYKqD-DO0j6b75lcA,@vic-bonivideos,@megavision4488,1
UCwxoKK59nGCeBqB2sXfDBIw,UC1NiEdJ7gk6FlDexIalWnGg,@vic-bonivideos,@BorisTebalán,1
UCwxoKK59nGCeBqB2sXfDBIw,UC3YpzAr7pcdKC7BVFEpYzog,@vic-bonivideos,@carmenfigueroa1232,1
UCwxoKK59nGCeBqB2sXfDBIw,UC63tFvbQ_hJhGDi2nbjssjw,@vic-bonivideos,@AbigailRodas-w2r,1
UCwxoKK59nGCeBqB2sXfDBIw,UCEHXl4VvvVpq-_4xC5tsbhg,@vic-bonivideos,@anibalg47,1
UCwxoKK59nGCeBqB2sXfDBIw,UCRfkkatKrNtAARnXMMYBGlA,@vic-bonivideos,@BernerSoza-mg3vx,1
UCwxoKK59nGCeBqB2sXfDBIw,UCV3fr-YOixFKCZBbJP1-X4w,@vic-bonivideos,@albertoshernandez5251,1
UCwxoKK59nGCeBqB2sXfDBIw,UCWaRixDdpgllTBf4V0jPnKQ,@vic-bonivideos,@hectormaaz5523,1
UCwxoKK59nGCeBqB2sXfDBIw,UCWvntqPQx99k_Z_skWKqNSA,@vic-bonivideos,@AntonioChiyal-x5s,1
UCwxoKK59nGCeBqB2sXfDBIw,UCZFQwqh90apuL8eFhvRBkUg,@vic-bonivideos,@luisricardo9671,1
UCwxoKK59nGCeBqB2sXfDBIw,UCa36MjQLoPAmgJo-R3G8WQA,@vic-bonivideos,@elsasalguero6914,1
UCwxoKK59nGCeBqB2sXfDBIw,UCaT4saRcyqCLE657Rq2hhZQ,@vic-bonivideos,@elmilenial4064,1
UCwxoKK59nGCeBqB2sXfDBIw,UCeQk-WfEA-cJRq4EKeE7TOw,@vic-bonivideos,@franciscojuarez9223,1
UCwxoKK59nGCeBqB2sXfDBIw,UCfo_yUPzy1f1POwwZxhZ06Q,@vic-bonivideos,@lara11roberto,1
UCwxoKK59nGCeBqB2sXfDBIw,UCgGqw4aqMdMVSGkKiMgrJRQ,@vic-bonivideos,@pattyfigueroa5609,1
UCwxoKK59nGCeBqB2sXfDBIw,UCheEJ5GZuIvV0fj-nXyVwXw,@vic-bonivideos,@rosaoliva9389,1
UCwxoKK59nGCeBqB2sXfDBIw,UChyps3dqY-VY1_wLeq-2lhw,@vic-bonivideos,@maydamorales4395,1
UCwxoKK59nGCeBqB2sXfDBIw,UCiOZX__1gahg1ypIj0_XG_w,@vic-bonivideos,@mariogonzalezorellana8956,1
UCwxoKK59nGCeBqB2sXfDBIw,UCjZgFEowMBrsjodqfovzdKw,@vic-bonivideos,@franciscoflores3120,1
UCwxoKK59nGCeBqB2sXfDBIw,UCoGdCoJg2Lh0OX_jv6cG16g,@vic-bonivideos,@Israel-u5i7i,1
UCwxoKK59nGCeBqB2sXfDBIw,UCp29O_C7cchZV8IxV7Crdag,@vic-bonivideos,@robertoescobar5507,1
UCwxoKK59nGCeBqB2sXfDBIw,UCql1n3Ey6ULMSOACjMe-fxQ,@vic-bonivideos,@RolandoGonzalez-o7g,1
UCwxoKK59nGCeBqB2sXfDBIw,UCtCtts20bW6F9CSohau51Iw,@vic-bonivideos,@carlosgranados9875,1
UCwxoKK59nGCeBqB2sXfDBIw,UCtsxPYw8VUsH_FfnKg-0lmw,@vic-bonivideos,@AlejandroPérez-b6r,1
UCwxoKK59nGCeBqB2sXfDBIw,UCvDwJBBY1mHK70aTEYl6rsA,@vic-bonivideos,@cristianescobedo8296,1
UCwxoKK59nGCeBqB2sXfDBIw,UCyJhqmMbsvjpoarBBStA2kg,@vic-bonivideos,@Murmullodelbarrio,1
UCwxoKK59nGCeBqB2sXfDBIw,UCzZ6dDCEsLMXbc5pCFXIprw,@vic-bonivideos,@josegil3813,1
UCWaRixDdpgllTBf4V0jPnKQ,UC-HeUTT6_g-VoiWds2a4H-w,@hectormaaz5523,@JorgeMunoz-gd9et,1
UCWaRixDdpgllTBf4V0jPnKQ,UC-Iul5tDYH_oiAMXQH-KaaQ,@hectormaaz5523,@AlbertoMancilla-p9h,1
UCWaRixDdpgllTBf4V0jPnKQ,UC0HvfEWozTHbwl_iEmJNvVA,@hectormaaz5523,@OttoPalencia-b7r,1
UCWaRixDdpgllTBf4V0jPnKQ,UC14qlobYKqD-DO0j6b75lcA,@hectormaaz5523,@megavision4488,1
UCWaRixDdpgllTBf4V0jPnKQ,UC1NiEdJ7gk6FlDexIalWnGg,@hectormaaz5523,@BorisTebalán,1
UCWaRixDdpgllTBf4V0jPnKQ,UC3YpzAr7pcdKC7BVFEpYzog,@hectormaaz5523,@carmenfigueroa1232,1
UCWaRixDdpgllTBf4V0jPnKQ,UC63tFvbQ_hJhGDi2nbjssjw,@hectormaaz5523,@AbigailRodas-w2r,1
UCWaRixDdpgllTBf4V0jPnKQ,UCEHXl4VvvVpq-_4xC5tsbhg,@hectormaaz5523,@anibalg47,1
UCWaRixDdpgllTBf4V0jPnKQ,UCRfkkatKrNtAARnXMMYBGlA,@hectormaaz5523,@BernerSoza-mg3vx,1
UCWaRixDdpgllTBf4V0jPnKQ,UCV3fr-YOixFKCZBbJP1-X4w,@hectormaaz5523,@albertoshernandez5251,1
UCWaRixDdpgllTBf4V0jPnKQ,UCWvntqPQx99k_Z_skWKqNSA,@hectormaaz5523,@AntonioChiyal-x5s,1
UCWaRixDdpgllTBf4V0jPnKQ,UCZFQwqh90apuL8eFhvRBkUg,@hectormaaz5523,@luisricardo9671,1
UCWaRixDdpgllTBf4V0jPnKQ,UCa36MjQLoPAmgJo-R3G8WQA,@hectormaaz5523,@elsasalguero6914,1
UCWaRixDdpgllTBf4V0jPnKQ,UCaT4saRcyqCLE657Rq2hhZQ,@hectormaaz5523,@elmilenial4064,1
UCWaRixDdpgllTBf4V0jPnKQ,UCeQk-WfEA-cJRq4EKeE7TOw,@hectormaaz5523,@franciscojuarez9223,1
UCWaRixDdpgllTBf4V0jPnKQ,UCfo_yUPzy1f1POwwZxhZ06Q,@hectormaaz5523,@lara11roberto,1
UCWaRixDdpgllTBf4V0jPnKQ,UCgGqw4aqMdMVSGkKiMgrJRQ,@hectormaaz5523,@pattyfigueroa5609,1
UCWaRixDdpgllTBf4V0jPnKQ,UCheEJ5GZuIvV0fj-nXyVwXw,@hectormaaz5523,@rosaoliva9389,1
UCWaRixDdpgllTBf4V0jPnKQ,UChyps3dqY-VY1_wLeq-2lhw,@hectormaaz5523,@maydamorales4395,1
UCWaRixDdpgllTBf4V0jPnKQ,UCiOZX__1gahg1ypIj0_XG_w,@hectormaaz5523,@mariogonzalezorellana8956,1
UCWaRixDdpgllTBf4V0jPnKQ,UCjZgFEowMBrsjodqfovzdKw,@hectormaaz5523,@franciscoflores3120,1
UCWaRixDdpgllTBf4V0jPnKQ,UCoGdCoJg2Lh0OX_jv6cG16g,@hectormaaz5523,@Israel-u5i7i,1
UCWaRixDdpgllTBf4V0jPnKQ,UCp29O_C7cchZV8IxV7Crdag,@hectormaaz5523,@robertoescobar5507,1
UCWaRixDdpgllTBf4V0jPnKQ,UCql1n3Ey6ULMSOACjMe-fxQ,@hectormaaz5523,@RolandoGonzalez-o7g,1
UCWaRixDdpgllTBf4V0jPnKQ,UCtCtts20bW6F9CSohau51Iw,@hectormaaz5523,@carlosgranados9875,1
UCWaRixDdpgllTBf4V0jPnKQ,UCtsxPYw8VUsH_FfnKg-0lmw,@hectormaaz5523,@AlejandroPérez-b6r,1
UCWaRixDdpgllTBf4V0jPnKQ,UCvDwJBBY1mHK70aTEYl6rsA,@hectormaaz5523,@cristianescobedo8296,1
UCWaRixDdpgllTBf4V0jPnKQ,UCyJhqmMbsvjpoarBBStA2kg,@hectormaaz5523,@Murmullodelbarrio,1
UCWaRixDdpgllTBf4V0jPnKQ,UCzZ6dDCEsLMXbc5pCFXIprw,@hectormaaz5523,@josegil3813,1
UCkVtmkK07b2zaVVNssX4lOg,UC-fiZBS5Gp1eCJd9ucgWnCg,@HectorElias-u2l,@Tommii.10,1
UCkVtmkK07b2zaVVNssX4lOg,UC1DpqK6vaPEkBOMNvypsKYg,@HectorElias-u2l,@HectorCarranza-u4j4o,1
UCkVtmkK07b2zaVVNssX4lOg,UC32oozucwCF3q8d4m8fyOUg,@HectorElias-u2l,@RauldejesusOlivagonzalez,1
UCkVtmkK07b2zaVVNssX4lOg,UC3UVO7pTbeYvZ3ILEyRDskQ,@HectorElias-u2l,@rosaelenaargueta79,1
UCkVtmkK07b2zaVVNssX4lOg,UC4Avya4kmR4Q0FrfFdBozSQ,@HectorElias-u2l,@davidlima1348,1
UCkVtmkK07b2zaVVNssX4lOg,UC5hvEnRUzI4Kfvwnyi4QxqQ,@HectorElias-u2l,@leonelsantizo5281,1
UCkVtmkK07b2zaVVNssX4lOg,UC6Uj1FT5JjDSF8vudvDxPAA,@HectorElias-u2l,@alfredoortega9264,1
UCkVtmkK07b2zaVVNssX4lOg,UC7dadZG7kkGYnsNu6td0FbA,@HectorElias-u2l,@lesolorzano,1
UCkVtmkK07b2zaVVNssX4lOg,UC816IGbFCZinfYS1LRDaaHg,@HectorElias-u2l,@ingenieroar,1
UCkVtmkK07b2zaVVNssX4lOg,UC95PSMouTx2N5CbSq0hIyrQ,@HectorElias-u2l,@lisss1908,1
UCkVtmkK07b2zaVVNssX4lOg,UCAKuKvcbfnBD3kF5njNu-IA,@HectorElias-u2l,@melvinlopez7096,1
UCkVtmkK07b2zaVVNssX4lOg,UCCBYcToQ2dwkd6TJh0FSyDg,@HectorElias-u2l,@lidiarodriguez3493,1
UCkVtmkK07b2zaVVNssX4lOg,UCDrmf9y9nLgFY5wnA2hTuGA,@HectorElias-u2l,@laboratorio5528,1
UCkVtmkK07b2zaVVNssX4lOg,UCGGHbtfbbe0o68etrOf0qxw,@HectorElias-u2l,@karensussetteleonvargas9794,1
UCkVtmkK07b2zaVVNssX4lOg,UCHbwIx9pmQuf7i-4_xO2EpA,@HectorElias-u2l,@caminoseternos752,1
UCkVtmkK07b2zaVVNssX4lOg,UCOcUI5XkTYNMSFhZNMIPpGg,@HectorElias-u2l,@hendersonlopez3864,1
UCkVtmkK07b2zaVVNssX4lOg,UCQqlPPUGqAfWjd-FSh_qn7Q,@HectorElias-u2l,@estuardoargueta137,1
UCkVtmkK07b2zaVVNssX4lOg,UCRvPToDkkumha7WJAfCDk1A,@HectorElias-u2l,@ligiaguerra3057,1
UCkVtmkK07b2zaVVNssX4lOg,UCUoYsrx1oZnCZ0usbBJn4fA,@HectorElias-u2l,@AnaDiaz-re9sq,1
UCkVtmkK07b2zaVVNssX4lOg,UCV0lM03g5fg5pbPj97-sAtA,@HectorElias-u2l,@genarodelgado3929,1
UCkVtmkK07b2zaVVNssX4lOg,UCW-JC6lebVmf2P1dmY_L94g,@HectorElias-u2l,@dinoraoroxon5771,1
UCkVtmkK07b2zaVVNssX4lOg,UCW80DaMjQlEUibC98Cot-Dg,@HectorElias-u2l,@rogeraldana4289,1
UCkVtmkK07b2zaVVNssX4lOg,UCWoAVGVqCn4xtINCMOTM4jg,@HectorElias-u2l,@OmarMartinez-vv8re,1
UCkVtmkK07b2zaVVNssX4lOg,UCZeIIQrGAedW8tCbKWmGY-A,@HectorElias-u2l,@mariocordon8873,1
UCkVtmkK07b2zaVVNssX4lOg,UC_LYoGs5C3mbZKZuKuqYCvw,@HectorElias-u2l,@javiercifuentesarchila6041,1
UCkVtmkK07b2zaVVNssX4lOg,UCe8JZoYkX5oKUZyivHYdXhw,@HectorElias-u2l,@FernandoGarcia-jg1fj,1
UCkVtmkK07b2zaVVNssX4lOg,UCeDNEtI8_a42bZ47wJiJMwQ,@HectorElias-u2l,@EdgarcalderonCalderong,1
UCkVtmkK07b2zaVVNssX4lOg,UCgJNFj5dnxXpcMvmuhZDPxA,@HectorElias-u2l,@NataliaRodriguez-rx5mr,1
UCkVtmkK07b2zaVVNssX4lOg,UCgQw_Sbq3ugruDUKsq1e0-A,@HectorElias-u2l,@marlenareano-h4t,1
UCkVtmkK07b2zaVVNssX4lOg,UCiC-Jn7wdgyQV4_Urk0DkWQ,@HectorElias-u2l,@pedroros6358,1
UCkVtmkK07b2zaVVNssX4lOg,UClhMWQ7XKWywYvbRnuf8QsA,@HectorElias-u2l,@EcPerez-zz9oh,1
UCkVtmkK07b2zaVVNssX4lOg,UClqA491Xa5fQcXcJJa-vTWw,@HectorElias-u2l,@AndresLemus-k2d,1
UCkVtmkK07b2zaVVNssX4lOg,UColMq7LmaoY3MT6aIDGrGvA,@HectorElias-u2l,@quijotachapina1,1
UCkVtmkK07b2zaVVNssX4lOg,UCpe5jW3MIqkgTJ-PgkzvM6Q,@HectorElias-u2l,@carloslam5333,1
UCkVtmkK07b2zaVVNssX4lOg,UCpsKOkt5iWTbenzeuq7dsmQ,@HectorElias-u2l,@inge_vergueta,1
UCkVtmkK07b2zaVVNssX4lOg,UCqCrvuoJpC-aVb0f4logQRQ,@HectorElias-u2l,@Lyrics_GT,1
UCkVtmkK07b2zaVVNssX4lOg,UCsGoJEvb-cFPZ2rWoJcXzEQ,@HectorElias-u2l,@sergiohinestroza9709,1
UCkVtmkK07b2zaVVNssX4lOg,UCu8_3-Wg-YzNyvHYQDEscfw,@HectorElias-u2l,@RolandoCastroPérez-d7y,1
UCkVtmkK07b2zaVVNssX4lOg,UCuXmOjxC-htcprLgeVXz6Tg,@HectorElias-u2l,@jorgeaguilar-bq3uj,1
UCkVtmkK07b2zaVVNssX4lOg,UCwjUvRseNtJoItylIyIez7Q,@HectorElias-u2l,@Silviazea,1
UCkVtmkK07b2zaVVNssX4lOg,UCylqlpsh8ENNM1LqgQ1KbxA,@HectorElias-u2l,@Jel.Awesh.M,1
UCN6qbfPSzFtjhqUDZ3Cv3CQ,UC-hfX8J5JPJ-dfuakzegMLA,@carlosmedranovelasquez6380,@normaleticiaorozcojuarez2418,1
UCN6qbfPSzFtjhqUDZ3Cv3CQ,UC-jS_kA9w-OmpupXDx156Rg,@carlosmedranovelasquez6380,@simoncreyesc7579,1
UCN6qbfPSzFtjhqUDZ3Cv3CQ,UC-pNP6RMFuLg_-x7Ah_0kEA,@carlosmedranovelasquez6380,@almacatalan2717,1
UCN6qbfPSzFtjhqUDZ3Cv3CQ,UC1vr9aaMI2crB0NvwFHUeoQ,@carlosmedranovelasquez6380,@JoseSimilox-p6e,1
UCN6qbfPSzFtjhqUDZ3Cv3CQ,UC2Y_EHWQKevubk4vOEBBFxw,@carlosmedranovelasquez6380,@alfonsomorales2653,1
UCN6qbfPSzFtjhqUDZ3Cv3CQ,UC2weSE8rpqkGMOp6StYtVfg,@carlosmedranovelasquez6380,@katerynsantiago2907,1
UCN6qbfPSzFtjhqUDZ3Cv3CQ,UC3E9mAgP7VoAE5mZoAexl5g,@carlosmedranovelasquez6380,@EnnioAroche,1
UCN6qbfPSzFtjhqUDZ3Cv3CQ,UC3MYTqpQqlWBuCB7Th0e0PA,@carlosmedranovelasquez6380,@isaaclopez7220,1
UCN6qbfPSzFtjhqUDZ3Cv3CQ,UC3NMzdMYryaw82kPTnsaljg,@carlosmedranovelasquez6380,@marisosa7832,1
UCN6qbfPSzFtjhqUDZ3Cv3CQ,UC3XTwHxygNCgjndsg-UiCQA,@carlosmedranovelasquez6380,@marioajset4283,1
UCN6qbfPSzFtjhqUDZ3Cv3CQ,UC3qn1yJA5PeW9rkGPatQxiw,@carlosmedranovelasquez6380,@VICTOREST19,1
UCN6qbfPSzFtjhqUDZ3Cv3CQ,UC4cXueR2bKGFJV0Fk76gwmA,@carlosmedranovelasquez6380,@aluxdel4792,1
UCN6qbfPSzFtjhqUDZ3Cv3CQ,UC4wq3DcbfaG6dtCqn8Oyu3w,@carlosmedranovelasquez6380,@hugoasencio7764,1
UCN6qbfPSzFtjhqUDZ3Cv3CQ,UC5H8ASmMC9WrURmzeB4ySog,@carlosmedranovelasquez6380,@ManuelEdran,1
UCN6qbfPSzFtjhqUDZ3Cv3CQ,UC5bG9nc_JV3FsNP2KseQiYw,@carlosmedranovelasquez6380,@giovannirodas4836,1
UCN6qbfPSzFtjhqUDZ3Cv3CQ,UC650pRT-OYzny3GwOH8Cgfw,@carlosmedranovelasquez6380,@edvinparedesherrera7632,1
UCN6qbfPSzFtjhqUDZ3Cv3CQ,UC6YSZqL0vEcI-niPKIMUGfw,@carlosmedranovelasquez6380,@maxwellsales885,1
UCN6qbfPSzFtjhqUDZ3Cv3CQ,UC72gBAtyb_VXQlYDcFrh6oQ,@carlosmedranovelasquez6380,@osmanmorales3012,1
UCN6qbfPSzFtjhqUDZ3Cv3CQ,UC7VUuJr9cGh845CmTvf7TlQ,@carlosmedranovelasquez6380,@LuisCastillo-oz4df,1
UCN6qbfPSzFtjhqUDZ3Cv3CQ,UC8F2V63KZ4ZEay6opX2hAQw,@carlosmedranovelasquez6380,@carmenr6311,1
UCN6qbfPSzFtjhqUDZ3Cv3CQ,UC8G5cJONY8L9voMyBW8Eoug,@carlosmedranovelasquez6380,@luisparedes-pw6qt,1
UCN6qbfPSzFtjhqUDZ3Cv3CQ,UC8r11yOugM2NuRfitQOxLLg,@carlosmedranovelasquez6380,@cesaraugustomoralesmonroy6907,1
UCN6qbfPSzFtjhqUDZ3Cv3CQ,UC9vMq1YF-e7C-VO0SHkbUTA,@carlosmedranovelasquez6380,@ErvinLeonardoCarreraLatín,1
UCN6qbfPSzFtjhqUDZ3Cv3CQ,UC9xr9QvIcDvoZNUX5f-jaZw,@carlosmedranovelasquez6380,@MariaaliciaColonmorales,1
UCN6qbfPSzFtjhqUDZ3Cv3CQ,UCA93ym2TXs_Ibyxb4Vcn-6Q,@carlosmedranovelasquez6380,@oswaldosolis8728,1
UCN6qbfPSzFtjhqUDZ3Cv3CQ,UCAlzM_N6xBlMYmM8EBzX86Q,@carlosmedranovelasquez6380,@carlossoto3252,1
UCN6qbfPSzFtjhqUDZ3Cv3CQ,UCAmtbUiIrUIhikru0ZoTFig,@carlosmedranovelasquez6380,@Aura-vf6dm,1
UCN6qbfPSzFtjhqUDZ3Cv3CQ,UCB5p8a5gklc80jJItP6xTHg,@carlosmedranovelasquez6380,@ernestogamboa8737,1
UCN6qbfPSzFtjhqUDZ3Cv3CQ,UCCaYwkkbQGcvFoUmothVdQQ,@carlosmedranovelasquez6380,@OsvaldoAguirre-l3i,1
UCN6qbfPSzFtjhqUDZ3Cv3CQ,UCDPWkUX3sNNaCx-m1dV4glA,@carlosmedranovelasquez6380,@hectoroliva949,1
UCN6qbfPSzFtjhqUDZ3Cv3CQ,UCDQaQv0hr2SS_PO-CMEwVHg,@carlosmedranovelasquez6380,@federicosaquimux1933,1
UCN6qbfPSzFtjhqUDZ3Cv3CQ,UCDUffaruH6dyUnUGwsTKpgg,@carlosmedranovelasquez6380,@luisletona2842,1
UCN6qbfPSzFtjhqUDZ3Cv3CQ,UCDftMWXQoJ6nONfY7GVOVjg,@carlosmedranovelasquez6380,@luisgpacheco5858,1
UCN6qbfPSzFtjhqUDZ3Cv3CQ,UCDlr1VadSucIZgZ171pRBjQ,@carlosmedranovelasquez6380,@cuabatzjj5924,1
UCN6qbfPSzFtjhqUDZ3Cv3CQ,UCEgEQmRbtL5fwr9_DqAC--g,@carlosmedranovelasquez6380,@ArielRodas-g5y,1
UCN6qbfPSzFtjhqUDZ3Cv3CQ,UCErZPJpHmLCsXs8ZWkAUupQ,@carlosmedranovelasquez6380,@dorisl.garciaroche7763,1
UCN6qbfPSzFtjhqUDZ3Cv3CQ,UCFUuDARXdmmIrLppEqf-rFg,@carlosmedranovelasquez6380,@allanmunoz7410,1
UCN6qbfPSzFtjhqUDZ3Cv3CQ,UCFhxtoeARHPnXXPcDrOU3Xg,@carlosmedranovelasquez6380,@diegoalejandrolopezmendez205,1
UCN6qbfPSzFtjhqUDZ3Cv3CQ,UCFjudnPLoaSL1BaRuLahyHg,@carlosmedranovelasquez6380,@HaroldoCastillo-rh9iw,1
UCN6qbfPSzFtjhqUDZ3Cv3CQ,UCFoIAE8k82D6AV-8gjjKaNg,@carlosmedranovelasquez6380,@eddymunoz9789,1
UCN6qbfPSzFtjhqUDZ3Cv3CQ,UCFxE8GbokBrBsPEKM1xrOjQ,@carlosmedranovelasquez6380,@JuanDavila-qd7qj,1
UCN6qbfPSzFtjhqUDZ3Cv3CQ,UCGzXwyCzMzGmjmCbH3Hg01Q,@carlosmedranovelasquez6380,@FidelZacarias-ph7dy,1
UCN6qbfPSzFtjhqUDZ3Cv3CQ,UCHTGCgY2l-DQJIvlA_cpa_Q,@carlosmedranovelasquez6380,@virgiliogarcia3039,1
UCN6qbfPSzFtjhqUDZ3Cv3CQ,UCHhHUjaMAZ8SiXdCUCj9DkQ,@carlosmedranovelasquez6380,@fredymendez1786,1
UCN6qbfPSzFtjhqUDZ3Cv3CQ,UCKDR0f2fu2UzWL8mBv5-BHw,@carlosmedranovelasquez6380,@mireyamorales6595,1
UCN6qbfPSzFtjhqUDZ3Cv3CQ,UCL13XhnRzbGokEkCkEOb0-g,@carlosmedranovelasquez6380,@raquelprado3643,1
UCN6qbfPSzFtjhqUDZ3Cv3CQ,UCL1MT278vSaQ83ZDkVWn1gw,@carlosmedranovelasquez6380,@elmorodriguez6978,1
UCN6qbfPSzFtjhqUDZ3Cv3CQ,UCLFdHr9BEbXHkoJopbEPLZw,@carlosmedranovelasquez6380,@kanterra4584,1
UCN6qbfPSzFtjhqUDZ3Cv3CQ,UCLggDc_a5HriXv7I1h02sOA,@carlosmedranovelasquez6380,@guillermogonzalez5153,1
UCN6qbfPSzFtjhqUDZ3Cv3CQ,UCNBnKqWf4d-rS4HwJRQljmQ,@carlosmedranovelasquez6380,@LE_A22,1
UCN6qbfPSzFtjhqUDZ3Cv3CQ,UCNkcuy42zEwddwEcOd_HpnA,@carlosmedranovelasquez6380,@vanigomez492,1
UCN6qbfPSzFtjhqUDZ3Cv3CQ,UCOS8ViEkccrTZx2w2ccxotA,@carlosmedranovelasquez6380,@OscarHernandez-q8y,1
UCN6qbfPSzFtjhqUDZ3Cv3CQ,UCOh6DaZC_x9HASnlRylEMfw,@carlosmedranovelasquez6380,@AndresMedina-v1s,1
UCN6qbfPSzFtjhqUDZ3Cv3CQ,UCQgYjVngJRfPHDLGB5X6ZjA,@carlosmedranovelasquez6380,@oscarnavas9996,1
UCN6qbfPSzFtjhqUDZ3Cv3CQ,UCQqetiwzzmRNTM5OWuXarGQ,@carlosmedranovelasquez6380,@isaiaslopezvelasquez1539,1
UCN6qbfPSzFtjhqUDZ3Cv3CQ,UCQtICyzWmhC5woCtbNgaSmg,@carlosmedranovelasquez6380,@nestormendez6216,1
UCN6qbfPSzFtjhqUDZ3Cv3CQ,UCQtSFINs1h6GHkpg9o5kMvg,@carlosmedranovelasquez6380,@MacarioMartinezruiz,1
UCN6qbfPSzFtjhqUDZ3Cv3CQ,UCRETAiYdh2dL5ZxB0_N1zDA,@carlosmedranovelasquez6380,@Joseroland21,1
UCN6qbfPSzFtjhqUDZ3Cv3CQ,UCRlCV9zSn7avAWh-9_XFWqQ,@carlosmedranovelasquez6380,@ronyarana8849,1
UCN6qbfPSzFtjhqUDZ3Cv3CQ,UCSou6a2OuYGSvPjm5psquyA,@carlosmedranovelasquez6380,@FranciscoRivera-sf7ne,1
UCN6qbfPSzFtjhqUDZ3Cv3CQ,UCTD6q1nyIe3Y7HhqjaMj72w,@carlosmedranovelasquez6380,@JuanChang-r6k,1
UCN6qbfPSzFtjhqUDZ3Cv3CQ,UCTP3O0rMnc8z8v8jaDQwL0w,@carlosmedranovelasquez6380,@RobertoZelaya-x1v,1
UCN6qbfPSzFtjhqUDZ3Cv3CQ,UCThW2XNsAaBKme5PUt7n-Zg,@carlosmedranovelasquez6380,@thelmamoran8565,1
UCN6qbfPSzFtjhqUDZ3Cv3CQ,UCTwSut16JyAg3mX6LVUNGqA,@carlosmedranovelasquez6380,@SuperVictor2005,1
UCN6qbfPSzFtjhqUDZ3Cv3CQ,UCTylKrsqkrBKIqubMu_5N0Q,@carlosmedranovelasquez6380,@edwingeovanymarroquinmarro6684,1
UCN6qbfPSzFtjhqUDZ3Cv3CQ,UCUIIIPTVDVHAXqhC_5V6lPA,@carlosmedranovelasquez6380,@gorrarota,1
UCN6qbfPSzFtjhqUDZ3Cv3CQ,UCV0iizTBoOfdAFX_thfI9BA,@carlosmedranovelasquez6380,@BenjaminLarios-jd8nk,1
UCN6qbfPSzFtjhqUDZ3Cv3CQ,UCXXh7yg5KUFIWylTiKVEFKQ,@carlosmedranovelasquez6380,@MrDuenderojo,1
UCN6qbfPSzFtjhqUDZ3Cv3CQ,UCXgr7vXlRrsaskPdo097kGA,@carlosmedranovelasquez6380,@Rogergh-nw4oj,1
UCN6qbfPSzFtjhqUDZ3Cv3CQ,UCXr8_5WtGeipe4haOoQDgyQ,@carlosmedranovelasquez6380,@amyherrera7352,1
UCN6qbfPSzFtjhqUDZ3Cv3CQ,UCYN4wSQ1Sx4_LurxLlW7MPg,@carlosmedranovelasquez6380,@belarminavillatoro6474,1
UCN6qbfPSzFtjhqUDZ3Cv3CQ,UCYwpX26TrCxq8TvbKGRYLXA,@carlosmedranovelasquez6380,@beneficioelcaminovillacana8540,1
UCN6qbfPSzFtjhqUDZ3Cv3CQ,UCcfdg8crmMJwEuLUsAhV7yg,@carlosmedranovelasquez6380,@RolandoRaguay,1
UCN6qbfPSzFtjhqUDZ3Cv3CQ,UCfM3nrxtTQMY5jFx1v1J4Gg,@carlosmedranovelasquez6380,@edgarroldan5539,1
UCN6qbfPSzFtjhqUDZ3Cv3CQ,UCgvw7xIdGFupzpt1Y_BFkEA,@carlosmedranovelasquez6380,@fredygarcia9151,1
UCN6qbfPSzFtjhqUDZ3Cv3CQ,UChZknRmJkeGeQk0-mQuhDOg,@carlosmedranovelasquez6380,@OdilioRodríguez-c5w,1
UCN6qbfPSzFtjhqUDZ3Cv3CQ,UChep9kVb5gQmpodEEl10Xlg,@carlosmedranovelasquez6380,@carlosaguilar-kz7ml,1
UCN6qbfPSzFtjhqUDZ3Cv3CQ,UChgkn5Jt5tWKYMoEOuCjz3Q,@carlosmedranovelasquez6380,@pablochitay46,1
UCN6qbfPSzFtjhqUDZ3Cv3CQ,UCi1b_TRQfgO1Z9O2gNGGWNA,@carlosmedranovelasquez6380,@davidisraelesquitsaquil,1
UCN6qbfPSzFtjhqUDZ3Cv3CQ,UCiGRBf2RNF0WRKhRVT7zFoA,@carlosmedranovelasquez6380,@edwinavila4876,1
UCN6qbfPSzFtjhqUDZ3Cv3CQ,UCiMythXHsw7eQEMykCdmMUA,@carlosmedranovelasquez6380,@JavierBecerra-h6x,1
UCN6qbfPSzFtjhqUDZ3Cv3CQ,UCipetjeiWj4CZB6EbyYziZg,@carlosmedranovelasquez6380,@OseasSamayoa-ol5rz,1
UCN6qbfPSzFtjhqUDZ3Cv3CQ,UCj-LL25XJnjxepPKCc3NGog,@carlosmedranovelasquez6380,@anaaguirre8985,1
UCN6qbfPSzFtjhqUDZ3Cv3CQ,UCjSKM9j0Q7HLDr1hD6D-TUw,@carlosmedranovelasquez6380,@josehidalgo4875,1
UCN6qbfPSzFtjhqUDZ3Cv3CQ,UCjmPuazZJzscrwvk0QR9RVw,@carlosmedranovelasquez6380,@mynorrodas8591,1
UCN6qbfPSzFtjhqUDZ3Cv3CQ,UCkd9W714-947dEE6ZOEBATA,@carlosmedranovelasquez6380,@ARGELIATELON,1
UCN6qbfPSzFtjhqUDZ3Cv3CQ,UCl0ekS9Tt0jJGtOEM18S63w,@carlosmedranovelasquez6380,@monkchapin,1
UCN6qbfPSzFtjhqUDZ3Cv3CQ,UCljDbleJul41G1TzOjOZAVA,@carlosmedranovelasquez6380,@hectorcarranza3777,1
UCN6qbfPSzFtjhqUDZ3Cv3CQ,UCmjppp6ujz3SAnULvP3sZMw,@carlosmedranovelasquez6380,@marcomendez7509,1
UCN6qbfPSzFtjhqUDZ3Cv3CQ,UCmvOgzmmXbjUthHy-WJ52hQ,@carlosmedranovelasquez6380,@mariorodas593,1
UCN6qbfPSzFtjhqUDZ3Cv3CQ,UCp4iw5_5SmV9VGTFSNVGOmQ,@carlosmedranovelasquez6380,@CARLOSSTREMS51,1
UCN6qbfPSzFtjhqUDZ3Cv3CQ,UCpIdtvoFHVLGASGB5ySqIEA,@carlosmedranovelasquez6380,@VidalVillatoro-p4w,1
UCN6qbfPSzFtjhqUDZ3Cv3CQ,UCpl8rF8uv_8uui-QRvuJaRA,@carlosmedranovelasquez6380,@SergioGarcia-z9c,1
UCN6qbfPSzFtjhqUDZ3Cv3CQ,UCplrIQtaPj6au60_f2-mOYw,@carlosmedranovelasquez6380,@romeolopezherrarte799,1
UCN6qbfPSzFtjhqUDZ3Cv3CQ,UCpsKOkt5iWTbenzeuq7dsmQ,@carlosmedranovelasquez6380,@inge_vergueta,1
UCN6qbfPSzFtjhqUDZ3Cv3CQ,UCr1emrogPKkKTs_WTtx71xg,@carlosmedranovelasquez6380,@domingopeneleu6457,1
UCN6qbfPSzFtjhqUDZ3Cv3CQ,UCrJn_rbo_ENAdeqneS-RmRw,@carlosmedranovelasquez6380,@josecarrera9623,1
UCN6qbfPSzFtjhqUDZ3Cv3CQ,UCsJJAvrVGupdmhOqgtDp8dg,@carlosmedranovelasquez6380,@nestorlorenzana1168,1
UCN6qbfPSzFtjhqUDZ3Cv3CQ,UCsSXdJct-nsS8DsABoEsaYA,@carlosmedranovelasquez6380,@IvánPérez-j4j,1
UCN6qbfPSzFtjhqUDZ3Cv3CQ,UCsUCN0Yq_UyTvKjOJLmNrnQ,@carlosmedranovelasquez6380,@moisesvaldez4043,1
UCN6qbfPSzFtjhqUDZ3Cv3CQ,UCsjs5Hp_r86x1xbK6FAeqaA,@carlosmedranovelasquez6380,@alvaroesquivel563,1
UCN6qbfPSzFtjhqUDZ3Cv3CQ,UCtNfIBnc5S5DbbQj_yxgJTw,@carlosmedranovelasquez6380,@JosueRamirez-ey3ih,1
UCN6qbfPSzFtjhqUDZ3Cv3CQ,UCtUR3_CAiE7fCoZHM6cMfyQ,@carlosmedranovelasquez6380,@mdelcid01,1
UCN6qbfPSzFtjhqUDZ3Cv3CQ,UCueV9cTyTDwgQSec1x2dYgA,@carlosmedranovelasquez6380,@fredydomingo7062,1
UCN6qbfPSzFtjhqUDZ3Cv3CQ,UCujPF2nBgsTD62nWE3lcpIg,@carlosmedranovelasquez6380,@victorarturoruanobautista7588,1
UCN6qbfPSzFtjhqUDZ3Cv3CQ,UCvApqeCbLod-wejtT4CcVuA,@carlosmedranovelasquez6380,@davidgaher9550,1
UCN6qbfPSzFtjhqUDZ3Cv3CQ,UCwO2SXr0ggzwg6QWWrr01nQ,@carlosmedranovelasquez6380,@ricardofigueroa5720,1
UCN6qbfPSzFtjhqUDZ3Cv3CQ,UCwW2OFy95P7ZBkOPxWkpvYg,@carlosmedranovelasquez6380,@TeresaLucero-b5o,1
UCN6qbfPSzFtjhqUDZ3Cv3CQ,UCwha8rxULYMVtNwZWeSkE1A,@carlosmedranovelasquez6380,@mariasamo8637,1
UCN6qbfPSzFtjhqUDZ3Cv3CQ,UCySYJU5kUh7X8gVt9la2ISA,@carlosmedranovelasquez6380,@dantesarti4351,1
UCN6qbfPSzFtjhqUDZ3Cv3CQ,UCylqlpsh8ENNM1LqgQ1KbxA,@carlosmedranovelasquez6380,@Jel.Awesh.M,1
UCN6qbfPSzFtjhqUDZ3Cv3CQ,UCz3gu01bmjNv0DpRq-K3XYg,@carlosmedranovelasquez6380,@eusebiovasquez4385,1
UCN6qbfPSzFtjhqUDZ3Cv3CQ,UCzSfZlOVxBSs5ObD25ywxDQ,@carlosmedranovelasquez6380,@GilmarMaldonado-q9m,1
UC95PSMouTx2N5CbSq0hIyrQ,UC-fiZBS5Gp1eCJd9ucgWnCg,@lisss1908,@Tommii.10,1
UC95PSMouTx2N5CbSq0hIyrQ,UC1DpqK6vaPEkBOMNvypsKYg,@lisss1908,@HectorCarranza-u4j4o,1
UC95PSMouTx2N5CbSq0hIyrQ,UC32oozucwCF3q8d4m8fyOUg,@lisss1908,@RauldejesusOlivagonzalez,1
UC95PSMouTx2N5CbSq0hIyrQ,UC3UVO7pTbeYvZ3ILEyRDskQ,@lisss1908,@rosaelenaargueta79,1
UC95PSMouTx2N5CbSq0hIyrQ,UC4Avya4kmR4Q0FrfFdBozSQ,@lisss1908,@davidlima1348,1
UC95PSMouTx2N5CbSq0hIyrQ,UC5hvEnRUzI4Kfvwnyi4QxqQ,@lisss1908,@leonelsantizo5281,1
UC95PSMouTx2N5CbSq0hIyrQ,UC6Uj1FT5JjDSF8vudvDxPAA,@lisss1908,@alfredoortega9264,1
UC95PSMouTx2N5CbSq0hIyrQ,UC7dadZG7kkGYnsNu6td0FbA,@lisss1908,@lesolorzano,1
UC95PSMouTx2N5CbSq0hIyrQ,UC816IGbFCZinfYS1LRDaaHg,@lisss1908,@ingenieroar,1
UC95PSMouTx2N5CbSq0hIyrQ,UCAKuKvcbfnBD3kF5njNu-IA,@lisss1908,@melvinlopez7096,1
UC95PSMouTx2N5CbSq0hIyrQ,UCCBYcToQ2dwkd6TJh0FSyDg,@lisss1908,@lidiarodriguez3493,1
UC95PSMouTx2N5CbSq0hIyrQ,UCDrmf9y9nLgFY5wnA2hTuGA,@lisss1908,@laboratorio5528,1
UC95PSMouTx2N5CbSq0hIyrQ,UCGGHbtfbbe0o68etrOf0qxw,@lisss1908,@karensussetteleonvargas9794,1
UC95PSMouTx2N5CbSq0hIyrQ,UCHbwIx9pmQuf7i-4_xO2EpA,@lisss1908,@caminoseternos752,1
UC95PSMouTx2N5CbSq0hIyrQ,UCOcUI5XkTYNMSFhZNMIPpGg,@lisss1908,@hendersonlopez3864,1
UC95PSMouTx2N5CbSq0hIyrQ,UCQqlPPUGqAfWjd-FSh_qn7Q,@lisss1908,@estuardoargueta137,1
UC95PSMouTx2N5CbSq0hIyrQ,UCRvPToDkkumha7WJAfCDk1A,@lisss1908,@ligiaguerra3057,1
UC95PSMouTx2N5CbSq0hIyrQ,UCUoYsrx1oZnCZ0usbBJn4fA,@lisss1908,@AnaDiaz-re9sq,1
UC95PSMouTx2N5CbSq0hIyrQ,UCV0lM03g5fg5pbPj97-sAtA,@lisss1908,@genarodelgado3929,1
UC95PSMouTx2N5CbSq0hIyrQ,UCW-JC6lebVmf2P1dmY_L94g,@lisss1908,@dinoraoroxon5771,1
UC95PSMouTx2N5CbSq0hIyrQ,UCW80DaMjQlEUibC98Cot-Dg,@lisss1908,@rogeraldana4289,1
UC95PSMouTx2N5CbSq0hIyrQ,UCWoAVGVqCn4xtINCMOTM4jg,@lisss1908,@OmarMartinez-vv8re,1
UC95PSMouTx2N5CbSq0hIyrQ,UCZeIIQrGAedW8tCbKWmGY-A,@lisss1908,@mariocordon8873,1
UC95PSMouTx2N5CbSq0hIyrQ,UC_LYoGs5C3mbZKZuKuqYCvw,@lisss1908,@javiercifuentesarchila6041,1
UC95PSMouTx2N5CbSq0hIyrQ,UCe8JZoYkX5oKUZyivHYdXhw,@lisss1908,@FernandoGarcia-jg1fj,1
UC95PSMouTx2N5CbSq0hIyrQ,UCeDNEtI8_a42bZ47wJiJMwQ,@lisss1908,@EdgarcalderonCalderong,1
UC95PSMouTx2N5CbSq0hIyrQ,UCgJNFj5dnxXpcMvmuhZDPxA,@lisss1908,@NataliaRodriguez-rx5mr,1
UC95PSMouTx2N5CbSq0hIyrQ,UCgQw_Sbq3ugruDUKsq1e0-A,@lisss1908,@marlenareano-h4t,1
UC95PSMouTx2N5CbSq0hIyrQ,UCiC-Jn7wdgyQV4_Urk0DkWQ,@lisss1908,@pedroros6358,1
UC95PSMouTx2N5CbSq0hIyrQ,UClhMWQ7XKWywYvbRnuf8QsA,@lisss1908,@EcPerez-zz9oh,1
UC95PSMouTx2N5CbSq0hIyrQ,UClqA491Xa5fQcXcJJa-vTWw,@lisss1908,@AndresLemus-k2d,1
UC95PSMouTx2N5CbSq0hIyrQ,UColMq7LmaoY3MT6aIDGrGvA,@lisss1908,@quijotachapina1,1
UC95PSMouTx2N5CbSq0hIyrQ,UCpe5jW3MIqkgTJ-PgkzvM6Q,@lisss1908,@carloslam5333,1
UC95PSMouTx2N5CbSq0hIyrQ,UCpsKOkt5iWTbenzeuq7dsmQ,@lisss1908,@inge_vergueta,1
UC95PSMouTx2N5CbSq0hIyrQ,UCqCrvuoJpC-aVb0f4logQRQ,@lisss1908,@Lyrics_GT,1
UC95PSMouTx2N5CbSq0hIyrQ,UCsGoJEvb-cFPZ2rWoJcXzEQ,@lisss1908,@sergiohinestroza9709,1
UC95PSMouTx2N5CbSq0hIyrQ,UCu8_3-Wg-YzNyvHYQDEscfw,@lisss1908,@RolandoCastroPérez-d7y,1
UC95PSMouTx2N5CbSq0hIyrQ,UCuXmOjxC-htcprLgeVXz6Tg,@lisss1908,@jorgeaguilar-bq3uj,1
UC95PSMouTx2N5CbSq0hIyrQ,UCwjUvRseNtJoItylIyIez7Q,@lisss1908,@Silviazea,1
UC95PSMouTx2N5CbSq0hIyrQ,UCylqlpsh8ENNM1LqgQ1KbxA,@lisss1908,@Jel.Awesh.M,1
UCueV9cTyTDwgQSec1x2dYgA,UC-hfX8J5JPJ-dfuakzegMLA,@fredydomingo7062,@normaleticiaorozcojuarez2418,1
UCueV9cTyTDwgQSec1x2dYgA,UC-jS_kA9w-OmpupXDx156Rg,@fredydomingo7062,@simoncreyesc7579,1
UCueV9cTyTDwgQSec1x2dYgA,UC-pNP6RMFuLg_-x7Ah_0kEA,@fredydomingo7062,@almacatalan2717,1
UCueV9cTyTDwgQSec1x2dYgA,UC1vr9aaMI2crB0NvwFHUeoQ,@fredydomingo7062,@JoseSimilox-p6e,1
UCueV9cTyTDwgQSec1x2dYgA,UC2Y_EHWQKevubk4vOEBBFxw,@fredydomingo7062,@alfonsomorales2653,1
UCueV9cTyTDwgQSec1x2dYgA,UC2weSE8rpqkGMOp6StYtVfg,@fredydomingo7062,@katerynsantiago2907,1
UCueV9cTyTDwgQSec1x2dYgA,UC3E9mAgP7VoAE5mZoAexl5g,@fredydomingo7062,@EnnioAroche,1
UCueV9cTyTDwgQSec1x2dYgA,UC3MYTqpQqlWBuCB7Th0e0PA,@fredydomingo7062,@isaaclopez7220,1
UCueV9cTyTDwgQSec1x2dYgA,UC3NMzdMYryaw82kPTnsaljg,@fredydomingo7062,@marisosa7832,1
UCueV9cTyTDwgQSec1x2dYgA,UC3XTwHxygNCgjndsg-UiCQA,@fredydomingo7062,@marioajset4283,1
UCueV9cTyTDwgQSec1x2dYgA,UC3qn1yJA5PeW9rkGPatQxiw,@fredydomingo7062,@VICTOREST19,1
UCueV9cTyTDwgQSec1x2dYgA,UC4cXueR2bKGFJV0Fk76gwmA,@fredydomingo7062,@aluxdel4792,1
UCueV9cTyTDwgQSec1x2dYgA,UC4wq3DcbfaG6dtCqn8Oyu3w,@fredydomingo7062,@hugoasencio7764,1
UCueV9cTyTDwgQSec1x2dYgA,UC5H8ASmMC9WrURmzeB4ySog,@fredydomingo7062,@ManuelEdran,1
UCueV9cTyTDwgQSec1x2dYgA,UC5bG9nc_JV3FsNP2KseQiYw,@fredydomingo7062,@giovannirodas4836,1
UCueV9cTyTDwgQSec1x2dYgA,UC650pRT-OYzny3GwOH8Cgfw,@fredydomingo7062,@edvinparedesherrera7632,1
UCueV9cTyTDwgQSec1x2dYgA,UC6YSZqL0vEcI-niPKIMUGfw,@fredydomingo7062,@maxwellsales885,1
UCueV9cTyTDwgQSec1x2dYgA,UC72gBAtyb_VXQlYDcFrh6oQ,@fredydomingo7062,@osmanmorales3012,1
UCueV9cTyTDwgQSec1x2dYgA,UC7VUuJr9cGh845CmTvf7TlQ,@fredydomingo7062,@LuisCastillo-oz4df,1
UCueV9cTyTDwgQSec1x2dYgA,UC8F2V63KZ4ZEay6opX2hAQw,@fredydomingo7062,@carmenr6311,1
UCueV9cTyTDwgQSec1x2dYgA,UC8G5cJONY8L9voMyBW8Eoug,@fredydomingo7062,@luisparedes-pw6qt,1
UCueV9cTyTDwgQSec1x2dYgA,UC8r11yOugM2NuRfitQOxLLg,@fredydomingo7062,@cesaraugustomoralesmonroy6907,1
UCueV9cTyTDwgQSec1x2dYgA,UC9vMq1YF-e7C-VO0SHkbUTA,@fredydomingo7062,@ErvinLeonardoCarreraLatín,1
UCueV9cTyTDwgQSec1x2dYgA,UC9xr9QvIcDvoZNUX5f-jaZw,@fredydomingo7062,@MariaaliciaColonmorales,1
UCueV9cTyTDwgQSec1x2dYgA,UCA93ym2TXs_Ibyxb4Vcn-6Q,@fredydomingo7062,@oswaldosolis8728,1
UCueV9cTyTDwgQSec1x2dYgA,UCAlzM_N6xBlMYmM8EBzX86Q,@fredydomingo7062,@carlossoto3252,1
UCueV9cTyTDwgQSec1x2dYgA,UCAmtbUiIrUIhikru0ZoTFig,@fredydomingo7062,@Aura-vf6dm,1
UCueV9cTyTDwgQSec1x2dYgA,UCB5p8a5gklc80jJItP6xTHg,@fredydomingo7062,@ernestogamboa8737,1
UCueV9cTyTDwgQSec1x2dYgA,UCCaYwkkbQGcvFoUmothVdQQ,@fredydomingo7062,@OsvaldoAguirre-l3i,1
UCueV9cTyTDwgQSec1x2dYgA,UCDPWkUX3sNNaCx-m1dV4glA,@fredydomingo7062,@hectoroliva949,1
UCueV9cTyTDwgQSec1x2dYgA,UCDQaQv0hr2SS_PO-CMEwVHg,@fredydomingo7062,@federicosaquimux1933,1
UCueV9cTyTDwgQSec1x2dYgA,UCDUffaruH6dyUnUGwsTKpgg,@fredydomingo7062,@luisletona2842,1
UCueV9cTyTDwgQSec1x2dYgA,UCDftMWXQoJ6nONfY7GVOVjg,@fredydomingo7062,@luisgpacheco5858,1
UCueV9cTyTDwgQSec1x2dYgA,UCDlr1VadSucIZgZ171pRBjQ,@fredydomingo7062,@cuabatzjj5924,1
UCueV9cTyTDwgQSec1x2dYgA,UCEgEQmRbtL5fwr9_DqAC--g,@fredydomingo7062,@ArielRodas-g5y,1
UCueV9cTyTDwgQSec1x2dYgA,UCErZPJpHmLCsXs8ZWkAUupQ,@fredydomingo7062,@dorisl.garciaroche7763,1
UCueV9cTyTDwgQSec1x2dYgA,UCFUuDARXdmmIrLppEqf-rFg,@fredydomingo7062,@allanmunoz7410,1
UCueV9cTyTDwgQSec1x2dYgA,UCFhxtoeARHPnXXPcDrOU3Xg,@fredydomingo7062,@diegoalejandrolopezmendez205,1
UCueV9cTyTDwgQSec1x2dYgA,UCFjudnPLoaSL1BaRuLahyHg,@fredydomingo7062,@HaroldoCastillo-rh9iw,1
UCueV9cTyTDwgQSec1x2dYgA,UCFoIAE8k82D6AV-8gjjKaNg,@fredydomingo7062,@eddymunoz9789,1
UCueV9cTyTDwgQSec1x2dYgA,UCFxE8GbokBrBsPEKM1xrOjQ,@fredydomingo7062,@JuanDavila-qd7qj,1
UCueV9cTyTDwgQSec1x2dYgA,UCGzXwyCzMzGmjmCbH3Hg01Q,@fredydomingo7062,@FidelZacarias-ph7dy,1
UCueV9cTyTDwgQSec1x2dYgA,UCHTGCgY2l-DQJIvlA_cpa_Q,@fredydomingo7062,@virgiliogarcia3039,1
UCueV9cTyTDwgQSec1x2dYgA,UCHhHUjaMAZ8SiXdCUCj9DkQ,@fredydomingo7062,@fredymendez1786,1
UCueV9cTyTDwgQSec1x2dYgA,UCKDR0f2fu2UzWL8mBv5-BHw,@fredydomingo7062,@mireyamorales6595,1
UCueV9cTyTDwgQSec1x2dYgA,UCL13XhnRzbGokEkCkEOb0-g,@fredydomingo7062,@raquelprado3643,1
UCueV9cTyTDwgQSec1x2dYgA,UCL1MT278vSaQ83ZDkVWn1gw,@fredydomingo7062,@elmorodriguez6978,1
UCueV9cTyTDwgQSec1x2dYgA,UCLFdHr9BEbXHkoJopbEPLZw,@fredydomingo7062,@kanterra4584,1
UCueV9cTyTDwgQSec1x2dYgA,UCLggDc_a5HriXv7I1h02sOA,@fredydomingo7062,@guillermogonzalez5153,1
UCueV9cTyTDwgQSec1x2dYgA,UCNBnKqWf4d-rS4HwJRQljmQ,@fredydomingo7062,@LE_A22,1
UCueV9cTyTDwgQSec1x2dYgA,UCNkcuy42zEwddwEcOd_HpnA,@fredydomingo7062,@vanigomez492,1
UCueV9cTyTDwgQSec1x2dYgA,UCOS8ViEkccrTZx2w2ccxotA,@fredydomingo7062,@OscarHernandez-q8y,1
UCueV9cTyTDwgQSec1x2dYgA,UCOh6DaZC_x9HASnlRylEMfw,@fredydomingo7062,@AndresMedina-v1s,1
UCueV9cTyTDwgQSec1x2dYgA,UCQgYjVngJRfPHDLGB5X6ZjA,@fredydomingo7062,@oscarnavas9996,1
UCueV9cTyTDwgQSec1x2dYgA,UCQqetiwzzmRNTM5OWuXarGQ,@fredydomingo7062,@isaiaslopezvelasquez1539,1
UCueV9cTyTDwgQSec1x2dYgA,UCQtICyzWmhC5woCtbNgaSmg,@fredydomingo7062,@nestormendez6216,1
UCueV9cTyTDwgQSec1x2dYgA,UCQtSFINs1h6GHkpg9o5kMvg,@fredydomingo7062,@MacarioMartinezruiz,1
UCueV9cTyTDwgQSec1x2dYgA,UCRETAiYdh2dL5ZxB0_N1zDA,@fredydomingo7062,@Joseroland21,1
UCueV9cTyTDwgQSec1x2dYgA,UCRlCV9zSn7avAWh-9_XFWqQ,@fredydomingo7062,@ronyarana8849,1
UCueV9cTyTDwgQSec1x2dYgA,UCSou6a2OuYGSvPjm5psquyA,@fredydomingo7062,@FranciscoRivera-sf7ne,1
UCueV9cTyTDwgQSec1x2dYgA,UCTD6q1nyIe3Y7HhqjaMj72w,@fredydomingo7062,@JuanChang-r6k,1
UCueV9cTyTDwgQSec1x2dYgA,UCTP3O0rMnc8z8v8jaDQwL0w,@fredydomingo7062,@RobertoZelaya-x1v,1
UCueV9cTyTDwgQSec1x2dYgA,UCThW2XNsAaBKme5PUt7n-Zg,@fredydomingo7062,@thelmamoran8565,1
UCueV9cTyTDwgQSec1x2dYgA,UCTwSut16JyAg3mX6LVUNGqA,@fredydomingo7062,@SuperVictor2005,1
UCueV9cTyTDwgQSec1x2dYgA,UCTylKrsqkrBKIqubMu_5N0Q,@fredydomingo7062,@edwingeovanymarroquinmarro6684,1
UCueV9cTyTDwgQSec1x2dYgA,UCUIIIPTVDVHAXqhC_5V6lPA,@fredydomingo7062,@gorrarota,1
UCueV9cTyTDwgQSec1x2dYgA,UCV0iizTBoOfdAFX_thfI9BA,@fredydomingo7062,@BenjaminLarios-jd8nk,1
UCueV9cTyTDwgQSec1x2dYgA,UCXXh7yg5KUFIWylTiKVEFKQ,@fredydomingo7062,@MrDuenderojo,1
UCueV9cTyTDwgQSec1x2dYgA,UCXgr7vXlRrsaskPdo097kGA,@fredydomingo7062,@Rogergh-nw4oj,1
UCueV9cTyTDwgQSec1x2dYgA,UCXr8_5WtGeipe4haOoQDgyQ,@fredydomingo7062,@amyherrera7352,1
UCueV9cTyTDwgQSec1x2dYgA,UCYN4wSQ1Sx4_LurxLlW7MPg,@fredydomingo7062,@belarminavillatoro6474,1
UCueV9cTyTDwgQSec1x2dYgA,UCYwpX26TrCxq8TvbKGRYLXA,@fredydomingo7062,@beneficioelcaminovillacana8540,1
UCueV9cTyTDwgQSec1x2dYgA,UCcfdg8crmMJwEuLUsAhV7yg,@fredydomingo7062,@RolandoRaguay,1
UCueV9cTyTDwgQSec1x2dYgA,UCfM3nrxtTQMY5jFx1v1J4Gg,@fredydomingo7062,@edgarroldan5539,1
UCueV9cTyTDwgQSec1x2dYgA,UCgvw7xIdGFupzpt1Y_BFkEA,@fredydomingo7062,@fredygarcia9151,1
UCueV9cTyTDwgQSec1x2dYgA,UChZknRmJkeGeQk0-mQuhDOg,@fredydomingo7062,@OdilioRodríguez-c5w,1
UCueV9cTyTDwgQSec1x2dYgA,UChep9kVb5gQmpodEEl10Xlg,@fredydomingo7062,@carlosaguilar-kz7ml,1
UCueV9cTyTDwgQSec1x2dYgA,UChgkn5Jt5tWKYMoEOuCjz3Q,@fredydomingo7062,@pablochitay46,1
UCueV9cTyTDwgQSec1x2dYgA,UCi1b_TRQfgO1Z9O2gNGGWNA,@fredydomingo7062,@davidisraelesquitsaquil,1
UCueV9cTyTDwgQSec1x2dYgA,UCiGRBf2RNF0WRKhRVT7zFoA,@fredydomingo7062,@edwinavila4876,1
UCueV9cTyTDwgQSec1x2dYgA,UCiMythXHsw7eQEMykCdmMUA,@fredydomingo7062,@JavierBecerra-h6x,1
UCueV9cTyTDwgQSec1x2dYgA,UCipetjeiWj4CZB6EbyYziZg,@fredydomingo7062,@OseasSamayoa-ol5rz,1
UCueV9cTyTDwgQSec1x2dYgA,UCj-LL25XJnjxepPKCc3NGog,@fredydomingo7062,@anaaguirre8985,1
UCueV9cTyTDwgQSec1x2dYgA,UCjSKM9j0Q7HLDr1hD6D-TUw,@fredydomingo7062,@josehidalgo4875,1
UCueV9cTyTDwgQSec1x2dYgA,UCjmPuazZJzscrwvk0QR9RVw,@fredydomingo7062,@mynorrodas8591,1
UCueV9cTyTDwgQSec1x2dYgA,UCkd9W714-947dEE6ZOEBATA,@fredydomingo7062,@ARGELIATELON,1
UCueV9cTyTDwgQSec1x2dYgA,UCl0ekS9Tt0jJGtOEM18S63w,@fredydomingo7062,@monkchapin,1
UCueV9cTyTDwgQSec1x2dYgA,UCljDbleJul41G1TzOjOZAVA,@fredydomingo7062,@hectorcarranza3777,1
UCueV9cTyTDwgQSec1x2dYgA,UCmjppp6ujz3SAnULvP3sZMw,@fredydomingo7062,@marcomendez7509,1
UCueV9cTyTDwgQSec1x2dYgA,UCmvOgzmmXbjUthHy-WJ52hQ,@fredydomingo7062,@mariorodas593,1
UCueV9cTyTDwgQSec1x2dYgA,UCp4iw5_5SmV9VGTFSNVGOmQ,@fredydomingo7062,@CARLOSSTREMS51,1
UCueV9cTyTDwgQSec1x2dYgA,UCpIdtvoFHVLGASGB5ySqIEA,@fredydomingo7062,@VidalVillatoro-p4w,1
UCueV9cTyTDwgQSec1x2dYgA,UCpl8rF8uv_8uui-QRvuJaRA,@fredydomingo7062,@SergioGarcia-z9c,1
UCueV9cTyTDwgQSec1x2dYgA,UCplrIQtaPj6au60_f2-mOYw,@fredydomingo7062,@romeolopezherrarte799,1
UCueV9cTyTDwgQSec1x2dYgA,UCpsKOkt5iWTbenzeuq7dsmQ,@fredydomingo7062,@inge_vergueta,1
UCueV9cTyTDwgQSec1x2dYgA,UCr1emrogPKkKTs_WTtx71xg,@fredydomingo7062,@domingopeneleu6457,1
UCueV9cTyTDwgQSec1x2dYgA,UCrJn_rbo_ENAdeqneS-RmRw,@fredydomingo7062,@josecarrera9623,1
UCueV9cTyTDwgQSec1x2dYgA,UCsJJAvrVGupdmhOqgtDp8dg,@fredydomingo7062,@nestorlorenzana1168,1
UCueV9cTyTDwgQSec1x2dYgA,UCsSXdJct-nsS8DsABoEsaYA,@fredydomingo7062,@IvánPérez-j4j,1
UCueV9cTyTDwgQSec1x2dYgA,UCsUCN0Yq_UyTvKjOJLmNrnQ,@fredydomingo7062,@moisesvaldez4043,1
UCueV9cTyTDwgQSec1x2dYgA,UCsjs5Hp_r86x1xbK6FAeqaA,@fredydomingo7062,@alvaroesquivel563,1
UCueV9cTyTDwgQSec1x2dYgA,UCtNfIBnc5S5DbbQj_yxgJTw,@fredydomingo7062,@JosueRamirez-ey3ih,1
UCueV9cTyTDwgQSec1x2dYgA,UCtUR3_CAiE7fCoZHM6cMfyQ,@fredydomingo7062,@mdelcid01,1
UCueV9cTyTDwgQSec1x2dYgA,UCujPF2nBgsTD62nWE3lcpIg,@fredydomingo7062,@victorarturoruanobautista7588,1
UCueV9cTyTDwgQSec1x2dYgA,UCvApqeCbLod-wejtT4CcVuA,@fredydomingo7062,@davidgaher9550,1
UCueV9cTyTDwgQSec1x2dYgA,UCwO2SXr0ggzwg6QWWrr01nQ,@fredydomingo7062,@ricardofigueroa5720,1
UCueV9cTyTDwgQSec1x2dYgA,UCwW2OFy95P7ZBkOPxWkpvYg,@fredydomingo7062,@TeresaLucero-b5o,1
UCueV9cTyTDwgQSec1x2dYgA,UCwha8rxULYMVtNwZWeSkE1A,@fredydomingo7062,@mariasamo8637,1
UCueV9cTyTDwgQSec1x2dYgA,UCySYJU5kUh7X8gVt9la2ISA,@fredydomingo7062,@dantesarti4351,1
UCueV9cTyTDwgQSec1x2dYgA,UCylqlpsh8ENNM1LqgQ1KbxA,@fredydomingo7062,@Jel.Awesh.M,1
UCueV9cTyTDwgQSec1x2dYgA,UCz3gu01bmjNv0DpRq-K3XYg,@fredydomingo7062,@eusebiovasquez4385,1
UCueV9cTyTDwgQSec1x2dYgA,UCzSfZlOVxBSs5ObD25ywxDQ,@fredydomingo7062,@GilmarMaldonado-q9m,1
UC5H8ASmMC9WrURmzeB4ySog,UC-hfX8J5JPJ-dfuakzegMLA,@ManuelEdran,@normaleticiaorozcojuarez2418,1
UC5H8ASmMC9WrURmzeB4ySog,UC-jS_kA9w-OmpupXDx156Rg,@ManuelEdran,@simoncreyesc7579,1
UC5H8ASmMC9WrURmzeB4ySog,UC-pNP6RMFuLg_-x7Ah_0kEA,@ManuelEdran,@almacatalan2717,1
UC5H8ASmMC9WrURmzeB4ySog,UC1vr9aaMI2crB0NvwFHUeoQ,@ManuelEdran,@JoseSimilox-p6e,1
UC5H8ASmMC9WrURmzeB4ySog,UC2Y_EHWQKevubk4vOEBBFxw,@ManuelEdran,@alfonsomorales2653,1
UC5H8ASmMC9WrURmzeB4ySog,UC2weSE8rpqkGMOp6StYtVfg,@ManuelEdran,@katerynsantiago2907,1
UC5H8ASmMC9WrURmzeB4ySog,UC3E9mAgP7VoAE5mZoAexl5g,@ManuelEdran,@EnnioAroche,1
UC5H8ASmMC9WrURmzeB4ySog,UC3MYTqpQqlWBuCB7Th0e0PA,@ManuelEdran,@isaaclopez7220,1
UC5H8ASmMC9WrURmzeB4ySog,UC3NMzdMYryaw82kPTnsaljg,@ManuelEdran,@marisosa7832,1
UC5H8ASmMC9WrURmzeB4ySog,UC3XTwHxygNCgjndsg-UiCQA,@ManuelEdran,@marioajset4283,1
UC5H8ASmMC9WrURmzeB4ySog,UC3qn1yJA5PeW9rkGPatQxiw,@ManuelEdran,@VICTOREST19,1
UC5H8ASmMC9WrURmzeB4ySog,UC4cXueR2bKGFJV0Fk76gwmA,@ManuelEdran,@aluxdel4792,1
UC5H8ASmMC9WrURmzeB4ySog,UC4wq3DcbfaG6dtCqn8Oyu3w,@ManuelEdran,@hugoasencio7764,1
UC5H8ASmMC9WrURmzeB4ySog,UC5bG9nc_JV3FsNP2KseQiYw,@ManuelEdran,@giovannirodas4836,1
UC5H8ASmMC9WrURmzeB4ySog,UC650pRT-OYzny3GwOH8Cgfw,@ManuelEdran,@edvinparedesherrera7632,1
UC5H8ASmMC9WrURmzeB4ySog,UC6YSZqL0vEcI-niPKIMUGfw,@ManuelEdran,@maxwellsales885,1
UC5H8ASmMC9WrURmzeB4ySog,UC72gBAtyb_VXQlYDcFrh6oQ,@ManuelEdran,@osmanmorales3012,1
UC5H8ASmMC9WrURmzeB4ySog,UC7VUuJr9cGh845CmTvf7TlQ,@ManuelEdran,@LuisCastillo-oz4df,1
UC5H8ASmMC9WrURmzeB4ySog,UC8F2V63KZ4ZEay6opX2hAQw,@ManuelEdran,@carmenr6311,1
UC5H8ASmMC9WrURmzeB4ySog,UC8G5cJONY8L9voMyBW8Eoug,@ManuelEdran,@luisparedes-pw6qt,1
UC5H8ASmMC9WrURmzeB4ySog,UC8r11yOugM2NuRfitQOxLLg,@ManuelEdran,@cesaraugustomoralesmonroy6907,1
UC5H8ASmMC9WrURmzeB4ySog,UC9vMq1YF-e7C-VO0SHkbUTA,@ManuelEdran,@ErvinLeonardoCarreraLatín,1
UC5H8ASmMC9WrURmzeB4ySog,UC9xr9QvIcDvoZNUX5f-jaZw,@ManuelEdran,@MariaaliciaColonmorales,1
UC5H8ASmMC9WrURmzeB4ySog,UCA93ym2TXs_Ibyxb4Vcn-6Q,@ManuelEdran,@oswaldosolis8728,1
UC5H8ASmMC9WrURmzeB4ySog,UCAlzM_N6xBlMYmM8EBzX86Q,@ManuelEdran,@carlossoto3252,1
UC5H8ASmMC9WrURmzeB4ySog,UCAmtbUiIrUIhikru0ZoTFig,@ManuelEdran,@Aura-vf6dm,1
UC5H8ASmMC9WrURmzeB4ySog,UCB5p8a5gklc80jJItP6xTHg,@ManuelEdran,@ernestogamboa8737,1
UC5H8ASmMC9WrURmzeB4ySog,UCCaYwkkbQGcvFoUmothVdQQ,@ManuelEdran,@OsvaldoAguirre-l3i,1
UC5H8ASmMC9WrURmzeB4ySog,UCDPWkUX3sNNaCx-m1dV4glA,@ManuelEdran,@hectoroliva949,1
UC5H8ASmMC9WrURmzeB4ySog,UCDQaQv0hr2SS_PO-CMEwVHg,@ManuelEdran,@federicosaquimux1933,1
UC5H8ASmMC9WrURmzeB4ySog,UCDUffaruH6dyUnUGwsTKpgg,@ManuelEdran,@luisletona2842,1
UC5H8ASmMC9WrURmzeB4ySog,UCDftMWXQoJ6nONfY7GVOVjg,@ManuelEdran,@luisgpacheco5858,1
UC5H8ASmMC9WrURmzeB4ySog,UCDlr1VadSucIZgZ171pRBjQ,@ManuelEdran,@cuabatzjj5924,1
UC5H8ASmMC9WrURmzeB4ySog,UCEgEQmRbtL5fwr9_DqAC--g,@ManuelEdran,@ArielRodas-g5y,1
UC5H8ASmMC9WrURmzeB4ySog,UCErZPJpHmLCsXs8ZWkAUupQ,@ManuelEdran,@dorisl.garciaroche7763,1
UC5H8ASmMC9WrURmzeB4ySog,UCFUuDARXdmmIrLppEqf-rFg,@ManuelEdran,@allanmunoz7410,1
UC5H8ASmMC9WrURmzeB4ySog,UCFhxtoeARHPnXXPcDrOU3Xg,@ManuelEdran,@diegoalejandrolopezmendez205,1
UC5H8ASmMC9WrURmzeB4ySog,UCFjudnPLoaSL1BaRuLahyHg,@ManuelEdran,@HaroldoCastillo-rh9iw,1
UC5H8ASmMC9WrURmzeB4ySog,UCFoIAE8k82D6AV-8gjjKaNg,@ManuelEdran,@eddymunoz9789,1
UC5H8ASmMC9WrURmzeB4ySog,UCFxE8GbokBrBsPEKM1xrOjQ,@ManuelEdran,@JuanDavila-qd7qj,1
UC5H8ASmMC9WrURmzeB4ySog,UCGzXwyCzMzGmjmCbH3Hg01Q,@ManuelEdran,@FidelZacarias-ph7dy,1
UC5H8ASmMC9WrURmzeB4ySog,UCHTGCgY2l-DQJIvlA_cpa_Q,@ManuelEdran,@virgiliogarcia3039,1
UC5H8ASmMC9WrURmzeB4ySog,UCHhHUjaMAZ8SiXdCUCj9DkQ,@ManuelEdran,@fredymendez1786,1
UC5H8ASmMC9WrURmzeB4ySog,UCKDR0f2fu2UzWL8mBv5-BHw,@ManuelEdran,@mireyamorales6595,1
UC5H8ASmMC9WrURmzeB4ySog,UCL13XhnRzbGokEkCkEOb0-g,@ManuelEdran,@raquelprado3643,1
UC5H8ASmMC9WrURmzeB4ySog,UCL1MT278vSaQ83ZDkVWn1gw,@ManuelEdran,@elmorodriguez6978,1
UC5H8ASmMC9WrURmzeB4ySog,UCLFdHr9BEbXHkoJopbEPLZw,@ManuelEdran,@kanterra4584,1
UC5H8ASmMC9WrURmzeB4ySog,UCLggDc_a5HriXv7I1h02sOA,@ManuelEdran,@guillermogonzalez5153,1
UC5H8ASmMC9WrURmzeB4ySog,UCNBnKqWf4d-rS4HwJRQljmQ,@ManuelEdran,@LE_A22,1
UC5H8ASmMC9WrURmzeB4ySog,UCNkcuy42zEwddwEcOd_HpnA,@ManuelEdran,@vanigomez492,1
UC5H8ASmMC9WrURmzeB4ySog,UCOS8ViEkccrTZx2w2ccxotA,@ManuelEdran,@OscarHernandez-q8y,1
UC5H8ASmMC9WrURmzeB4ySog,UCOh6DaZC_x9HASnlRylEMfw,@ManuelEdran,@AndresMedina-v1s,1
UC5H8ASmMC9WrURmzeB4ySog,UCQgYjVngJRfPHDLGB5X6ZjA,@ManuelEdran,@oscarnavas9996,1
UC5H8ASmMC9WrURmzeB4ySog,UCQqetiwzzmRNTM5OWuXarGQ,@ManuelEdran,@isaiaslopezvelasquez1539,1
UC5H8ASmMC9WrURmzeB4ySog,UCQtICyzWmhC5woCtbNgaSmg,@ManuelEdran,@nestormendez6216,1
UC5H8ASmMC9WrURmzeB4ySog,UCQtSFINs1h6GHkpg9o5kMvg,@ManuelEdran,@MacarioMartinezruiz,1
UC5H8ASmMC9WrURmzeB4ySog,UCRETAiYdh2dL5ZxB0_N1zDA,@ManuelEdran,@Joseroland21,1
UC5H8ASmMC9WrURmzeB4ySog,UCRlCV9zSn7avAWh-9_XFWqQ,@ManuelEdran,@ronyarana8849,1
UC5H8ASmMC9WrURmzeB4ySog,UCSou6a2OuYGSvPjm5psquyA,@ManuelEdran,@FranciscoRivera-sf7ne,1
UC5H8ASmMC9WrURmzeB4ySog,UCTD6q1nyIe3Y7HhqjaMj72w,@ManuelEdran,@JuanChang-r6k,1
UC5H8ASmMC9WrURmzeB4ySog,UCTP3O0rMnc8z8v8jaDQwL0w,@ManuelEdran,@RobertoZelaya-x1v,1
UC5H8ASmMC9WrURmzeB4ySog,UCThW2XNsAaBKme5PUt7n-Zg,@ManuelEdran,@thelmamoran8565,1
UC5H8ASmMC9WrURmzeB4ySog,UCTwSut16JyAg3mX6LVUNGqA,@ManuelEdran,@SuperVictor2005,1
UC5H8ASmMC9WrURmzeB4ySog,UCTylKrsqkrBKIqubMu_5N0Q,@ManuelEdran,@edwingeovanymarroquinmarro6684,1
UC5H8ASmMC9WrURmzeB4ySog,UCUIIIPTVDVHAXqhC_5V6lPA,@ManuelEdran,@gorrarota,1
UC5H8ASmMC9WrURmzeB4ySog,UCV0iizTBoOfdAFX_thfI9BA,@ManuelEdran,@BenjaminLarios-jd8nk,1
UC5H8ASmMC9WrURmzeB4ySog,UCXXh7yg5KUFIWylTiKVEFKQ,@ManuelEdran,@MrDuenderojo,1
UC5H8ASmMC9WrURmzeB4ySog,UCXgr7vXlRrsaskPdo097kGA,@ManuelEdran,@Rogergh-nw4oj,1
UC5H8ASmMC9WrURmzeB4ySog,UCXr8_5WtGeipe4haOoQDgyQ,@ManuelEdran,@amyherrera7352,1
UC5H8ASmMC9WrURmzeB4ySog,UCYN4wSQ1Sx4_LurxLlW7MPg,@ManuelEdran,@belarminavillatoro6474,1
UC5H8ASmMC9WrURmzeB4ySog,UCYwpX26TrCxq8TvbKGRYLXA,@ManuelEdran,@beneficioelcaminovillacana8540,1
UC5H8ASmMC9WrURmzeB4ySog,UCcfdg8crmMJwEuLUsAhV7yg,@ManuelEdran,@RolandoRaguay,1
UC5H8ASmMC9WrURmzeB4ySog,UCfM3nrxtTQMY5jFx1v1J4Gg,@ManuelEdran,@edgarroldan5539,1
UC5H8ASmMC9WrURmzeB4ySog,UCgvw7xIdGFupzpt1Y_BFkEA,@ManuelEdran,@fredygarcia9151,1
UC5H8ASmMC9WrURmzeB4ySog,UChZknRmJkeGeQk0-mQuhDOg,@ManuelEdran,@OdilioRodríguez-c5w,1
UC5H8ASmMC9WrURmzeB4ySog,UChep9kVb5gQmpodEEl10Xlg,@ManuelEdran,@carlosaguilar-kz7ml,1
UC5H8ASmMC9WrURmzeB4ySog,UChgkn5Jt5tWKYMoEOuCjz3Q,@ManuelEdran,@pablochitay46,1
UC5H8ASmMC9WrURmzeB4ySog,UCi1b_TRQfgO1Z9O2gNGGWNA,@ManuelEdran,@davidisraelesquitsaquil,1
UC5H8ASmMC9WrURmzeB4ySog,UCiGRBf2RNF0WRKhRVT7zFoA,@ManuelEdran,@edwinavila4876,1
UC5H8ASmMC9WrURmzeB4ySog,UCiMythXHsw7eQEMykCdmMUA,@ManuelEdran,@JavierBecerra-h6x,1
UC5H8ASmMC9WrURmzeB4ySog,UCipetjeiWj4CZB6EbyYziZg,@ManuelEdran,@OseasSamayoa-ol5rz,1
UC5H8ASmMC9WrURmzeB4ySog,UCj-LL25XJnjxepPKCc3NGog,@ManuelEdran,@anaaguirre8985,1
UC5H8ASmMC9WrURmzeB4ySog,UCjSKM9j0Q7HLDr1hD6D-TUw,@ManuelEdran,@josehidalgo4875,1
UC5H8ASmMC9WrURmzeB4ySog,UCjmPuazZJzscrwvk0QR9RVw,@ManuelEdran,@mynorrodas8591,1
UC5H8ASmMC9WrURmzeB4ySog,UCkd9W714-947dEE6ZOEBATA,@ManuelEdran,@ARGELIATELON,1
UC5H8ASmMC9WrURmzeB4ySog,UCl0ekS9Tt0jJGtOEM18S63w,@ManuelEdran,@monkchapin,1
UC5H8ASmMC9WrURmzeB4ySog,UCljDbleJul41G1TzOjOZAVA,@ManuelEdran,@hectorcarranza3777,1
UC5H8ASmMC9WrURmzeB4ySog,UCmjppp6ujz3SAnULvP3sZMw,@ManuelEdran,@marcomendez7509,1
UC5H8ASmMC9WrURmzeB4ySog,UCmvOgzmmXbjUthHy-WJ52hQ,@ManuelEdran,@mariorodas593,1
UC5H8ASmMC9WrURmzeB4ySog,UCp4iw5_5SmV9VGTFSNVGOmQ,@ManuelEdran,@CARLOSSTREMS51,1
UC5H8ASmMC9WrURmzeB4ySog,UCpIdtvoFHVLGASGB5ySqIEA,@ManuelEdran,@VidalVillatoro-p4w,1
UC5H8ASmMC9WrURmzeB4ySog,UCpl8rF8uv_8uui-QRvuJaRA,@ManuelEdran,@SergioGarcia-z9c,1
UC5H8ASmMC9WrURmzeB4ySog,UCplrIQtaPj6au60_f2-mOYw,@ManuelEdran,@romeolopezherrarte799,1
UC5H8ASmMC9WrURmzeB4ySog,UCpsKOkt5iWTbenzeuq7dsmQ,@ManuelEdran,@inge_vergueta,1
UC5H8ASmMC9WrURmzeB4ySog,UCr1emrogPKkKTs_WTtx71xg,@ManuelEdran,@domingopeneleu6457,1
UC5H8ASmMC9WrURmzeB4ySog,UCrJn_rbo_ENAdeqneS-RmRw,@ManuelEdran,@josecarrera9623,1
UC5H8ASmMC9WrURmzeB4ySog,UCsJJAvrVGupdmhOqgtDp8dg,@ManuelEdran,@nestorlorenzana1168,1
UC5H8ASmMC9WrURmzeB4ySog,UCsSXdJct-nsS8DsABoEsaYA,@ManuelEdran,@IvánPérez-j4j,1
UC5H8ASmMC9WrURmzeB4ySog,UCsUCN0Yq_UyTvKjOJLmNrnQ,@ManuelEdran,@moisesvaldez4043,1
UC5H8ASmMC9WrURmzeB4ySog,UCsjs5Hp_r86x1xbK6FAeqaA,@ManuelEdran,@alvaroesquivel563,1
UC5H8ASmMC9WrURmzeB4ySog,UCtNfIBnc5S5DbbQj_yxgJTw,@ManuelEdran,@JosueRamirez-ey3ih,1
UC5H8ASmMC9WrURmzeB4ySog,UCtUR3_CAiE7fCoZHM6cMfyQ,@ManuelEdran,@mdelcid01,1
UC5H8ASmMC9WrURmzeB4ySog,UCujPF2nBgsTD62nWE3lcpIg,@ManuelEdran,@victorarturoruanobautista7588,1
UC5H8ASmMC9WrURmzeB4ySog,UCvApqeCbLod-wejtT4CcVuA,@ManuelEdran,@davidgaher9550,1
UC5H8ASmMC9WrURmzeB4ySog,UCwO2SXr0ggzwg6QWWrr01nQ,@ManuelEdran,@ricardofigueroa5720,1
UC5H8ASmMC9WrURmzeB4ySog,UCwW2OFy95P7ZBkOPxWkpvYg,@ManuelEdran,@TeresaLucero-b5o,1
UC5H8ASmMC9WrURmzeB4ySog,UCwha8rxULYMVtNwZWeSkE1A,@ManuelEdran,@mariasamo8637,1
UC5H8ASmMC9WrURmzeB4ySog,UCySYJU5kUh7X8gVt9la2ISA,@ManuelEdran,@dantesarti4351,1
UC5H8ASmMC9WrURmzeB4ySog,UCylqlpsh8ENNM1LqgQ1KbxA,@ManuelEdran,@Jel.Awesh.M,1
UC5H8ASmMC9WrURmzeB4ySog,UCz3gu01bmjNv0DpRq-K3XYg,@ManuelEdran,@eusebiovasquez4385,1
UC5H8ASmMC9WrURmzeB4ySog,UCzSfZlOVxBSs5ObD25ywxDQ,@ManuelEdran,@GilmarMaldonado-q9m,1
UCHhHUjaMAZ8SiXdCUCj9DkQ,UC-hfX8J5JPJ-dfuakzegMLA,@fredymendez1786,@normaleticiaorozcojuarez2418,1
UCHhHUjaMAZ8SiXdCUCj9DkQ,UC-jS_kA9w-OmpupXDx156Rg,@fredymendez1786,@simoncreyesc7579,1
UCHhHUjaMAZ8SiXdCUCj9DkQ,UC-pNP6RMFuLg_-x7Ah_0kEA,@fredymendez1786,@almacatalan2717,1
UCHhHUjaMAZ8SiXdCUCj9DkQ,UC1vr9aaMI2crB0NvwFHUeoQ,@fredymendez1786,@JoseSimilox-p6e,1
UCHhHUjaMAZ8SiXdCUCj9DkQ,UC2Y_EHWQKevubk4vOEBBFxw,@fredymendez1786,@alfonsomorales2653,1
UCHhHUjaMAZ8SiXdCUCj9DkQ,UC2weSE8rpqkGMOp6StYtVfg,@fredymendez1786,@katerynsantiago2907,1
UCHhHUjaMAZ8SiXdCUCj9DkQ,UC3E9mAgP7VoAE5mZoAexl5g,@fredymendez1786,@EnnioAroche,1
UCHhHUjaMAZ8SiXdCUCj9DkQ,UC3MYTqpQqlWBuCB7Th0e0PA,@fredymendez1786,@isaaclopez7220,1
UCHhHUjaMAZ8SiXdCUCj9DkQ,UC3NMzdMYryaw82kPTnsaljg,@fredymendez1786,@marisosa7832,1
UCHhHUjaMAZ8SiXdCUCj9DkQ,UC3XTwHxygNCgjndsg-UiCQA,@fredymendez1786,@marioajset4283,1
UCHhHUjaMAZ8SiXdCUCj9DkQ,UC3qn1yJA5PeW9rkGPatQxiw,@fredymendez1786,@VICTOREST19,1
UCHhHUjaMAZ8SiXdCUCj9DkQ,UC4cXueR2bKGFJV0Fk76gwmA,@fredymendez1786,@aluxdel4792,1
UCHhHUjaMAZ8SiXdCUCj9DkQ,UC4wq3DcbfaG6dtCqn8Oyu3w,@fredymendez1786,@hugoasencio7764,1
UCHhHUjaMAZ8SiXdCUCj9DkQ,UC5bG9nc_JV3FsNP2KseQiYw,@fredymendez1786,@giovannirodas4836,1
UCHhHUjaMAZ8SiXdCUCj9DkQ,UC650pRT-OYzny3GwOH8Cgfw,@fredymendez1786,@edvinparedesherrera7632,1
UCHhHUjaMAZ8SiXdCUCj9DkQ,UC6YSZqL0vEcI-niPKIMUGfw,@fredymendez1786,@maxwellsales885,1
UCHhHUjaMAZ8SiXdCUCj9DkQ,UC72gBAtyb_VXQlYDcFrh6oQ,@fredymendez1786,@osmanmorales3012,1
UCHhHUjaMAZ8SiXdCUCj9DkQ,UC7VUuJr9cGh845CmTvf7TlQ,@fredymendez1786,@LuisCastillo-oz4df,1
UCHhHUjaMAZ8SiXdCUCj9DkQ,UC8F2V63KZ4ZEay6opX2hAQw,@fredymendez1786,@carmenr6311,1
UCHhHUjaMAZ8SiXdCUCj9DkQ,UC8G5cJONY8L9voMyBW8Eoug,@fredymendez1786,@luisparedes-pw6qt,1
UCHhHUjaMAZ8SiXdCUCj9DkQ,UC8r11yOugM2NuRfitQOxLLg,@fredymendez1786,@cesaraugustomoralesmonroy6907,1
UCHhHUjaMAZ8SiXdCUCj9DkQ,UC9vMq1YF-e7C-VO0SHkbUTA,@fredymendez1786,@ErvinLeonardoCarreraLatín,1
UCHhHUjaMAZ8SiXdCUCj9DkQ,UC9xr9QvIcDvoZNUX5f-jaZw,@fredymendez1786,@MariaaliciaColonmorales,1
UCHhHUjaMAZ8SiXdCUCj9DkQ,UCA93ym2TXs_Ibyxb4Vcn-6Q,@fredymendez1786,@oswaldosolis8728,1
UCHhHUjaMAZ8SiXdCUCj9DkQ,UCAlzM_N6xBlMYmM8EBzX86Q,@fredymendez1786,@carlossoto3252,1
UCHhHUjaMAZ8SiXdCUCj9DkQ,UCAmtbUiIrUIhikru0ZoTFig,@fredymendez1786,@Aura-vf6dm,1
UCHhHUjaMAZ8SiXdCUCj9DkQ,UCB5p8a5gklc80jJItP6xTHg,@fredymendez1786,@ernestogamboa8737,1
UCHhHUjaMAZ8SiXdCUCj9DkQ,UCCaYwkkbQGcvFoUmothVdQQ,@fredymendez1786,@OsvaldoAguirre-l3i,1
UCHhHUjaMAZ8SiXdCUCj9DkQ,UCDPWkUX3sNNaCx-m1dV4glA,@fredymendez1786,@hectoroliva949,1
UCHhHUjaMAZ8SiXdCUCj9DkQ,UCDQaQv0hr2SS_PO-CMEwVHg,@fredymendez1786,@federicosaquimux1933,1
UCHhHUjaMAZ8SiXdCUCj9DkQ,UCDUffaruH6dyUnUGwsTKpgg,@fredymendez1786,@luisletona2842,1
UCHhHUjaMAZ8SiXdCUCj9DkQ,UCDftMWXQoJ6nONfY7GVOVjg,@fredymendez1786,@luisgpacheco5858,1
UCHhHUjaMAZ8SiXdCUCj9DkQ,UCDlr1VadSucIZgZ171pRBjQ,@fredymendez1786,@cuabatzjj5924,1
UCHhHUjaMAZ8SiXdCUCj9DkQ,UCEgEQmRbtL5fwr9_DqAC--g,@fredymendez1786,@ArielRodas-g5y,1
UCHhHUjaMAZ8SiXdCUCj9DkQ,UCErZPJpHmLCsXs8ZWkAUupQ,@fredymendez1786,@dorisl.garciaroche7763,1
UCHhHUjaMAZ8SiXdCUCj9DkQ,UCFUuDARXdmmIrLppEqf-rFg,@fredymendez1786,@allanmunoz7410,1
UCHhHUjaMAZ8SiXdCUCj9DkQ,UCFhxtoeARHPnXXPcDrOU3Xg,@fredymendez1786,@diegoalejandrolopezmendez205,1
UCHhHUjaMAZ8SiXdCUCj9DkQ,UCFjudnPLoaSL1BaRuLahyHg,@fredymendez1786,@HaroldoCastillo-rh9iw,1
UCHhHUjaMAZ8SiXdCUCj9DkQ,UCFoIAE8k82D6AV-8gjjKaNg,@fredymendez1786,@eddymunoz9789,1
UCHhHUjaMAZ8SiXdCUCj9DkQ,UCFxE8GbokBrBsPEKM1xrOjQ,@fredymendez1786,@JuanDavila-qd7qj,1
UCHhHUjaMAZ8SiXdCUCj9DkQ,UCGzXwyCzMzGmjmCbH3Hg01Q,@fredymendez1786,@FidelZacarias-ph7dy,1
UCHhHUjaMAZ8SiXdCUCj9DkQ,UCHTGCgY2l-DQJIvlA_cpa_Q,@fredymendez1786,@virgiliogarcia3039,1
UCHhHUjaMAZ8SiXdCUCj9DkQ,UCKDR0f2fu2UzWL8mBv5-BHw,@fredymendez1786,@mireyamorales6595,1
UCHhHUjaMAZ8SiXdCUCj9DkQ,UCL13XhnRzbGokEkCkEOb0-g,@fredymendez1786,@raquelprado3643,1
UCHhHUjaMAZ8SiXdCUCj9DkQ,UCL1MT278vSaQ83ZDkVWn1gw,@fredymendez1786,@elmorodriguez6978,1
UCHhHUjaMAZ8SiXdCUCj9DkQ,UCLFdHr9BEbXHkoJopbEPLZw,@fredymendez1786,@kanterra4584,1
UCHhHUjaMAZ8SiXdCUCj9DkQ,UCLggDc_a5HriXv7I1h02sOA,@fredymendez1786,@guillermogonzalez5153,1
UCHhHUjaMAZ8SiXdCUCj9DkQ,UCNBnKqWf4d-rS4HwJRQljmQ,@fredymendez1786,@LE_A22,1
UCHhHUjaMAZ8SiXdCUCj9DkQ,UCNkcuy42zEwddwEcOd_HpnA,@fredymendez1786,@vanigomez492,1
UCHhHUjaMAZ8SiXdCUCj9DkQ,UCOS8ViEkccrTZx2w2ccxotA,@fredymendez1786,@OscarHernandez-q8y,1
UCHhHUjaMAZ8SiXdCUCj9DkQ,UCOh6DaZC_x9HASnlRylEMfw,@fredymendez1786,@AndresMedina-v1s,1
UCHhHUjaMAZ8SiXdCUCj9DkQ,UCQgYjVngJRfPHDLGB5X6ZjA,@fredymendez1786,@oscarnavas9996,1
UCHhHUjaMAZ8SiXdCUCj9DkQ,UCQqetiwzzmRNTM5OWuXarGQ,@fredymendez1786,@isaiaslopezvelasquez1539,1
UCHhHUjaMAZ8SiXdCUCj9DkQ,UCQtICyzWmhC5woCtbNgaSmg,@fredymendez1786,@nestormendez6216,1
UCHhHUjaMAZ8SiXdCUCj9DkQ,UCQtSFINs1h6GHkpg9o5kMvg,@fredymendez1786,@MacarioMartinezruiz,1
UCHhHUjaMAZ8SiXdCUCj9DkQ,UCRETAiYdh2dL5ZxB0_N1zDA,@fredymendez1786,@Joseroland21,1
UCHhHUjaMAZ8SiXdCUCj9DkQ,UCRlCV9zSn7avAWh-9_XFWqQ,@fredymendez1786,@ronyarana8849,1
UCHhHUjaMAZ8SiXdCUCj9DkQ,UCSou6a2OuYGSvPjm5psquyA,@fredymendez1786,@FranciscoRivera-sf7ne,1
UCHhHUjaMAZ8SiXdCUCj9DkQ,UCTD6q1nyIe3Y7HhqjaMj72w,@fredymendez1786,@JuanChang-r6k,1
UCHhHUjaMAZ8SiXdCUCj9DkQ,UCTP3O0rMnc8z8v8jaDQwL0w,@fredymendez1786,@RobertoZelaya-x1v,1
UCHhHUjaMAZ8SiXdCUCj9DkQ,UCThW2XNsAaBKme5PUt7n-Zg,@fredymendez1786,@thelmamoran8565,1
UCHhHUjaMAZ8SiXdCUCj9DkQ,UCTwSut16JyAg3mX6LVUNGqA,@fredymendez1786,@SuperVictor2005,1
UCHhHUjaMAZ8SiXdCUCj9DkQ,UCTylKrsqkrBKIqubMu_5N0Q,@fredymendez1786,@edwingeovanymarroquinmarro6684,1
UCHhHUjaMAZ8SiXdCUCj9DkQ,UCUIIIPTVDVHAXqhC_5V6lPA,@fredymendez1786,@gorrarota,1
UCHhHUjaMAZ8SiXdCUCj9DkQ,UCV0iizTBoOfdAFX_thfI9BA,@fredymendez1786,@BenjaminLarios-jd8nk,1
UCHhHUjaMAZ8SiXdCUCj9DkQ,UCXXh7yg5KUFIWylTiKVEFKQ,@fredymendez1786,@MrDuenderojo,1
UCHhHUjaMAZ8SiXdCUCj9DkQ,UCXgr7vXlRrsaskPdo097kGA,@fredymendez1786,@Rogergh-nw4oj,1
UCHhHUjaMAZ8SiXdCUCj9DkQ,UCXr8_5WtGeipe4haOoQDgyQ,@fredymendez1786,@amyherrera7352,1
UCHhHUjaMAZ8SiXdCUCj9DkQ,UCYN4wSQ1Sx4_LurxLlW7MPg,@fredymendez1786,@belarminavillatoro6474,1
UCHhHUjaMAZ8SiXdCUCj9DkQ,UCYwpX26TrCxq8TvbKGRYLXA,@fredymendez1786,@beneficioelcaminovillacana8540,1
UCHhHUjaMAZ8SiXdCUCj9DkQ,UCcfdg8crmMJwEuLUsAhV7yg,@fredymendez1786,@RolandoRaguay,1
UCHhHUjaMAZ8SiXdCUCj9DkQ,UCfM3nrxtTQMY5jFx1v1J4Gg,@fredymendez1786,@edgarroldan5539,1
UCHhHUjaMAZ8SiXdCUCj9DkQ,UCgvw7xIdGFupzpt1Y_BFkEA,@fredymendez1786,@fredygarcia9151,1
UCHhHUjaMAZ8SiXdCUCj9DkQ,UChZknRmJkeGeQk0-mQuhDOg,@fredymendez1786,@OdilioRodríguez-c5w,1
UCHhHUjaMAZ8SiXdCUCj9DkQ,UChep9kVb5gQmpodEEl10Xlg,@fredymendez1786,@carlosaguilar-kz7ml,1
UCHhHUjaMAZ8SiXdCUCj9DkQ,UChgkn5Jt5tWKYMoEOuCjz3Q,@fredymendez1786,@pablochitay46,1
UCHhHUjaMAZ8SiXdCUCj9DkQ,UCi1b_TRQfgO1Z9O2gNGGWNA,@fredymendez1786,@davidisraelesquitsaquil,1
UCHhHUjaMAZ8SiXdCUCj9DkQ,UCiGRBf2RNF0WRKhRVT7zFoA,@fredymendez1786,@edwinavila4876,1
UCHhHUjaMAZ8SiXdCUCj9DkQ,UCiMythXHsw7eQEMykCdmMUA,@fredymendez1786,@JavierBecerra-h6x,1
UCHhHUjaMAZ8SiXdCUCj9DkQ,UCipetjeiWj4CZB6EbyYziZg,@fredymendez1786,@OseasSamayoa-ol5rz,1
UCHhHUjaMAZ8SiXdCUCj9DkQ,UCj-LL25XJnjxepPKCc3NGog,@fredymendez1786,@anaaguirre8985,1
UCHhHUjaMAZ8SiXdCUCj9DkQ,UCjSKM9j0Q7HLDr1hD6D-TUw,@fredymendez1786,@josehidalgo4875,1
UCHhHUjaMAZ8SiXdCUCj9DkQ,UCjmPuazZJzscrwvk0QR9RVw,@fredymendez1786,@mynorrodas8591,1
UCHhHUjaMAZ8SiXdCUCj9DkQ,UCkd9W714-947dEE6ZOEBATA,@fredymendez1786,@ARGELIATELON,1
UCHhHUjaMAZ8SiXdCUCj9DkQ,UCl0ekS9Tt0jJGtOEM18S63w,@fredymendez1786,@monkchapin,1
UCHhHUjaMAZ8SiXdCUCj9DkQ,UCljDbleJul41G1TzOjOZAVA,@fredymendez1786,@hectorcarranza3777,1
UCHhHUjaMAZ8SiXdCUCj9DkQ,UCmjppp6ujz3SAnULvP3sZMw,@fredymendez1786,@marcomendez7509,1
UCHhHUjaMAZ8SiXdCUCj9DkQ,UCmvOgzmmXbjUthHy-WJ52hQ,@fredymendez1786,@mariorodas593,1
UCHhHUjaMAZ8SiXdCUCj9DkQ,UCp4iw5_5SmV9VGTFSNVGOmQ,@fredymendez1786,@CARLOSSTREMS51,1
UCHhHUjaMAZ8SiXdCUCj9DkQ,UCpIdtvoFHVLGASGB5ySqIEA,@fredymendez1786,@VidalVillatoro-p4w,1
UCHhHUjaMAZ8SiXdCUCj9DkQ,UCpl8rF8uv_8uui-QRvuJaRA,@fredymendez1786,@SergioGarcia-z9c,1
UCHhHUjaMAZ8SiXdCUCj9DkQ,UCplrIQtaPj6au60_f2-mOYw,@fredymendez1786,@romeolopezherrarte799,1
UCHhHUjaMAZ8SiXdCUCj9DkQ,UCpsKOkt5iWTbenzeuq7dsmQ,@fredymendez1786,@inge_vergueta,1
UCHhHUjaMAZ8SiXdCUCj9DkQ,UCr1emrogPKkKTs_WTtx71xg,@fredymendez1786,@domingopeneleu6457,1
UCHhHUjaMAZ8SiXdCUCj9DkQ,UCrJn_rbo_ENAdeqneS-RmRw,@fredymendez1786,@josecarrera9623,1
UCHhHUjaMAZ8SiXdCUCj9DkQ,UCsJJAvrVGupdmhOqgtDp8dg,@fredymendez1786,@nestorlorenzana1168,1
UCHhHUjaMAZ8SiXdCUCj9DkQ,UCsSXdJct-nsS8DsABoEsaYA,@fredymendez1786,@IvánPérez-j4j,1
UCHhHUjaMAZ8SiXdCUCj9DkQ,UCsUCN0Yq_UyTvKjOJLmNrnQ,@fredymendez1786,@moisesvaldez4043,1
UCHhHUjaMAZ8SiXdCUCj9DkQ,UCsjs5Hp_r86x1xbK6FAeqaA,@fredymendez1786,@alvaroesquivel563,1
UCHhHUjaMAZ8SiXdCUCj9DkQ,UCtNfIBnc5S5DbbQj_yxgJTw,@fredymendez1786,@JosueRamirez-ey3ih,1
UCHhHUjaMAZ8SiXdCUCj9DkQ,UCtUR3_CAiE7fCoZHM6cMfyQ,@fredymendez1786,@mdelcid01,1
UCHhHUjaMAZ8SiXdCUCj9DkQ,UCujPF2nBgsTD62nWE3lcpIg,@fredymendez1786,@victorarturoruanobautista7588,1
UCHhHUjaMAZ8SiXdCUCj9DkQ,UCvApqeCbLod-wejtT4CcVuA,@fredymendez1786,@davidgaher9550,1
UCHhHUjaMAZ8SiXdCUCj9DkQ,UCwO2SXr0ggzwg6QWWrr01nQ,@fredymendez1786,@ricardofigueroa5720,1
UCHhHUjaMAZ8SiXdCUCj9DkQ,UCwW2OFy95P7ZBkOPxWkpvYg,@fredymendez1786,@TeresaLucero-b5o,1
UCHhHUjaMAZ8SiXdCUCj9DkQ,UCwha8rxULYMVtNwZWeSkE1A,@fredymendez1786,@mariasamo8637,1
UCHhHUjaMAZ8SiXdCUCj9DkQ,UCySYJU5kUh7X8gVt9la2ISA,@fredymendez1786,@dantesarti4351,1
UCHhHUjaMAZ8SiXdCUCj9DkQ,UCylqlpsh8ENNM1LqgQ1KbxA,@fredymendez1786,@Jel.Awesh.M,1
UCHhHUjaMAZ8SiXdCUCj9DkQ,UCz3gu01bmjNv0DpRq-K3XYg,@fredymendez1786,@eusebiovasquez4385,1
UCHhHUjaMAZ8SiXdCUCj9DkQ,UCzSfZlOVxBSs5ObD25ywxDQ,@fredymendez1786,@GilmarMaldonado-q9m,1
UCgvw7xIdGFupzpt1Y_BFkEA,UC-hfX8J5JPJ-dfuakzegMLA,@fredygarcia9151,@normaleticiaorozcojuarez2418,1
UCgvw7xIdGFupzpt1Y_BFkEA,UC-jS_kA9w-OmpupXDx156Rg,@fredygarcia9151,@simoncreyesc7579,1
UCgvw7xIdGFupzpt1Y_BFkEA,UC-pNP6RMFuLg_-x7Ah_0kEA,@fredygarcia9151,@almacatalan2717,1
UCgvw7xIdGFupzpt1Y_BFkEA,UC1vr9aaMI2crB0NvwFHUeoQ,@fredygarcia9151,@JoseSimilox-p6e,1
UCgvw7xIdGFupzpt1Y_BFkEA,UC2Y_EHWQKevubk4vOEBBFxw,@fredygarcia9151,@alfonsomorales2653,1
UCgvw7xIdGFupzpt1Y_BFkEA,UC2weSE8rpqkGMOp6StYtVfg,@fredygarcia9151,@katerynsantiago2907,1
UCgvw7xIdGFupzpt1Y_BFkEA,UC3E9mAgP7VoAE5mZoAexl5g,@fredygarcia9151,@EnnioAroche,1
UCgvw7xIdGFupzpt1Y_BFkEA,UC3MYTqpQqlWBuCB7Th0e0PA,@fredygarcia9151,@isaaclopez7220,1
UCgvw7xIdGFupzpt1Y_BFkEA,UC3NMzdMYryaw82kPTnsaljg,@fredygarcia9151,@marisosa7832,1
UCgvw7xIdGFupzpt1Y_BFkEA,UC3XTwHxygNCgjndsg-UiCQA,@fredygarcia9151,@marioajset4283,1
UCgvw7xIdGFupzpt1Y_BFkEA,UC3qn1yJA5PeW9rkGPatQxiw,@fredygarcia9151,@VICTOREST19,1
UCgvw7xIdGFupzpt1Y_BFkEA,UC4cXueR2bKGFJV0Fk76gwmA,@fredygarcia9151,@aluxdel4792,1
UCgvw7xIdGFupzpt1Y_BFkEA,UC4wq3DcbfaG6dtCqn8Oyu3w,@fredygarcia9151,@hugoasencio7764,1
UCgvw7xIdGFupzpt1Y_BFkEA,UC5bG9nc_JV3FsNP2KseQiYw,@fredygarcia9151,@giovannirodas4836,1
UCgvw7xIdGFupzpt1Y_BFkEA,UC650pRT-OYzny3GwOH8Cgfw,@fredygarcia9151,@edvinparedesherrera7632,1
UCgvw7xIdGFupzpt1Y_BFkEA,UC6YSZqL0vEcI-niPKIMUGfw,@fredygarcia9151,@maxwellsales885,1
UCgvw7xIdGFupzpt1Y_BFkEA,UC72gBAtyb_VXQlYDcFrh6oQ,@fredygarcia9151,@osmanmorales3012,1
UCgvw7xIdGFupzpt1Y_BFkEA,UC7VUuJr9cGh845CmTvf7TlQ,@fredygarcia9151,@LuisCastillo-oz4df,1
UCgvw7xIdGFupzpt1Y_BFkEA,UC8F2V63KZ4ZEay6opX2hAQw,@fredygarcia9151,@carmenr6311,1
UCgvw7xIdGFupzpt1Y_BFkEA,UC8G5cJONY8L9voMyBW8Eoug,@fredygarcia9151,@luisparedes-pw6qt,1
UCgvw7xIdGFupzpt1Y_BFkEA,UC8r11yOugM2NuRfitQOxLLg,@fredygarcia9151,@cesaraugustomoralesmonroy6907,1
UCgvw7xIdGFupzpt1Y_BFkEA,UC9vMq1YF-e7C-VO0SHkbUTA,@fredygarcia9151,@ErvinLeonardoCarreraLatín,1
UCgvw7xIdGFupzpt1Y_BFkEA,UC9xr9QvIcDvoZNUX5f-jaZw,@fredygarcia9151,@MariaaliciaColonmorales,1
UCgvw7xIdGFupzpt1Y_BFkEA,UCA93ym2TXs_Ibyxb4Vcn-6Q,@fredygarcia9151,@oswaldosolis8728,1
UCgvw7xIdGFupzpt1Y_BFkEA,UCAlzM_N6xBlMYmM8EBzX86Q,@fredygarcia9151,@carlossoto3252,1
UCgvw7xIdGFupzpt1Y_BFkEA,UCAmtbUiIrUIhikru0ZoTFig,@fredygarcia9151,@Aura-vf6dm,1
UCgvw7xIdGFupzpt1Y_BFkEA,UCB5p8a5gklc80jJItP6xTHg,@fredygarcia9151,@ernestogamboa8737,1
UCgvw7xIdGFupzpt1Y_BFkEA,UCCaYwkkbQGcvFoUmothVdQQ,@fredygarcia9151,@OsvaldoAguirre-l3i,1
UCgvw7xIdGFupzpt1Y_BFkEA,UCDPWkUX3sNNaCx-m1dV4glA,@fredygarcia9151,@hectoroliva949,1
UCgvw7xIdGFupzpt1Y_BFkEA,UCDQaQv0hr2SS_PO-CMEwVHg,@fredygarcia9151,@federicosaquimux1933,1
UCgvw7xIdGFupzpt1Y_BFkEA,UCDUffaruH6dyUnUGwsTKpgg,@fredygarcia9151,@luisletona2842,1
UCgvw7xIdGFupzpt1Y_BFkEA,UCDftMWXQoJ6nONfY7GVOVjg,@fredygarcia9151,@luisgpacheco5858,1
UCgvw7xIdGFupzpt1Y_BFkEA,UCDlr1VadSucIZgZ171pRBjQ,@fredygarcia9151,@cuabatzjj5924,1
UCgvw7xIdGFupzpt1Y_BFkEA,UCEgEQmRbtL5fwr9_DqAC--g,@fredygarcia9151,@ArielRodas-g5y,1
UCgvw7xIdGFupzpt1Y_BFkEA,UCErZPJpHmLCsXs8ZWkAUupQ,@fredygarcia9151,@dorisl.garciaroche7763,1
UCgvw7xIdGFupzpt1Y_BFkEA,UCFUuDARXdmmIrLppEqf-rFg,@fredygarcia9151,@allanmunoz7410,1
UCgvw7xIdGFupzpt1Y_BFkEA,UCFhxtoeARHPnXXPcDrOU3Xg,@fredygarcia9151,@diegoalejandrolopezmendez205,1
UCgvw7xIdGFupzpt1Y_BFkEA,UCFjudnPLoaSL1BaRuLahyHg,@fredygarcia9151,@HaroldoCastillo-rh9iw,1
UCgvw7xIdGFupzpt1Y_BFkEA,UCFoIAE8k82D6AV-8gjjKaNg,@fredygarcia9151,@eddymunoz9789,1
UCgvw7xIdGFupzpt1Y_BFkEA,UCFxE8GbokBrBsPEKM1xrOjQ,@fredygarcia9151,@JuanDavila-qd7qj,1
UCgvw7xIdGFupzpt1Y_BFkEA,UCGzXwyCzMzGmjmCbH3Hg01Q,@fredygarcia9151,@FidelZacarias-ph7dy,1
UCgvw7xIdGFupzpt1Y_BFkEA,UCHTGCgY2l-DQJIvlA_cpa_Q,@fredygarcia9151,@virgiliogarcia3039,1
UCgvw7xIdGFupzpt1Y_BFkEA,UCKDR0f2fu2UzWL8mBv5-BHw,@fredygarcia9151,@mireyamorales6595,1
UCgvw7xIdGFupzpt1Y_BFkEA,UCL13XhnRzbGokEkCkEOb0-g,@fredygarcia9151,@raquelprado3643,1
UCgvw7xIdGFupzpt1Y_BFkEA,UCL1MT278vSaQ83ZDkVWn1gw,@fredygarcia9151,@elmorodriguez6978,1
UCgvw7xIdGFupzpt1Y_BFkEA,UCLFdHr9BEbXHkoJopbEPLZw,@fredygarcia9151,@kanterra4584,1
UCgvw7xIdGFupzpt1Y_BFkEA,UCLggDc_a5HriXv7I1h02sOA,@fredygarcia9151,@guillermogonzalez5153,1
UCgvw7xIdGFupzpt1Y_BFkEA,UCNBnKqWf4d-rS4HwJRQljmQ,@fredygarcia9151,@LE_A22,1
UCgvw7xIdGFupzpt1Y_BFkEA,UCNkcuy42zEwddwEcOd_HpnA,@fredygarcia9151,@vanigomez492,1
UCgvw7xIdGFupzpt1Y_BFkEA,UCOS8ViEkccrTZx2w2ccxotA,@fredygarcia9151,@OscarHernandez-q8y,1
UCgvw7xIdGFupzpt1Y_BFkEA,UCOh6DaZC_x9HASnlRylEMfw,@fredygarcia9151,@AndresMedina-v1s,1
UCgvw7xIdGFupzpt1Y_BFkEA,UCQgYjVngJRfPHDLGB5X6ZjA,@fredygarcia9151,@oscarnavas9996,1
UCgvw7xIdGFupzpt1Y_BFkEA,UCQqetiwzzmRNTM5OWuXarGQ,@fredygarcia9151,@isaiaslopezvelasquez1539,1
UCgvw7xIdGFupzpt1Y_BFkEA,UCQtICyzWmhC5woCtbNgaSmg,@fredygarcia9151,@nestormendez6216,1
UCgvw7xIdGFupzpt1Y_BFkEA,UCQtSFINs1h6GHkpg9o5kMvg,@fredygarcia9151,@MacarioMartinezruiz,1
UCgvw7xIdGFupzpt1Y_BFkEA,UCRETAiYdh2dL5ZxB0_N1zDA,@fredygarcia9151,@Joseroland21,1
UCgvw7xIdGFupzpt1Y_BFkEA,UCRlCV9zSn7avAWh-9_XFWqQ,@fredygarcia9151,@ronyarana8849,1
UCgvw7xIdGFupzpt1Y_BFkEA,UCSou6a2OuYGSvPjm5psquyA,@fredygarcia9151,@FranciscoRivera-sf7ne,1
UCgvw7xIdGFupzpt1Y_BFkEA,UCTD6q1nyIe3Y7HhqjaMj72w,@fredygarcia9151,@JuanChang-r6k,1
UCgvw7xIdGFupzpt1Y_BFkEA,UCTP3O0rMnc8z8v8jaDQwL0w,@fredygarcia9151,@RobertoZelaya-x1v,1
UCgvw7xIdGFupzpt1Y_BFkEA,UCThW2XNsAaBKme5PUt7n-Zg,@fredygarcia9151,@thelmamoran8565,1
UCgvw7xIdGFupzpt1Y_BFkEA,UCTwSut16JyAg3mX6LVUNGqA,@fredygarcia9151,@SuperVictor2005,1
UCgvw7xIdGFupzpt1Y_BFkEA,UCTylKrsqkrBKIqubMu_5N0Q,@fredygarcia9151,@edwingeovanymarroquinmarro6684,1
UCgvw7xIdGFupzpt1Y_BFkEA,UCUIIIPTVDVHAXqhC_5V6lPA,@fredygarcia9151,@gorrarota,1
UCgvw7xIdGFupzpt1Y_BFkEA,UCV0iizTBoOfdAFX_thfI9BA,@fredygarcia9151,@BenjaminLarios-jd8nk,1
UCgvw7xIdGFupzpt1Y_BFkEA,UCXXh7yg5KUFIWylTiKVEFKQ,@fredygarcia9151,@MrDuenderojo,1
UCgvw7xIdGFupzpt1Y_BFkEA,UCXgr7vXlRrsaskPdo097kGA,@fredygarcia9151,@Rogergh-nw4oj,1
UCgvw7xIdGFupzpt1Y_BFkEA,UCXr8_5WtGeipe4haOoQDgyQ,@fredygarcia9151,@amyherrera7352,1
UCgvw7xIdGFupzpt1Y_BFkEA,UCYN4wSQ1Sx4_LurxLlW7MPg,@fredygarcia9151,@belarminavillatoro6474,1
UCgvw7xIdGFupzpt1Y_BFkEA,UCYwpX26TrCxq8TvbKGRYLXA,@fredygarcia9151,@beneficioelcaminovillacana8540,1
UCgvw7xIdGFupzpt1Y_BFkEA,UCcfdg8crmMJwEuLUsAhV7yg,@fredygarcia9151,@RolandoRaguay,1
UCgvw7xIdGFupzpt1Y_BFkEA,UCfM3nrxtTQMY5jFx1v1J4Gg,@fredygarcia9151,@edgarroldan5539,1
UCgvw7xIdGFupzpt1Y_BFkEA,UChZknRmJkeGeQk0-mQuhDOg,@fredygarcia9151,@OdilioRodríguez-c5w,1
UCgvw7xIdGFupzpt1Y_BFkEA,UChep9kVb5gQmpodEEl10Xlg,@fredygarcia9151,@carlosaguilar-kz7ml,1
UCgvw7xIdGFupzpt1Y_BFkEA,UChgkn5Jt5tWKYMoEOuCjz3Q,@fredygarcia9151,@pablochitay46,1
UCgvw7xIdGFupzpt1Y_BFkEA,UCi1b_TRQfgO1Z9O2gNGGWNA,@fredygarcia9151,@davidisraelesquitsaquil,1
UCgvw7xIdGFupzpt1Y_BFkEA,UCiGRBf2RNF0WRKhRVT7zFoA,@fredygarcia9151,@edwinavila4876,1
UCgvw7xIdGFupzpt1Y_BFkEA,UCiMythXHsw7eQEMykCdmMUA,@fredygarcia9151,@JavierBecerra-h6x,1
UCgvw7xIdGFupzpt1Y_BFkEA,UCipetjeiWj4CZB6EbyYziZg,@fredygarcia9151,@OseasSamayoa-ol5rz,1
UCgvw7xIdGFupzpt1Y_BFkEA,UCj-LL25XJnjxepPKCc3NGog,@fredygarcia9151,@anaaguirre8985,1
UCgvw7xIdGFupzpt1Y_BFkEA,UCjSKM9j0Q7HLDr1hD6D-TUw,@fredygarcia9151,@josehidalgo4875,1
UCgvw7xIdGFupzpt1Y_BFkEA,UCjmPuazZJzscrwvk0QR9RVw,@fredygarcia9151,@mynorrodas8591,1
UCgvw7xIdGFupzpt1Y_BFkEA,UCkd9W714-947dEE6ZOEBATA,@fredygarcia9151,@ARGELIATELON,1
UCgvw7xIdGFupzpt1Y_BFkEA,UCl0ekS9Tt0jJGtOEM18S63w,@fredygarcia9151,@monkchapin,1
UCgvw7xIdGFupzpt1Y_BFkEA,UCljDbleJul41G1TzOjOZAVA,@fredygarcia9151,@hectorcarranza3777,1
UCgvw7xIdGFupzpt1Y_BFkEA,UCmjppp6ujz3SAnULvP3sZMw,@fredygarcia9151,@marcomendez7509,1
UCgvw7xIdGFupzpt1Y_BFkEA,UCmvOgzmmXbjUthHy-WJ52hQ,@fredygarcia9151,@mariorodas593,1
UCgvw7xIdGFupzpt1Y_BFkEA,UCp4iw5_5SmV9VGTFSNVGOmQ,@fredygarcia9151,@CARLOSSTREMS51,1
UCgvw7xIdGFupzpt1Y_BFkEA,UCpIdtvoFHVLGASGB5ySqIEA,@fredygarcia9151,@VidalVillatoro-p4w,1
UCgvw7xIdGFupzpt1Y_BFkEA,UCpl8rF8uv_8uui-QRvuJaRA,@fredygarcia9151,@SergioGarcia-z9c,1
UCgvw7xIdGFupzpt1Y_BFkEA,UCplrIQtaPj6au60_f2-mOYw,@fredygarcia9151,@romeolopezherrarte799,1
UCgvw7xIdGFupzpt1Y_BFkEA,UCpsKOkt5iWTbenzeuq7dsmQ,@fredygarcia9151,@inge_vergueta,1
UCgvw7xIdGFupzpt1Y_BFkEA,UCr1emrogPKkKTs_WTtx71xg,@fredygarcia9151,@domingopeneleu6457,1
UCgvw7xIdGFupzpt1Y_BFkEA,UCrJn_rbo_ENAdeqneS-RmRw,@fredygarcia9151,@josecarrera9623,1
UCgvw7xIdGFupzpt1Y_BFkEA,UCsJJAvrVGupdmhOqgtDp8dg,@fredygarcia9151,@nestorlorenzana1168,1
UCgvw7xIdGFupzpt1Y_BFkEA,UCsSXdJct-nsS8DsABoEsaYA,@fredygarcia9151,@IvánPérez-j4j,1
UCgvw7xIdGFupzpt1Y_BFkEA,UCsUCN0Yq_UyTvKjOJLmNrnQ,@fredygarcia9151,@moisesvaldez4043,1
UCgvw7xIdGFupzpt1Y_BFkEA,UCsjs5Hp_r86x1xbK6FAeqaA,@fredygarcia9151,@alvaroesquivel563,1
UCgvw7xIdGFupzpt1Y_BFkEA,UCtNfIBnc5S5DbbQj_yxgJTw,@fredygarcia9151,@JosueRamirez-ey3ih,1
UCgvw7xIdGFupzpt1Y_BFkEA,UCtUR3_CAiE7fCoZHM6cMfyQ,@fredygarcia9151,@mdelcid01,1
UCgvw7xIdGFupzpt1Y_BFkEA,UCujPF2nBgsTD62nWE3lcpIg,@fredygarcia9151,@victorarturoruanobautista7588,1
UCgvw7xIdGFupzpt1Y_BFkEA,UCvApqeCbLod-wejtT4CcVuA,@fredygarcia9151,@davidgaher9550,1
UCgvw7xIdGFupzpt1Y_BFkEA,UCwO2SXr0ggzwg6QWWrr01nQ,@fredygarcia9151,@ricardofigueroa5720,1
UCgvw7xIdGFupzpt1Y_BFkEA,UCwW2OFy95P7ZBkOPxWkpvYg,@fredygarcia9151,@TeresaLucero-b5o,1
UCgvw7xIdGFupzpt1Y_BFkEA,UCwha8rxULYMVtNwZWeSkE1A,@fredygarcia9151,@mariasamo8637,1
UCgvw7xIdGFupzpt1Y_BFkEA,UCySYJU5kUh7X8gVt9la2ISA,@fredygarcia9151,@dantesarti4351,1
UCgvw7xIdGFupzpt1Y_BFkEA,UCylqlpsh8ENNM1LqgQ1KbxA,@fredygarcia9151,@Jel.Awesh.M,1
UCgvw7xIdGFupzpt1Y_BFkEA,UCz3gu01bmjNv0DpRq-K3XYg,@fredygarcia9151,@eusebiovasquez4385,1
UCgvw7xIdGFupzpt1Y_BFkEA,UCzSfZlOVxBSs5ObD25ywxDQ,@fredygarcia9151,@GilmarMaldonado-q9m,1
UCeDNEtI8_a42bZ47wJiJMwQ,UC-fiZBS5Gp1eCJd9ucgWnCg,@EdgarcalderonCalderong,@Tommii.10,1
UCeDNEtI8_a42bZ47wJiJMwQ,UC1DpqK6vaPEkBOMNvypsKYg,@EdgarcalderonCalderong,@HectorCarranza-u4j4o,1
UCeDNEtI8_a42bZ47wJiJMwQ,UC32oozucwCF3q8d4m8fyOUg,@EdgarcalderonCalderong,@RauldejesusOlivagonzalez,1
UCeDNEtI8_a42bZ47wJiJMwQ,UC3UVO7pTbeYvZ3ILEyRDskQ,@EdgarcalderonCalderong,@rosaelenaargueta79,1
UCeDNEtI8_a42bZ47wJiJMwQ,UC4Avya4kmR4Q0FrfFdBozSQ,@EdgarcalderonCalderong,@davidlima1348,1
UCeDNEtI8_a42bZ47wJiJMwQ,UC5hvEnRUzI4Kfvwnyi4QxqQ,@EdgarcalderonCalderong,@leonelsantizo5281,1
UCeDNEtI8_a42bZ47wJiJMwQ,UC6Uj1FT5JjDSF8vudvDxPAA,@EdgarcalderonCalderong,@alfredoortega9264,1
UCeDNEtI8_a42bZ47wJiJMwQ,UC7dadZG7kkGYnsNu6td0FbA,@EdgarcalderonCalderong,@lesolorzano,1
UCeDNEtI8_a42bZ47wJiJMwQ,UC816IGbFCZinfYS1LRDaaHg,@EdgarcalderonCalderong,@ingenieroar,1
UCeDNEtI8_a42bZ47wJiJMwQ,UCAKuKvcbfnBD3kF5njNu-IA,@EdgarcalderonCalderong,@melvinlopez7096,1
UCeDNEtI8_a42bZ47wJiJMwQ,UCCBYcToQ2dwkd6TJh0FSyDg,@EdgarcalderonCalderong,@lidiarodriguez3493,1
UCeDNEtI8_a42bZ47wJiJMwQ,UCDrmf9y9nLgFY5wnA2hTuGA,@EdgarcalderonCalderong,@laboratorio5528,1
UCeDNEtI8_a42bZ47wJiJMwQ,UCGGHbtfbbe0o68etrOf0qxw,@EdgarcalderonCalderong,@karensussetteleonvargas9794,1
UCeDNEtI8_a42bZ47wJiJMwQ,UCHbwIx9pmQuf7i-4_xO2EpA,@EdgarcalderonCalderong,@caminoseternos752,1
UCeDNEtI8_a42bZ47wJiJMwQ,UCOcUI5XkTYNMSFhZNMIPpGg,@EdgarcalderonCalderong,@hendersonlopez3864,1
UCeDNEtI8_a42bZ47wJiJMwQ,UCQqlPPUGqAfWjd-FSh_qn7Q,@EdgarcalderonCalderong,@estuardoargueta137,1
UCeDNEtI8_a42bZ47wJiJMwQ,UCRvPToDkkumha7WJAfCDk1A,@EdgarcalderonCalderong,@ligiaguerra3057,1
UCeDNEtI8_a42bZ47wJiJMwQ,UCUoYsrx1oZnCZ0usbBJn4fA,@EdgarcalderonCalderong,@AnaDiaz-re9sq,1
UCeDNEtI8_a42bZ47wJiJMwQ,UCV0lM03g5fg5pbPj97-sAtA,@EdgarcalderonCalderong,@genarodelgado3929,1
UCeDNEtI8_a42bZ47wJiJMwQ,UCW-JC6lebVmf2P1dmY_L94g,@EdgarcalderonCalderong,@dinoraoroxon5771,1
UCeDNEtI8_a42bZ47wJiJMwQ,UCW80DaMjQlEUibC98Cot-Dg,@EdgarcalderonCalderong,@rogeraldana4289,1
UCeDNEtI8_a42bZ47wJiJMwQ,UCWoAVGVqCn4xtINCMOTM4jg,@EdgarcalderonCalderong,@OmarMartinez-vv8re,1
UCeDNEtI8_a42bZ47wJiJMwQ,UCZeIIQrGAedW8tCbKWmGY-A,@EdgarcalderonCalderong,@mariocordon8873,1
UCeDNEtI8_a42bZ47wJiJMwQ,UC_LYoGs5C3mbZKZuKuqYCvw,@EdgarcalderonCalderong,@javiercifuentesarchila6041,1
UCeDNEtI8_a42bZ47wJiJMwQ,UCe8JZoYkX5oKUZyivHYdXhw,@EdgarcalderonCalderong,@FernandoGarcia-jg1fj,1
UCeDNEtI8_a42bZ47wJiJMwQ,UCgJNFj5dnxXpcMvmuhZDPxA,@EdgarcalderonCalderong,@NataliaRodriguez-rx5mr,1
UCeDNEtI8_a42bZ47wJiJMwQ,UCgQw_Sbq3ugruDUKsq1e0-A,@EdgarcalderonCalderong,@marlenareano-h4t,1
UCeDNEtI8_a42bZ47wJiJMwQ,UCiC-Jn7wdgyQV4_Urk0DkWQ,@EdgarcalderonCalderong,@pedroros6358,1
UCeDNEtI8_a42bZ47wJiJMwQ,UClhMWQ7XKWywYvbRnuf8QsA,@EdgarcalderonCalderong,@EcPerez-zz9oh,1
UCeDNEtI8_a42bZ47wJiJMwQ,UClqA491Xa5fQcXcJJa-vTWw,@EdgarcalderonCalderong,@AndresLemus-k2d,1
UCeDNEtI8_a42bZ47wJiJMwQ,UColMq7LmaoY3MT6aIDGrGvA,@EdgarcalderonCalderong,@quijotachapina1,1
UCeDNEtI8_a42bZ47wJiJMwQ,UCpe5jW3MIqkgTJ-PgkzvM6Q,@EdgarcalderonCalderong,@carloslam5333,1
UCeDNEtI8_a42bZ47wJiJMwQ,UCpsKOkt5iWTbenzeuq7dsmQ,@EdgarcalderonCalderong,@inge_vergueta,1
UCeDNEtI8_a42bZ47wJiJMwQ,UCqCrvuoJpC-aVb0f4logQRQ,@EdgarcalderonCalderong,@Lyrics_GT,1
UCeDNEtI8_a42bZ47wJiJMwQ,UCsGoJEvb-cFPZ2rWoJcXzEQ,@EdgarcalderonCalderong,@sergiohinestroza9709,1
UCeDNEtI8_a42bZ47wJiJMwQ,UCu8_3-Wg-YzNyvHYQDEscfw,@EdgarcalderonCalderong,@RolandoCastroPérez-d7y,1
UCeDNEtI8_a42bZ47wJiJMwQ,UCuXmOjxC-htcprLgeVXz6Tg,@EdgarcalderonCalderong,@jorgeaguilar-bq3uj,1
UCeDNEtI8_a42bZ47wJiJMwQ,UCwjUvRseNtJoItylIyIez7Q,@EdgarcalderonCalderong,@Silviazea,1
UCeDNEtI8_a42bZ47wJiJMwQ,UCylqlpsh8ENNM1LqgQ1KbxA,@EdgarcalderonCalderong,@Jel.Awesh.M,1
UCiOZX__1gahg1ypIj0_XG_w,UC-HeUTT6_g-VoiWds2a4H-w,@mariogonzalezorellana8956,@JorgeMunoz-gd9et,1
UCiOZX__1gahg1ypIj0_XG_w,UC-Iul5tDYH_oiAMXQH-KaaQ,@mariogonzalezorellana8956,@AlbertoMancilla-p9h,1
UCiOZX__1gahg1ypIj0_XG_w,UC0HvfEWozTHbwl_iEmJNvVA,@mariogonzalezorellana8956,@OttoPalencia-b7r,1
UCiOZX__1gahg1ypIj0_XG_w,UC14qlobYKqD-DO0j6b75lcA,@mariogonzalezorellana8956,@megavision4488,1
UCiOZX__1gahg1ypIj0_XG_w,UC1NiEdJ7gk6FlDexIalWnGg,@mariogonzalezorellana8956,@BorisTebalán,1
UCiOZX__1gahg1ypIj0_XG_w,UC3YpzAr7pcdKC7BVFEpYzog,@mariogonzalezorellana8956,@carmenfigueroa1232,1
UCiOZX__1gahg1ypIj0_XG_w,UC63tFvbQ_hJhGDi2nbjssjw,@mariogonzalezorellana8956,@AbigailRodas-w2r,1
UCiOZX__1gahg1ypIj0_XG_w,UCEHXl4VvvVpq-_4xC5tsbhg,@mariogonzalezorellana8956,@anibalg47,1
UCiOZX__1gahg1ypIj0_XG_w,UCRfkkatKrNtAARnXMMYBGlA,@mariogonzalezorellana8956,@BernerSoza-mg3vx,1
UCiOZX__1gahg1ypIj0_XG_w,UCV3fr-YOixFKCZBbJP1-X4w,@mariogonzalezorellana8956,@albertoshernandez5251,1
UCiOZX__1gahg1ypIj0_XG_w,UCWvntqPQx99k_Z_skWKqNSA,@mariogonzalezorellana8956,@AntonioChiyal-x5s,1
UCiOZX__1gahg1ypIj0_XG_w,UCZFQwqh90apuL8eFhvRBkUg,@mariogonzalezorellana8956,@luisricardo9671,1
UCiOZX__1gahg1ypIj0_XG_w,UCa36MjQLoPAmgJo-R3G8WQA,@mariogonzalezorellana8956,@elsasalguero6914,1
UCiOZX__1gahg1ypIj0_XG_w,UCaT4saRcyqCLE657Rq2hhZQ,@mariogonzalezorellana8956,@elmilenial4064,1
UCiOZX__1gahg1ypIj0_XG_w,UCeQk-WfEA-cJRq4EKeE7TOw,@mariogonzalezorellana8956,@franciscojuarez9223,1
UCiOZX__1gahg1ypIj0_XG_w,UCfo_yUPzy1f1POwwZxhZ06Q,@mariogonzalezorellana8956,@lara11roberto,1
UCiOZX__1gahg1ypIj0_XG_w,UCgGqw4aqMdMVSGkKiMgrJRQ,@mariogonzalezorellana8956,@pattyfigueroa5609,1
UCiOZX__1gahg1ypIj0_XG_w,UCheEJ5GZuIvV0fj-nXyVwXw,@mariogonzalezorellana8956,@rosaoliva9389,1
UCiOZX__1gahg1ypIj0_XG_w,UChyps3dqY-VY1_wLeq-2lhw,@mariogonzalezorellana8956,@maydamorales4395,1
UCiOZX__1gahg1ypIj0_XG_w,UCjZgFEowMBrsjodqfovzdKw,@mariogonzalezorellana8956,@franciscoflores3120,1
UCiOZX__1gahg1ypIj0_XG_w,UCoGdCoJg2Lh0OX_jv6cG16g,@mariogonzalezorellana8956,@Israel-u5i7i,1
UCiOZX__1gahg1ypIj0_XG_w,UCp29O_C7cchZV8IxV7Crdag,@mariogonzalezorellana8956,@robertoescobar5507,1
UCiOZX__1gahg1ypIj0_XG_w,UCql1n3Ey6ULMSOACjMe-fxQ,@mariogonzalezorellana8956,@RolandoGonzalez-o7g,1
UCiOZX__1gahg1ypIj0_XG_w,UCtCtts20bW6F9CSohau51Iw,@mariogonzalezorellana8956,@carlosgranados9875,1
UCiOZX__1gahg1ypIj0_XG_w,UCtsxPYw8VUsH_FfnKg-0lmw,@mariogonzalezorellana8956,@AlejandroPérez-b6r,1
UCiOZX__1gahg1ypIj0_XG_w,UCvDwJBBY1mHK70aTEYl6rsA,@mariogonzalezorellana8956,@cristianescobedo8296,1
UCiOZX__1gahg1ypIj0_XG_w,UCyJhqmMbsvjpoarBBStA2kg,@mariogonzalezorellana8956,@Murmullodelbarrio,1
UCiOZX__1gahg1ypIj0_XG_w,UCzZ6dDCEsLMXbc5pCFXIprw,@mariogonzalezorellana8956,@josegil3813,1
UCqCrvuoJpC-aVb0f4logQRQ,UC-fiZBS5Gp1eCJd9ucgWnCg,@Lyrics_GT,@Tommii.10,1
UCqCrvuoJpC-aVb0f4logQRQ,UC1DpqK6vaPEkBOMNvypsKYg,@Lyrics_GT,@HectorCarranza-u4j4o,1
UCqCrvuoJpC-aVb0f4logQRQ,UC32oozucwCF3q8d4m8fyOUg,@Lyrics_GT,@RauldejesusOlivagonzalez,1
UCqCrvuoJpC-aVb0f4logQRQ,UC3UVO7pTbeYvZ3ILEyRDskQ,@Lyrics_GT,@rosaelenaargueta79,1
UCqCrvuoJpC-aVb0f4logQRQ,UC4Avya4kmR4Q0FrfFdBozSQ,@Lyrics_GT,@davidlima1348,1
UCqCrvuoJpC-aVb0f4logQRQ,UC5hvEnRUzI4Kfvwnyi4QxqQ,@Lyrics_GT,@leonelsantizo5281,1
UCqCrvuoJpC-aVb0f4logQRQ,UC6Uj1FT5JjDSF8vudvDxPAA,@Lyrics_GT,@alfredoortega9264,1
UCqCrvuoJpC-aVb0f4logQRQ,UC7dadZG7kkGYnsNu6td0FbA,@Lyrics_GT,@lesolorzano,1
UCqCrvuoJpC-aVb0f4logQRQ,UC816IGbFCZinfYS1LRDaaHg,@Lyrics_GT,@ingenieroar,1
UCqCrvuoJpC-aVb0f4logQRQ,UCAKuKvcbfnBD3kF5njNu-IA,@Lyrics_GT,@melvinlopez7096,1
UCqCrvuoJpC-aVb0f4logQRQ,UCCBYcToQ2dwkd6TJh0FSyDg,@Lyrics_GT,@lidiarodriguez3493,1
UCqCrvuoJpC-aVb0f4logQRQ,UCDrmf9y9nLgFY5wnA2hTuGA,@Lyrics_GT,@laboratorio5528,1
UCqCrvuoJpC-aVb0f4logQRQ,UCGGHbtfbbe0o68etrOf0qxw,@Lyrics_GT,@karensussetteleonvargas9794,1
UCqCrvuoJpC-aVb0f4logQRQ,UCHbwIx9pmQuf7i-4_xO2EpA,@Lyrics_GT,@caminoseternos752,1
UCqCrvuoJpC-aVb0f4logQRQ,UCOcUI5XkTYNMSFhZNMIPpGg,@Lyrics_GT,@hendersonlopez3864,1
UCqCrvuoJpC-aVb0f4logQRQ,UCQqlPPUGqAfWjd-FSh_qn7Q,@Lyrics_GT,@estuardoargueta137,1
UCqCrvuoJpC-aVb0f4logQRQ,UCRvPToDkkumha7WJAfCDk1A,@Lyrics_GT,@ligiaguerra3057,1
UCqCrvuoJpC-aVb0f4logQRQ,UCUoYsrx1oZnCZ0usbBJn4fA,@Lyrics_GT,@AnaDiaz-re9sq,1
UCqCrvuoJpC-aVb0f4logQRQ,UCV0lM03g5fg5pbPj97-sAtA,@Lyrics_GT,@genarodelgado3929,1
UCqCrvuoJpC-aVb0f4logQRQ,UCW-JC6lebVmf2P1dmY_L94g,@Lyrics_GT,@dinoraoroxon5771,1
UCqCrvuoJpC-aVb0f4logQRQ,UCW80DaMjQlEUibC98Cot-Dg,@Lyrics_GT,@rogeraldana4289,1
UCqCrvuoJpC-aVb0f4logQRQ,UCWoAVGVqCn4xtINCMOTM4jg,@Lyrics_GT,@OmarMartinez-vv8re,1
UCqCrvuoJpC-aVb0f4logQRQ,UCZeIIQrGAedW8tCbKWmGY-A,@Lyrics_GT,@mariocordon8873,1
UCqCrvuoJpC-aVb0f4logQRQ,UC_LYoGs5C3mbZKZuKuqYCvw,@Lyrics_GT,@javiercifuentesarchila6041,1
UCqCrvuoJpC-aVb0f4logQRQ,UCe8JZoYkX5oKUZyivHYdXhw,@Lyrics_GT,@FernandoGarcia-jg1fj,1
UCqCrvuoJpC-aVb0f4logQRQ,UCgJNFj5dnxXpcMvmuhZDPxA,@Lyrics_GT,@NataliaRodriguez-rx5mr,1
UCqCrvuoJpC-aVb0f4logQRQ,UCgQw_Sbq3ugruDUKsq1e0-A,@Lyrics_GT,@marlenareano-h4t,1
UCqCrvuoJpC-aVb0f4logQRQ,UCiC-Jn7wdgyQV4_Urk0DkWQ,@Lyrics_GT,@pedroros6358,1
UCqCrvuoJpC-aVb0f4logQRQ,UClhMWQ7XKWywYvbRnuf8QsA,@Lyrics_GT,@EcPerez-zz9oh,1
UCqCrvuoJpC-aVb0f4logQRQ,UClqA491Xa5fQcXcJJa-vTWw,@Lyrics_GT,@AndresLemus-k2d,1
UCqCrvuoJpC-aVb0f4logQRQ,UColMq7LmaoY3MT6aIDGrGvA,@Lyrics_GT,@quijotachapina1,1
UCqCrvuoJpC-aVb0f4logQRQ,UCpe5jW3MIqkgTJ-PgkzvM6Q,@Lyrics_GT,@carloslam5333,1
UCqCrvuoJpC-aVb0f4logQRQ,UCpsKOkt5iWTbenzeuq7dsmQ,@Lyrics_GT,@inge_vergueta,1
UCqCrvuoJpC-aVb0f4logQRQ,UCsGoJEvb-cFPZ2rWoJcXzEQ,@Lyrics_GT,@sergiohinestroza9709,1
UCqCrvuoJpC-aVb0f4logQRQ,UCu8_3-Wg-YzNyvHYQDEscfw,@Lyrics_GT,@RolandoCastroPérez-d7y,1
UCqCrvuoJpC-aVb0f4logQRQ,UCuXmOjxC-htcprLgeVXz6Tg,@Lyrics_GT,@jorgeaguilar-bq3uj,1
UCqCrvuoJpC-aVb0f4logQRQ,UCwjUvRseNtJoItylIyIez7Q,@Lyrics_GT,@Silviazea,1
UCqCrvuoJpC-aVb0f4logQRQ,UCylqlpsh8ENNM1LqgQ1KbxA,@Lyrics_GT,@Jel.Awesh.M,1
UCld2stqxaVSk0QdGncM224A,UCNiMNUJvaRJb0_QLClqwVnA,@sarahernandez3873,@Santiago.Nolasco,1
UCld2stqxaVSk0QdGncM224A,UCtowGNY2lnlg6O2CkwDgkLg,@sarahernandez3873,@taniagabrielacelis8434,1
UCpIdtvoFHVLGASGB5ySqIEA,UC-hfX8J5JPJ-dfuakzegMLA,@VidalVillatoro-p4w,@normaleticiaorozcojuarez2418,1
UCpIdtvoFHVLGASGB5ySqIEA,UC-jS_kA9w-OmpupXDx156Rg,@VidalVillatoro-p4w,@simoncreyesc7579,1
UCpIdtvoFHVLGASGB5ySqIEA,UC-pNP6RMFuLg_-x7Ah_0kEA,@VidalVillatoro-p4w,@almacatalan2717,1
UCpIdtvoFHVLGASGB5ySqIEA,UC1vr9aaMI2crB0NvwFHUeoQ,@VidalVillatoro-p4w,@JoseSimilox-p6e,1
UCpIdtvoFHVLGASGB5ySqIEA,UC2Y_EHWQKevubk4vOEBBFxw,@VidalVillatoro-p4w,@alfonsomorales2653,1
UCpIdtvoFHVLGASGB5ySqIEA,UC2weSE8rpqkGMOp6StYtVfg,@VidalVillatoro-p4w,@katerynsantiago2907,1
UCpIdtvoFHVLGASGB5ySqIEA,UC3E9mAgP7VoAE5mZoAexl5g,@VidalVillatoro-p4w,@EnnioAroche,1
UCpIdtvoFHVLGASGB5ySqIEA,UC3MYTqpQqlWBuCB7Th0e0PA,@VidalVillatoro-p4w,@isaaclopez7220,1
UCpIdtvoFHVLGASGB5ySqIEA,UC3NMzdMYryaw82kPTnsaljg,@VidalVillatoro-p4w,@marisosa7832,1
UCpIdtvoFHVLGASGB5ySqIEA,UC3XTwHxygNCgjndsg-UiCQA,@VidalVillatoro-p4w,@marioajset4283,1
UCpIdtvoFHVLGASGB5ySqIEA,UC3qn1yJA5PeW9rkGPatQxiw,@VidalVillatoro-p4w,@VICTOREST19,1
UCpIdtvoFHVLGASGB5ySqIEA,UC4cXueR2bKGFJV0Fk76gwmA,@VidalVillatoro-p4w,@aluxdel4792,1
UCpIdtvoFHVLGASGB5ySqIEA,UC4wq3DcbfaG6dtCqn8Oyu3w,@VidalVillatoro-p4w,@hugoasencio7764,1
UCpIdtvoFHVLGASGB5ySqIEA,UC5bG9nc_JV3FsNP2KseQiYw,@VidalVillatoro-p4w,@giovannirodas4836,1
UCpIdtvoFHVLGASGB5ySqIEA,UC650pRT-OYzny3GwOH8Cgfw,@VidalVillatoro-p4w,@edvinparedesherrera7632,1
UCpIdtvoFHVLGASGB5ySqIEA,UC6YSZqL0vEcI-niPKIMUGfw,@VidalVillatoro-p4w,@maxwellsales885,1
UCpIdtvoFHVLGASGB5ySqIEA,UC72gBAtyb_VXQlYDcFrh6oQ,@VidalVillatoro-p4w,@osmanmorales3012,1
UCpIdtvoFHVLGASGB5ySqIEA,UC7VUuJr9cGh845CmTvf7TlQ,@VidalVillatoro-p4w,@LuisCastillo-oz4df,1
UCpIdtvoFHVLGASGB5ySqIEA,UC8F2V63KZ4ZEay6opX2hAQw,@VidalVillatoro-p4w,@carmenr6311,1
UCpIdtvoFHVLGASGB5ySqIEA,UC8G5cJONY8L9voMyBW8Eoug,@VidalVillatoro-p4w,@luisparedes-pw6qt,1
UCpIdtvoFHVLGASGB5ySqIEA,UC8r11yOugM2NuRfitQOxLLg,@VidalVillatoro-p4w,@cesaraugustomoralesmonroy6907,1
UCpIdtvoFHVLGASGB5ySqIEA,UC9vMq1YF-e7C-VO0SHkbUTA,@VidalVillatoro-p4w,@ErvinLeonardoCarreraLatín,1
UCpIdtvoFHVLGASGB5ySqIEA,UC9xr9QvIcDvoZNUX5f-jaZw,@VidalVillatoro-p4w,@MariaaliciaColonmorales,1
UCpIdtvoFHVLGASGB5ySqIEA,UCA93ym2TXs_Ibyxb4Vcn-6Q,@VidalVillatoro-p4w,@oswaldosolis8728,1
UCpIdtvoFHVLGASGB5ySqIEA,UCAlzM_N6xBlMYmM8EBzX86Q,@VidalVillatoro-p4w,@carlossoto3252,1
UCpIdtvoFHVLGASGB5ySqIEA,UCAmtbUiIrUIhikru0ZoTFig,@VidalVillatoro-p4w,@Aura-vf6dm,1
UCpIdtvoFHVLGASGB5ySqIEA,UCB5p8a5gklc80jJItP6xTHg,@VidalVillatoro-p4w,@ernestogamboa8737,1
UCpIdtvoFHVLGASGB5ySqIEA,UCCaYwkkbQGcvFoUmothVdQQ,@VidalVillatoro-p4w,@OsvaldoAguirre-l3i,1
UCpIdtvoFHVLGASGB5ySqIEA,UCDPWkUX3sNNaCx-m1dV4glA,@VidalVillatoro-p4w,@hectoroliva949,1
UCpIdtvoFHVLGASGB5ySqIEA,UCDQaQv0hr2SS_PO-CMEwVHg,@VidalVillatoro-p4w,@federicosaquimux1933,1
UCpIdtvoFHVLGASGB5ySqIEA,UCDUffaruH6dyUnUGwsTKpgg,@VidalVillatoro-p4w,@luisletona2842,1
UCpIdtvoFHVLGASGB5ySqIEA,UCDftMWXQoJ6nONfY7GVOVjg,@VidalVillatoro-p4w,@luisgpacheco5858,1
UCpIdtvoFHVLGASGB5ySqIEA,UCDlr1VadSucIZgZ171pRBjQ,@VidalVillatoro-p4w,@cuabatzjj5924,1
UCpIdtvoFHVLGASGB5ySqIEA,UCEgEQmRbtL5fwr9_DqAC--g,@VidalVillatoro-p4w,@ArielRodas-g5y,1
UCpIdtvoFHVLGASGB5ySqIEA,UCErZPJpHmLCsXs8ZWkAUupQ,@VidalVillatoro-p4w,@dorisl.garciaroche7763,1
UCpIdtvoFHVLGASGB5ySqIEA,UCFUuDARXdmmIrLppEqf-rFg,@VidalVillatoro-p4w,@allanmunoz7410,1
UCpIdtvoFHVLGASGB5ySqIEA,UCFhxtoeARHPnXXPcDrOU3Xg,@VidalVillatoro-p4w,@diegoalejandrolopezmendez205,1
UCpIdtvoFHVLGASGB5ySqIEA,UCFjudnPLoaSL1BaRuLahyHg,@VidalVillatoro-p4w,@HaroldoCastillo-rh9iw,1
UCpIdtvoFHVLGASGB5ySqIEA,UCFoIAE8k82D6AV-8gjjKaNg,@VidalVillatoro-p4w,@eddymunoz9789,1
UCpIdtvoFHVLGASGB5ySqIEA,UCFxE8GbokBrBsPEKM1xrOjQ,@VidalVillatoro-p4w,@JuanDavila-qd7qj,1
UCpIdtvoFHVLGASGB5ySqIEA,UCGzXwyCzMzGmjmCbH3Hg01Q,@VidalVillatoro-p4w,@FidelZacarias-ph7dy,1
UCpIdtvoFHVLGASGB5ySqIEA,UCHTGCgY2l-DQJIvlA_cpa_Q,@VidalVillatoro-p4w,@virgiliogarcia3039,1
UCpIdtvoFHVLGASGB5ySqIEA,UCKDR0f2fu2UzWL8mBv5-BHw,@VidalVillatoro-p4w,@mireyamorales6595,1
UCpIdtvoFHVLGASGB5ySqIEA,UCL13XhnRzbGokEkCkEOb0-g,@VidalVillatoro-p4w,@raquelprado3643,1
UCpIdtvoFHVLGASGB5ySqIEA,UCL1MT278vSaQ83ZDkVWn1gw,@VidalVillatoro-p4w,@elmorodriguez6978,1
UCpIdtvoFHVLGASGB5ySqIEA,UCLFdHr9BEbXHkoJopbEPLZw,@VidalVillatoro-p4w,@kanterra4584,1
UCpIdtvoFHVLGASGB5ySqIEA,UCLggDc_a5HriXv7I1h02sOA,@VidalVillatoro-p4w,@guillermogonzalez5153,1
UCpIdtvoFHVLGASGB5ySqIEA,UCNBnKqWf4d-rS4HwJRQljmQ,@VidalVillatoro-p4w,@LE_A22,1
UCpIdtvoFHVLGASGB5ySqIEA,UCNkcuy42zEwddwEcOd_HpnA,@VidalVillatoro-p4w,@vanigomez492,1
UCpIdtvoFHVLGASGB5ySqIEA,UCOS8ViEkccrTZx2w2ccxotA,@VidalVillatoro-p4w,@OscarHernandez-q8y,1
UCpIdtvoFHVLGASGB5ySqIEA,UCOh6DaZC_x9HASnlRylEMfw,@VidalVillatoro-p4w,@AndresMedina-v1s,1
UCpIdtvoFHVLGASGB5ySqIEA,UCQgYjVngJRfPHDLGB5X6ZjA,@VidalVillatoro-p4w,@oscarnavas9996,1
UCpIdtvoFHVLGASGB5ySqIEA,UCQqetiwzzmRNTM5OWuXarGQ,@VidalVillatoro-p4w,@isaiaslopezvelasquez1539,1
UCpIdtvoFHVLGASGB5ySqIEA,UCQtICyzWmhC5woCtbNgaSmg,@VidalVillatoro-p4w,@nestormendez6216,1
UCpIdtvoFHVLGASGB5ySqIEA,UCQtSFINs1h6GHkpg9o5kMvg,@VidalVillatoro-p4w,@MacarioMartinezruiz,1
UCpIdtvoFHVLGASGB5ySqIEA,UCRETAiYdh2dL5ZxB0_N1zDA,@VidalVillatoro-p4w,@Joseroland21,1
UCpIdtvoFHVLGASGB5ySqIEA,UCRlCV9zSn7avAWh-9_XFWqQ,@VidalVillatoro-p4w,@ronyarana8849,1
UCpIdtvoFHVLGASGB5ySqIEA,UCSou6a2OuYGSvPjm5psquyA,@VidalVillatoro-p4w,@FranciscoRivera-sf7ne,1
UCpIdtvoFHVLGASGB5ySqIEA,UCTD6q1nyIe3Y7HhqjaMj72w,@VidalVillatoro-p4w,@JuanChang-r6k,1
UCpIdtvoFHVLGASGB5ySqIEA,UCTP3O0rMnc8z8v8jaDQwL0w,@VidalVillatoro-p4w,@RobertoZelaya-x1v,1
UCpIdtvoFHVLGASGB5ySqIEA,UCThW2XNsAaBKme5PUt7n-Zg,@VidalVillatoro-p4w,@thelmamoran8565,1
UCpIdtvoFHVLGASGB5ySqIEA,UCTwSut16JyAg3mX6LVUNGqA,@VidalVillatoro-p4w,@SuperVictor2005,1
UCpIdtvoFHVLGASGB5ySqIEA,UCTylKrsqkrBKIqubMu_5N0Q,@VidalVillatoro-p4w,@edwingeovanymarroquinmarro6684,1
UCpIdtvoFHVLGASGB5ySqIEA,UCUIIIPTVDVHAXqhC_5V6lPA,@VidalVillatoro-p4w,@gorrarota,1
UCpIdtvoFHVLGASGB5ySqIEA,UCV0iizTBoOfdAFX_thfI9BA,@VidalVillatoro-p4w,@BenjaminLarios-jd8nk,1
UCpIdtvoFHVLGASGB5ySqIEA,UCXXh7yg5KUFIWylTiKVEFKQ,@VidalVillatoro-p4w,@MrDuenderojo,1
UCpIdtvoFHVLGASGB5ySqIEA,UCXgr7vXlRrsaskPdo097kGA,@VidalVillatoro-p4w,@Rogergh-nw4oj,1
UCpIdtvoFHVLGASGB5ySqIEA,UCXr8_5WtGeipe4haOoQDgyQ,@VidalVillatoro-p4w,@amyherrera7352,1
UCpIdtvoFHVLGASGB5ySqIEA,UCYN4wSQ1Sx4_LurxLlW7MPg,@VidalVillatoro-p4w,@belarminavillatoro6474,1
UCpIdtvoFHVLGASGB5ySqIEA,UCYwpX26TrCxq8TvbKGRYLXA,@VidalVillatoro-p4w,@beneficioelcaminovillacana8540,1
UCpIdtvoFHVLGASGB5ySqIEA,UCcfdg8crmMJwEuLUsAhV7yg,@VidalVillatoro-p4w,@RolandoRaguay,1
UCpIdtvoFHVLGASGB5ySqIEA,UCfM3nrxtTQMY5jFx1v1J4Gg,@VidalVillatoro-p4w,@edgarroldan5539,1
UCpIdtvoFHVLGASGB5ySqIEA,UChZknRmJkeGeQk0-mQuhDOg,@VidalVillatoro-p4w,@OdilioRodríguez-c5w,1
UCpIdtvoFHVLGASGB5ySqIEA,UChep9kVb5gQmpodEEl10Xlg,@VidalVillatoro-p4w,@carlosaguilar-kz7ml,1
UCpIdtvoFHVLGASGB5ySqIEA,UChgkn5Jt5tWKYMoEOuCjz3Q,@VidalVillatoro-p4w,@pablochitay46,1
UCpIdtvoFHVLGASGB5ySqIEA,UCi1b_TRQfgO1Z9O2gNGGWNA,@VidalVillatoro-p4w,@davidisraelesquitsaquil,1
UCpIdtvoFHVLGASGB5ySqIEA,UCiGRBf2RNF0WRKhRVT7zFoA,@VidalVillatoro-p4w,@edwinavila4876,1
UCpIdtvoFHVLGASGB5ySqIEA,UCiMythXHsw7eQEMykCdmMUA,@VidalVillatoro-p4w,@JavierBecerra-h6x,1
UCpIdtvoFHVLGASGB5ySqIEA,UCipetjeiWj4CZB6EbyYziZg,@VidalVillatoro-p4w,@OseasSamayoa-ol5rz,1
UCpIdtvoFHVLGASGB5ySqIEA,UCj-LL25XJnjxepPKCc3NGog,@VidalVillatoro-p4w,@anaaguirre8985,1
UCpIdtvoFHVLGASGB5ySqIEA,UCjSKM9j0Q7HLDr1hD6D-TUw,@VidalVillatoro-p4w,@josehidalgo4875,1
UCpIdtvoFHVLGASGB5ySqIEA,UCjmPuazZJzscrwvk0QR9RVw,@VidalVillatoro-p4w,@mynorrodas8591,1
UCpIdtvoFHVLGASGB5ySqIEA,UCkd9W714-947dEE6ZOEBATA,@VidalVillatoro-p4w,@ARGELIATELON,1
UCpIdtvoFHVLGASGB5ySqIEA,UCl0ekS9Tt0jJGtOEM18S63w,@VidalVillatoro-p4w,@monkchapin,1
UCpIdtvoFHVLGASGB5ySqIEA,UCljDbleJul41G1TzOjOZAVA,@VidalVillatoro-p4w,@hectorcarranza3777,1
UCpIdtvoFHVLGASGB5ySqIEA,UCmjppp6ujz3SAnULvP3sZMw,@VidalVillatoro-p4w,@marcomendez7509,1
UCpIdtvoFHVLGASGB5ySqIEA,UCmvOgzmmXbjUthHy-WJ52hQ,@VidalVillatoro-p4w,@mariorodas593,1
UCpIdtvoFHVLGASGB5ySqIEA,UCp4iw5_5SmV9VGTFSNVGOmQ,@VidalVillatoro-p4w,@CARLOSSTREMS51,1
UCpIdtvoFHVLGASGB5ySqIEA,UCpl8rF8uv_8uui-QRvuJaRA,@VidalVillatoro-p4w,@SergioGarcia-z9c,1
UCpIdtvoFHVLGASGB5ySqIEA,UCplrIQtaPj6au60_f2-mOYw,@VidalVillatoro-p4w,@romeolopezherrarte799,1
UCpIdtvoFHVLGASGB5ySqIEA,UCpsKOkt5iWTbenzeuq7dsmQ,@VidalVillatoro-p4w,@inge_vergueta,1
UCpIdtvoFHVLGASGB5ySqIEA,UCr1emrogPKkKTs_WTtx71xg,@VidalVillatoro-p4w,@domingopeneleu6457,1
UCpIdtvoFHVLGASGB5ySqIEA,UCrJn_rbo_ENAdeqneS-RmRw,@VidalVillatoro-p4w,@josecarrera9623,1
UCpIdtvoFHVLGASGB5ySqIEA,UCsJJAvrVGupdmhOqgtDp8dg,@VidalVillatoro-p4w,@nestorlorenzana1168,1
UCpIdtvoFHVLGASGB5ySqIEA,UCsSXdJct-nsS8DsABoEsaYA,@VidalVillatoro-p4w,@IvánPérez-j4j,1
UCpIdtvoFHVLGASGB5ySqIEA,UCsUCN0Yq_UyTvKjOJLmNrnQ,@VidalVillatoro-p4w,@moisesvaldez4043,1
UCpIdtvoFHVLGASGB5ySqIEA,UCsjs5Hp_r86x1xbK6FAeqaA,@VidalVillatoro-p4w,@alvaroesquivel563,1
UCpIdtvoFHVLGASGB5ySqIEA,UCtNfIBnc5S5DbbQj_yxgJTw,@VidalVillatoro-p4w,@JosueRamirez-ey3ih,1
UCpIdtvoFHVLGASGB5ySqIEA,UCtUR3_CAiE7fCoZHM6cMfyQ,@VidalVillatoro-p4w,@mdelcid01,1
UCpIdtvoFHVLGASGB5ySqIEA,UCujPF2nBgsTD62nWE3lcpIg,@VidalVillatoro-p4w,@victorarturoruanobautista7588,1
UCpIdtvoFHVLGASGB5ySqIEA,UCvApqeCbLod-wejtT4CcVuA,@VidalVillatoro-p4w,@davidgaher9550,1
UCpIdtvoFHVLGASGB5ySqIEA,UCwO2SXr0ggzwg6QWWrr01nQ,@VidalVillatoro-p4w,@ricardofigueroa5720,1
UCpIdtvoFHVLGASGB5ySqIEA,UCwW2OFy95P7ZBkOPxWkpvYg,@VidalVillatoro-p4w,@TeresaLucero-b5o,1
UCpIdtvoFHVLGASGB5ySqIEA,UCwha8rxULYMVtNwZWeSkE1A,@VidalVillatoro-p4w,@mariasamo8637,1
UCpIdtvoFHVLGASGB5ySqIEA,UCySYJU5kUh7X8gVt9la2ISA,@VidalVillatoro-p4w,@dantesarti4351,1
UCpIdtvoFHVLGASGB5ySqIEA,UCylqlpsh8ENNM1LqgQ1KbxA,@VidalVillatoro-p4w,@Jel.Awesh.M,1
UCpIdtvoFHVLGASGB5ySqIEA,UCz3gu01bmjNv0DpRq-K3XYg,@VidalVillatoro-p4w,@eusebiovasquez4385,1
UCpIdtvoFHVLGASGB5ySqIEA,UCzSfZlOVxBSs5ObD25ywxDQ,@VidalVillatoro-p4w,@GilmarMaldonado-q9m,1
UCtiHFjFu7d5v2XxHnKFUYig,UC-QOpE7GOxlXcHZ8b7HbQKA,@Paul-gf7ec,@mariaalexander427,1
UCtiHFjFu7d5v2XxHnKFUYig,UC1WlJfQmaIskYhP4gmWoamw,@Paul-gf7ec,@marthareiss5434,1
UCtiHFjFu7d5v2XxHnKFUYig,UCBlm80VQ4YoV3bUJR_XhkaQ,@Paul-gf7ec,@rosadiaz6945,1
UCtiHFjFu7d5v2XxHnKFUYig,UCGZMgmM92E3njyXNe9-kjAQ,@Paul-gf7ec,@pasionpornada,1
UCtiHFjFu7d5v2XxHnKFUYig,UCIgoiXdIKJyUGmUoH2Lxdzg,@Paul-gf7ec,@susievidal4134,1
UCtiHFjFu7d5v2XxHnKFUYig,UCPNXmbOBVeC4HS-xemvcPtQ,@Paul-gf7ec,@BelkisRodriguezRamirez,1
UCtiHFjFu7d5v2XxHnKFUYig,UCQMMuADgqWUOcJpLwHOzC-g,@Paul-gf7ec,@Ripped-Yoda,1
UCtiHFjFu7d5v2XxHnKFUYig,UCVdjCrh4tQoX3haNAZv-n5A,@Paul-gf7ec,@aurahernandez5646,1
UCtiHFjFu7d5v2XxHnKFUYig,UCZjm6U576nX8WOiLhmMR3bw,@Paul-gf7ec,@MariaNavarroYT,1
UCtiHFjFu7d5v2XxHnKFUYig,UCat2qkYvqmtDNEmo2PVuhXw,@Paul-gf7ec,@DoraSalas-j5o,1
UCtiHFjFu7d5v2XxHnKFUYig,UCbNanjFI51cwGqMAb2rOrBw,@Paul-gf7ec,@RosaMontesdeOca777,1
UCtiHFjFu7d5v2XxHnKFUYig,UCozFYHN0e_-vlQbX3wQGOug,@Paul-gf7ec,@jesusguzman2321,1
UCtiHFjFu7d5v2XxHnKFUYig,UCp_dAUfv8i3LW3zWc24dLaQ,@Paul-gf7ec,@MarioCortez-o6v,1
UCtiHFjFu7d5v2XxHnKFUYig,UCrqXyRsg-_hTosURZ-uvoKg,@Paul-gf7ec,@flornolberto2425,1
UCWvntqPQx99k_Z_skWKqNSA,UC-HeUTT6_g-VoiWds2a4H-w,@AntonioChiyal-x5s,@JorgeMunoz-gd9et,1
UCWvntqPQx99k_Z_skWKqNSA,UC-Iul5tDYH_oiAMXQH-KaaQ,@AntonioChiyal-x5s,@AlbertoMancilla-p9h,1
UCWvntqPQx99k_Z_skWKqNSA,UC0HvfEWozTHbwl_iEmJNvVA,@AntonioChiyal-x5s,@OttoPalencia-b7r,1
UCWvntqPQx99k_Z_skWKqNSA,UC14qlobYKqD-DO0j6b75lcA,@AntonioChiyal-x5s,@megavision4488,1
UCWvntqPQx99k_Z_skWKqNSA,UC1NiEdJ7gk6FlDexIalWnGg,@AntonioChiyal-x5s,@BorisTebalán,1
UCWvntqPQx99k_Z_skWKqNSA,UC3YpzAr7pcdKC7BVFEpYzog,@AntonioChiyal-x5s,@carmenfigueroa1232,1
UCWvntqPQx99k_Z_skWKqNSA,UC63tFvbQ_hJhGDi2nbjssjw,@AntonioChiyal-x5s,@AbigailRodas-w2r,1
UCWvntqPQx99k_Z_skWKqNSA,UCEHXl4VvvVpq-_4xC5tsbhg,@AntonioChiyal-x5s,@anibalg47,1
UCWvntqPQx99k_Z_skWKqNSA,UCRfkkatKrNtAARnXMMYBGlA,@AntonioChiyal-x5s,@BernerSoza-mg3vx,1
UCWvntqPQx99k_Z_skWKqNSA,UCV3fr-YOixFKCZBbJP1-X4w,@AntonioChiyal-x5s,@albertoshernandez5251,1
UCWvntqPQx99k_Z_skWKqNSA,UCZFQwqh90apuL8eFhvRBkUg,@AntonioChiyal-x5s,@luisricardo9671,1
UCWvntqPQx99k_Z_skWKqNSA,UCa36MjQLoPAmgJo-R3G8WQA,@AntonioChiyal-x5s,@elsasalguero6914,1
UCWvntqPQx99k_Z_skWKqNSA,UCaT4saRcyqCLE657Rq2hhZQ,@AntonioChiyal-x5s,@elmilenial4064,1
UCWvntqPQx99k_Z_skWKqNSA,UCeQk-WfEA-cJRq4EKeE7TOw,@AntonioChiyal-x5s,@franciscojuarez9223,1
UCWvntqPQx99k_Z_skWKqNSA,UCfo_yUPzy1f1POwwZxhZ06Q,@AntonioChiyal-x5s,@lara11roberto,1
UCWvntqPQx99k_Z_skWKqNSA,UCgGqw4aqMdMVSGkKiMgrJRQ,@AntonioChiyal-x5s,@pattyfigueroa5609,1
UCWvntqPQx99k_Z_skWKqNSA,UCheEJ5GZuIvV0fj-nXyVwXw,@AntonioChiyal-x5s,@rosaoliva9389,1
UCWvntqPQx99k_Z_skWKqNSA,UChyps3dqY-VY1_wLeq-2lhw,@AntonioChiyal-x5s,@maydamorales4395,1
UCWvntqPQx99k_Z_skWKqNSA,UCjZgFEowMBrsjodqfovzdKw,@AntonioChiyal-x5s,@franciscoflores3120,1
UCWvntqPQx99k_Z_skWKqNSA,UCoGdCoJg2Lh0OX_jv6cG16g,@AntonioChiyal-x5s,@Israel-u5i7i,1
UCWvntqPQx99k_Z_skWKqNSA,UCp29O_C7cchZV8IxV7Crdag,@AntonioChiyal-x5s,@robertoescobar5507,1
UCWvntqPQx99k_Z_skWKqNSA,UCql1n3Ey6ULMSOACjMe-fxQ,@AntonioChiyal-x5s,@RolandoGonzalez-o7g,1
UCWvntqPQx99k_Z_skWKqNSA,UCtCtts20bW6F9CSohau51Iw,@AntonioChiyal-x5s,@carlosgranados9875,1
UCWvntqPQx99k_Z_skWKqNSA,UCtsxPYw8VUsH_FfnKg-0lmw,@AntonioChiyal-x5s,@AlejandroPérez-b6r,1
UCWvntqPQx99k_Z_skWKqNSA,UCvDwJBBY1mHK70aTEYl6rsA,@AntonioChiyal-x5s,@cristianescobedo8296,1
UCWvntqPQx99k_Z_skWKqNSA,UCyJhqmMbsvjpoarBBStA2kg,@AntonioChiyal-x5s,@Murmullodelbarrio,1
UCWvntqPQx99k_Z_skWKqNSA,UCzZ6dDCEsLMXbc5pCFXIprw,@AntonioChiyal-x5s,@josegil3813,1
UCoGdCoJg2Lh0OX_jv6cG16g,UC-HeUTT6_g-VoiWds2a4H-w,@Israel-u5i7i,@JorgeMunoz-gd9et,1
UCoGdCoJg2Lh0OX_jv6cG16g,UC-Iul5tDYH_oiAMXQH-KaaQ,@Israel-u5i7i,@AlbertoMancilla-p9h,1
UCoGdCoJg2Lh0OX_jv6cG16g,UC0HvfEWozTHbwl_iEmJNvVA,@Israel-u5i7i,@OttoPalencia-b7r,1
UCoGdCoJg2Lh0OX_jv6cG16g,UC14qlobYKqD-DO0j6b75lcA,@Israel-u5i7i,@megavision4488,1
UCoGdCoJg2Lh0OX_jv6cG16g,UC1NiEdJ7gk6FlDexIalWnGg,@Israel-u5i7i,@BorisTebalán,1
UCoGdCoJg2Lh0OX_jv6cG16g,UC3YpzAr7pcdKC7BVFEpYzog,@Israel-u5i7i,@carmenfigueroa1232,1
UCoGdCoJg2Lh0OX_jv6cG16g,UC63tFvbQ_hJhGDi2nbjssjw,@Israel-u5i7i,@AbigailRodas-w2r,1
UCoGdCoJg2Lh0OX_jv6cG16g,UCEHXl4VvvVpq-_4xC5tsbhg,@Israel-u5i7i,@anibalg47,1
UCoGdCoJg2Lh0OX_jv6cG16g,UCRfkkatKrNtAARnXMMYBGlA,@Israel-u5i7i,@BernerSoza-mg3vx,1
UCoGdCoJg2Lh0OX_jv6cG16g,UCV3fr-YOixFKCZBbJP1-X4w,@Israel-u5i7i,@albertoshernandez5251,1
UCoGdCoJg2Lh0OX_jv6cG16g,UCZFQwqh90apuL8eFhvRBkUg,@Israel-u5i7i,@luisricardo9671,1
UCoGdCoJg2Lh0OX_jv6cG16g,UCa36MjQLoPAmgJo-R3G8WQA,@Israel-u5i7i,@elsasalguero6914,1
UCoGdCoJg2Lh0OX_jv6cG16g,UCaT4saRcyqCLE657Rq2hhZQ,@Israel-u5i7i,@elmilenial4064,1
UCoGdCoJg2Lh0OX_jv6cG16g,UCeQk-WfEA-cJRq4EKeE7TOw,@Israel-u5i7i,@franciscojuarez9223,1
UCoGdCoJg2Lh0OX_jv6cG16g,UCfo_yUPzy1f1POwwZxhZ06Q,@Israel-u5i7i,@lara11roberto,1
UCoGdCoJg2Lh0OX_jv6cG16g,UCgGqw4aqMdMVSGkKiMgrJRQ,@Israel-u5i7i,@pattyfigueroa5609,1
UCoGdCoJg2Lh0OX_jv6cG16g,UCheEJ5GZuIvV0fj-nXyVwXw,@Israel-u5i7i,@rosaoliva9389,1
UCoGdCoJg2Lh0OX_jv6cG16g,UChyps3dqY-VY1_wLeq-2lhw,@Israel-u5i7i,@maydamorales4395,1
UCoGdCoJg2Lh0OX_jv6cG16g,UCjZgFEowMBrsjodqfovzdKw,@Israel-u5i7i,@franciscoflores3120,1
UCoGdCoJg2Lh0OX_jv6cG16g,UCp29O_C7cchZV8IxV7Crdag,@Israel-u5i7i,@robertoescobar5507,1
UCoGdCoJg2Lh0OX_jv6cG16g,UCql1n3Ey6ULMSOACjMe-fxQ,@Israel-u5i7i,@RolandoGonzalez-o7g,1
UCoGdCoJg2Lh0OX_jv6cG16g,UCtCtts20bW6F9CSohau51Iw,@Israel-u5i7i,@carlosgranados9875,1
UCoGdCoJg2Lh0OX_jv6cG16g,UCtsxPYw8VUsH_FfnKg-0lmw,@Israel-u5i7i,@AlejandroPérez-b6r,1
UCoGdCoJg2Lh0OX_jv6cG16g,UCvDwJBBY1mHK70aTEYl6rsA,@Israel-u5i7i,@cristianescobedo8296,1
UCoGdCoJg2Lh0OX_jv6cG16g,UCyJhqmMbsvjpoarBBStA2kg,@Israel-u5i7i,@Murmullodelbarrio,1
UCoGdCoJg2Lh0OX_jv6cG16g,UCzZ6dDCEsLMXbc5pCFXIprw,@Israel-u5i7i,@josegil3813,1
UChgkn5Jt5tWKYMoEOuCjz3Q,UC-hfX8J5JPJ-dfuakzegMLA,@pablochitay46,@normaleticiaorozcojuarez2418,1
UChgkn5Jt5tWKYMoEOuCjz3Q,UC-jS_kA9w-OmpupXDx156Rg,@pablochitay46,@simoncreyesc7579,1
UChgkn5Jt5tWKYMoEOuCjz3Q,UC-pNP6RMFuLg_-x7Ah_0kEA,@pablochitay46,@almacatalan2717,1
UChgkn5Jt5tWKYMoEOuCjz3Q,UC1vr9aaMI2crB0NvwFHUeoQ,@pablochitay46,@JoseSimilox-p6e,1
UChgkn5Jt5tWKYMoEOuCjz3Q,UC2Y_EHWQKevubk4vOEBBFxw,@pablochitay46,@alfonsomorales2653,1
UChgkn5Jt5tWKYMoEOuCjz3Q,UC2weSE8rpqkGMOp6StYtVfg,@pablochitay46,@katerynsantiago2907,1
UChgkn5Jt5tWKYMoEOuCjz3Q,UC3E9mAgP7VoAE5mZoAexl5g,@pablochitay46,@EnnioAroche,1
UChgkn5Jt5tWKYMoEOuCjz3Q,UC3MYTqpQqlWBuCB7Th0e0PA,@pablochitay46,@isaaclopez7220,1
UChgkn5Jt5tWKYMoEOuCjz3Q,UC3NMzdMYryaw82kPTnsaljg,@pablochitay46,@marisosa7832,1
UChgkn5Jt5tWKYMoEOuCjz3Q,UC3XTwHxygNCgjndsg-UiCQA,@pablochitay46,@marioajset4283,1
UChgkn5Jt5tWKYMoEOuCjz3Q,UC3qn1yJA5PeW9rkGPatQxiw,@pablochitay46,@VICTOREST19,1
UChgkn5Jt5tWKYMoEOuCjz3Q,UC4cXueR2bKGFJV0Fk76gwmA,@pablochitay46,@aluxdel4792,1
UChgkn5Jt5tWKYMoEOuCjz3Q,UC4wq3DcbfaG6dtCqn8Oyu3w,@pablochitay46,@hugoasencio7764,1
UChgkn5Jt5tWKYMoEOuCjz3Q,UC5bG9nc_JV3FsNP2KseQiYw,@pablochitay46,@giovannirodas4836,1
UChgkn5Jt5tWKYMoEOuCjz3Q,UC650pRT-OYzny3GwOH8Cgfw,@pablochitay46,@edvinparedesherrera7632,1
UChgkn5Jt5tWKYMoEOuCjz3Q,UC6YSZqL0vEcI-niPKIMUGfw,@pablochitay46,@maxwellsales885,1
UChgkn5Jt5tWKYMoEOuCjz3Q,UC72gBAtyb_VXQlYDcFrh6oQ,@pablochitay46,@osmanmorales3012,1
UChgkn5Jt5tWKYMoEOuCjz3Q,UC7VUuJr9cGh845CmTvf7TlQ,@pablochitay46,@LuisCastillo-oz4df,1
UChgkn5Jt5tWKYMoEOuCjz3Q,UC8F2V63KZ4ZEay6opX2hAQw,@pablochitay46,@carmenr6311,1
UChgkn5Jt5tWKYMoEOuCjz3Q,UC8G5cJONY8L9voMyBW8Eoug,@pablochitay46,@luisparedes-pw6qt,1
UChgkn5Jt5tWKYMoEOuCjz3Q,UC8r11yOugM2NuRfitQOxLLg,@pablochitay46,@cesaraugustomoralesmonroy6907,1
UChgkn5Jt5tWKYMoEOuCjz3Q,UC9vMq1YF-e7C-VO0SHkbUTA,@pablochitay46,@ErvinLeonardoCarreraLatín,1
UChgkn5Jt5tWKYMoEOuCjz3Q,UC9xr9QvIcDvoZNUX5f-jaZw,@pablochitay46,@MariaaliciaColonmorales,1
UChgkn5Jt5tWKYMoEOuCjz3Q,UCA93ym2TXs_Ibyxb4Vcn-6Q,@pablochitay46,@oswaldosolis8728,1
UChgkn5Jt5tWKYMoEOuCjz3Q,UCAlzM_N6xBlMYmM8EBzX86Q,@pablochitay46,@carlossoto3252,1
UChgkn5Jt5tWKYMoEOuCjz3Q,UCAmtbUiIrUIhikru0ZoTFig,@pablochitay46,@Aura-vf6dm,1
UChgkn5Jt5tWKYMoEOuCjz3Q,UCB5p8a5gklc80jJItP6xTHg,@pablochitay46,@ernestogamboa8737,1
UChgkn5Jt5tWKYMoEOuCjz3Q,UCCaYwkkbQGcvFoUmothVdQQ,@pablochitay46,@OsvaldoAguirre-l3i,1
UChgkn5Jt5tWKYMoEOuCjz3Q,UCDPWkUX3sNNaCx-m1dV4glA,@pablochitay46,@hectoroliva949,1
UChgkn5Jt5tWKYMoEOuCjz3Q,UCDQaQv0hr2SS_PO-CMEwVHg,@pablochitay46,@federicosaquimux1933,1
UChgkn5Jt5tWKYMoEOuCjz3Q,UCDUffaruH6dyUnUGwsTKpgg,@pablochitay46,@luisletona2842,1
UChgkn5Jt5tWKYMoEOuCjz3Q,UCDftMWXQoJ6nONfY7GVOVjg,@pablochitay46,@luisgpacheco5858,1
UChgkn5Jt5tWKYMoEOuCjz3Q,UCDlr1VadSucIZgZ171pRBjQ,@pablochitay46,@cuabatzjj5924,1
UChgkn5Jt5tWKYMoEOuCjz3Q,UCEgEQmRbtL5fwr9_DqAC--g,@pablochitay46,@ArielRodas-g5y,1
UChgkn5Jt5tWKYMoEOuCjz3Q,UCErZPJpHmLCsXs8ZWkAUupQ,@pablochitay46,@dorisl.garciaroche7763,1
UChgkn5Jt5tWKYMoEOuCjz3Q,UCFUuDARXdmmIrLppEqf-rFg,@pablochitay46,@allanmunoz7410,1
UChgkn5Jt5tWKYMoEOuCjz3Q,UCFhxtoeARHPnXXPcDrOU3Xg,@pablochitay46,@diegoalejandrolopezmendez205,1
UChgkn5Jt5tWKYMoEOuCjz3Q,UCFjudnPLoaSL1BaRuLahyHg,@pablochitay46,@HaroldoCastillo-rh9iw,1
UChgkn5Jt5tWKYMoEOuCjz3Q,UCFoIAE8k82D6AV-8gjjKaNg,@pablochitay46,@eddymunoz9789,1
UChgkn5Jt5tWKYMoEOuCjz3Q,UCFxE8GbokBrBsPEKM1xrOjQ,@pablochitay46,@JuanDavila-qd7qj,1
UChgkn5Jt5tWKYMoEOuCjz3Q,UCGzXwyCzMzGmjmCbH3Hg01Q,@pablochitay46,@FidelZacarias-ph7dy,1
UChgkn5Jt5tWKYMoEOuCjz3Q,UCHTGCgY2l-DQJIvlA_cpa_Q,@pablochitay46,@virgiliogarcia3039,1
UChgkn5Jt5tWKYMoEOuCjz3Q,UCKDR0f2fu2UzWL8mBv5-BHw,@pablochitay46,@mireyamorales6595,1
UChgkn5Jt5tWKYMoEOuCjz3Q,UCL13XhnRzbGokEkCkEOb0-g,@pablochitay46,@raquelprado3643,1
UChgkn5Jt5tWKYMoEOuCjz3Q,UCL1MT278vSaQ83ZDkVWn1gw,@pablochitay46,@elmorodriguez6978,1
UChgkn5Jt5tWKYMoEOuCjz3Q,UCLFdHr9BEbXHkoJopbEPLZw,@pablochitay46,@kanterra4584,1
UChgkn5Jt5tWKYMoEOuCjz3Q,UCLggDc_a5HriXv7I1h02sOA,@pablochitay46,@guillermogonzalez5153,1
UChgkn5Jt5tWKYMoEOuCjz3Q,UCNBnKqWf4d-rS4HwJRQljmQ,@pablochitay46,@LE_A22,1
UChgkn5Jt5tWKYMoEOuCjz3Q,UCNkcuy42zEwddwEcOd_HpnA,@pablochitay46,@vanigomez492,1
UChgkn5Jt5tWKYMoEOuCjz3Q,UCOS8ViEkccrTZx2w2ccxotA,@pablochitay46,@OscarHernandez-q8y,1
UChgkn5Jt5tWKYMoEOuCjz3Q,UCOh6DaZC_x9HASnlRylEMfw,@pablochitay46,@AndresMedina-v1s,1
UChgkn5Jt5tWKYMoEOuCjz3Q,UCQgYjVngJRfPHDLGB5X6ZjA,@pablochitay46,@oscarnavas9996,1
UChgkn5Jt5tWKYMoEOuCjz3Q,UCQqetiwzzmRNTM5OWuXarGQ,@pablochitay46,@isaiaslopezvelasquez1539,1
UChgkn5Jt5tWKYMoEOuCjz3Q,UCQtICyzWmhC5woCtbNgaSmg,@pablochitay46,@nestormendez6216,1
UChgkn5Jt5tWKYMoEOuCjz3Q,UCQtSFINs1h6GHkpg9o5kMvg,@pablochitay46,@MacarioMartinezruiz,1
UChgkn5Jt5tWKYMoEOuCjz3Q,UCRETAiYdh2dL5ZxB0_N1zDA,@pablochitay46,@Joseroland21,1
UChgkn5Jt5tWKYMoEOuCjz3Q,UCRlCV9zSn7avAWh-9_XFWqQ,@pablochitay46,@ronyarana8849,1
UChgkn5Jt5tWKYMoEOuCjz3Q,UCSou6a2OuYGSvPjm5psquyA,@pablochitay46,@FranciscoRivera-sf7ne,1
UChgkn5Jt5tWKYMoEOuCjz3Q,UCTD6q1nyIe3Y7HhqjaMj72w,@pablochitay46,@JuanChang-r6k,1
UChgkn5Jt5tWKYMoEOuCjz3Q,UCTP3O0rMnc8z8v8jaDQwL0w,@pablochitay46,@RobertoZelaya-x1v,1
UChgkn5Jt5tWKYMoEOuCjz3Q,UCThW2XNsAaBKme5PUt7n-Zg,@pablochitay46,@thelmamoran8565,1
UChgkn5Jt5tWKYMoEOuCjz3Q,UCTwSut16JyAg3mX6LVUNGqA,@pablochitay46,@SuperVictor2005,1
UChgkn5Jt5tWKYMoEOuCjz3Q,UCTylKrsqkrBKIqubMu_5N0Q,@pablochitay46,@edwingeovanymarroquinmarro6684,1
UChgkn5Jt5tWKYMoEOuCjz3Q,UCUIIIPTVDVHAXqhC_5V6lPA,@pablochitay46,@gorrarota,1
UChgkn5Jt5tWKYMoEOuCjz3Q,UCV0iizTBoOfdAFX_thfI9BA,@pablochitay46,@BenjaminLarios-jd8nk,1
UChgkn5Jt5tWKYMoEOuCjz3Q,UCXXh7yg5KUFIWylTiKVEFKQ,@pablochitay46,@MrDuenderojo,1
UChgkn5Jt5tWKYMoEOuCjz3Q,UCXgr7vXlRrsaskPdo097kGA,@pablochitay46,@Rogergh-nw4oj,1
UChgkn5Jt5tWKYMoEOuCjz3Q,UCXr8_5WtGeipe4haOoQDgyQ,@pablochitay46,@amyherrera7352,1
UChgkn5Jt5tWKYMoEOuCjz3Q,UCYN4wSQ1Sx4_LurxLlW7MPg,@pablochitay46,@belarminavillatoro6474,1
UChgkn5Jt5tWKYMoEOuCjz3Q,UCYwpX26TrCxq8TvbKGRYLXA,@pablochitay46,@beneficioelcaminovillacana8540,1
UChgkn5Jt5tWKYMoEOuCjz3Q,UCcfdg8crmMJwEuLUsAhV7yg,@pablochitay46,@RolandoRaguay,1
UChgkn5Jt5tWKYMoEOuCjz3Q,UCfM3nrxtTQMY5jFx1v1J4Gg,@pablochitay46,@edgarroldan5539,1
UChgkn5Jt5tWKYMoEOuCjz3Q,UChZknRmJkeGeQk0-mQuhDOg,@pablochitay46,@OdilioRodríguez-c5w,1
UChgkn5Jt5tWKYMoEOuCjz3Q,UChep9kVb5gQmpodEEl10Xlg,@pablochitay46,@carlosaguilar-kz7ml,1
UChgkn5Jt5tWKYMoEOuCjz3Q,UCi1b_TRQfgO1Z9O2gNGGWNA,@pablochitay46,@davidisraelesquitsaquil,1
UChgkn5Jt5tWKYMoEOuCjz3Q,UCiGRBf2RNF0WRKhRVT7zFoA,@pablochitay46,@edwinavila4876,1
UChgkn5Jt5tWKYMoEOuCjz3Q,UCiMythXHsw7eQEMykCdmMUA,@pablochitay46,@JavierBecerra-h6x,1
UChgkn5Jt5tWKYMoEOuCjz3Q,UCipetjeiWj4CZB6EbyYziZg,@pablochitay46,@OseasSamayoa-ol5rz,1
UChgkn5Jt5tWKYMoEOuCjz3Q,UCj-LL25XJnjxepPKCc3NGog,@pablochitay46,@anaaguirre8985,1
UChgkn5Jt5tWKYMoEOuCjz3Q,UCjSKM9j0Q7HLDr1hD6D-TUw,@pablochitay46,@josehidalgo4875,1
UChgkn5Jt5tWKYMoEOuCjz3Q,UCjmPuazZJzscrwvk0QR9RVw,@pablochitay46,@mynorrodas8591,1
UChgkn5Jt5tWKYMoEOuCjz3Q,UCkd9W714-947dEE6ZOEBATA,@pablochitay46,@ARGELIATELON,1
UChgkn5Jt5tWKYMoEOuCjz3Q,UCl0ekS9Tt0jJGtOEM18S63w,@pablochitay46,@monkchapin,1
UChgkn5Jt5tWKYMoEOuCjz3Q,UCljDbleJul41G1TzOjOZAVA,@pablochitay46,@hectorcarranza3777,1
UChgkn5Jt5tWKYMoEOuCjz3Q,UCmjppp6ujz3SAnULvP3sZMw,@pablochitay46,@marcomendez7509,1
UChgkn5Jt5tWKYMoEOuCjz3Q,UCmvOgzmmXbjUthHy-WJ52hQ,@pablochitay46,@mariorodas593,1
UChgkn5Jt5tWKYMoEOuCjz3Q,UCp4iw5_5SmV9VGTFSNVGOmQ,@pablochitay46,@CARLOSSTREMS51,1
UChgkn5Jt5tWKYMoEOuCjz3Q,UCpl8rF8uv_8uui-QRvuJaRA,@pablochitay46,@SergioGarcia-z9c,1
UChgkn5Jt5tWKYMoEOuCjz3Q,UCplrIQtaPj6au60_f2-mOYw,@pablochitay46,@romeolopezherrarte799,1
UChgkn5Jt5tWKYMoEOuCjz3Q,UCpsKOkt5iWTbenzeuq7dsmQ,@pablochitay46,@inge_vergueta,1
UChgkn5Jt5tWKYMoEOuCjz3Q,UCr1emrogPKkKTs_WTtx71xg,@pablochitay46,@domingopeneleu6457,1
UChgkn5Jt5tWKYMoEOuCjz3Q,UCrJn_rbo_ENAdeqneS-RmRw,@pablochitay46,@josecarrera9623,1
UChgkn5Jt5tWKYMoEOuCjz3Q,UCsJJAvrVGupdmhOqgtDp8dg,@pablochitay46,@nestorlorenzana1168,1
UChgkn5Jt5tWKYMoEOuCjz3Q,UCsSXdJct-nsS8DsABoEsaYA,@pablochitay46,@IvánPérez-j4j,1
UChgkn5Jt5tWKYMoEOuCjz3Q,UCsUCN0Yq_UyTvKjOJLmNrnQ,@pablochitay46,@moisesvaldez4043,1
UChgkn5Jt5tWKYMoEOuCjz3Q,UCsjs5Hp_r86x1xbK6FAeqaA,@pablochitay46,@alvaroesquivel563,1
UChgkn5Jt5tWKYMoEOuCjz3Q,UCtNfIBnc5S5DbbQj_yxgJTw,@pablochitay46,@JosueRamirez-ey3ih,1
UChgkn5Jt5tWKYMoEOuCjz3Q,UCtUR3_CAiE7fCoZHM6cMfyQ,@pablochitay46,@mdelcid01,1
UChgkn5Jt5tWKYMoEOuCjz3Q,UCujPF2nBgsTD62nWE3lcpIg,@pablochitay46,@victorarturoruanobautista7588,1
UChgkn5Jt5tWKYMoEOuCjz3Q,UCvApqeCbLod-wejtT4CcVuA,@pablochitay46,@davidgaher9550,1
UChgkn5Jt5tWKYMoEOuCjz3Q,UCwO2SXr0ggzwg6QWWrr01nQ,@pablochitay46,@ricardofigueroa5720,1
UChgkn5Jt5tWKYMoEOuCjz3Q,UCwW2OFy95P7ZBkOPxWkpvYg,@pablochitay46,@TeresaLucero-b5o,1
UChgkn5Jt5tWKYMoEOuCjz3Q,UCwha8rxULYMVtNwZWeSkE1A,@pablochitay46,@mariasamo8637,1
UChgkn5Jt5tWKYMoEOuCjz3Q,UCySYJU5kUh7X8gVt9la2ISA,@pablochitay46,@dantesarti4351,1
UChgkn5Jt5tWKYMoEOuCjz3Q,UCylqlpsh8ENNM1LqgQ1KbxA,@pablochitay46,@Jel.Awesh.M,1
UChgkn5Jt5tWKYMoEOuCjz3Q,UCz3gu01bmjNv0DpRq-K3XYg,@pablochitay46,@eusebiovasquez4385,1
UChgkn5Jt5tWKYMoEOuCjz3Q,UCzSfZlOVxBSs5ObD25ywxDQ,@pablochitay46,@GilmarMaldonado-q9m,1
UCiC-Jn7wdgyQV4_Urk0DkWQ,UC-fiZBS5Gp1eCJd9ucgWnCg,@pedroros6358,@Tommii.10,1
UCiC-Jn7wdgyQV4_Urk0DkWQ,UC1DpqK6vaPEkBOMNvypsKYg,@pedroros6358,@HectorCarranza-u4j4o,1
UCiC-Jn7wdgyQV4_Urk0DkWQ,UC32oozucwCF3q8d4m8fyOUg,@pedroros6358,@RauldejesusOlivagonzalez,1
UCiC-Jn7wdgyQV4_Urk0DkWQ,UC3UVO7pTbeYvZ3ILEyRDskQ,@pedroros6358,@rosaelenaargueta79,1
UCiC-Jn7wdgyQV4_Urk0DkWQ,UC4Avya4kmR4Q0FrfFdBozSQ,@pedroros6358,@davidlima1348,1
UCiC-Jn7wdgyQV4_Urk0DkWQ,UC5hvEnRUzI4Kfvwnyi4QxqQ,@pedroros6358,@leonelsantizo5281,1
UCiC-Jn7wdgyQV4_Urk0DkWQ,UC6Uj1FT5JjDSF8vudvDxPAA,@pedroros6358,@alfredoortega9264,1
UCiC-Jn7wdgyQV4_Urk0DkWQ,UC7dadZG7kkGYnsNu6td0FbA,@pedroros6358,@lesolorzano,1
UCiC-Jn7wdgyQV4_Urk0DkWQ,UC816IGbFCZinfYS1LRDaaHg,@pedroros6358,@ingenieroar,1
UCiC-Jn7wdgyQV4_Urk0DkWQ,UCAKuKvcbfnBD3kF5njNu-IA,@pedroros6358,@melvinlopez7096,1
UCiC-Jn7wdgyQV4_Urk0DkWQ,UCCBYcToQ2dwkd6TJh0FSyDg,@pedroros6358,@lidiarodriguez3493,1
UCiC-Jn7wdgyQV4_Urk0DkWQ,UCDrmf9y9nLgFY5wnA2hTuGA,@pedroros6358,@laboratorio5528,1
UCiC-Jn7wdgyQV4_Urk0DkWQ,UCGGHbtfbbe0o68etrOf0qxw,@pedroros6358,@karensussetteleonvargas9794,1
UCiC-Jn7wdgyQV4_Urk0DkWQ,UCHbwIx9pmQuf7i-4_xO2EpA,@pedroros6358,@caminoseternos752,1
UCiC-Jn7wdgyQV4_Urk0DkWQ,UCOcUI5XkTYNMSFhZNMIPpGg,@pedroros6358,@hendersonlopez3864,1
UCiC-Jn7wdgyQV4_Urk0DkWQ,UCQqlPPUGqAfWjd-FSh_qn7Q,@pedroros6358,@estuardoargueta137,1
UCiC-Jn7wdgyQV4_Urk0DkWQ,UCRvPToDkkumha7WJAfCDk1A,@pedroros6358,@ligiaguerra3057,1
UCiC-Jn7wdgyQV4_Urk0DkWQ,UCUoYsrx1oZnCZ0usbBJn4fA,@pedroros6358,@AnaDiaz-re9sq,1
UCiC-Jn7wdgyQV4_Urk0DkWQ,UCV0lM03g5fg5pbPj97-sAtA,@pedroros6358,@genarodelgado3929,1
UCiC-Jn7wdgyQV4_Urk0DkWQ,UCW-JC6lebVmf2P1dmY_L94g,@pedroros6358,@dinoraoroxon5771,1
UCiC-Jn7wdgyQV4_Urk0DkWQ,UCW80DaMjQlEUibC98Cot-Dg,@pedroros6358,@rogeraldana4289,1
UCiC-Jn7wdgyQV4_Urk0DkWQ,UCWoAVGVqCn4xtINCMOTM4jg,@pedroros6358,@OmarMartinez-vv8re,1
UCiC-Jn7wdgyQV4_Urk0DkWQ,UCZeIIQrGAedW8tCbKWmGY-A,@pedroros6358,@mariocordon8873,1
UCiC-Jn7wdgyQV4_Urk0DkWQ,UC_LYoGs5C3mbZKZuKuqYCvw,@pedroros6358,@javiercifuentesarchila6041,1
UCiC-Jn7wdgyQV4_Urk0DkWQ,UCe8JZoYkX5oKUZyivHYdXhw,@pedroros6358,@FernandoGarcia-jg1fj,1
UCiC-Jn7wdgyQV4_Urk0DkWQ,UCgJNFj5dnxXpcMvmuhZDPxA,@pedroros6358,@NataliaRodriguez-rx5mr,1
UCiC-Jn7wdgyQV4_Urk0DkWQ,UCgQw_Sbq3ugruDUKsq1e0-A,@pedroros6358,@marlenareano-h4t,1
UCiC-Jn7wdgyQV4_Urk0DkWQ,UClhMWQ7XKWywYvbRnuf8QsA,@pedroros6358,@EcPerez-zz9oh,1
UCiC-Jn7wdgyQV4_Urk0DkWQ,UClqA491Xa5fQcXcJJa-vTWw,@pedroros6358,@AndresLemus-k2d,1
UCiC-Jn7wdgyQV4_Urk0DkWQ,UColMq7LmaoY3MT6aIDGrGvA,@pedroros6358,@quijotachapina1,1
UCiC-Jn7wdgyQV4_Urk0DkWQ,UCpe5jW3MIqkgTJ-PgkzvM6Q,@pedroros6358,@carloslam5333,1
UCiC-Jn7wdgyQV4_Urk0DkWQ,UCpsKOkt5iWTbenzeuq7dsmQ,@pedroros6358,@inge_vergueta,1
UCiC-Jn7wdgyQV4_Urk0DkWQ,UCsGoJEvb-cFPZ2rWoJcXzEQ,@pedroros6358,@sergiohinestroza9709,1
UCiC-Jn7wdgyQV4_Urk0DkWQ,UCu8_3-Wg-YzNyvHYQDEscfw,@pedroros6358,@RolandoCastroPérez-d7y,1
UCiC-Jn7wdgyQV4_Urk0DkWQ,UCuXmOjxC-htcprLgeVXz6Tg,@pedroros6358,@jorgeaguilar-bq3uj,1
UCiC-Jn7wdgyQV4_Urk0DkWQ,UCwjUvRseNtJoItylIyIez7Q,@pedroros6358,@Silviazea,1
UCiC-Jn7wdgyQV4_Urk0DkWQ,UCylqlpsh8ENNM1LqgQ1KbxA,@pedroros6358,@Jel.Awesh.M,1
UCQIdKuZ-OzuFqy0KjGrgesg,UCHGd14aYuZZShLD73dkk6mg,@lyacausa,@noemiherrera3152,1
UCQIdKuZ-OzuFqy0KjGrgesg,UCWWkebAekppaL5b5CNlppuw,@lyacausa,@ninettmartinez425,1
UCXr8_5WtGeipe4haOoQDgyQ,UC-hfX8J5JPJ-dfuakzegMLA,@amyherrera7352,@normaleticiaorozcojuarez2418,1
UCXr8_5WtGeipe4haOoQDgyQ,UC-jS_kA9w-OmpupXDx156Rg,@amyherrera7352,@simoncreyesc7579,1
UCXr8_5WtGeipe4haOoQDgyQ,UC-pNP6RMFuLg_-x7Ah_0kEA,@amyherrera7352,@almacatalan2717,1
UCXr8_5WtGeipe4haOoQDgyQ,UC1vr9aaMI2crB0NvwFHUeoQ,@amyherrera7352,@JoseSimilox-p6e,1
UCXr8_5WtGeipe4haOoQDgyQ,UC2Y_EHWQKevubk4vOEBBFxw,@amyherrera7352,@alfonsomorales2653,1
UCXr8_5WtGeipe4haOoQDgyQ,UC2weSE8rpqkGMOp6StYtVfg,@amyherrera7352,@katerynsantiago2907,1
UCXr8_5WtGeipe4haOoQDgyQ,UC3E9mAgP7VoAE5mZoAexl5g,@amyherrera7352,@EnnioAroche,1
UCXr8_5WtGeipe4haOoQDgyQ,UC3MYTqpQqlWBuCB7Th0e0PA,@amyherrera7352,@isaaclopez7220,1
UCXr8_5WtGeipe4haOoQDgyQ,UC3NMzdMYryaw82kPTnsaljg,@amyherrera7352,@marisosa7832,1
UCXr8_5WtGeipe4haOoQDgyQ,UC3XTwHxygNCgjndsg-UiCQA,@amyherrera7352,@marioajset4283,1
UCXr8_5WtGeipe4haOoQDgyQ,UC3qn1yJA5PeW9rkGPatQxiw,@amyherrera7352,@VICTOREST19,1
UCXr8_5WtGeipe4haOoQDgyQ,UC4cXueR2bKGFJV0Fk76gwmA,@amyherrera7352,@aluxdel4792,1
UCXr8_5WtGeipe4haOoQDgyQ,UC4wq3DcbfaG6dtCqn8Oyu3w,@amyherrera7352,@hugoasencio7764,1
UCXr8_5WtGeipe4haOoQDgyQ,UC5bG9nc_JV3FsNP2KseQiYw,@amyherrera7352,@giovannirodas4836,1
UCXr8_5WtGeipe4haOoQDgyQ,UC650pRT-OYzny3GwOH8Cgfw,@amyherrera7352,@edvinparedesherrera7632,1
UCXr8_5WtGeipe4haOoQDgyQ,UC6YSZqL0vEcI-niPKIMUGfw,@amyherrera7352,@maxwellsales885,1
UCXr8_5WtGeipe4haOoQDgyQ,UC72gBAtyb_VXQlYDcFrh6oQ,@amyherrera7352,@osmanmorales3012,1
UCXr8_5WtGeipe4haOoQDgyQ,UC7VUuJr9cGh845CmTvf7TlQ,@amyherrera7352,@LuisCastillo-oz4df,1
UCXr8_5WtGeipe4haOoQDgyQ,UC8F2V63KZ4ZEay6opX2hAQw,@amyherrera7352,@carmenr6311,1
UCXr8_5WtGeipe4haOoQDgyQ,UC8G5cJONY8L9voMyBW8Eoug,@amyherrera7352,@luisparedes-pw6qt,1
UCXr8_5WtGeipe4haOoQDgyQ,UC8r11yOugM2NuRfitQOxLLg,@amyherrera7352,@cesaraugustomoralesmonroy6907,1
UCXr8_5WtGeipe4haOoQDgyQ,UC9vMq1YF-e7C-VO0SHkbUTA,@amyherrera7352,@ErvinLeonardoCarreraLatín,1
UCXr8_5WtGeipe4haOoQDgyQ,UC9xr9QvIcDvoZNUX5f-jaZw,@amyherrera7352,@MariaaliciaColonmorales,1
UCXr8_5WtGeipe4haOoQDgyQ,UCA93ym2TXs_Ibyxb4Vcn-6Q,@amyherrera7352,@oswaldosolis8728,1
UCXr8_5WtGeipe4haOoQDgyQ,UCAlzM_N6xBlMYmM8EBzX86Q,@amyherrera7352,@carlossoto3252,1
UCXr8_5WtGeipe4haOoQDgyQ,UCAmtbUiIrUIhikru0ZoTFig,@amyherrera7352,@Aura-vf6dm,1
UCXr8_5WtGeipe4haOoQDgyQ,UCB5p8a5gklc80jJItP6xTHg,@amyherrera7352,@ernestogamboa8737,1
UCXr8_5WtGeipe4haOoQDgyQ,UCCaYwkkbQGcvFoUmothVdQQ,@amyherrera7352,@OsvaldoAguirre-l3i,1
UCXr8_5WtGeipe4haOoQDgyQ,UCDPWkUX3sNNaCx-m1dV4glA,@amyherrera7352,@hectoroliva949,1
UCXr8_5WtGeipe4haOoQDgyQ,UCDQaQv0hr2SS_PO-CMEwVHg,@amyherrera7352,@federicosaquimux1933,1
UCXr8_5WtGeipe4haOoQDgyQ,UCDUffaruH6dyUnUGwsTKpgg,@amyherrera7352,@luisletona2842,1
UCXr8_5WtGeipe4haOoQDgyQ,UCDftMWXQoJ6nONfY7GVOVjg,@amyherrera7352,@luisgpacheco5858,1
UCXr8_5WtGeipe4haOoQDgyQ,UCDlr1VadSucIZgZ171pRBjQ,@amyherrera7352,@cuabatzjj5924,1
UCXr8_5WtGeipe4haOoQDgyQ,UCEgEQmRbtL5fwr9_DqAC--g,@amyherrera7352,@ArielRodas-g5y,1
UCXr8_5WtGeipe4haOoQDgyQ,UCErZPJpHmLCsXs8ZWkAUupQ,@amyherrera7352,@dorisl.garciaroche7763,1
UCXr8_5WtGeipe4haOoQDgyQ,UCFUuDARXdmmIrLppEqf-rFg,@amyherrera7352,@allanmunoz7410,1
UCXr8_5WtGeipe4haOoQDgyQ,UCFhxtoeARHPnXXPcDrOU3Xg,@amyherrera7352,@diegoalejandrolopezmendez205,1
UCXr8_5WtGeipe4haOoQDgyQ,UCFjudnPLoaSL1BaRuLahyHg,@amyherrera7352,@HaroldoCastillo-rh9iw,1
UCXr8_5WtGeipe4haOoQDgyQ,UCFoIAE8k82D6AV-8gjjKaNg,@amyherrera7352,@eddymunoz9789,1
UCXr8_5WtGeipe4haOoQDgyQ,UCFxE8GbokBrBsPEKM1xrOjQ,@amyherrera7352,@JuanDavila-qd7qj,1
UCXr8_5WtGeipe4haOoQDgyQ,UCGzXwyCzMzGmjmCbH3Hg01Q,@amyherrera7352,@FidelZacarias-ph7dy,1
UCXr8_5WtGeipe4haOoQDgyQ,UCHTGCgY2l-DQJIvlA_cpa_Q,@amyherrera7352,@virgiliogarcia3039,1
UCXr8_5WtGeipe4haOoQDgyQ,UCKDR0f2fu2UzWL8mBv5-BHw,@amyherrera7352,@mireyamorales6595,1
UCXr8_5WtGeipe4haOoQDgyQ,UCL13XhnRzbGokEkCkEOb0-g,@amyherrera7352,@raquelprado3643,1
UCXr8_5WtGeipe4haOoQDgyQ,UCL1MT278vSaQ83ZDkVWn1gw,@amyherrera7352,@elmorodriguez6978,1
UCXr8_5WtGeipe4haOoQDgyQ,UCLFdHr9BEbXHkoJopbEPLZw,@amyherrera7352,@kanterra4584,1
UCXr8_5WtGeipe4haOoQDgyQ,UCLggDc_a5HriXv7I1h02sOA,@amyherrera7352,@guillermogonzalez5153,1
UCXr8_5WtGeipe4haOoQDgyQ,UCNBnKqWf4d-rS4HwJRQljmQ,@amyherrera7352,@LE_A22,1
UCXr8_5WtGeipe4haOoQDgyQ,UCNkcuy42zEwddwEcOd_HpnA,@amyherrera7352,@vanigomez492,1
UCXr8_5WtGeipe4haOoQDgyQ,UCOS8ViEkccrTZx2w2ccxotA,@amyherrera7352,@OscarHernandez-q8y,1
UCXr8_5WtGeipe4haOoQDgyQ,UCOh6DaZC_x9HASnlRylEMfw,@amyherrera7352,@AndresMedina-v1s,1
UCXr8_5WtGeipe4haOoQDgyQ,UCQgYjVngJRfPHDLGB5X6ZjA,@amyherrera7352,@oscarnavas9996,1
UCXr8_5WtGeipe4haOoQDgyQ,UCQqetiwzzmRNTM5OWuXarGQ,@amyherrera7352,@isaiaslopezvelasquez1539,1
UCXr8_5WtGeipe4haOoQDgyQ,UCQtICyzWmhC5woCtbNgaSmg,@amyherrera7352,@nestormendez6216,1
UCXr8_5WtGeipe4haOoQDgyQ,UCQtSFINs1h6GHkpg9o5kMvg,@amyherrera7352,@MacarioMartinezruiz,1
UCXr8_5WtGeipe4haOoQDgyQ,UCRETAiYdh2dL5ZxB0_N1zDA,@amyherrera7352,@Joseroland21,1
UCXr8_5WtGeipe4haOoQDgyQ,UCRlCV9zSn7avAWh-9_XFWqQ,@amyherrera7352,@ronyarana8849,1
UCXr8_5WtGeipe4haOoQDgyQ,UCSou6a2OuYGSvPjm5psquyA,@amyherrera7352,@FranciscoRivera-sf7ne,1
UCXr8_5WtGeipe4haOoQDgyQ,UCTD6q1nyIe3Y7HhqjaMj72w,@amyherrera7352,@JuanChang-r6k,1
UCXr8_5WtGeipe4haOoQDgyQ,UCTP3O0rMnc8z8v8jaDQwL0w,@amyherrera7352,@RobertoZelaya-x1v,1
UCXr8_5WtGeipe4haOoQDgyQ,UCThW2XNsAaBKme5PUt7n-Zg,@amyherrera7352,@thelmamoran8565,1
UCXr8_5WtGeipe4haOoQDgyQ,UCTwSut16JyAg3mX6LVUNGqA,@amyherrera7352,@SuperVictor2005,1
UCXr8_5WtGeipe4haOoQDgyQ,UCTylKrsqkrBKIqubMu_5N0Q,@amyherrera7352,@edwingeovanymarroquinmarro6684,1
UCXr8_5WtGeipe4haOoQDgyQ,UCUIIIPTVDVHAXqhC_5V6lPA,@amyherrera7352,@gorrarota,1
UCXr8_5WtGeipe4haOoQDgyQ,UCV0iizTBoOfdAFX_thfI9BA,@amyherrera7352,@BenjaminLarios-jd8nk,1
UCXr8_5WtGeipe4haOoQDgyQ,UCXXh7yg5KUFIWylTiKVEFKQ,@amyherrera7352,@MrDuenderojo,1
UCXr8_5WtGeipe4haOoQDgyQ,UCXgr7vXlRrsaskPdo097kGA,@amyherrera7352,@Rogergh-nw4oj,1
UCXr8_5WtGeipe4haOoQDgyQ,UCYN4wSQ1Sx4_LurxLlW7MPg,@amyherrera7352,@belarminavillatoro6474,1
UCXr8_5WtGeipe4haOoQDgyQ,UCYwpX26TrCxq8TvbKGRYLXA,@amyherrera7352,@beneficioelcaminovillacana8540,1
UCXr8_5WtGeipe4haOoQDgyQ,UCcfdg8crmMJwEuLUsAhV7yg,@amyherrera7352,@RolandoRaguay,1
UCXr8_5WtGeipe4haOoQDgyQ,UCfM3nrxtTQMY5jFx1v1J4Gg,@amyherrera7352,@edgarroldan5539,1
UCXr8_5WtGeipe4haOoQDgyQ,UChZknRmJkeGeQk0-mQuhDOg,@amyherrera7352,@OdilioRodríguez-c5w,1
UCXr8_5WtGeipe4haOoQDgyQ,UChep9kVb5gQmpodEEl10Xlg,@amyherrera7352,@carlosaguilar-kz7ml,1
UCXr8_5WtGeipe4haOoQDgyQ,UCi1b_TRQfgO1Z9O2gNGGWNA,@amyherrera7352,@davidisraelesquitsaquil,1
UCXr8_5WtGeipe4haOoQDgyQ,UCiGRBf2RNF0WRKhRVT7zFoA,@amyherrera7352,@edwinavila4876,1
UCXr8_5WtGeipe4haOoQDgyQ,UCiMythXHsw7eQEMykCdmMUA,@amyherrera7352,@JavierBecerra-h6x,1
UCXr8_5WtGeipe4haOoQDgyQ,UCipetjeiWj4CZB6EbyYziZg,@amyherrera7352,@OseasSamayoa-ol5rz,1
UCXr8_5WtGeipe4haOoQDgyQ,UCj-LL25XJnjxepPKCc3NGog,@amyherrera7352,@anaaguirre8985,1
UCXr8_5WtGeipe4haOoQDgyQ,UCjSKM9j0Q7HLDr1hD6D-TUw,@amyherrera7352,@josehidalgo4875,1
UCXr8_5WtGeipe4haOoQDgyQ,UCjmPuazZJzscrwvk0QR9RVw,@amyherrera7352,@mynorrodas8591,1
UCXr8_5WtGeipe4haOoQDgyQ,UCkd9W714-947dEE6ZOEBATA,@amyherrera7352,@ARGELIATELON,1
UCXr8_5WtGeipe4haOoQDgyQ,UCl0ekS9Tt0jJGtOEM18S63w,@amyherrera7352,@monkchapin,1
UCXr8_5WtGeipe4haOoQDgyQ,UCljDbleJul41G1TzOjOZAVA,@amyherrera7352,@hectorcarranza3777,1
UCXr8_5WtGeipe4haOoQDgyQ,UCmjppp6ujz3SAnULvP3sZMw,@amyherrera7352,@marcomendez7509,1
UCXr8_5WtGeipe4haOoQDgyQ,UCmvOgzmmXbjUthHy-WJ52hQ,@amyherrera7352,@mariorodas593,1
UCXr8_5WtGeipe4haOoQDgyQ,UCp4iw5_5SmV9VGTFSNVGOmQ,@amyherrera7352,@CARLOSSTREMS51,1
UCXr8_5WtGeipe4haOoQDgyQ,UCpl8rF8uv_8uui-QRvuJaRA,@amyherrera7352,@SergioGarcia-z9c,1
UCXr8_5WtGeipe4haOoQDgyQ,UCplrIQtaPj6au60_f2-mOYw,@amyherrera7352,@romeolopezherrarte799,1
UCXr8_5WtGeipe4haOoQDgyQ,UCpsKOkt5iWTbenzeuq7dsmQ,@amyherrera7352,@inge_vergueta,1
UCXr8_5WtGeipe4haOoQDgyQ,UCr1emrogPKkKTs_WTtx71xg,@amyherrera7352,@domingopeneleu6457,1
UCXr8_5WtGeipe4haOoQDgyQ,UCrJn_rbo_ENAdeqneS-RmRw,@amyherrera7352,@josecarrera9623,1
UCXr8_5WtGeipe4haOoQDgyQ,UCsJJAvrVGupdmhOqgtDp8dg,@amyherrera7352,@nestorlorenzana1168,1
UCXr8_5WtGeipe4haOoQDgyQ,UCsSXdJct-nsS8DsABoEsaYA,@amyherrera7352,@IvánPérez-j4j,1
UCXr8_5WtGeipe4haOoQDgyQ,UCsUCN0Yq_UyTvKjOJLmNrnQ,@amyherrera7352,@moisesvaldez4043,1
UCXr8_5WtGeipe4haOoQDgyQ,UCsjs5Hp_r86x1xbK6FAeqaA,@amyherrera7352,@alvaroesquivel563,1
UCXr8_5WtGeipe4haOoQDgyQ,UCtNfIBnc5S5DbbQj_yxgJTw,@amyherrera7352,@JosueRamirez-ey3ih,1
UCXr8_5WtGeipe4haOoQDgyQ,UCtUR3_CAiE7fCoZHM6cMfyQ,@amyherrera7352,@mdelcid01,1
UCXr8_5WtGeipe4haOoQDgyQ,UCujPF2nBgsTD62nWE3lcpIg,@amyherrera7352,@victorarturoruanobautista7588,1
UCXr8_5WtGeipe4haOoQDgyQ,UCvApqeCbLod-wejtT4CcVuA,@amyherrera7352,@davidgaher9550,1
UCXr8_5WtGeipe4haOoQDgyQ,UCwO2SXr0ggzwg6QWWrr01nQ,@amyherrera7352,@ricardofigueroa5720,1
UCXr8_5WtGeipe4haOoQDgyQ,UCwW2OFy95P7ZBkOPxWkpvYg,@amyherrera7352,@TeresaLucero-b5o,1
UCXr8_5WtGeipe4haOoQDgyQ,UCwha8rxULYMVtNwZWeSkE1A,@amyherrera7352,@mariasamo8637,1
UCXr8_5WtGeipe4haOoQDgyQ,UCySYJU5kUh7X8gVt9la2ISA,@amyherrera7352,@dantesarti4351,1
UCXr8_5WtGeipe4haOoQDgyQ,UCylqlpsh8ENNM1LqgQ1KbxA,@amyherrera7352,@Jel.Awesh.M,1
UCXr8_5WtGeipe4haOoQDgyQ,UCz3gu01bmjNv0DpRq-K3XYg,@amyherrera7352,@eusebiovasquez4385,1
UCXr8_5WtGeipe4haOoQDgyQ,UCzSfZlOVxBSs5ObD25ywxDQ,@amyherrera7352,@GilmarMaldonado-q9m,1
UC_3xuTXvMIWU5MYP9HkJ3vQ,UC2ngpd8UBQu4gcUYy0goAtg,@Historia-wm4os,@juliohernandez7438,1
UC_3xuTXvMIWU5MYP9HkJ3vQ,UCIXLDYqR_syskKRJy_x9W9Q,@Historia-wm4os,@carlitosramirez4739,1
UC_3xuTXvMIWU5MYP9HkJ3vQ,UCLXYp1Cvc5DLtq5UQL5D9vw,@Historia-wm4os,@jorgecifuentes-m5g,1
UC_3xuTXvMIWU5MYP9HkJ3vQ,UCO0zwwLWGyDgQmWPJ5Qrr1w,@Historia-wm4os,@elsalvador3605,1
UC_3xuTXvMIWU5MYP9HkJ3vQ,UCXN2s7DwTJm33xO-pNkAdaA,@Historia-wm4os,@edithsan7688,1
UC_3xuTXvMIWU5MYP9HkJ3vQ,UCfXykdbSU97rj987LDUGfvg,@Historia-wm4os,@MariaSantos-c8y3h,1
UC_3xuTXvMIWU5MYP9HkJ3vQ,UCfjhejO7LZy4doXURa7LZCQ,@Historia-wm4os,@HonwayLee-z5g,1
UC_3xuTXvMIWU5MYP9HkJ3vQ,UCjZgFEowMBrsjodqfovzdKw,@Historia-wm4os,@franciscoflores3120,1
UC_3xuTXvMIWU5MYP9HkJ3vQ,UCq3mDTTRZnUybct5M9OSXbg,@Historia-wm4os,@MacoMorales-i2i2d,1
UC_3xuTXvMIWU5MYP9HkJ3vQ,UCwCfs-2zbD5k0lG-UVg_JBw,@Historia-wm4os,@JessicaHuaz-96,1
UCFjudnPLoaSL1BaRuLahyHg,UC-hfX8J5JPJ-dfuakzegMLA,@HaroldoCastillo-rh9iw,@normaleticiaorozcojuarez2418,1
UCFjudnPLoaSL1BaRuLahyHg,UC-jS_kA9w-OmpupXDx156Rg,@HaroldoCastillo-rh9iw,@simoncreyesc7579,1
UCFjudnPLoaSL1BaRuLahyHg,UC-pNP6RMFuLg_-x7Ah_0kEA,@HaroldoCastillo-rh9iw,@almacatalan2717,1
UCFjudnPLoaSL1BaRuLahyHg,UC1vr9aaMI2crB0NvwFHUeoQ,@HaroldoCastillo-rh9iw,@JoseSimilox-p6e,1
UCFjudnPLoaSL1BaRuLahyHg,UC2Y_EHWQKevubk4vOEBBFxw,@HaroldoCastillo-rh9iw,@alfonsomorales2653,1
UCFjudnPLoaSL1BaRuLahyHg,UC2weSE8rpqkGMOp6StYtVfg,@HaroldoCastillo-rh9iw,@katerynsantiago2907,1
UCFjudnPLoaSL1BaRuLahyHg,UC3E9mAgP7VoAE5mZoAexl5g,@HaroldoCastillo-rh9iw,@EnnioAroche,1
UCFjudnPLoaSL1BaRuLahyHg,UC3MYTqpQqlWBuCB7Th0e0PA,@HaroldoCastillo-rh9iw,@isaaclopez7220,1
UCFjudnPLoaSL1BaRuLahyHg,UC3NMzdMYryaw82kPTnsaljg,@HaroldoCastillo-rh9iw,@marisosa7832,1
UCFjudnPLoaSL1BaRuLahyHg,UC3XTwHxygNCgjndsg-UiCQA,@HaroldoCastillo-rh9iw,@marioajset4283,1
UCFjudnPLoaSL1BaRuLahyHg,UC3qn1yJA5PeW9rkGPatQxiw,@HaroldoCastillo-rh9iw,@VICTOREST19,1
UCFjudnPLoaSL1BaRuLahyHg,UC4cXueR2bKGFJV0Fk76gwmA,@HaroldoCastillo-rh9iw,@aluxdel4792,1
UCFjudnPLoaSL1BaRuLahyHg,UC4wq3DcbfaG6dtCqn8Oyu3w,@HaroldoCastillo-rh9iw,@hugoasencio7764,1
UCFjudnPLoaSL1BaRuLahyHg,UC5bG9nc_JV3FsNP2KseQiYw,@HaroldoCastillo-rh9iw,@giovannirodas4836,1
UCFjudnPLoaSL1BaRuLahyHg,UC650pRT-OYzny3GwOH8Cgfw,@HaroldoCastillo-rh9iw,@edvinparedesherrera7632,1
UCFjudnPLoaSL1BaRuLahyHg,UC6YSZqL0vEcI-niPKIMUGfw,@HaroldoCastillo-rh9iw,@maxwellsales885,1
UCFjudnPLoaSL1BaRuLahyHg,UC72gBAtyb_VXQlYDcFrh6oQ,@HaroldoCastillo-rh9iw,@osmanmorales3012,1
UCFjudnPLoaSL1BaRuLahyHg,UC7VUuJr9cGh845CmTvf7TlQ,@HaroldoCastillo-rh9iw,@LuisCastillo-oz4df,1
UCFjudnPLoaSL1BaRuLahyHg,UC8F2V63KZ4ZEay6opX2hAQw,@HaroldoCastillo-rh9iw,@carmenr6311,1
UCFjudnPLoaSL1BaRuLahyHg,UC8G5cJONY8L9voMyBW8Eoug,@HaroldoCastillo-rh9iw,@luisparedes-pw6qt,1
UCFjudnPLoaSL1BaRuLahyHg,UC8r11yOugM2NuRfitQOxLLg,@HaroldoCastillo-rh9iw,@cesaraugustomoralesmonroy6907,1
UCFjudnPLoaSL1BaRuLahyHg,UC9vMq1YF-e7C-VO0SHkbUTA,@HaroldoCastillo-rh9iw,@ErvinLeonardoCarreraLatín,1
UCFjudnPLoaSL1BaRuLahyHg,UC9xr9QvIcDvoZNUX5f-jaZw,@HaroldoCastillo-rh9iw,@MariaaliciaColonmorales,1
UCFjudnPLoaSL1BaRuLahyHg,UCA93ym2TXs_Ibyxb4Vcn-6Q,@HaroldoCastillo-rh9iw,@oswaldosolis8728,1
UCFjudnPLoaSL1BaRuLahyHg,UCAlzM_N6xBlMYmM8EBzX86Q,@HaroldoCastillo-rh9iw,@carlossoto3252,1
UCFjudnPLoaSL1BaRuLahyHg,UCAmtbUiIrUIhikru0ZoTFig,@HaroldoCastillo-rh9iw,@Aura-vf6dm,1
UCFjudnPLoaSL1BaRuLahyHg,UCB5p8a5gklc80jJItP6xTHg,@HaroldoCastillo-rh9iw,@ernestogamboa8737,1
UCFjudnPLoaSL1BaRuLahyHg,UCCaYwkkbQGcvFoUmothVdQQ,@HaroldoCastillo-rh9iw,@OsvaldoAguirre-l3i,1
UCFjudnPLoaSL1BaRuLahyHg,UCDPWkUX3sNNaCx-m1dV4glA,@HaroldoCastillo-rh9iw,@hectoroliva949,1
UCFjudnPLoaSL1BaRuLahyHg,UCDQaQv0hr2SS_PO-CMEwVHg,@HaroldoCastillo-rh9iw,@federicosaquimux1933,1
UCFjudnPLoaSL1BaRuLahyHg,UCDUffaruH6dyUnUGwsTKpgg,@HaroldoCastillo-rh9iw,@luisletona2842,1
UCFjudnPLoaSL1BaRuLahyHg,UCDftMWXQoJ6nONfY7GVOVjg,@HaroldoCastillo-rh9iw,@luisgpacheco5858,1
UCFjudnPLoaSL1BaRuLahyHg,UCDlr1VadSucIZgZ171pRBjQ,@HaroldoCastillo-rh9iw,@cuabatzjj5924,1
UCFjudnPLoaSL1BaRuLahyHg,UCEgEQmRbtL5fwr9_DqAC--g,@HaroldoCastillo-rh9iw,@ArielRodas-g5y,1
UCFjudnPLoaSL1BaRuLahyHg,UCErZPJpHmLCsXs8ZWkAUupQ,@HaroldoCastillo-rh9iw,@dorisl.garciaroche7763,1
UCFjudnPLoaSL1BaRuLahyHg,UCFUuDARXdmmIrLppEqf-rFg,@HaroldoCastillo-rh9iw,@allanmunoz7410,1
UCFjudnPLoaSL1BaRuLahyHg,UCFhxtoeARHPnXXPcDrOU3Xg,@HaroldoCastillo-rh9iw,@diegoalejandrolopezmendez205,1
UCFjudnPLoaSL1BaRuLahyHg,UCFoIAE8k82D6AV-8gjjKaNg,@HaroldoCastillo-rh9iw,@eddymunoz9789,1
UCFjudnPLoaSL1BaRuLahyHg,UCFxE8GbokBrBsPEKM1xrOjQ,@HaroldoCastillo-rh9iw,@JuanDavila-qd7qj,1
UCFjudnPLoaSL1BaRuLahyHg,UCGzXwyCzMzGmjmCbH3Hg01Q,@HaroldoCastillo-rh9iw,@FidelZacarias-ph7dy,1
UCFjudnPLoaSL1BaRuLahyHg,UCHTGCgY2l-DQJIvlA_cpa_Q,@HaroldoCastillo-rh9iw,@virgiliogarcia3039,1
UCFjudnPLoaSL1BaRuLahyHg,UCKDR0f2fu2UzWL8mBv5-BHw,@HaroldoCastillo-rh9iw,@mireyamorales6595,1
UCFjudnPLoaSL1BaRuLahyHg,UCL13XhnRzbGokEkCkEOb0-g,@HaroldoCastillo-rh9iw,@raquelprado3643,1
UCFjudnPLoaSL1BaRuLahyHg,UCL1MT278vSaQ83ZDkVWn1gw,@HaroldoCastillo-rh9iw,@elmorodriguez6978,1
UCFjudnPLoaSL1BaRuLahyHg,UCLFdHr9BEbXHkoJopbEPLZw,@HaroldoCastillo-rh9iw,@kanterra4584,1
UCFjudnPLoaSL1BaRuLahyHg,UCLggDc_a5HriXv7I1h02sOA,@HaroldoCastillo-rh9iw,@guillermogonzalez5153,1
UCFjudnPLoaSL1BaRuLahyHg,UCNBnKqWf4d-rS4HwJRQljmQ,@HaroldoCastillo-rh9iw,@LE_A22,1
UCFjudnPLoaSL1BaRuLahyHg,UCNkcuy42zEwddwEcOd_HpnA,@HaroldoCastillo-rh9iw,@vanigomez492,1
UCFjudnPLoaSL1BaRuLahyHg,UCOS8ViEkccrTZx2w2ccxotA,@HaroldoCastillo-rh9iw,@OscarHernandez-q8y,1
UCFjudnPLoaSL1BaRuLahyHg,UCOh6DaZC_x9HASnlRylEMfw,@HaroldoCastillo-rh9iw,@AndresMedina-v1s,1
UCFjudnPLoaSL1BaRuLahyHg,UCQgYjVngJRfPHDLGB5X6ZjA,@HaroldoCastillo-rh9iw,@oscarnavas9996,1
UCFjudnPLoaSL1BaRuLahyHg,UCQqetiwzzmRNTM5OWuXarGQ,@HaroldoCastillo-rh9iw,@isaiaslopezvelasquez1539,1
UCFjudnPLoaSL1BaRuLahyHg,UCQtICyzWmhC5woCtbNgaSmg,@HaroldoCastillo-rh9iw,@nestormendez6216,1
UCFjudnPLoaSL1BaRuLahyHg,UCQtSFINs1h6GHkpg9o5kMvg,@HaroldoCastillo-rh9iw,@MacarioMartinezruiz,1
UCFjudnPLoaSL1BaRuLahyHg,UCRETAiYdh2dL5ZxB0_N1zDA,@HaroldoCastillo-rh9iw,@Joseroland21,1
UCFjudnPLoaSL1BaRuLahyHg,UCRlCV9zSn7avAWh-9_XFWqQ,@HaroldoCastillo-rh9iw,@ronyarana8849,1
UCFjudnPLoaSL1BaRuLahyHg,UCSou6a2OuYGSvPjm5psquyA,@HaroldoCastillo-rh9iw,@FranciscoRivera-sf7ne,1
UCFjudnPLoaSL1BaRuLahyHg,UCTD6q1nyIe3Y7HhqjaMj72w,@HaroldoCastillo-rh9iw,@JuanChang-r6k,1
UCFjudnPLoaSL1BaRuLahyHg,UCTP3O0rMnc8z8v8jaDQwL0w,@HaroldoCastillo-rh9iw,@RobertoZelaya-x1v,1
UCFjudnPLoaSL1BaRuLahyHg,UCThW2XNsAaBKme5PUt7n-Zg,@HaroldoCastillo-rh9iw,@thelmamoran8565,1
UCFjudnPLoaSL1BaRuLahyHg,UCTwSut16JyAg3mX6LVUNGqA,@HaroldoCastillo-rh9iw,@SuperVictor2005,1
UCFjudnPLoaSL1BaRuLahyHg,UCTylKrsqkrBKIqubMu_5N0Q,@HaroldoCastillo-rh9iw,@edwingeovanymarroquinmarro6684,1
UCFjudnPLoaSL1BaRuLahyHg,UCUIIIPTVDVHAXqhC_5V6lPA,@HaroldoCastillo-rh9iw,@gorrarota,1
UCFjudnPLoaSL1BaRuLahyHg,UCV0iizTBoOfdAFX_thfI9BA,@HaroldoCastillo-rh9iw,@BenjaminLarios-jd8nk,1
UCFjudnPLoaSL1BaRuLahyHg,UCXXh7yg5KUFIWylTiKVEFKQ,@HaroldoCastillo-rh9iw,@MrDuenderojo,1
UCFjudnPLoaSL1BaRuLahyHg,UCXgr7vXlRrsaskPdo097kGA,@HaroldoCastillo-rh9iw,@Rogergh-nw4oj,1
UCFjudnPLoaSL1BaRuLahyHg,UCYN4wSQ1Sx4_LurxLlW7MPg,@HaroldoCastillo-rh9iw,@belarminavillatoro6474,1
UCFjudnPLoaSL1BaRuLahyHg,UCYwpX26TrCxq8TvbKGRYLXA,@HaroldoCastillo-rh9iw,@beneficioelcaminovillacana8540,1
UCFjudnPLoaSL1BaRuLahyHg,UCcfdg8crmMJwEuLUsAhV7yg,@HaroldoCastillo-rh9iw,@RolandoRaguay,1
UCFjudnPLoaSL1BaRuLahyHg,UCfM3nrxtTQMY5jFx1v1J4Gg,@HaroldoCastillo-rh9iw,@edgarroldan5539,1
UCFjudnPLoaSL1BaRuLahyHg,UChZknRmJkeGeQk0-mQuhDOg,@HaroldoCastillo-rh9iw,@OdilioRodríguez-c5w,1
UCFjudnPLoaSL1BaRuLahyHg,UChep9kVb5gQmpodEEl10Xlg,@HaroldoCastillo-rh9iw,@carlosaguilar-kz7ml,1
UCFjudnPLoaSL1BaRuLahyHg,UCi1b_TRQfgO1Z9O2gNGGWNA,@HaroldoCastillo-rh9iw,@davidisraelesquitsaquil,1
UCFjudnPLoaSL1BaRuLahyHg,UCiGRBf2RNF0WRKhRVT7zFoA,@HaroldoCastillo-rh9iw,@edwinavila4876,1
UCFjudnPLoaSL1BaRuLahyHg,UCiMythXHsw7eQEMykCdmMUA,@HaroldoCastillo-rh9iw,@JavierBecerra-h6x,1
UCFjudnPLoaSL1BaRuLahyHg,UCipetjeiWj4CZB6EbyYziZg,@HaroldoCastillo-rh9iw,@OseasSamayoa-ol5rz,1
UCFjudnPLoaSL1BaRuLahyHg,UCj-LL25XJnjxepPKCc3NGog,@HaroldoCastillo-rh9iw,@anaaguirre8985,1
UCFjudnPLoaSL1BaRuLahyHg,UCjSKM9j0Q7HLDr1hD6D-TUw,@HaroldoCastillo-rh9iw,@josehidalgo4875,1
UCFjudnPLoaSL1BaRuLahyHg,UCjmPuazZJzscrwvk0QR9RVw,@HaroldoCastillo-rh9iw,@mynorrodas8591,1
UCFjudnPLoaSL1BaRuLahyHg,UCkd9W714-947dEE6ZOEBATA,@HaroldoCastillo-rh9iw,@ARGELIATELON,1
UCFjudnPLoaSL1BaRuLahyHg,UCl0ekS9Tt0jJGtOEM18S63w,@HaroldoCastillo-rh9iw,@monkchapin,1
UCFjudnPLoaSL1BaRuLahyHg,UCljDbleJul41G1TzOjOZAVA,@HaroldoCastillo-rh9iw,@hectorcarranza3777,1
UCFjudnPLoaSL1BaRuLahyHg,UCmjppp6ujz3SAnULvP3sZMw,@HaroldoCastillo-rh9iw,@marcomendez7509,1
UCFjudnPLoaSL1BaRuLahyHg,UCmvOgzmmXbjUthHy-WJ52hQ,@HaroldoCastillo-rh9iw,@mariorodas593,1
UCFjudnPLoaSL1BaRuLahyHg,UCp4iw5_5SmV9VGTFSNVGOmQ,@HaroldoCastillo-rh9iw,@CARLOSSTREMS51,1
UCFjudnPLoaSL1BaRuLahyHg,UCpl8rF8uv_8uui-QRvuJaRA,@HaroldoCastillo-rh9iw,@SergioGarcia-z9c,1
UCFjudnPLoaSL1BaRuLahyHg,UCplrIQtaPj6au60_f2-mOYw,@HaroldoCastillo-rh9iw,@romeolopezherrarte799,1
UCFjudnPLoaSL1BaRuLahyHg,UCpsKOkt5iWTbenzeuq7dsmQ,@HaroldoCastillo-rh9iw,@inge_vergueta,1
UCFjudnPLoaSL1BaRuLahyHg,UCr1emrogPKkKTs_WTtx71xg,@HaroldoCastillo-rh9iw,@domingopeneleu6457,1
UCFjudnPLoaSL1BaRuLahyHg,UCrJn_rbo_ENAdeqneS-RmRw,@HaroldoCastillo-rh9iw,@josecarrera9623,1
UCFjudnPLoaSL1BaRuLahyHg,UCsJJAvrVGupdmhOqgtDp8dg,@HaroldoCastillo-rh9iw,@nestorlorenzana1168,1
UCFjudnPLoaSL1BaRuLahyHg,UCsSXdJct-nsS8DsABoEsaYA,@HaroldoCastillo-rh9iw,@IvánPérez-j4j,1
UCFjudnPLoaSL1BaRuLahyHg,UCsUCN0Yq_UyTvKjOJLmNrnQ,@HaroldoCastillo-rh9iw,@moisesvaldez4043,1
UCFjudnPLoaSL1BaRuLahyHg,UCsjs5Hp_r86x1xbK6FAeqaA,@HaroldoCastillo-rh9iw,@alvaroesquivel563,1
UCFjudnPLoaSL1BaRuLahyHg,UCtNfIBnc5S5DbbQj_yxgJTw,@HaroldoCastillo-rh9iw,@JosueRamirez-ey3ih,1
UCFjudnPLoaSL1BaRuLahyHg,UCtUR3_CAiE7fCoZHM6cMfyQ,@HaroldoCastillo-rh9iw,@mdelcid01,1
UCFjudnPLoaSL1BaRuLahyHg,UCujPF2nBgsTD62nWE3lcpIg,@HaroldoCastillo-rh9iw,@victorarturoruanobautista7588,1
UCFjudnPLoaSL1BaRuLahyHg,UCvApqeCbLod-wejtT4CcVuA,@HaroldoCastillo-rh9iw,@davidgaher9550,1
UCFjudnPLoaSL1BaRuLahyHg,UCwO2SXr0ggzwg6QWWrr01nQ,@HaroldoCastillo-rh9iw,@ricardofigueroa5720,1
UCFjudnPLoaSL1BaRuLahyHg,UCwW2OFy95P7ZBkOPxWkpvYg,@HaroldoCastillo-rh9iw,@TeresaLucero-b5o,1
UCFjudnPLoaSL1BaRuLahyHg,UCwha8rxULYMVtNwZWeSkE1A,@HaroldoCastillo-rh9iw,@mariasamo8637,1
UCFjudnPLoaSL1BaRuLahyHg,UCySYJU5kUh7X8gVt9la2ISA,@HaroldoCastillo-rh9iw,@dantesarti4351,1
UCFjudnPLoaSL1BaRuLahyHg,UCylqlpsh8ENNM1LqgQ1KbxA,@HaroldoCastillo-rh9iw,@Jel.Awesh.M,1
UCFjudnPLoaSL1BaRuLahyHg,UCz3gu01bmjNv0DpRq-K3XYg,@HaroldoCastillo-rh9iw,@eusebiovasquez4385,1
UCFjudnPLoaSL1BaRuLahyHg,UCzSfZlOVxBSs5ObD25ywxDQ,@HaroldoCastillo-rh9iw,@GilmarMaldonado-q9m,1
UC-pNP6RMFuLg_-x7Ah_0kEA,UC-hfX8J5JPJ-dfuakzegMLA,@almacatalan2717,@normaleticiaorozcojuarez2418,1
UC-pNP6RMFuLg_-x7Ah_0kEA,UC-jS_kA9w-OmpupXDx156Rg,@almacatalan2717,@simoncreyesc7579,1
UC-pNP6RMFuLg_-x7Ah_0kEA,UC1vr9aaMI2crB0NvwFHUeoQ,@almacatalan2717,@JoseSimilox-p6e,1
UC-pNP6RMFuLg_-x7Ah_0kEA,UC2Y_EHWQKevubk4vOEBBFxw,@almacatalan2717,@alfonsomorales2653,1
UC-pNP6RMFuLg_-x7Ah_0kEA,UC2weSE8rpqkGMOp6StYtVfg,@almacatalan2717,@katerynsantiago2907,1
UC-pNP6RMFuLg_-x7Ah_0kEA,UC3E9mAgP7VoAE5mZoAexl5g,@almacatalan2717,@EnnioAroche,1
UC-pNP6RMFuLg_-x7Ah_0kEA,UC3MYTqpQqlWBuCB7Th0e0PA,@almacatalan2717,@isaaclopez7220,1
UC-pNP6RMFuLg_-x7Ah_0kEA,UC3NMzdMYryaw82kPTnsaljg,@almacatalan2717,@marisosa7832,1
UC-pNP6RMFuLg_-x7Ah_0kEA,UC3XTwHxygNCgjndsg-UiCQA,@almacatalan2717,@marioajset4283,1
UC-pNP6RMFuLg_-x7Ah_0kEA,UC3qn1yJA5PeW9rkGPatQxiw,@almacatalan2717,@VICTOREST19,1
UC-pNP6RMFuLg_-x7Ah_0kEA,UC4cXueR2bKGFJV0Fk76gwmA,@almacatalan2717,@aluxdel4792,1
UC-pNP6RMFuLg_-x7Ah_0kEA,UC4wq3DcbfaG6dtCqn8Oyu3w,@almacatalan2717,@hugoasencio7764,1
UC-pNP6RMFuLg_-x7Ah_0kEA,UC5bG9nc_JV3FsNP2KseQiYw,@almacatalan2717,@giovannirodas4836,1
UC-pNP6RMFuLg_-x7Ah_0kEA,UC650pRT-OYzny3GwOH8Cgfw,@almacatalan2717,@edvinparedesherrera7632,1
UC-pNP6RMFuLg_-x7Ah_0kEA,UC6YSZqL0vEcI-niPKIMUGfw,@almacatalan2717,@maxwellsales885,1
UC-pNP6RMFuLg_-x7Ah_0kEA,UC72gBAtyb_VXQlYDcFrh6oQ,@almacatalan2717,@osmanmorales3012,1
UC-pNP6RMFuLg_-x7Ah_0kEA,UC7VUuJr9cGh845CmTvf7TlQ,@almacatalan2717,@LuisCastillo-oz4df,1
UC-pNP6RMFuLg_-x7Ah_0kEA,UC8F2V63KZ4ZEay6opX2hAQw,@almacatalan2717,@carmenr6311,1
UC-pNP6RMFuLg_-x7Ah_0kEA,UC8G5cJONY8L9voMyBW8Eoug,@almacatalan2717,@luisparedes-pw6qt,1
UC-pNP6RMFuLg_-x7Ah_0kEA,UC8r11yOugM2NuRfitQOxLLg,@almacatalan2717,@cesaraugustomoralesmonroy6907,1
UC-pNP6RMFuLg_-x7Ah_0kEA,UC9vMq1YF-e7C-VO0SHkbUTA,@almacatalan2717,@ErvinLeonardoCarreraLatín,1
UC-pNP6RMFuLg_-x7Ah_0kEA,UC9xr9QvIcDvoZNUX5f-jaZw,@almacatalan2717,@MariaaliciaColonmorales,1
UC-pNP6RMFuLg_-x7Ah_0kEA,UCA93ym2TXs_Ibyxb4Vcn-6Q,@almacatalan2717,@oswaldosolis8728,1
UC-pNP6RMFuLg_-x7Ah_0kEA,UCAlzM_N6xBlMYmM8EBzX86Q,@almacatalan2717,@carlossoto3252,1
UC-pNP6RMFuLg_-x7Ah_0kEA,UCAmtbUiIrUIhikru0ZoTFig,@almacatalan2717,@Aura-vf6dm,1
UC-pNP6RMFuLg_-x7Ah_0kEA,UCB5p8a5gklc80jJItP6xTHg,@almacatalan2717,@ernestogamboa8737,1
UC-pNP6RMFuLg_-x7Ah_0kEA,UCCaYwkkbQGcvFoUmothVdQQ,@almacatalan2717,@OsvaldoAguirre-l3i,1
UC-pNP6RMFuLg_-x7Ah_0kEA,UCDPWkUX3sNNaCx-m1dV4glA,@almacatalan2717,@hectoroliva949,1
UC-pNP6RMFuLg_-x7Ah_0kEA,UCDQaQv0hr2SS_PO-CMEwVHg,@almacatalan2717,@federicosaquimux1933,1
UC-pNP6RMFuLg_-x7Ah_0kEA,UCDUffaruH6dyUnUGwsTKpgg,@almacatalan2717,@luisletona2842,1
UC-pNP6RMFuLg_-x7Ah_0kEA,UCDftMWXQoJ6nONfY7GVOVjg,@almacatalan2717,@luisgpacheco5858,1
UC-pNP6RMFuLg_-x7Ah_0kEA,UCDlr1VadSucIZgZ171pRBjQ,@almacatalan2717,@cuabatzjj5924,1
UC-pNP6RMFuLg_-x7Ah_0kEA,UCEgEQmRbtL5fwr9_DqAC--g,@almacatalan2717,@ArielRodas-g5y,1
UC-pNP6RMFuLg_-x7Ah_0kEA,UCErZPJpHmLCsXs8ZWkAUupQ,@almacatalan2717,@dorisl.garciaroche7763,1
UC-pNP6RMFuLg_-x7Ah_0kEA,UCFUuDARXdmmIrLppEqf-rFg,@almacatalan2717,@allanmunoz7410,1
UC-pNP6RMFuLg_-x7Ah_0kEA,UCFhxtoeARHPnXXPcDrOU3Xg,@almacatalan2717,@diegoalejandrolopezmendez205,1
UC-pNP6RMFuLg_-x7Ah_0kEA,UCFoIAE8k82D6AV-8gjjKaNg,@almacatalan2717,@eddymunoz9789,1
UC-pNP6RMFuLg_-x7Ah_0kEA,UCFxE8GbokBrBsPEKM1xrOjQ,@almacatalan2717,@JuanDavila-qd7qj,1
UC-pNP6RMFuLg_-x7Ah_0kEA,UCGzXwyCzMzGmjmCbH3Hg01Q,@almacatalan2717,@FidelZacarias-ph7dy,1
UC-pNP6RMFuLg_-x7Ah_0kEA,UCHTGCgY2l-DQJIvlA_cpa_Q,@almacatalan2717,@virgiliogarcia3039,1
UC-pNP6RMFuLg_-x7Ah_0kEA,UCKDR0f2fu2UzWL8mBv5-BHw,@almacatalan2717,@mireyamorales6595,1
UC-pNP6RMFuLg_-x7Ah_0kEA,UCL13XhnRzbGokEkCkEOb0-g,@almacatalan2717,@raquelprado3643,1
UC-pNP6RMFuLg_-x7Ah_0kEA,UCL1MT278vSaQ83ZDkVWn1gw,@almacatalan2717,@elmorodriguez6978,1
UC-pNP6RMFuLg_-x7Ah_0kEA,UCLFdHr9BEbXHkoJopbEPLZw,@almacatalan2717,@kanterra4584,1
UC-pNP6RMFuLg_-x7Ah_0kEA,UCLggDc_a5HriXv7I1h02sOA,@almacatalan2717,@guillermogonzalez5153,1
UC-pNP6RMFuLg_-x7Ah_0kEA,UCNBnKqWf4d-rS4HwJRQljmQ,@almacatalan2717,@LE_A22,1
UC-pNP6RMFuLg_-x7Ah_0kEA,UCNkcuy42zEwddwEcOd_HpnA,@almacatalan2717,@vanigomez492,1
UC-pNP6RMFuLg_-x7Ah_0kEA,UCOS8ViEkccrTZx2w2ccxotA,@almacatalan2717,@OscarHernandez-q8y,1
UC-pNP6RMFuLg_-x7Ah_0kEA,UCOh6DaZC_x9HASnlRylEMfw,@almacatalan2717,@AndresMedina-v1s,1
UC-pNP6RMFuLg_-x7Ah_0kEA,UCQgYjVngJRfPHDLGB5X6ZjA,@almacatalan2717,@oscarnavas9996,1
UC-pNP6RMFuLg_-x7Ah_0kEA,UCQqetiwzzmRNTM5OWuXarGQ,@almacatalan2717,@isaiaslopezvelasquez1539,1
UC-pNP6RMFuLg_-x7Ah_0kEA,UCQtICyzWmhC5woCtbNgaSmg,@almacatalan2717,@nestormendez6216,1
UC-pNP6RMFuLg_-x7Ah_0kEA,UCQtSFINs1h6GHkpg9o5kMvg,@almacatalan2717,@MacarioMartinezruiz,1
UC-pNP6RMFuLg_-x7Ah_0kEA,UCRETAiYdh2dL5ZxB0_N1zDA,@almacatalan2717,@Joseroland21,1
UC-pNP6RMFuLg_-x7Ah_0kEA,UCRlCV9zSn7avAWh-9_XFWqQ,@almacatalan2717,@ronyarana8849,1
UC-pNP6RMFuLg_-x7Ah_0kEA,UCSou6a2OuYGSvPjm5psquyA,@almacatalan2717,@FranciscoRivera-sf7ne,1
UC-pNP6RMFuLg_-x7Ah_0kEA,UCTD6q1nyIe3Y7HhqjaMj72w,@almacatalan2717,@JuanChang-r6k,1
UC-pNP6RMFuLg_-x7Ah_0kEA,UCTP3O0rMnc8z8v8jaDQwL0w,@almacatalan2717,@RobertoZelaya-x1v,1
UC-pNP6RMFuLg_-x7Ah_0kEA,UCThW2XNsAaBKme5PUt7n-Zg,@almacatalan2717,@thelmamoran8565,1
UC-pNP6RMFuLg_-x7Ah_0kEA,UCTwSut16JyAg3mX6LVUNGqA,@almacatalan2717,@SuperVictor2005,1
UC-pNP6RMFuLg_-x7Ah_0kEA,UCTylKrsqkrBKIqubMu_5N0Q,@almacatalan2717,@edwingeovanymarroquinmarro6684,1
UC-pNP6RMFuLg_-x7Ah_0kEA,UCUIIIPTVDVHAXqhC_5V6lPA,@almacatalan2717,@gorrarota,1
UC-pNP6RMFuLg_-x7Ah_0kEA,UCV0iizTBoOfdAFX_thfI9BA,@almacatalan2717,@BenjaminLarios-jd8nk,1
UC-pNP6RMFuLg_-x7Ah_0kEA,UCXXh7yg5KUFIWylTiKVEFKQ,@almacatalan2717,@MrDuenderojo,1
UC-pNP6RMFuLg_-x7Ah_0kEA,UCXgr7vXlRrsaskPdo097kGA,@almacatalan2717,@Rogergh-nw4oj,1
UC-pNP6RMFuLg_-x7Ah_0kEA,UCYN4wSQ1Sx4_LurxLlW7MPg,@almacatalan2717,@belarminavillatoro6474,1
UC-pNP6RMFuLg_-x7Ah_0kEA,UCYwpX26TrCxq8TvbKGRYLXA,@almacatalan2717,@beneficioelcaminovillacana8540,1
UC-pNP6RMFuLg_-x7Ah_0kEA,UCcfdg8crmMJwEuLUsAhV7yg,@almacatalan2717,@RolandoRaguay,1
UC-pNP6RMFuLg_-x7Ah_0kEA,UCfM3nrxtTQMY5jFx1v1J4Gg,@almacatalan2717,@edgarroldan5539,1
UC-pNP6RMFuLg_-x7Ah_0kEA,UChZknRmJkeGeQk0-mQuhDOg,@almacatalan2717,@OdilioRodríguez-c5w,1
UC-pNP6RMFuLg_-x7Ah_0kEA,UChep9kVb5gQmpodEEl10Xlg,@almacatalan2717,@carlosaguilar-kz7ml,1
UC-pNP6RMFuLg_-x7Ah_0kEA,UCi1b_TRQfgO1Z9O2gNGGWNA,@almacatalan2717,@davidisraelesquitsaquil,1
UC-pNP6RMFuLg_-x7Ah_0kEA,UCiGRBf2RNF0WRKhRVT7zFoA,@almacatalan2717,@edwinavila4876,1
UC-pNP6RMFuLg_-x7Ah_0kEA,UCiMythXHsw7eQEMykCdmMUA,@almacatalan2717,@JavierBecerra-h6x,1
UC-pNP6RMFuLg_-x7Ah_0kEA,UCipetjeiWj4CZB6EbyYziZg,@almacatalan2717,@OseasSamayoa-ol5rz,1
UC-pNP6RMFuLg_-x7Ah_0kEA,UCj-LL25XJnjxepPKCc3NGog,@almacatalan2717,@anaaguirre8985,1
UC-pNP6RMFuLg_-x7Ah_0kEA,UCjSKM9j0Q7HLDr1hD6D-TUw,@almacatalan2717,@josehidalgo4875,1
UC-pNP6RMFuLg_-x7Ah_0kEA,UCjmPuazZJzscrwvk0QR9RVw,@almacatalan2717,@mynorrodas8591,1
UC-pNP6RMFuLg_-x7Ah_0kEA,UCkd9W714-947dEE6ZOEBATA,@almacatalan2717,@ARGELIATELON,1
UC-pNP6RMFuLg_-x7Ah_0kEA,UCl0ekS9Tt0jJGtOEM18S63w,@almacatalan2717,@monkchapin,1
UC-pNP6RMFuLg_-x7Ah_0kEA,UCljDbleJul41G1TzOjOZAVA,@almacatalan2717,@hectorcarranza3777,1
UC-pNP6RMFuLg_-x7Ah_0kEA,UCmjppp6ujz3SAnULvP3sZMw,@almacatalan2717,@marcomendez7509,1
UC-pNP6RMFuLg_-x7Ah_0kEA,UCmvOgzmmXbjUthHy-WJ52hQ,@almacatalan2717,@mariorodas593,1
UC-pNP6RMFuLg_-x7Ah_0kEA,UCp4iw5_5SmV9VGTFSNVGOmQ,@almacatalan2717,@CARLOSSTREMS51,1
UC-pNP6RMFuLg_-x7Ah_0kEA,UCpl8rF8uv_8uui-QRvuJaRA,@almacatalan2717,@SergioGarcia-z9c,1
UC-pNP6RMFuLg_-x7Ah_0kEA,UCplrIQtaPj6au60_f2-mOYw,@almacatalan2717,@romeolopezherrarte799,1
UC-pNP6RMFuLg_-x7Ah_0kEA,UCpsKOkt5iWTbenzeuq7dsmQ,@almacatalan2717,@inge_vergueta,1
UC-pNP6RMFuLg_-x7Ah_0kEA,UCr1emrogPKkKTs_WTtx71xg,@almacatalan2717,@domingopeneleu6457,1
UC-pNP6RMFuLg_-x7Ah_0kEA,UCrJn_rbo_ENAdeqneS-RmRw,@almacatalan2717,@josecarrera9623,1
UC-pNP6RMFuLg_-x7Ah_0kEA,UCsJJAvrVGupdmhOqgtDp8dg,@almacatalan2717,@nestorlorenzana1168,1
UC-pNP6RMFuLg_-x7Ah_0kEA,UCsSXdJct-nsS8DsABoEsaYA,@almacatalan2717,@IvánPérez-j4j,1
UC-pNP6RMFuLg_-x7Ah_0kEA,UCsUCN0Yq_UyTvKjOJLmNrnQ,@almacatalan2717,@moisesvaldez4043,1
UC-pNP6RMFuLg_-x7Ah_0kEA,UCsjs5Hp_r86x1xbK6FAeqaA,@almacatalan2717,@alvaroesquivel563,1
UC-pNP6RMFuLg_-x7Ah_0kEA,UCtNfIBnc5S5DbbQj_yxgJTw,@almacatalan2717,@JosueRamirez-ey3ih,1
UC-pNP6RMFuLg_-x7Ah_0kEA,UCtUR3_CAiE7fCoZHM6cMfyQ,@almacatalan2717,@mdelcid01,1
UC-pNP6RMFuLg_-x7Ah_0kEA,UCujPF2nBgsTD62nWE3lcpIg,@almacatalan2717,@victorarturoruanobautista7588,1
UC-pNP6RMFuLg_-x7Ah_0kEA,UCvApqeCbLod-wejtT4CcVuA,@almacatalan2717,@davidgaher9550,1
UC-pNP6RMFuLg_-x7Ah_0kEA,UCwO2SXr0ggzwg6QWWrr01nQ,@almacatalan2717,@ricardofigueroa5720,1
UC-pNP6RMFuLg_-x7Ah_0kEA,UCwW2OFy95P7ZBkOPxWkpvYg,@almacatalan2717,@TeresaLucero-b5o,1
UC-pNP6RMFuLg_-x7Ah_0kEA,UCwha8rxULYMVtNwZWeSkE1A,@almacatalan2717,@mariasamo8637,1
UC-pNP6RMFuLg_-x7Ah_0kEA,UCySYJU5kUh7X8gVt9la2ISA,@almacatalan2717,@dantesarti4351,1
UC-pNP6RMFuLg_-x7Ah_0kEA,UCylqlpsh8ENNM1LqgQ1KbxA,@almacatalan2717,@Jel.Awesh.M,1
UC-pNP6RMFuLg_-x7Ah_0kEA,UCz3gu01bmjNv0DpRq-K3XYg,@almacatalan2717,@eusebiovasquez4385,1
UC-pNP6RMFuLg_-x7Ah_0kEA,UCzSfZlOVxBSs5ObD25ywxDQ,@almacatalan2717,@GilmarMaldonado-q9m,1
UC1Y7x3h0c95Z8kUhi-Tzaeg,UC7IMsCxfZyWN7YQo8-JYa6Q,@rosadiaz9235,@Burgos68,1
UC1Y7x3h0c95Z8kUhi-Tzaeg,UC8xlJWNHz1V_W6q3fbuQH8g,@rosadiaz9235,@NormaLópez-v7e,1
UC1Y7x3h0c95Z8kUhi-Tzaeg,UCAV7QIjYhbDJaycQycM_0eQ,@rosadiaz9235,@mariavail8998,1
UC1Y7x3h0c95Z8kUhi-Tzaeg,UCGX_UbAQOXGZknv5iqklwTA,@rosadiaz9235,@ronaldgarcia8522,1
UC1Y7x3h0c95Z8kUhi-Tzaeg,UCHTGCgY2l-DQJIvlA_cpa_Q,@rosadiaz9235,@virgiliogarcia3039,1
UC1Y7x3h0c95Z8kUhi-Tzaeg,UCN2N_wYOw6fMwCeSzdXLPIw,@rosadiaz9235,@danielantoniogonzalezflore4901,1
UC1Y7x3h0c95Z8kUhi-Tzaeg,UCNIeXbV_mEwpa412h1aqUWw,@rosadiaz9235,@juandeleon9060,1
UC1Y7x3h0c95Z8kUhi-Tzaeg,UCPZueDLrCS4BmTBRMA4q0fA,@rosadiaz9235,@kevinochoa3695,1
UC1Y7x3h0c95Z8kUhi-Tzaeg,UCVQf0tzL7xRzFJsABVVULpg,@rosadiaz9235,@DennisseLopetegi,1
UC1Y7x3h0c95Z8kUhi-Tzaeg,UCbYoNG5J3Au5BqtbXogfEFw,@rosadiaz9235,@Luis-gn3fj,1
UC1Y7x3h0c95Z8kUhi-Tzaeg,UCf5lnNZF7Qrtli9v4N_23WQ,@rosadiaz9235,@CarlosCortez-v5r,1
UC1Y7x3h0c95Z8kUhi-Tzaeg,UCg3eIfd7BrsLEqS0BLkftHA,@rosadiaz9235,@ErmePérez-q4s,1
UC1Y7x3h0c95Z8kUhi-Tzaeg,UCgQJgI9vu1FI2dnC9mrFthw,@rosadiaz9235,@srms70,1
UC1Y7x3h0c95Z8kUhi-Tzaeg,UClsrFGJKWPxxw7MiaEdKLXw,@rosadiaz9235,@ericapaz5406,1
UC1Y7x3h0c95Z8kUhi-Tzaeg,UCtNyHmRZtvGF2hSvI2dUBWw,@rosadiaz9235,@aureliomaldonado4793,1
UC1Y7x3h0c95Z8kUhi-Tzaeg,UCuP4UK33HKtJE_S39ksmaTw,@rosadiaz9235,@herbertaguilar1387,1
UC1Y7x3h0c95Z8kUhi-Tzaeg,UCusjriFsDHEc2AOjqk-p5ig,@rosadiaz9235,@pablobarrios7931,1
UC1Y7x3h0c95Z8kUhi-Tzaeg,UCzZ6dDCEsLMXbc5pCFXIprw,@rosadiaz9235,@josegil3813,1
UC1WlJfQmaIskYhP4gmWoamw,UC-QOpE7GOxlXcHZ8b7HbQKA,@marthareiss5434,@mariaalexander427,1
UC1WlJfQmaIskYhP4gmWoamw,UCBlm80VQ4YoV3bUJR_XhkaQ,@marthareiss5434,@rosadiaz6945,1
UC1WlJfQmaIskYhP4gmWoamw,UCGZMgmM92E3njyXNe9-kjAQ,@marthareiss5434,@pasionpornada,1
UC1WlJfQmaIskYhP4gmWoamw,UCIgoiXdIKJyUGmUoH2Lxdzg,@marthareiss5434,@susievidal4134,1
UC1WlJfQmaIskYhP4gmWoamw,UCPNXmbOBVeC4HS-xemvcPtQ,@marthareiss5434,@BelkisRodriguezRamirez,1
UC1WlJfQmaIskYhP4gmWoamw,UCQMMuADgqWUOcJpLwHOzC-g,@marthareiss5434,@Ripped-Yoda,1
UC1WlJfQmaIskYhP4gmWoamw,UCVdjCrh4tQoX3haNAZv-n5A,@marthareiss5434,@aurahernandez5646,1
UC1WlJfQmaIskYhP4gmWoamw,UCZjm6U576nX8WOiLhmMR3bw,@marthareiss5434,@MariaNavarroYT,1
UC1WlJfQmaIskYhP4gmWoamw,UCat2qkYvqmtDNEmo2PVuhXw,@marthareiss5434,@DoraSalas-j5o,1
UC1WlJfQmaIskYhP4gmWoamw,UCbNanjFI51cwGqMAb2rOrBw,@marthareiss5434,@RosaMontesdeOca777,1
UC1WlJfQmaIskYhP4gmWoamw,UCozFYHN0e_-vlQbX3wQGOug,@marthareiss5434,@jesusguzman2321,1
UC1WlJfQmaIskYhP4gmWoamw,UCp_dAUfv8i3LW3zWc24dLaQ,@marthareiss5434,@MarioCortez-o6v,1
UC1WlJfQmaIskYhP4gmWoamw,UCrqXyRsg-_hTosURZ-uvoKg,@marthareiss5434,@flornolberto2425,1
UC3MYTqpQqlWBuCB7Th0e0PA,UC-hfX8J5JPJ-dfuakzegMLA,@isaaclopez7220,@normaleticiaorozcojuarez2418,1
UC3MYTqpQqlWBuCB7Th0e0PA,UC-jS_kA9w-OmpupXDx156Rg,@isaaclopez7220,@simoncreyesc7579,1
UC3MYTqpQqlWBuCB7Th0e0PA,UC1vr9aaMI2crB0NvwFHUeoQ,@isaaclopez7220,@JoseSimilox-p6e,1
UC3MYTqpQqlWBuCB7Th0e0PA,UC2Y_EHWQKevubk4vOEBBFxw,@isaaclopez7220,@alfonsomorales2653,1
UC3MYTqpQqlWBuCB7Th0e0PA,UC2weSE8rpqkGMOp6StYtVfg,@isaaclopez7220,@katerynsantiago2907,1
UC3MYTqpQqlWBuCB7Th0e0PA,UC3E9mAgP7VoAE5mZoAexl5g,@isaaclopez7220,@EnnioAroche,1
UC3MYTqpQqlWBuCB7Th0e0PA,UC3NMzdMYryaw82kPTnsaljg,@isaaclopez7220,@marisosa7832,1
UC3MYTqpQqlWBuCB7Th0e0PA,UC3XTwHxygNCgjndsg-UiCQA,@isaaclopez7220,@marioajset4283,1
UC3MYTqpQqlWBuCB7Th0e0PA,UC3qn1yJA5PeW9rkGPatQxiw,@isaaclopez7220,@VICTOREST19,1
UC3MYTqpQqlWBuCB7Th0e0PA,UC4cXueR2bKGFJV0Fk76gwmA,@isaaclopez7220,@aluxdel4792,1
UC3MYTqpQqlWBuCB7Th0e0PA,UC4wq3DcbfaG6dtCqn8Oyu3w,@isaaclopez7220,@hugoasencio7764,1
UC3MYTqpQqlWBuCB7Th0e0PA,UC5bG9nc_JV3FsNP2KseQiYw,@isaaclopez7220,@giovannirodas4836,1
UC3MYTqpQqlWBuCB7Th0e0PA,UC650pRT-OYzny3GwOH8Cgfw,@isaaclopez7220,@edvinparedesherrera7632,1
UC3MYTqpQqlWBuCB7Th0e0PA,UC6YSZqL0vEcI-niPKIMUGfw,@isaaclopez7220,@maxwellsales885,1
UC3MYTqpQqlWBuCB7Th0e0PA,UC72gBAtyb_VXQlYDcFrh6oQ,@isaaclopez7220,@osmanmorales3012,1
UC3MYTqpQqlWBuCB7Th0e0PA,UC7VUuJr9cGh845CmTvf7TlQ,@isaaclopez7220,@LuisCastillo-oz4df,1
UC3MYTqpQqlWBuCB7Th0e0PA,UC8F2V63KZ4ZEay6opX2hAQw,@isaaclopez7220,@carmenr6311,1
UC3MYTqpQqlWBuCB7Th0e0PA,UC8G5cJONY8L9voMyBW8Eoug,@isaaclopez7220,@luisparedes-pw6qt,1
UC3MYTqpQqlWBuCB7Th0e0PA,UC8r11yOugM2NuRfitQOxLLg,@isaaclopez7220,@cesaraugustomoralesmonroy6907,1
UC3MYTqpQqlWBuCB7Th0e0PA,UC9vMq1YF-e7C-VO0SHkbUTA,@isaaclopez7220,@ErvinLeonardoCarreraLatín,1
UC3MYTqpQqlWBuCB7Th0e0PA,UC9xr9QvIcDvoZNUX5f-jaZw,@isaaclopez7220,@MariaaliciaColonmorales,1
UC3MYTqpQqlWBuCB7Th0e0PA,UCA93ym2TXs_Ibyxb4Vcn-6Q,@isaaclopez7220,@oswaldosolis8728,1
UC3MYTqpQqlWBuCB7Th0e0PA,UCAlzM_N6xBlMYmM8EBzX86Q,@isaaclopez7220,@carlossoto3252,1
UC3MYTqpQqlWBuCB7Th0e0PA,UCAmtbUiIrUIhikru0ZoTFig,@isaaclopez7220,@Aura-vf6dm,1
UC3MYTqpQqlWBuCB7Th0e0PA,UCB5p8a5gklc80jJItP6xTHg,@isaaclopez7220,@ernestogamboa8737,1
UC3MYTqpQqlWBuCB7Th0e0PA,UCCaYwkkbQGcvFoUmothVdQQ,@isaaclopez7220,@OsvaldoAguirre-l3i,1
UC3MYTqpQqlWBuCB7Th0e0PA,UCDPWkUX3sNNaCx-m1dV4glA,@isaaclopez7220,@hectoroliva949,1
UC3MYTqpQqlWBuCB7Th0e0PA,UCDQaQv0hr2SS_PO-CMEwVHg,@isaaclopez7220,@federicosaquimux1933,1
UC3MYTqpQqlWBuCB7Th0e0PA,UCDUffaruH6dyUnUGwsTKpgg,@isaaclopez7220,@luisletona2842,1
UC3MYTqpQqlWBuCB7Th0e0PA,UCDftMWXQoJ6nONfY7GVOVjg,@isaaclopez7220,@luisgpacheco5858,1
UC3MYTqpQqlWBuCB7Th0e0PA,UCDlr1VadSucIZgZ171pRBjQ,@isaaclopez7220,@cuabatzjj5924,1
UC3MYTqpQqlWBuCB7Th0e0PA,UCEgEQmRbtL5fwr9_DqAC--g,@isaaclopez7220,@ArielRodas-g5y,1
UC3MYTqpQqlWBuCB7Th0e0PA,UCErZPJpHmLCsXs8ZWkAUupQ,@isaaclopez7220,@dorisl.garciaroche7763,1
UC3MYTqpQqlWBuCB7Th0e0PA,UCFUuDARXdmmIrLppEqf-rFg,@isaaclopez7220,@allanmunoz7410,1
UC3MYTqpQqlWBuCB7Th0e0PA,UCFhxtoeARHPnXXPcDrOU3Xg,@isaaclopez7220,@diegoalejandrolopezmendez205,1
UC3MYTqpQqlWBuCB7Th0e0PA,UCFoIAE8k82D6AV-8gjjKaNg,@isaaclopez7220,@eddymunoz9789,1
UC3MYTqpQqlWBuCB7Th0e0PA,UCFxE8GbokBrBsPEKM1xrOjQ,@isaaclopez7220,@JuanDavila-qd7qj,1
UC3MYTqpQqlWBuCB7Th0e0PA,UCGzXwyCzMzGmjmCbH3Hg01Q,@isaaclopez7220,@FidelZacarias-ph7dy,1
UC3MYTqpQqlWBuCB7Th0e0PA,UCHTGCgY2l-DQJIvlA_cpa_Q,@isaaclopez7220,@virgiliogarcia3039,1
UC3MYTqpQqlWBuCB7Th0e0PA,UCKDR0f2fu2UzWL8mBv5-BHw,@isaaclopez7220,@mireyamorales6595,1
UC3MYTqpQqlWBuCB7Th0e0PA,UCL13XhnRzbGokEkCkEOb0-g,@isaaclopez7220,@raquelprado3643,1
UC3MYTqpQqlWBuCB7Th0e0PA,UCL1MT278vSaQ83ZDkVWn1gw,@isaaclopez7220,@elmorodriguez6978,1
UC3MYTqpQqlWBuCB7Th0e0PA,UCLFdHr9BEbXHkoJopbEPLZw,@isaaclopez7220,@kanterra4584,1
UC3MYTqpQqlWBuCB7Th0e0PA,UCLggDc_a5HriXv7I1h02sOA,@isaaclopez7220,@guillermogonzalez5153,1
UC3MYTqpQqlWBuCB7Th0e0PA,UCNBnKqWf4d-rS4HwJRQljmQ,@isaaclopez7220,@LE_A22,1
UC3MYTqpQqlWBuCB7Th0e0PA,UCNkcuy42zEwddwEcOd_HpnA,@isaaclopez7220,@vanigomez492,1
UC3MYTqpQqlWBuCB7Th0e0PA,UCOS8ViEkccrTZx2w2ccxotA,@isaaclopez7220,@OscarHernandez-q8y,1
UC3MYTqpQqlWBuCB7Th0e0PA,UCOh6DaZC_x9HASnlRylEMfw,@isaaclopez7220,@AndresMedina-v1s,1
UC3MYTqpQqlWBuCB7Th0e0PA,UCQgYjVngJRfPHDLGB5X6ZjA,@isaaclopez7220,@oscarnavas9996,1
UC3MYTqpQqlWBuCB7Th0e0PA,UCQqetiwzzmRNTM5OWuXarGQ,@isaaclopez7220,@isaiaslopezvelasquez1539,1
UC3MYTqpQqlWBuCB7Th0e0PA,UCQtICyzWmhC5woCtbNgaSmg,@isaaclopez7220,@nestormendez6216,1
UC3MYTqpQqlWBuCB7Th0e0PA,UCQtSFINs1h6GHkpg9o5kMvg,@isaaclopez7220,@MacarioMartinezruiz,1
UC3MYTqpQqlWBuCB7Th0e0PA,UCRETAiYdh2dL5ZxB0_N1zDA,@isaaclopez7220,@Joseroland21,1
UC3MYTqpQqlWBuCB7Th0e0PA,UCRlCV9zSn7avAWh-9_XFWqQ,@isaaclopez7220,@ronyarana8849,1
UC3MYTqpQqlWBuCB7Th0e0PA,UCSou6a2OuYGSvPjm5psquyA,@isaaclopez7220,@FranciscoRivera-sf7ne,1
UC3MYTqpQqlWBuCB7Th0e0PA,UCTD6q1nyIe3Y7HhqjaMj72w,@isaaclopez7220,@JuanChang-r6k,1
UC3MYTqpQqlWBuCB7Th0e0PA,UCTP3O0rMnc8z8v8jaDQwL0w,@isaaclopez7220,@RobertoZelaya-x1v,1
UC3MYTqpQqlWBuCB7Th0e0PA,UCThW2XNsAaBKme5PUt7n-Zg,@isaaclopez7220,@thelmamoran8565,1
UC3MYTqpQqlWBuCB7Th0e0PA,UCTwSut16JyAg3mX6LVUNGqA,@isaaclopez7220,@SuperVictor2005,1
UC3MYTqpQqlWBuCB7Th0e0PA,UCTylKrsqkrBKIqubMu_5N0Q,@isaaclopez7220,@edwingeovanymarroquinmarro6684,1
UC3MYTqpQqlWBuCB7Th0e0PA,UCUIIIPTVDVHAXqhC_5V6lPA,@isaaclopez7220,@gorrarota,1
UC3MYTqpQqlWBuCB7Th0e0PA,UCV0iizTBoOfdAFX_thfI9BA,@isaaclopez7220,@BenjaminLarios-jd8nk,1
UC3MYTqpQqlWBuCB7Th0e0PA,UCXXh7yg5KUFIWylTiKVEFKQ,@isaaclopez7220,@MrDuenderojo,1
UC3MYTqpQqlWBuCB7Th0e0PA,UCXgr7vXlRrsaskPdo097kGA,@isaaclopez7220,@Rogergh-nw4oj,1
UC3MYTqpQqlWBuCB7Th0e0PA,UCYN4wSQ1Sx4_LurxLlW7MPg,@isaaclopez7220,@belarminavillatoro6474,1
UC3MYTqpQqlWBuCB7Th0e0PA,UCYwpX26TrCxq8TvbKGRYLXA,@isaaclopez7220,@beneficioelcaminovillacana8540,1
UC3MYTqpQqlWBuCB7Th0e0PA,UCcfdg8crmMJwEuLUsAhV7yg,@isaaclopez7220,@RolandoRaguay,1
UC3MYTqpQqlWBuCB7Th0e0PA,UCfM3nrxtTQMY5jFx1v1J4Gg,@isaaclopez7220,@edgarroldan5539,1
UC3MYTqpQqlWBuCB7Th0e0PA,UChZknRmJkeGeQk0-mQuhDOg,@isaaclopez7220,@OdilioRodríguez-c5w,1
UC3MYTqpQqlWBuCB7Th0e0PA,UChep9kVb5gQmpodEEl10Xlg,@isaaclopez7220,@carlosaguilar-kz7ml,1
UC3MYTqpQqlWBuCB7Th0e0PA,UCi1b_TRQfgO1Z9O2gNGGWNA,@isaaclopez7220,@davidisraelesquitsaquil,1
UC3MYTqpQqlWBuCB7Th0e0PA,UCiGRBf2RNF0WRKhRVT7zFoA,@isaaclopez7220,@edwinavila4876,1
UC3MYTqpQqlWBuCB7Th0e0PA,UCiMythXHsw7eQEMykCdmMUA,@isaaclopez7220,@JavierBecerra-h6x,1
UC3MYTqpQqlWBuCB7Th0e0PA,UCipetjeiWj4CZB6EbyYziZg,@isaaclopez7220,@OseasSamayoa-ol5rz,1
UC3MYTqpQqlWBuCB7Th0e0PA,UCj-LL25XJnjxepPKCc3NGog,@isaaclopez7220,@anaaguirre8985,1
UC3MYTqpQqlWBuCB7Th0e0PA,UCjSKM9j0Q7HLDr1hD6D-TUw,@isaaclopez7220,@josehidalgo4875,1
UC3MYTqpQqlWBuCB7Th0e0PA,UCjmPuazZJzscrwvk0QR9RVw,@isaaclopez7220,@mynorrodas8591,1
UC3MYTqpQqlWBuCB7Th0e0PA,UCkd9W714-947dEE6ZOEBATA,@isaaclopez7220,@ARGELIATELON,1
UC3MYTqpQqlWBuCB7Th0e0PA,UCl0ekS9Tt0jJGtOEM18S63w,@isaaclopez7220,@monkchapin,1
UC3MYTqpQqlWBuCB7Th0e0PA,UCljDbleJul41G1TzOjOZAVA,@isaaclopez7220,@hectorcarranza3777,1
UC3MYTqpQqlWBuCB7Th0e0PA,UCmjppp6ujz3SAnULvP3sZMw,@isaaclopez7220,@marcomendez7509,1
UC3MYTqpQqlWBuCB7Th0e0PA,UCmvOgzmmXbjUthHy-WJ52hQ,@isaaclopez7220,@mariorodas593,1
UC3MYTqpQqlWBuCB7Th0e0PA,UCp4iw5_5SmV9VGTFSNVGOmQ,@isaaclopez7220,@CARLOSSTREMS51,1
UC3MYTqpQqlWBuCB7Th0e0PA,UCpl8rF8uv_8uui-QRvuJaRA,@isaaclopez7220,@SergioGarcia-z9c,1
UC3MYTqpQqlWBuCB7Th0e0PA,UCplrIQtaPj6au60_f2-mOYw,@isaaclopez7220,@romeolopezherrarte799,1
UC3MYTqpQqlWBuCB7Th0e0PA,UCpsKOkt5iWTbenzeuq7dsmQ,@isaaclopez7220,@inge_vergueta,1
UC3MYTqpQqlWBuCB7Th0e0PA,UCr1emrogPKkKTs_WTtx71xg,@isaaclopez7220,@domingopeneleu6457,1
UC3MYTqpQqlWBuCB7Th0e0PA,UCrJn_rbo_ENAdeqneS-RmRw,@isaaclopez7220,@josecarrera9623,1
UC3MYTqpQqlWBuCB7Th0e0PA,UCsJJAvrVGupdmhOqgtDp8dg,@isaaclopez7220,@nestorlorenzana1168,1
UC3MYTqpQqlWBuCB7Th0e0PA,UCsSXdJct-nsS8DsABoEsaYA,@isaaclopez7220,@IvánPérez-j4j,1
UC3MYTqpQqlWBuCB7Th0e0PA,UCsUCN0Yq_UyTvKjOJLmNrnQ,@isaaclopez7220,@moisesvaldez4043,1
UC3MYTqpQqlWBuCB7Th0e0PA,UCsjs5Hp_r86x1xbK6FAeqaA,@isaaclopez7220,@alvaroesquivel563,1
UC3MYTqpQqlWBuCB7Th0e0PA,UCtNfIBnc5S5DbbQj_yxgJTw,@isaaclopez7220,@JosueRamirez-ey3ih,1
UC3MYTqpQqlWBuCB7Th0e0PA,UCtUR3_CAiE7fCoZHM6cMfyQ,@isaaclopez7220,@mdelcid01,1
UC3MYTqpQqlWBuCB7Th0e0PA,UCujPF2nBgsTD62nWE3lcpIg,@isaaclopez7220,@victorarturoruanobautista7588,1
UC3MYTqpQqlWBuCB7Th0e0PA,UCvApqeCbLod-wejtT4CcVuA,@isaaclopez7220,@davidgaher9550,1
UC3MYTqpQqlWBuCB7Th0e0PA,UCwO2SXr0ggzwg6QWWrr01nQ,@isaaclopez7220,@ricardofigueroa5720,1
UC3MYTqpQqlWBuCB7Th0e0PA,UCwW2OFy95P7ZBkOPxWkpvYg,@isaaclopez7220,@TeresaLucero-b5o,1
UC3MYTqpQqlWBuCB7Th0e0PA,UCwha8rxULYMVtNwZWeSkE1A,@isaaclopez7220,@mariasamo8637,1
UC3MYTqpQqlWBuCB7Th0e0PA,UCySYJU5kUh7X8gVt9la2ISA,@isaaclopez7220,@dantesarti4351,1
UC3MYTqpQqlWBuCB7Th0e0PA,UCylqlpsh8ENNM1LqgQ1KbxA,@isaaclopez7220,@Jel.Awesh.M,1
UC3MYTqpQqlWBuCB7Th0e0PA,UCz3gu01bmjNv0DpRq-K3XYg,@isaaclopez7220,@eusebiovasquez4385,1
UC3MYTqpQqlWBuCB7Th0e0PA,UCzSfZlOVxBSs5ObD25ywxDQ,@isaaclopez7220,@GilmarMaldonado-q9m,1
UCOcUI5XkTYNMSFhZNMIPpGg,UC-fiZBS5Gp1eCJd9ucgWnCg,@hendersonlopez3864,@Tommii.10,1
UCOcUI5XkTYNMSFhZNMIPpGg,UC1DpqK6vaPEkBOMNvypsKYg,@hendersonlopez3864,@HectorCarranza-u4j4o,1
UCOcUI5XkTYNMSFhZNMIPpGg,UC32oozucwCF3q8d4m8fyOUg,@hendersonlopez3864,@RauldejesusOlivagonzalez,1
UCOcUI5XkTYNMSFhZNMIPpGg,UC3UVO7pTbeYvZ3ILEyRDskQ,@hendersonlopez3864,@rosaelenaargueta79,1
UCOcUI5XkTYNMSFhZNMIPpGg,UC4Avya4kmR4Q0FrfFdBozSQ,@hendersonlopez3864,@davidlima1348,1
UCOcUI5XkTYNMSFhZNMIPpGg,UC5hvEnRUzI4Kfvwnyi4QxqQ,@hendersonlopez3864,@leonelsantizo5281,1
UCOcUI5XkTYNMSFhZNMIPpGg,UC6Uj1FT5JjDSF8vudvDxPAA,@hendersonlopez3864,@alfredoortega9264,1
UCOcUI5XkTYNMSFhZNMIPpGg,UC7dadZG7kkGYnsNu6td0FbA,@hendersonlopez3864,@lesolorzano,1
UCOcUI5XkTYNMSFhZNMIPpGg,UC816IGbFCZinfYS1LRDaaHg,@hendersonlopez3864,@ingenieroar,1
UCOcUI5XkTYNMSFhZNMIPpGg,UCAKuKvcbfnBD3kF5njNu-IA,@hendersonlopez3864,@melvinlopez7096,1
UCOcUI5XkTYNMSFhZNMIPpGg,UCCBYcToQ2dwkd6TJh0FSyDg,@hendersonlopez3864,@lidiarodriguez3493,1
UCOcUI5XkTYNMSFhZNMIPpGg,UCDrmf9y9nLgFY5wnA2hTuGA,@hendersonlopez3864,@laboratorio5528,1
UCOcUI5XkTYNMSFhZNMIPpGg,UCGGHbtfbbe0o68etrOf0qxw,@hendersonlopez3864,@karensussetteleonvargas9794,1
UCOcUI5XkTYNMSFhZNMIPpGg,UCHbwIx9pmQuf7i-4_xO2EpA,@hendersonlopez3864,@caminoseternos752,1
UCOcUI5XkTYNMSFhZNMIPpGg,UCQqlPPUGqAfWjd-FSh_qn7Q,@hendersonlopez3864,@estuardoargueta137,1
UCOcUI5XkTYNMSFhZNMIPpGg,UCRvPToDkkumha7WJAfCDk1A,@hendersonlopez3864,@ligiaguerra3057,1
UCOcUI5XkTYNMSFhZNMIPpGg,UCUoYsrx1oZnCZ0usbBJn4fA,@hendersonlopez3864,@AnaDiaz-re9sq,1
UCOcUI5XkTYNMSFhZNMIPpGg,UCV0lM03g5fg5pbPj97-sAtA,@hendersonlopez3864,@genarodelgado3929,1
UCOcUI5XkTYNMSFhZNMIPpGg,UCW-JC6lebVmf2P1dmY_L94g,@hendersonlopez3864,@dinoraoroxon5771,1
UCOcUI5XkTYNMSFhZNMIPpGg,UCW80DaMjQlEUibC98Cot-Dg,@hendersonlopez3864,@rogeraldana4289,1
UCOcUI5XkTYNMSFhZNMIPpGg,UCWoAVGVqCn4xtINCMOTM4jg,@hendersonlopez3864,@OmarMartinez-vv8re,1
UCOcUI5XkTYNMSFhZNMIPpGg,UCZeIIQrGAedW8tCbKWmGY-A,@hendersonlopez3864,@mariocordon8873,1
UCOcUI5XkTYNMSFhZNMIPpGg,UC_LYoGs5C3mbZKZuKuqYCvw,@hendersonlopez3864,@javiercifuentesarchila6041,1
UCOcUI5XkTYNMSFhZNMIPpGg,UCe8JZoYkX5oKUZyivHYdXhw,@hendersonlopez3864,@FernandoGarcia-jg1fj,1
UCOcUI5XkTYNMSFhZNMIPpGg,UCgJNFj5dnxXpcMvmuhZDPxA,@hendersonlopez3864,@NataliaRodriguez-rx5mr,1
UCOcUI5XkTYNMSFhZNMIPpGg,UCgQw_Sbq3ugruDUKsq1e0-A,@hendersonlopez3864,@marlenareano-h4t,1
UCOcUI5XkTYNMSFhZNMIPpGg,UClhMWQ7XKWywYvbRnuf8QsA,@hendersonlopez3864,@EcPerez-zz9oh,1
UCOcUI5XkTYNMSFhZNMIPpGg,UClqA491Xa5fQcXcJJa-vTWw,@hendersonlopez3864,@AndresLemus-k2d,1
UCOcUI5XkTYNMSFhZNMIPpGg,UColMq7LmaoY3MT6aIDGrGvA,@hendersonlopez3864,@quijotachapina1,1
UCOcUI5XkTYNMSFhZNMIPpGg,UCpe5jW3MIqkgTJ-PgkzvM6Q,@hendersonlopez3864,@carloslam5333,1
UCOcUI5XkTYNMSFhZNMIPpGg,UCpsKOkt5iWTbenzeuq7dsmQ,@hendersonlopez3864,@inge_vergueta,1
UCOcUI5XkTYNMSFhZNMIPpGg,UCsGoJEvb-cFPZ2rWoJcXzEQ,@hendersonlopez3864,@sergiohinestroza9709,1
UCOcUI5XkTYNMSFhZNMIPpGg,UCu8_3-Wg-YzNyvHYQDEscfw,@hendersonlopez3864,@RolandoCastroPérez-d7y,1
UCOcUI5XkTYNMSFhZNMIPpGg,UCuXmOjxC-htcprLgeVXz6Tg,@hendersonlopez3864,@jorgeaguilar-bq3uj,1
UCOcUI5XkTYNMSFhZNMIPpGg,UCwjUvRseNtJoItylIyIez7Q,@hendersonlopez3864,@Silviazea,1
UCOcUI5XkTYNMSFhZNMIPpGg,UCylqlpsh8ENNM1LqgQ1KbxA,@hendersonlopez3864,@Jel.Awesh.M,1
UCOS8ViEkccrTZx2w2ccxotA,UC-hfX8J5JPJ-dfuakzegMLA,@OscarHernandez-q8y,@normaleticiaorozcojuarez2418,1
UCOS8ViEkccrTZx2w2ccxotA,UC-jS_kA9w-OmpupXDx156Rg,@OscarHernandez-q8y,@simoncreyesc7579,1
UCOS8ViEkccrTZx2w2ccxotA,UC1vr9aaMI2crB0NvwFHUeoQ,@OscarHernandez-q8y,@JoseSimilox-p6e,1
UCOS8ViEkccrTZx2w2ccxotA,UC2Y_EHWQKevubk4vOEBBFxw,@OscarHernandez-q8y,@alfonsomorales2653,1
UCOS8ViEkccrTZx2w2ccxotA,UC2weSE8rpqkGMOp6StYtVfg,@OscarHernandez-q8y,@katerynsantiago2907,1
UCOS8ViEkccrTZx2w2ccxotA,UC3E9mAgP7VoAE5mZoAexl5g,@OscarHernandez-q8y,@EnnioAroche,1
UCOS8ViEkccrTZx2w2ccxotA,UC3NMzdMYryaw82kPTnsaljg,@OscarHernandez-q8y,@marisosa7832,1
UCOS8ViEkccrTZx2w2ccxotA,UC3XTwHxygNCgjndsg-UiCQA,@OscarHernandez-q8y,@marioajset4283,1
UCOS8ViEkccrTZx2w2ccxotA,UC3qn1yJA5PeW9rkGPatQxiw,@OscarHernandez-q8y,@VICTOREST19,1
UCOS8ViEkccrTZx2w2ccxotA,UC4cXueR2bKGFJV0Fk76gwmA,@OscarHernandez-q8y,@aluxdel4792,1
UCOS8ViEkccrTZx2w2ccxotA,UC4wq3DcbfaG6dtCqn8Oyu3w,@OscarHernandez-q8y,@hugoasencio7764,1
UCOS8ViEkccrTZx2w2ccxotA,UC5bG9nc_JV3FsNP2KseQiYw,@OscarHernandez-q8y,@giovannirodas4836,1
UCOS8ViEkccrTZx2w2ccxotA,UC650pRT-OYzny3GwOH8Cgfw,@OscarHernandez-q8y,@edvinparedesherrera7632,1
UCOS8ViEkccrTZx2w2ccxotA,UC6YSZqL0vEcI-niPKIMUGfw,@OscarHernandez-q8y,@maxwellsales885,1
UCOS8ViEkccrTZx2w2ccxotA,UC72gBAtyb_VXQlYDcFrh6oQ,@OscarHernandez-q8y,@osmanmorales3012,1
UCOS8ViEkccrTZx2w2ccxotA,UC7VUuJr9cGh845CmTvf7TlQ,@OscarHernandez-q8y,@LuisCastillo-oz4df,1
UCOS8ViEkccrTZx2w2ccxotA,UC8F2V63KZ4ZEay6opX2hAQw,@OscarHernandez-q8y,@carmenr6311,1
UCOS8ViEkccrTZx2w2ccxotA,UC8G5cJONY8L9voMyBW8Eoug,@OscarHernandez-q8y,@luisparedes-pw6qt,1
UCOS8ViEkccrTZx2w2ccxotA,UC8r11yOugM2NuRfitQOxLLg,@OscarHernandez-q8y,@cesaraugustomoralesmonroy6907,1
UCOS8ViEkccrTZx2w2ccxotA,UC9vMq1YF-e7C-VO0SHkbUTA,@OscarHernandez-q8y,@ErvinLeonardoCarreraLatín,1
UCOS8ViEkccrTZx2w2ccxotA,UC9xr9QvIcDvoZNUX5f-jaZw,@OscarHernandez-q8y,@MariaaliciaColonmorales,1
UCOS8ViEkccrTZx2w2ccxotA,UCA93ym2TXs_Ibyxb4Vcn-6Q,@OscarHernandez-q8y,@oswaldosolis8728,1
UCOS8ViEkccrTZx2w2ccxotA,UCAlzM_N6xBlMYmM8EBzX86Q,@OscarHernandez-q8y,@carlossoto3252,1
UCOS8ViEkccrTZx2w2ccxotA,UCAmtbUiIrUIhikru0ZoTFig,@OscarHernandez-q8y,@Aura-vf6dm,1
UCOS8ViEkccrTZx2w2ccxotA,UCB5p8a5gklc80jJItP6xTHg,@OscarHernandez-q8y,@ernestogamboa8737,1
UCOS8ViEkccrTZx2w2ccxotA,UCCaYwkkbQGcvFoUmothVdQQ,@OscarHernandez-q8y,@OsvaldoAguirre-l3i,1
UCOS8ViEkccrTZx2w2ccxotA,UCDPWkUX3sNNaCx-m1dV4glA,@OscarHernandez-q8y,@hectoroliva949,1
UCOS8ViEkccrTZx2w2ccxotA,UCDQaQv0hr2SS_PO-CMEwVHg,@OscarHernandez-q8y,@federicosaquimux1933,1
UCOS8ViEkccrTZx2w2ccxotA,UCDUffaruH6dyUnUGwsTKpgg,@OscarHernandez-q8y,@luisletona2842,1
UCOS8ViEkccrTZx2w2ccxotA,UCDftMWXQoJ6nONfY7GVOVjg,@OscarHernandez-q8y,@luisgpacheco5858,1
UCOS8ViEkccrTZx2w2ccxotA,UCDlr1VadSucIZgZ171pRBjQ,@OscarHernandez-q8y,@cuabatzjj5924,1
UCOS8ViEkccrTZx2w2ccxotA,UCEgEQmRbtL5fwr9_DqAC--g,@OscarHernandez-q8y,@ArielRodas-g5y,1
UCOS8ViEkccrTZx2w2ccxotA,UCErZPJpHmLCsXs8ZWkAUupQ,@OscarHernandez-q8y,@dorisl.garciaroche7763,1
UCOS8ViEkccrTZx2w2ccxotA,UCFUuDARXdmmIrLppEqf-rFg,@OscarHernandez-q8y,@allanmunoz7410,1
UCOS8ViEkccrTZx2w2ccxotA,UCFhxtoeARHPnXXPcDrOU3Xg,@OscarHernandez-q8y,@diegoalejandrolopezmendez205,1
UCOS8ViEkccrTZx2w2ccxotA,UCFoIAE8k82D6AV-8gjjKaNg,@OscarHernandez-q8y,@eddymunoz9789,1
UCOS8ViEkccrTZx2w2ccxotA,UCFxE8GbokBrBsPEKM1xrOjQ,@OscarHernandez-q8y,@JuanDavila-qd7qj,1
UCOS8ViEkccrTZx2w2ccxotA,UCGzXwyCzMzGmjmCbH3Hg01Q,@OscarHernandez-q8y,@FidelZacarias-ph7dy,1
UCOS8ViEkccrTZx2w2ccxotA,UCHTGCgY2l-DQJIvlA_cpa_Q,@OscarHernandez-q8y,@virgiliogarcia3039,1
UCOS8ViEkccrTZx2w2ccxotA,UCKDR0f2fu2UzWL8mBv5-BHw,@OscarHernandez-q8y,@mireyamorales6595,1
UCOS8ViEkccrTZx2w2ccxotA,UCL13XhnRzbGokEkCkEOb0-g,@OscarHernandez-q8y,@raquelprado3643,1
UCOS8ViEkccrTZx2w2ccxotA,UCL1MT278vSaQ83ZDkVWn1gw,@OscarHernandez-q8y,@elmorodriguez6978,1
UCOS8ViEkccrTZx2w2ccxotA,UCLFdHr9BEbXHkoJopbEPLZw,@OscarHernandez-q8y,@kanterra4584,1
UCOS8ViEkccrTZx2w2ccxotA,UCLggDc_a5HriXv7I1h02sOA,@OscarHernandez-q8y,@guillermogonzalez5153,1
UCOS8ViEkccrTZx2w2ccxotA,UCNBnKqWf4d-rS4HwJRQljmQ,@OscarHernandez-q8y,@LE_A22,1
UCOS8ViEkccrTZx2w2ccxotA,UCNkcuy42zEwddwEcOd_HpnA,@OscarHernandez-q8y,@vanigomez492,1
UCOS8ViEkccrTZx2w2ccxotA,UCOh6DaZC_x9HASnlRylEMfw,@OscarHernandez-q8y,@AndresMedina-v1s,1
UCOS8ViEkccrTZx2w2ccxotA,UCQgYjVngJRfPHDLGB5X6ZjA,@OscarHernandez-q8y,@oscarnavas9996,1
UCOS8ViEkccrTZx2w2ccxotA,UCQqetiwzzmRNTM5OWuXarGQ,@OscarHernandez-q8y,@isaiaslopezvelasquez1539,1
UCOS8ViEkccrTZx2w2ccxotA,UCQtICyzWmhC5woCtbNgaSmg,@OscarHernandez-q8y,@nestormendez6216,1
UCOS8ViEkccrTZx2w2ccxotA,UCQtSFINs1h6GHkpg9o5kMvg,@OscarHernandez-q8y,@MacarioMartinezruiz,1
UCOS8ViEkccrTZx2w2ccxotA,UCRETAiYdh2dL5ZxB0_N1zDA,@OscarHernandez-q8y,@Joseroland21,1
UCOS8ViEkccrTZx2w2ccxotA,UCRlCV9zSn7avAWh-9_XFWqQ,@OscarHernandez-q8y,@ronyarana8849,1
UCOS8ViEkccrTZx2w2ccxotA,UCSou6a2OuYGSvPjm5psquyA,@OscarHernandez-q8y,@FranciscoRivera-sf7ne,1
UCOS8ViEkccrTZx2w2ccxotA,UCTD6q1nyIe3Y7HhqjaMj72w,@OscarHernandez-q8y,@JuanChang-r6k,1
UCOS8ViEkccrTZx2w2ccxotA,UCTP3O0rMnc8z8v8jaDQwL0w,@OscarHernandez-q8y,@RobertoZelaya-x1v,1
UCOS8ViEkccrTZx2w2ccxotA,UCThW2XNsAaBKme5PUt7n-Zg,@OscarHernandez-q8y,@thelmamoran8565,1
UCOS8ViEkccrTZx2w2ccxotA,UCTwSut16JyAg3mX6LVUNGqA,@OscarHernandez-q8y,@SuperVictor2005,1
UCOS8ViEkccrTZx2w2ccxotA,UCTylKrsqkrBKIqubMu_5N0Q,@OscarHernandez-q8y,@edwingeovanymarroquinmarro6684,1
UCOS8ViEkccrTZx2w2ccxotA,UCUIIIPTVDVHAXqhC_5V6lPA,@OscarHernandez-q8y,@gorrarota,1
UCOS8ViEkccrTZx2w2ccxotA,UCV0iizTBoOfdAFX_thfI9BA,@OscarHernandez-q8y,@BenjaminLarios-jd8nk,1
UCOS8ViEkccrTZx2w2ccxotA,UCXXh7yg5KUFIWylTiKVEFKQ,@OscarHernandez-q8y,@MrDuenderojo,1
UCOS8ViEkccrTZx2w2ccxotA,UCXgr7vXlRrsaskPdo097kGA,@OscarHernandez-q8y,@Rogergh-nw4oj,1
UCOS8ViEkccrTZx2w2ccxotA,UCYN4wSQ1Sx4_LurxLlW7MPg,@OscarHernandez-q8y,@belarminavillatoro6474,1
UCOS8ViEkccrTZx2w2ccxotA,UCYwpX26TrCxq8TvbKGRYLXA,@OscarHernandez-q8y,@beneficioelcaminovillacana8540,1
UCOS8ViEkccrTZx2w2ccxotA,UCcfdg8crmMJwEuLUsAhV7yg,@OscarHernandez-q8y,@RolandoRaguay,1
UCOS8ViEkccrTZx2w2ccxotA,UCfM3nrxtTQMY5jFx1v1J4Gg,@OscarHernandez-q8y,@edgarroldan5539,1
UCOS8ViEkccrTZx2w2ccxotA,UChZknRmJkeGeQk0-mQuhDOg,@OscarHernandez-q8y,@OdilioRodríguez-c5w,1
UCOS8ViEkccrTZx2w2ccxotA,UChep9kVb5gQmpodEEl10Xlg,@OscarHernandez-q8y,@carlosaguilar-kz7ml,1
UCOS8ViEkccrTZx2w2ccxotA,UCi1b_TRQfgO1Z9O2gNGGWNA,@OscarHernandez-q8y,@davidisraelesquitsaquil,1
UCOS8ViEkccrTZx2w2ccxotA,UCiGRBf2RNF0WRKhRVT7zFoA,@OscarHernandez-q8y,@edwinavila4876,1
UCOS8ViEkccrTZx2w2ccxotA,UCiMythXHsw7eQEMykCdmMUA,@OscarHernandez-q8y,@JavierBecerra-h6x,1
UCOS8ViEkccrTZx2w2ccxotA,UCipetjeiWj4CZB6EbyYziZg,@OscarHernandez-q8y,@OseasSamayoa-ol5rz,1
UCOS8ViEkccrTZx2w2ccxotA,UCj-LL25XJnjxepPKCc3NGog,@OscarHernandez-q8y,@anaaguirre8985,1
UCOS8ViEkccrTZx2w2ccxotA,UCjSKM9j0Q7HLDr1hD6D-TUw,@OscarHernandez-q8y,@josehidalgo4875,1
UCOS8ViEkccrTZx2w2ccxotA,UCjmPuazZJzscrwvk0QR9RVw,@OscarHernandez-q8y,@mynorrodas8591,1
UCOS8ViEkccrTZx2w2ccxotA,UCkd9W714-947dEE6ZOEBATA,@OscarHernandez-q8y,@ARGELIATELON,1
UCOS8ViEkccrTZx2w2ccxotA,UCl0ekS9Tt0jJGtOEM18S63w,@OscarHernandez-q8y,@monkchapin,1
UCOS8ViEkccrTZx2w2ccxotA,UCljDbleJul41G1TzOjOZAVA,@OscarHernandez-q8y,@hectorcarranza3777,1
UCOS8ViEkccrTZx2w2ccxotA,UCmjppp6ujz3SAnULvP3sZMw,@OscarHernandez-q8y,@marcomendez7509,1
UCOS8ViEkccrTZx2w2ccxotA,UCmvOgzmmXbjUthHy-WJ52hQ,@OscarHernandez-q8y,@mariorodas593,1
UCOS8ViEkccrTZx2w2ccxotA,UCp4iw5_5SmV9VGTFSNVGOmQ,@OscarHernandez-q8y,@CARLOSSTREMS51,1
UCOS8ViEkccrTZx2w2ccxotA,UCpl8rF8uv_8uui-QRvuJaRA,@OscarHernandez-q8y,@SergioGarcia-z9c,1
UCOS8ViEkccrTZx2w2ccxotA,UCplrIQtaPj6au60_f2-mOYw,@OscarHernandez-q8y,@romeolopezherrarte799,1
UCOS8ViEkccrTZx2w2ccxotA,UCpsKOkt5iWTbenzeuq7dsmQ,@OscarHernandez-q8y,@inge_vergueta,1
UCOS8ViEkccrTZx2w2ccxotA,UCr1emrogPKkKTs_WTtx71xg,@OscarHernandez-q8y,@domingopeneleu6457,1
UCOS8ViEkccrTZx2w2ccxotA,UCrJn_rbo_ENAdeqneS-RmRw,@OscarHernandez-q8y,@josecarrera9623,1
UCOS8ViEkccrTZx2w2ccxotA,UCsJJAvrVGupdmhOqgtDp8dg,@OscarHernandez-q8y,@nestorlorenzana1168,1
UCOS8ViEkccrTZx2w2ccxotA,UCsSXdJct-nsS8DsABoEsaYA,@OscarHernandez-q8y,@IvánPérez-j4j,1
UCOS8ViEkccrTZx2w2ccxotA,UCsUCN0Yq_UyTvKjOJLmNrnQ,@OscarHernandez-q8y,@moisesvaldez4043,1
UCOS8ViEkccrTZx2w2ccxotA,UCsjs5Hp_r86x1xbK6FAeqaA,@OscarHernandez-q8y,@alvaroesquivel563,1
UCOS8ViEkccrTZx2w2ccxotA,UCtNfIBnc5S5DbbQj_yxgJTw,@OscarHernandez-q8y,@JosueRamirez-ey3ih,1
UCOS8ViEkccrTZx2w2ccxotA,UCtUR3_CAiE7fCoZHM6cMfyQ,@OscarHernandez-q8y,@mdelcid01,1
UCOS8ViEkccrTZx2w2ccxotA,UCujPF2nBgsTD62nWE3lcpIg,@OscarHernandez-q8y,@victorarturoruanobautista7588,1
UCOS8ViEkccrTZx2w2ccxotA,UCvApqeCbLod-wejtT4CcVuA,@OscarHernandez-q8y,@davidgaher9550,1
UCOS8ViEkccrTZx2w2ccxotA,UCwO2SXr0ggzwg6QWWrr01nQ,@OscarHernandez-q8y,@ricardofigueroa5720,1
UCOS8ViEkccrTZx2w2ccxotA,UCwW2OFy95P7ZBkOPxWkpvYg,@OscarHernandez-q8y,@TeresaLucero-b5o,1
UCOS8ViEkccrTZx2w2ccxotA,UCwha8rxULYMVtNwZWeSkE1A,@OscarHernandez-q8y,@mariasamo8637,1
UCOS8ViEkccrTZx2w2ccxotA,UCySYJU5kUh7X8gVt9la2ISA,@OscarHernandez-q8y,@dantesarti4351,1
UCOS8ViEkccrTZx2w2ccxotA,UCylqlpsh8ENNM1LqgQ1KbxA,@OscarHernandez-q8y,@Jel.Awesh.M,1
UCOS8ViEkccrTZx2w2ccxotA,UCz3gu01bmjNv0DpRq-K3XYg,@OscarHernandez-q8y,@eusebiovasquez4385,1
UCOS8ViEkccrTZx2w2ccxotA,UCzSfZlOVxBSs5ObD25ywxDQ,@OscarHernandez-q8y,@GilmarMaldonado-q9m,1
UC3iIU62XKUOWuqL8BqBzj9A,UC094EFEmMSdwVa8NQjjYBXg,@antonioduarte2288,@CelestinoQuej-j7k,1
UC3iIU62XKUOWuqL8BqBzj9A,UC5PrBbmUlQolwqmiru7yZhw,@antonioduarte2288,@lazarochavez8269,1
UC3iIU62XKUOWuqL8BqBzj9A,UC9Wp6vL5oCU37qC3Aj94WZA,@antonioduarte2288,@ManuelSanchez-b8q2z,1
UC3iIU62XKUOWuqL8BqBzj9A,UCGm3gRBEHGRJYmtCryZLtDw,@antonioduarte2288,@JoséLopez-g6k,1
UC3iIU62XKUOWuqL8BqBzj9A,UCHu8x4MVkayU6VgwVKd--MQ,@antonioduarte2288,@Hernandez-i1o,1
UC3iIU62XKUOWuqL8BqBzj9A,UCsUCN0Yq_UyTvKjOJLmNrnQ,@antonioduarte2288,@moisesvaldez4043,1
UCV3fr-YOixFKCZBbJP1-X4w,UC-HeUTT6_g-VoiWds2a4H-w,@albertoshernandez5251,@JorgeMunoz-gd9et,1
UCV3fr-YOixFKCZBbJP1-X4w,UC-Iul5tDYH_oiAMXQH-KaaQ,@albertoshernandez5251,@AlbertoMancilla-p9h,1
UCV3fr-YOixFKCZBbJP1-X4w,UC0HvfEWozTHbwl_iEmJNvVA,@albertoshernandez5251,@OttoPalencia-b7r,1
UCV3fr-YOixFKCZBbJP1-X4w,UC14qlobYKqD-DO0j6b75lcA,@albertoshernandez5251,@megavision4488,1
UCV3fr-YOixFKCZBbJP1-X4w,UC1NiEdJ7gk6FlDexIalWnGg,@albertoshernandez5251,@BorisTebalán,1
UCV3fr-YOixFKCZBbJP1-X4w,UC3YpzAr7pcdKC7BVFEpYzog,@albertoshernandez5251,@carmenfigueroa1232,1
UCV3fr-YOixFKCZBbJP1-X4w,UC63tFvbQ_hJhGDi2nbjssjw,@albertoshernandez5251,@AbigailRodas-w2r,1
UCV3fr-YOixFKCZBbJP1-X4w,UCEHXl4VvvVpq-_4xC5tsbhg,@albertoshernandez5251,@anibalg47,1
UCV3fr-YOixFKCZBbJP1-X4w,UCRfkkatKrNtAARnXMMYBGlA,@albertoshernandez5251,@BernerSoza-mg3vx,1
UCV3fr-YOixFKCZBbJP1-X4w,UCZFQwqh90apuL8eFhvRBkUg,@albertoshernandez5251,@luisricardo9671,1
UCV3fr-YOixFKCZBbJP1-X4w,UCa36MjQLoPAmgJo-R3G8WQA,@albertoshernandez5251,@elsasalguero6914,1
UCV3fr-YOixFKCZBbJP1-X4w,UCaT4saRcyqCLE657Rq2hhZQ,@albertoshernandez5251,@elmilenial4064,1
UCV3fr-YOixFKCZBbJP1-X4w,UCeQk-WfEA-cJRq4EKeE7TOw,@albertoshernandez5251,@franciscojuarez9223,1
UCV3fr-YOixFKCZBbJP1-X4w,UCfo_yUPzy1f1POwwZxhZ06Q,@albertoshernandez5251,@lara11roberto,1
UCV3fr-YOixFKCZBbJP1-X4w,UCgGqw4aqMdMVSGkKiMgrJRQ,@albertoshernandez5251,@pattyfigueroa5609,1
UCV3fr-YOixFKCZBbJP1-X4w,UCheEJ5GZuIvV0fj-nXyVwXw,@albertoshernandez5251,@rosaoliva9389,1
UCV3fr-YOixFKCZBbJP1-X4w,UChyps3dqY-VY1_wLeq-2lhw,@albertoshernandez5251,@maydamorales4395,1
UCV3fr-YOixFKCZBbJP1-X4w,UCjZgFEowMBrsjodqfovzdKw,@albertoshernandez5251,@franciscoflores3120,1
UCV3fr-YOixFKCZBbJP1-X4w,UCp29O_C7cchZV8IxV7Crdag,@albertoshernandez5251,@robertoescobar5507,1
UCV3fr-YOixFKCZBbJP1-X4w,UCql1n3Ey6ULMSOACjMe-fxQ,@albertoshernandez5251,@RolandoGonzalez-o7g,1
UCV3fr-YOixFKCZBbJP1-X4w,UCtCtts20bW6F9CSohau51Iw,@albertoshernandez5251,@carlosgranados9875,1
UCV3fr-YOixFKCZBbJP1-X4w,UCtsxPYw8VUsH_FfnKg-0lmw,@albertoshernandez5251,@AlejandroPérez-b6r,1
UCV3fr-YOixFKCZBbJP1-X4w,UCvDwJBBY1mHK70aTEYl6rsA,@albertoshernandez5251,@cristianescobedo8296,1
UCV3fr-YOixFKCZBbJP1-X4w,UCyJhqmMbsvjpoarBBStA2kg,@albertoshernandez5251,@Murmullodelbarrio,1
UCV3fr-YOixFKCZBbJP1-X4w,UCzZ6dDCEsLMXbc5pCFXIprw,@albertoshernandez5251,@josegil3813,1
UCmjppp6ujz3SAnULvP3sZMw,UC-hfX8J5JPJ-dfuakzegMLA,@marcomendez7509,@normaleticiaorozcojuarez2418,1
UCmjppp6ujz3SAnULvP3sZMw,UC-jS_kA9w-OmpupXDx156Rg,@marcomendez7509,@simoncreyesc7579,1
UCmjppp6ujz3SAnULvP3sZMw,UC1vr9aaMI2crB0NvwFHUeoQ,@marcomendez7509,@JoseSimilox-p6e,1
UCmjppp6ujz3SAnULvP3sZMw,UC2Y_EHWQKevubk4vOEBBFxw,@marcomendez7509,@alfonsomorales2653,1
UCmjppp6ujz3SAnULvP3sZMw,UC2weSE8rpqkGMOp6StYtVfg,@marcomendez7509,@katerynsantiago2907,1
UCmjppp6ujz3SAnULvP3sZMw,UC3E9mAgP7VoAE5mZoAexl5g,@marcomendez7509,@EnnioAroche,1
UCmjppp6ujz3SAnULvP3sZMw,UC3NMzdMYryaw82kPTnsaljg,@marcomendez7509,@marisosa7832,1
UCmjppp6ujz3SAnULvP3sZMw,UC3XTwHxygNCgjndsg-UiCQA,@marcomendez7509,@marioajset4283,1
UCmjppp6ujz3SAnULvP3sZMw,UC3qn1yJA5PeW9rkGPatQxiw,@marcomendez7509,@VICTOREST19,1
UCmjppp6ujz3SAnULvP3sZMw,UC4cXueR2bKGFJV0Fk76gwmA,@marcomendez7509,@aluxdel4792,1
UCmjppp6ujz3SAnULvP3sZMw,UC4wq3DcbfaG6dtCqn8Oyu3w,@marcomendez7509,@hugoasencio7764,1
UCmjppp6ujz3SAnULvP3sZMw,UC5bG9nc_JV3FsNP2KseQiYw,@marcomendez7509,@giovannirodas4836,1
UCmjppp6ujz3SAnULvP3sZMw,UC650pRT-OYzny3GwOH8Cgfw,@marcomendez7509,@edvinparedesherrera7632,1
UCmjppp6ujz3SAnULvP3sZMw,UC6YSZqL0vEcI-niPKIMUGfw,@marcomendez7509,@maxwellsales885,1
UCmjppp6ujz3SAnULvP3sZMw,UC72gBAtyb_VXQlYDcFrh6oQ,@marcomendez7509,@osmanmorales3012,1
UCmjppp6ujz3SAnULvP3sZMw,UC7VUuJr9cGh845CmTvf7TlQ,@marcomendez7509,@LuisCastillo-oz4df,1
UCmjppp6ujz3SAnULvP3sZMw,UC8F2V63KZ4ZEay6opX2hAQw,@marcomendez7509,@carmenr6311,1
UCmjppp6ujz3SAnULvP3sZMw,UC8G5cJONY8L9voMyBW8Eoug,@marcomendez7509,@luisparedes-pw6qt,1
UCmjppp6ujz3SAnULvP3sZMw,UC8r11yOugM2NuRfitQOxLLg,@marcomendez7509,@cesaraugustomoralesmonroy6907,1
UCmjppp6ujz3SAnULvP3sZMw,UC9vMq1YF-e7C-VO0SHkbUTA,@marcomendez7509,@ErvinLeonardoCarreraLatín,1
UCmjppp6ujz3SAnULvP3sZMw,UC9xr9QvIcDvoZNUX5f-jaZw,@marcomendez7509,@MariaaliciaColonmorales,1
UCmjppp6ujz3SAnULvP3sZMw,UCA93ym2TXs_Ibyxb4Vcn-6Q,@marcomendez7509,@oswaldosolis8728,1
UCmjppp6ujz3SAnULvP3sZMw,UCAlzM_N6xBlMYmM8EBzX86Q,@marcomendez7509,@carlossoto3252,1
UCmjppp6ujz3SAnULvP3sZMw,UCAmtbUiIrUIhikru0ZoTFig,@marcomendez7509,@Aura-vf6dm,1
UCmjppp6ujz3SAnULvP3sZMw,UCB5p8a5gklc80jJItP6xTHg,@marcomendez7509,@ernestogamboa8737,1
UCmjppp6ujz3SAnULvP3sZMw,UCCaYwkkbQGcvFoUmothVdQQ,@marcomendez7509,@OsvaldoAguirre-l3i,1
UCmjppp6ujz3SAnULvP3sZMw,UCDPWkUX3sNNaCx-m1dV4glA,@marcomendez7509,@hectoroliva949,1
UCmjppp6ujz3SAnULvP3sZMw,UCDQaQv0hr2SS_PO-CMEwVHg,@marcomendez7509,@federicosaquimux1933,1
UCmjppp6ujz3SAnULvP3sZMw,UCDUffaruH6dyUnUGwsTKpgg,@marcomendez7509,@luisletona2842,1
UCmjppp6ujz3SAnULvP3sZMw,UCDftMWXQoJ6nONfY7GVOVjg,@marcomendez7509,@luisgpacheco5858,1
UCmjppp6ujz3SAnULvP3sZMw,UCDlr1VadSucIZgZ171pRBjQ,@marcomendez7509,@cuabatzjj5924,1
UCmjppp6ujz3SAnULvP3sZMw,UCEgEQmRbtL5fwr9_DqAC--g,@marcomendez7509,@ArielRodas-g5y,1
UCmjppp6ujz3SAnULvP3sZMw,UCErZPJpHmLCsXs8ZWkAUupQ,@marcomendez7509,@dorisl.garciaroche7763,1
UCmjppp6ujz3SAnULvP3sZMw,UCFUuDARXdmmIrLppEqf-rFg,@marcomendez7509,@allanmunoz7410,1
UCmjppp6ujz3SAnULvP3sZMw,UCFhxtoeARHPnXXPcDrOU3Xg,@marcomendez7509,@diegoalejandrolopezmendez205,1
UCmjppp6ujz3SAnULvP3sZMw,UCFoIAE8k82D6AV-8gjjKaNg,@marcomendez7509,@eddymunoz9789,1
UCmjppp6ujz3SAnULvP3sZMw,UCFxE8GbokBrBsPEKM1xrOjQ,@marcomendez7509,@JuanDavila-qd7qj,1
UCmjppp6ujz3SAnULvP3sZMw,UCGzXwyCzMzGmjmCbH3Hg01Q,@marcomendez7509,@FidelZacarias-ph7dy,1
UCmjppp6ujz3SAnULvP3sZMw,UCHTGCgY2l-DQJIvlA_cpa_Q,@marcomendez7509,@virgiliogarcia3039,1
UCmjppp6ujz3SAnULvP3sZMw,UCKDR0f2fu2UzWL8mBv5-BHw,@marcomendez7509,@mireyamorales6595,1
UCmjppp6ujz3SAnULvP3sZMw,UCL13XhnRzbGokEkCkEOb0-g,@marcomendez7509,@raquelprado3643,1
UCmjppp6ujz3SAnULvP3sZMw,UCL1MT278vSaQ83ZDkVWn1gw,@marcomendez7509,@elmorodriguez6978,1
UCmjppp6ujz3SAnULvP3sZMw,UCLFdHr9BEbXHkoJopbEPLZw,@marcomendez7509,@kanterra4584,1
UCmjppp6ujz3SAnULvP3sZMw,UCLggDc_a5HriXv7I1h02sOA,@marcomendez7509,@guillermogonzalez5153,1
UCmjppp6ujz3SAnULvP3sZMw,UCNBnKqWf4d-rS4HwJRQljmQ,@marcomendez7509,@LE_A22,1
UCmjppp6ujz3SAnULvP3sZMw,UCNkcuy42zEwddwEcOd_HpnA,@marcomendez7509,@vanigomez492,1
UCmjppp6ujz3SAnULvP3sZMw,UCOh6DaZC_x9HASnlRylEMfw,@marcomendez7509,@AndresMedina-v1s,1
UCmjppp6ujz3SAnULvP3sZMw,UCQgYjVngJRfPHDLGB5X6ZjA,@marcomendez7509,@oscarnavas9996,1
UCmjppp6ujz3SAnULvP3sZMw,UCQqetiwzzmRNTM5OWuXarGQ,@marcomendez7509,@isaiaslopezvelasquez1539,1
UCmjppp6ujz3SAnULvP3sZMw,UCQtICyzWmhC5woCtbNgaSmg,@marcomendez7509,@nestormendez6216,1
UCmjppp6ujz3SAnULvP3sZMw,UCQtSFINs1h6GHkpg9o5kMvg,@marcomendez7509,@MacarioMartinezruiz,1
UCmjppp6ujz3SAnULvP3sZMw,UCRETAiYdh2dL5ZxB0_N1zDA,@marcomendez7509,@Joseroland21,1
UCmjppp6ujz3SAnULvP3sZMw,UCRlCV9zSn7avAWh-9_XFWqQ,@marcomendez7509,@ronyarana8849,1
UCmjppp6ujz3SAnULvP3sZMw,UCSou6a2OuYGSvPjm5psquyA,@marcomendez7509,@FranciscoRivera-sf7ne,1
UCmjppp6ujz3SAnULvP3sZMw,UCTD6q1nyIe3Y7HhqjaMj72w,@marcomendez7509,@JuanChang-r6k,1
UCmjppp6ujz3SAnULvP3sZMw,UCTP3O0rMnc8z8v8jaDQwL0w,@marcomendez7509,@RobertoZelaya-x1v,1
UCmjppp6ujz3SAnULvP3sZMw,UCThW2XNsAaBKme5PUt7n-Zg,@marcomendez7509,@thelmamoran8565,1
UCmjppp6ujz3SAnULvP3sZMw,UCTwSut16JyAg3mX6LVUNGqA,@marcomendez7509,@SuperVictor2005,1
UCmjppp6ujz3SAnULvP3sZMw,UCTylKrsqkrBKIqubMu_5N0Q,@marcomendez7509,@edwingeovanymarroquinmarro6684,1
UCmjppp6ujz3SAnULvP3sZMw,UCUIIIPTVDVHAXqhC_5V6lPA,@marcomendez7509,@gorrarota,1
UCmjppp6ujz3SAnULvP3sZMw,UCV0iizTBoOfdAFX_thfI9BA,@marcomendez7509,@BenjaminLarios-jd8nk,1
UCmjppp6ujz3SAnULvP3sZMw,UCXXh7yg5KUFIWylTiKVEFKQ,@marcomendez7509,@MrDuenderojo,1
UCmjppp6ujz3SAnULvP3sZMw,UCXgr7vXlRrsaskPdo097kGA,@marcomendez7509,@Rogergh-nw4oj,1
UCmjppp6ujz3SAnULvP3sZMw,UCYN4wSQ1Sx4_LurxLlW7MPg,@marcomendez7509,@belarminavillatoro6474,1
UCmjppp6ujz3SAnULvP3sZMw,UCYwpX26TrCxq8TvbKGRYLXA,@marcomendez7509,@beneficioelcaminovillacana8540,1
UCmjppp6ujz3SAnULvP3sZMw,UCcfdg8crmMJwEuLUsAhV7yg,@marcomendez7509,@RolandoRaguay,1
UCmjppp6ujz3SAnULvP3sZMw,UCfM3nrxtTQMY5jFx1v1J4Gg,@marcomendez7509,@edgarroldan5539,1
UCmjppp6ujz3SAnULvP3sZMw,UChZknRmJkeGeQk0-mQuhDOg,@marcomendez7509,@OdilioRodríguez-c5w,1
UCmjppp6ujz3SAnULvP3sZMw,UChep9kVb5gQmpodEEl10Xlg,@marcomendez7509,@carlosaguilar-kz7ml,1
UCmjppp6ujz3SAnULvP3sZMw,UCi1b_TRQfgO1Z9O2gNGGWNA,@marcomendez7509,@davidisraelesquitsaquil,1
UCmjppp6ujz3SAnULvP3sZMw,UCiGRBf2RNF0WRKhRVT7zFoA,@marcomendez7509,@edwinavila4876,1
UCmjppp6ujz3SAnULvP3sZMw,UCiMythXHsw7eQEMykCdmMUA,@marcomendez7509,@JavierBecerra-h6x,1
UCmjppp6ujz3SAnULvP3sZMw,UCipetjeiWj4CZB6EbyYziZg,@marcomendez7509,@OseasSamayoa-ol5rz,1
UCmjppp6ujz3SAnULvP3sZMw,UCj-LL25XJnjxepPKCc3NGog,@marcomendez7509,@anaaguirre8985,1
UCmjppp6ujz3SAnULvP3sZMw,UCjSKM9j0Q7HLDr1hD6D-TUw,@marcomendez7509,@josehidalgo4875,1
UCmjppp6ujz3SAnULvP3sZMw,UCjmPuazZJzscrwvk0QR9RVw,@marcomendez7509,@mynorrodas8591,1
UCmjppp6ujz3SAnULvP3sZMw,UCkd9W714-947dEE6ZOEBATA,@marcomendez7509,@ARGELIATELON,1
UCmjppp6ujz3SAnULvP3sZMw,UCl0ekS9Tt0jJGtOEM18S63w,@marcomendez7509,@monkchapin,1
UCmjppp6ujz3SAnULvP3sZMw,UCljDbleJul41G1TzOjOZAVA,@marcomendez7509,@hectorcarranza3777,1
UCmjppp6ujz3SAnULvP3sZMw,UCmvOgzmmXbjUthHy-WJ52hQ,@marcomendez7509,@mariorodas593,1
UCmjppp6ujz3SAnULvP3sZMw,UCp4iw5_5SmV9VGTFSNVGOmQ,@marcomendez7509,@CARLOSSTREMS51,1
UCmjppp6ujz3SAnULvP3sZMw,UCpl8rF8uv_8uui-QRvuJaRA,@marcomendez7509,@SergioGarcia-z9c,1
UCmjppp6ujz3SAnULvP3sZMw,UCplrIQtaPj6au60_f2-mOYw,@marcomendez7509,@romeolopezherrarte799,1
UCmjppp6ujz3SAnULvP3sZMw,UCpsKOkt5iWTbenzeuq7dsmQ,@marcomendez7509,@inge_vergueta,1
UCmjppp6ujz3SAnULvP3sZMw,UCr1emrogPKkKTs_WTtx71xg,@marcomendez7509,@domingopeneleu6457,1
UCmjppp6ujz3SAnULvP3sZMw,UCrJn_rbo_ENAdeqneS-RmRw,@marcomendez7509,@josecarrera9623,1
UCmjppp6ujz3SAnULvP3sZMw,UCsJJAvrVGupdmhOqgtDp8dg,@marcomendez7509,@nestorlorenzana1168,1
UCmjppp6ujz3SAnULvP3sZMw,UCsSXdJct-nsS8DsABoEsaYA,@marcomendez7509,@IvánPérez-j4j,1
UCmjppp6ujz3SAnULvP3sZMw,UCsUCN0Yq_UyTvKjOJLmNrnQ,@marcomendez7509,@moisesvaldez4043,1
UCmjppp6ujz3SAnULvP3sZMw,UCsjs5Hp_r86x1xbK6FAeqaA,@marcomendez7509,@alvaroesquivel563,1
UCmjppp6ujz3SAnULvP3sZMw,UCtNfIBnc5S5DbbQj_yxgJTw,@marcomendez7509,@JosueRamirez-ey3ih,1
UCmjppp6ujz3SAnULvP3sZMw,UCtUR3_CAiE7fCoZHM6cMfyQ,@marcomendez7509,@mdelcid01,1
UCmjppp6ujz3SAnULvP3sZMw,UCujPF2nBgsTD62nWE3lcpIg,@marcomendez7509,@victorarturoruanobautista7588,1
UCmjppp6ujz3SAnULvP3sZMw,UCvApqeCbLod-wejtT4CcVuA,@marcomendez7509,@davidgaher9550,1
UCmjppp6ujz3SAnULvP3sZMw,UCwO2SXr0ggzwg6QWWrr01nQ,@marcomendez7509,@ricardofigueroa5720,1
UCmjppp6ujz3SAnULvP3sZMw,UCwW2OFy95P7ZBkOPxWkpvYg,@marcomendez7509,@TeresaLucero-b5o,1
UCmjppp6ujz3SAnULvP3sZMw,UCwha8rxULYMVtNwZWeSkE1A,@marcomendez7509,@mariasamo8637,1
UCmjppp6ujz3SAnULvP3sZMw,UCySYJU5kUh7X8gVt9la2ISA,@marcomendez7509,@dantesarti4351,1
UCmjppp6ujz3SAnULvP3sZMw,UCylqlpsh8ENNM1LqgQ1KbxA,@marcomendez7509,@Jel.Awesh.M,1
UCmjppp6ujz3SAnULvP3sZMw,UCz3gu01bmjNv0DpRq-K3XYg,@marcomendez7509,@eusebiovasquez4385,1
UCmjppp6ujz3SAnULvP3sZMw,UCzSfZlOVxBSs5ObD25ywxDQ,@marcomendez7509,@GilmarMaldonado-q9m,1
UC5PyGvSfFM--OVKmQ3COu6g,UC0RpuMwkDKJYqgKHtsJRuWQ,@FreddyGmez,@sabinamarinaguerra3248,1
UC5PyGvSfFM--OVKmQ3COu6g,UC0aEyakBPqcBkVJiErfSupQ,@FreddyGmez,@jhonymanuel9891,1
UC5PyGvSfFM--OVKmQ3COu6g,UC5fvhAfm89JH8eDFdvc0xYw,@FreddyGmez,@isaidiaz2388,1
UC5PyGvSfFM--OVKmQ3COu6g,UCFOxCyF926Y9eHhMeVoWLzw,@FreddyGmez,@arielsarc09,1
UC5PyGvSfFM--OVKmQ3COu6g,UCGqKxQS-z3NZzZF-2w338AA,@FreddyGmez,@samuelaguilar529,1
UC5PyGvSfFM--OVKmQ3COu6g,UCHMQ_lDhibZ-XZ_3fo6oxwg,@FreddyGmez,@crislexrubi4387,1
UC5PyGvSfFM--OVKmQ3COu6g,UCIUhbSCy3-SGRe5UtqM4fzQ,@FreddyGmez,@jeanmorales1677,1
UC5PyGvSfFM--OVKmQ3COu6g,UCIp19h9igblA2YKfSLPDAug,@FreddyGmez,@JoseReyes-rn6sh,1
UC5PyGvSfFM--OVKmQ3COu6g,UCRcSR3Lvn9DZAmJpVPANfZQ,@FreddyGmez,@WalksandSuch,1
UC5PyGvSfFM--OVKmQ3COu6g,UCRznz9-N3Qc1w-qNdLSIY2Q,@FreddyGmez,@jimmygomez724,1
UC5PyGvSfFM--OVKmQ3COu6g,UCSTAUWVc1_82DHYeqOsqEFA,@FreddyGmez,@TheAlexX_C,1
UC5PyGvSfFM--OVKmQ3COu6g,UCY7Hq7F9Lnucf-Yr6JkHZNw,@FreddyGmez,@maynorcalel1442,1
UC5PyGvSfFM--OVKmQ3COu6g,UC_ljZ1hZXR9pzexFz87P5ZA,@FreddyGmez,@ChRiStOpHeR7969,1
UC5PyGvSfFM--OVKmQ3COu6g,UCaT6M2zp7X6r6Whd8Vv3kHQ,@FreddyGmez,@alexarcos8349,1
UC5PyGvSfFM--OVKmQ3COu6g,UCgLrWFdYitoP-b7-PxtUr-w,@FreddyGmez,@zetag,1
UC5PyGvSfFM--OVKmQ3COu6g,UCi-vPdnpQreC7BkFs40mJGA,@FreddyGmez,@bryansicasales4280,1
UC5PyGvSfFM--OVKmQ3COu6g,UCqilIa8r7iek5sGYg_q6ofA,@FreddyGmez,@rolandojuchuna484,1
UC5PyGvSfFM--OVKmQ3COu6g,UCs_5qeqdku9tGAq22y3OcuQ,@FreddyGmez,@alexandrevasquez4135,1
UC5PyGvSfFM--OVKmQ3COu6g,UCtMBF_1O2jY2INlb_luuB_A,@FreddyGmez,@mynorgudiel8646,1
UC5PyGvSfFM--OVKmQ3COu6g,UCwUAv3_LpWVtTIi7lkmTL7A,@FreddyGmez,@kingr4706,1
UC5PyGvSfFM--OVKmQ3COu6g,UCxKR3RA8T-kxMgq_2WWhRcQ,@FreddyGmez,@elenaluarca9377,1
UC5PyGvSfFM--OVKmQ3COu6g,UCyzf29IYjNw67gGIfsjgtxA,@FreddyGmez,@carlosoliva9249,1
UCQqetiwzzmRNTM5OWuXarGQ,UC-hfX8J5JPJ-dfuakzegMLA,@isaiaslopezvelasquez1539,@normaleticiaorozcojuarez2418,1
UCQqetiwzzmRNTM5OWuXarGQ,UC-jS_kA9w-OmpupXDx156Rg,@isaiaslopezvelasquez1539,@simoncreyesc7579,1
UCQqetiwzzmRNTM5OWuXarGQ,UC1vr9aaMI2crB0NvwFHUeoQ,@isaiaslopezvelasquez1539,@JoseSimilox-p6e,1
UCQqetiwzzmRNTM5OWuXarGQ,UC2Y_EHWQKevubk4vOEBBFxw,@isaiaslopezvelasquez1539,@alfonsomorales2653,1
UCQqetiwzzmRNTM5OWuXarGQ,UC2weSE8rpqkGMOp6StYtVfg,@isaiaslopezvelasquez1539,@katerynsantiago2907,1
UCQqetiwzzmRNTM5OWuXarGQ,UC3E9mAgP7VoAE5mZoAexl5g,@isaiaslopezvelasquez1539,@EnnioAroche,1
UCQqetiwzzmRNTM5OWuXarGQ,UC3NMzdMYryaw82kPTnsaljg,@isaiaslopezvelasquez1539,@marisosa7832,1
UCQqetiwzzmRNTM5OWuXarGQ,UC3XTwHxygNCgjndsg-UiCQA,@isaiaslopezvelasquez1539,@marioajset4283,1
UCQqetiwzzmRNTM5OWuXarGQ,UC3qn1yJA5PeW9rkGPatQxiw,@isaiaslopezvelasquez1539,@VICTOREST19,1
UCQqetiwzzmRNTM5OWuXarGQ,UC4cXueR2bKGFJV0Fk76gwmA,@isaiaslopezvelasquez1539,@aluxdel4792,1
UCQqetiwzzmRNTM5OWuXarGQ,UC4wq3DcbfaG6dtCqn8Oyu3w,@isaiaslopezvelasquez1539,@hugoasencio7764,1
UCQqetiwzzmRNTM5OWuXarGQ,UC5bG9nc_JV3FsNP2KseQiYw,@isaiaslopezvelasquez1539,@giovannirodas4836,1
UCQqetiwzzmRNTM5OWuXarGQ,UC650pRT-OYzny3GwOH8Cgfw,@isaiaslopezvelasquez1539,@edvinparedesherrera7632,1
UCQqetiwzzmRNTM5OWuXarGQ,UC6YSZqL0vEcI-niPKIMUGfw,@isaiaslopezvelasquez1539,@maxwellsales885,1
UCQqetiwzzmRNTM5OWuXarGQ,UC72gBAtyb_VXQlYDcFrh6oQ,@isaiaslopezvelasquez1539,@osmanmorales3012,1
UCQqetiwzzmRNTM5OWuXarGQ,UC7VUuJr9cGh845CmTvf7TlQ,@isaiaslopezvelasquez1539,@LuisCastillo-oz4df,1
UCQqetiwzzmRNTM5OWuXarGQ,UC8F2V63KZ4ZEay6opX2hAQw,@isaiaslopezvelasquez1539,@carmenr6311,1
UCQqetiwzzmRNTM5OWuXarGQ,UC8G5cJONY8L9voMyBW8Eoug,@isaiaslopezvelasquez1539,@luisparedes-pw6qt,1
UCQqetiwzzmRNTM5OWuXarGQ,UC8r11yOugM2NuRfitQOxLLg,@isaiaslopezvelasquez1539,@cesaraugustomoralesmonroy6907,1
UCQqetiwzzmRNTM5OWuXarGQ,UC9vMq1YF-e7C-VO0SHkbUTA,@isaiaslopezvelasquez1539,@ErvinLeonardoCarreraLatín,1
UCQqetiwzzmRNTM5OWuXarGQ,UC9xr9QvIcDvoZNUX5f-jaZw,@isaiaslopezvelasquez1539,@MariaaliciaColonmorales,1
UCQqetiwzzmRNTM5OWuXarGQ,UCA93ym2TXs_Ibyxb4Vcn-6Q,@isaiaslopezvelasquez1539,@oswaldosolis8728,1
UCQqetiwzzmRNTM5OWuXarGQ,UCAlzM_N6xBlMYmM8EBzX86Q,@isaiaslopezvelasquez1539,@carlossoto3252,1
UCQqetiwzzmRNTM5OWuXarGQ,UCAmtbUiIrUIhikru0ZoTFig,@isaiaslopezvelasquez1539,@Aura-vf6dm,1
UCQqetiwzzmRNTM5OWuXarGQ,UCB5p8a5gklc80jJItP6xTHg,@isaiaslopezvelasquez1539,@ernestogamboa8737,1
UCQqetiwzzmRNTM5OWuXarGQ,UCCaYwkkbQGcvFoUmothVdQQ,@isaiaslopezvelasquez1539,@OsvaldoAguirre-l3i,1
UCQqetiwzzmRNTM5OWuXarGQ,UCDPWkUX3sNNaCx-m1dV4glA,@isaiaslopezvelasquez1539,@hectoroliva949,1
UCQqetiwzzmRNTM5OWuXarGQ,UCDQaQv0hr2SS_PO-CMEwVHg,@isaiaslopezvelasquez1539,@federicosaquimux1933,1
UCQqetiwzzmRNTM5OWuXarGQ,UCDUffaruH6dyUnUGwsTKpgg,@isaiaslopezvelasquez1539,@luisletona2842,1
UCQqetiwzzmRNTM5OWuXarGQ,UCDftMWXQoJ6nONfY7GVOVjg,@isaiaslopezvelasquez1539,@luisgpacheco5858,1
UCQqetiwzzmRNTM5OWuXarGQ,UCDlr1VadSucIZgZ171pRBjQ,@isaiaslopezvelasquez1539,@cuabatzjj5924,1
UCQqetiwzzmRNTM5OWuXarGQ,UCEgEQmRbtL5fwr9_DqAC--g,@isaiaslopezvelasquez1539,@ArielRodas-g5y,1
UCQqetiwzzmRNTM5OWuXarGQ,UCErZPJpHmLCsXs8ZWkAUupQ,@isaiaslopezvelasquez1539,@dorisl.garciaroche7763,1
UCQqetiwzzmRNTM5OWuXarGQ,UCFUuDARXdmmIrLppEqf-rFg,@isaiaslopezvelasquez1539,@allanmunoz7410,1
UCQqetiwzzmRNTM5OWuXarGQ,UCFhxtoeARHPnXXPcDrOU3Xg,@isaiaslopezvelasquez1539,@diegoalejandrolopezmendez205,1
UCQqetiwzzmRNTM5OWuXarGQ,UCFoIAE8k82D6AV-8gjjKaNg,@isaiaslopezvelasquez1539,@eddymunoz9789,1
UCQqetiwzzmRNTM5OWuXarGQ,UCFxE8GbokBrBsPEKM1xrOjQ,@isaiaslopezvelasquez1539,@JuanDavila-qd7qj,1
UCQqetiwzzmRNTM5OWuXarGQ,UCGzXwyCzMzGmjmCbH3Hg01Q,@isaiaslopezvelasquez1539,@FidelZacarias-ph7dy,1
UCQqetiwzzmRNTM5OWuXarGQ,UCHTGCgY2l-DQJIvlA_cpa_Q,@isaiaslopezvelasquez1539,@virgiliogarcia3039,1
UCQqetiwzzmRNTM5OWuXarGQ,UCKDR0f2fu2UzWL8mBv5-BHw,@isaiaslopezvelasquez1539,@mireyamorales6595,1
UCQqetiwzzmRNTM5OWuXarGQ,UCL13XhnRzbGokEkCkEOb0-g,@isaiaslopezvelasquez1539,@raquelprado3643,1
UCQqetiwzzmRNTM5OWuXarGQ,UCL1MT278vSaQ83ZDkVWn1gw,@isaiaslopezvelasquez1539,@elmorodriguez6978,1
UCQqetiwzzmRNTM5OWuXarGQ,UCLFdHr9BEbXHkoJopbEPLZw,@isaiaslopezvelasquez1539,@kanterra4584,1
UCQqetiwzzmRNTM5OWuXarGQ,UCLggDc_a5HriXv7I1h02sOA,@isaiaslopezvelasquez1539,@guillermogonzalez5153,1
UCQqetiwzzmRNTM5OWuXarGQ,UCNBnKqWf4d-rS4HwJRQljmQ,@isaiaslopezvelasquez1539,@LE_A22,1
UCQqetiwzzmRNTM5OWuXarGQ,UCNkcuy42zEwddwEcOd_HpnA,@isaiaslopezvelasquez1539,@vanigomez492,1
UCQqetiwzzmRNTM5OWuXarGQ,UCOh6DaZC_x9HASnlRylEMfw,@isaiaslopezvelasquez1539,@AndresMedina-v1s,1
UCQqetiwzzmRNTM5OWuXarGQ,UCQgYjVngJRfPHDLGB5X6ZjA,@isaiaslopezvelasquez1539,@oscarnavas9996,1
UCQqetiwzzmRNTM5OWuXarGQ,UCQtICyzWmhC5woCtbNgaSmg,@isaiaslopezvelasquez1539,@nestormendez6216,1
UCQqetiwzzmRNTM5OWuXarGQ,UCQtSFINs1h6GHkpg9o5kMvg,@isaiaslopezvelasquez1539,@MacarioMartinezruiz,1
UCQqetiwzzmRNTM5OWuXarGQ,UCRETAiYdh2dL5ZxB0_N1zDA,@isaiaslopezvelasquez1539,@Joseroland21,1
UCQqetiwzzmRNTM5OWuXarGQ,UCRlCV9zSn7avAWh-9_XFWqQ,@isaiaslopezvelasquez1539,@ronyarana8849,1
UCQqetiwzzmRNTM5OWuXarGQ,UCSou6a2OuYGSvPjm5psquyA,@isaiaslopezvelasquez1539,@FranciscoRivera-sf7ne,1
UCQqetiwzzmRNTM5OWuXarGQ,UCTD6q1nyIe3Y7HhqjaMj72w,@isaiaslopezvelasquez1539,@JuanChang-r6k,1
UCQqetiwzzmRNTM5OWuXarGQ,UCTP3O0rMnc8z8v8jaDQwL0w,@isaiaslopezvelasquez1539,@RobertoZelaya-x1v,1
UCQqetiwzzmRNTM5OWuXarGQ,UCThW2XNsAaBKme5PUt7n-Zg,@isaiaslopezvelasquez1539,@thelmamoran8565,1
UCQqetiwzzmRNTM5OWuXarGQ,UCTwSut16JyAg3mX6LVUNGqA,@isaiaslopezvelasquez1539,@SuperVictor2005,1
UCQqetiwzzmRNTM5OWuXarGQ,UCTylKrsqkrBKIqubMu_5N0Q,@isaiaslopezvelasquez1539,@edwingeovanymarroquinmarro6684,1
UCQqetiwzzmRNTM5OWuXarGQ,UCUIIIPTVDVHAXqhC_5V6lPA,@isaiaslopezvelasquez1539,@gorrarota,1
UCQqetiwzzmRNTM5OWuXarGQ,UCV0iizTBoOfdAFX_thfI9BA,@isaiaslopezvelasquez1539,@BenjaminLarios-jd8nk,1
UCQqetiwzzmRNTM5OWuXarGQ,UCXXh7yg5KUFIWylTiKVEFKQ,@isaiaslopezvelasquez1539,@MrDuenderojo,1
UCQqetiwzzmRNTM5OWuXarGQ,UCXgr7vXlRrsaskPdo097kGA,@isaiaslopezvelasquez1539,@Rogergh-nw4oj,1
UCQqetiwzzmRNTM5OWuXarGQ,UCYN4wSQ1Sx4_LurxLlW7MPg,@isaiaslopezvelasquez1539,@belarminavillatoro6474,1
UCQqetiwzzmRNTM5OWuXarGQ,UCYwpX26TrCxq8TvbKGRYLXA,@isaiaslopezvelasquez1539,@beneficioelcaminovillacana8540,1
UCQqetiwzzmRNTM5OWuXarGQ,UCcfdg8crmMJwEuLUsAhV7yg,@isaiaslopezvelasquez1539,@RolandoRaguay,1
UCQqetiwzzmRNTM5OWuXarGQ,UCfM3nrxtTQMY5jFx1v1J4Gg,@isaiaslopezvelasquez1539,@edgarroldan5539,1
UCQqetiwzzmRNTM5OWuXarGQ,UChZknRmJkeGeQk0-mQuhDOg,@isaiaslopezvelasquez1539,@OdilioRodríguez-c5w,1
UCQqetiwzzmRNTM5OWuXarGQ,UChep9kVb5gQmpodEEl10Xlg,@isaiaslopezvelasquez1539,@carlosaguilar-kz7ml,1
UCQqetiwzzmRNTM5OWuXarGQ,UCi1b_TRQfgO1Z9O2gNGGWNA,@isaiaslopezvelasquez1539,@davidisraelesquitsaquil,1
UCQqetiwzzmRNTM5OWuXarGQ,UCiGRBf2RNF0WRKhRVT7zFoA,@isaiaslopezvelasquez1539,@edwinavila4876,1
UCQqetiwzzmRNTM5OWuXarGQ,UCiMythXHsw7eQEMykCdmMUA,@isaiaslopezvelasquez1539,@JavierBecerra-h6x,1
UCQqetiwzzmRNTM5OWuXarGQ,UCipetjeiWj4CZB6EbyYziZg,@isaiaslopezvelasquez1539,@OseasSamayoa-ol5rz,1
UCQqetiwzzmRNTM5OWuXarGQ,UCj-LL25XJnjxepPKCc3NGog,@isaiaslopezvelasquez1539,@anaaguirre8985,1
UCQqetiwzzmRNTM5OWuXarGQ,UCjSKM9j0Q7HLDr1hD6D-TUw,@isaiaslopezvelasquez1539,@josehidalgo4875,1
UCQqetiwzzmRNTM5OWuXarGQ,UCjmPuazZJzscrwvk0QR9RVw,@isaiaslopezvelasquez1539,@mynorrodas8591,1
UCQqetiwzzmRNTM5OWuXarGQ,UCkd9W714-947dEE6ZOEBATA,@isaiaslopezvelasquez1539,@ARGELIATELON,1
UCQqetiwzzmRNTM5OWuXarGQ,UCl0ekS9Tt0jJGtOEM18S63w,@isaiaslopezvelasquez1539,@monkchapin,1
UCQqetiwzzmRNTM5OWuXarGQ,UCljDbleJul41G1TzOjOZAVA,@isaiaslopezvelasquez1539,@hectorcarranza3777,1
UCQqetiwzzmRNTM5OWuXarGQ,UCmvOgzmmXbjUthHy-WJ52hQ,@isaiaslopezvelasquez1539,@mariorodas593,1
UCQqetiwzzmRNTM5OWuXarGQ,UCp4iw5_5SmV9VGTFSNVGOmQ,@isaiaslopezvelasquez1539,@CARLOSSTREMS51,1
UCQqetiwzzmRNTM5OWuXarGQ,UCpl8rF8uv_8uui-QRvuJaRA,@isaiaslopezvelasquez1539,@SergioGarcia-z9c,1
UCQqetiwzzmRNTM5OWuXarGQ,UCplrIQtaPj6au60_f2-mOYw,@isaiaslopezvelasquez1539,@romeolopezherrarte799,1
UCQqetiwzzmRNTM5OWuXarGQ,UCpsKOkt5iWTbenzeuq7dsmQ,@isaiaslopezvelasquez1539,@inge_vergueta,1
UCQqetiwzzmRNTM5OWuXarGQ,UCr1emrogPKkKTs_WTtx71xg,@isaiaslopezvelasquez1539,@domingopeneleu6457,1
UCQqetiwzzmRNTM5OWuXarGQ,UCrJn_rbo_ENAdeqneS-RmRw,@isaiaslopezvelasquez1539,@josecarrera9623,1
UCQqetiwzzmRNTM5OWuXarGQ,UCsJJAvrVGupdmhOqgtDp8dg,@isaiaslopezvelasquez1539,@nestorlorenzana1168,1
UCQqetiwzzmRNTM5OWuXarGQ,UCsSXdJct-nsS8DsABoEsaYA,@isaiaslopezvelasquez1539,@IvánPérez-j4j,1
UCQqetiwzzmRNTM5OWuXarGQ,UCsUCN0Yq_UyTvKjOJLmNrnQ,@isaiaslopezvelasquez1539,@moisesvaldez4043,1
UCQqetiwzzmRNTM5OWuXarGQ,UCsjs5Hp_r86x1xbK6FAeqaA,@isaiaslopezvelasquez1539,@alvaroesquivel563,1
UCQqetiwzzmRNTM5OWuXarGQ,UCtNfIBnc5S5DbbQj_yxgJTw,@isaiaslopezvelasquez1539,@JosueRamirez-ey3ih,1
UCQqetiwzzmRNTM5OWuXarGQ,UCtUR3_CAiE7fCoZHM6cMfyQ,@isaiaslopezvelasquez1539,@mdelcid01,1
UCQqetiwzzmRNTM5OWuXarGQ,UCujPF2nBgsTD62nWE3lcpIg,@isaiaslopezvelasquez1539,@victorarturoruanobautista7588,1
UCQqetiwzzmRNTM5OWuXarGQ,UCvApqeCbLod-wejtT4CcVuA,@isaiaslopezvelasquez1539,@davidgaher9550,1
UCQqetiwzzmRNTM5OWuXarGQ,UCwO2SXr0ggzwg6QWWrr01nQ,@isaiaslopezvelasquez1539,@ricardofigueroa5720,1
UCQqetiwzzmRNTM5OWuXarGQ,UCwW2OFy95P7ZBkOPxWkpvYg,@isaiaslopezvelasquez1539,@TeresaLucero-b5o,1
UCQqetiwzzmRNTM5OWuXarGQ,UCwha8rxULYMVtNwZWeSkE1A,@isaiaslopezvelasquez1539,@mariasamo8637,1
UCQqetiwzzmRNTM5OWuXarGQ,UCySYJU5kUh7X8gVt9la2ISA,@isaiaslopezvelasquez1539,@dantesarti4351,1
UCQqetiwzzmRNTM5OWuXarGQ,UCylqlpsh8ENNM1LqgQ1KbxA,@isaiaslopezvelasquez1539,@Jel.Awesh.M,1
UCQqetiwzzmRNTM5OWuXarGQ,UCz3gu01bmjNv0DpRq-K3XYg,@isaiaslopezvelasquez1539,@eusebiovasquez4385,1
UCQqetiwzzmRNTM5OWuXarGQ,UCzSfZlOVxBSs5ObD25ywxDQ,@isaiaslopezvelasquez1539,@GilmarMaldonado-q9m,1
UCCaYwkkbQGcvFoUmothVdQQ,UC-hfX8J5JPJ-dfuakzegMLA,@OsvaldoAguirre-l3i,@normaleticiaorozcojuarez2418,1
UCCaYwkkbQGcvFoUmothVdQQ,UC-jS_kA9w-OmpupXDx156Rg,@OsvaldoAguirre-l3i,@simoncreyesc7579,1
UCCaYwkkbQGcvFoUmothVdQQ,UC1vr9aaMI2crB0NvwFHUeoQ,@OsvaldoAguirre-l3i,@JoseSimilox-p6e,1
UCCaYwkkbQGcvFoUmothVdQQ,UC2Y_EHWQKevubk4vOEBBFxw,@OsvaldoAguirre-l3i,@alfonsomorales2653,1
UCCaYwkkbQGcvFoUmothVdQQ,UC2weSE8rpqkGMOp6StYtVfg,@OsvaldoAguirre-l3i,@katerynsantiago2907,1
UCCaYwkkbQGcvFoUmothVdQQ,UC3E9mAgP7VoAE5mZoAexl5g,@OsvaldoAguirre-l3i,@EnnioAroche,1
UCCaYwkkbQGcvFoUmothVdQQ,UC3NMzdMYryaw82kPTnsaljg,@OsvaldoAguirre-l3i,@marisosa7832,1
UCCaYwkkbQGcvFoUmothVdQQ,UC3XTwHxygNCgjndsg-UiCQA,@OsvaldoAguirre-l3i,@marioajset4283,1
UCCaYwkkbQGcvFoUmothVdQQ,UC3qn1yJA5PeW9rkGPatQxiw,@OsvaldoAguirre-l3i,@VICTOREST19,1
UCCaYwkkbQGcvFoUmothVdQQ,UC4cXueR2bKGFJV0Fk76gwmA,@OsvaldoAguirre-l3i,@aluxdel4792,1
UCCaYwkkbQGcvFoUmothVdQQ,UC4wq3DcbfaG6dtCqn8Oyu3w,@OsvaldoAguirre-l3i,@hugoasencio7764,1
UCCaYwkkbQGcvFoUmothVdQQ,UC5bG9nc_JV3FsNP2KseQiYw,@OsvaldoAguirre-l3i,@giovannirodas4836,1
UCCaYwkkbQGcvFoUmothVdQQ,UC650pRT-OYzny3GwOH8Cgfw,@OsvaldoAguirre-l3i,@edvinparedesherrera7632,1
UCCaYwkkbQGcvFoUmothVdQQ,UC6YSZqL0vEcI-niPKIMUGfw,@OsvaldoAguirre-l3i,@maxwellsales885,1
UCCaYwkkbQGcvFoUmothVdQQ,UC72gBAtyb_VXQlYDcFrh6oQ,@OsvaldoAguirre-l3i,@osmanmorales3012,1
UCCaYwkkbQGcvFoUmothVdQQ,UC7VUuJr9cGh845CmTvf7TlQ,@OsvaldoAguirre-l3i,@LuisCastillo-oz4df,1
UCCaYwkkbQGcvFoUmothVdQQ,UC8F2V63KZ4ZEay6opX2hAQw,@OsvaldoAguirre-l3i,@carmenr6311,1
UCCaYwkkbQGcvFoUmothVdQQ,UC8G5cJONY8L9voMyBW8Eoug,@OsvaldoAguirre-l3i,@luisparedes-pw6qt,1
UCCaYwkkbQGcvFoUmothVdQQ,UC8r11yOugM2NuRfitQOxLLg,@OsvaldoAguirre-l3i,@cesaraugustomoralesmonroy6907,1
UCCaYwkkbQGcvFoUmothVdQQ,UC9vMq1YF-e7C-VO0SHkbUTA,@OsvaldoAguirre-l3i,@ErvinLeonardoCarreraLatín,1
UCCaYwkkbQGcvFoUmothVdQQ,UC9xr9QvIcDvoZNUX5f-jaZw,@OsvaldoAguirre-l3i,@MariaaliciaColonmorales,1
UCCaYwkkbQGcvFoUmothVdQQ,UCA93ym2TXs_Ibyxb4Vcn-6Q,@OsvaldoAguirre-l3i,@oswaldosolis8728,1
UCCaYwkkbQGcvFoUmothVdQQ,UCAlzM_N6xBlMYmM8EBzX86Q,@OsvaldoAguirre-l3i,@carlossoto3252,1
UCCaYwkkbQGcvFoUmothVdQQ,UCAmtbUiIrUIhikru0ZoTFig,@OsvaldoAguirre-l3i,@Aura-vf6dm,1
UCCaYwkkbQGcvFoUmothVdQQ,UCB5p8a5gklc80jJItP6xTHg,@OsvaldoAguirre-l3i,@ernestogamboa8737,1
UCCaYwkkbQGcvFoUmothVdQQ,UCDPWkUX3sNNaCx-m1dV4glA,@OsvaldoAguirre-l3i,@hectoroliva949,1
UCCaYwkkbQGcvFoUmothVdQQ,UCDQaQv0hr2SS_PO-CMEwVHg,@OsvaldoAguirre-l3i,@federicosaquimux1933,1
UCCaYwkkbQGcvFoUmothVdQQ,UCDUffaruH6dyUnUGwsTKpgg,@OsvaldoAguirre-l3i,@luisletona2842,1
UCCaYwkkbQGcvFoUmothVdQQ,UCDftMWXQoJ6nONfY7GVOVjg,@OsvaldoAguirre-l3i,@luisgpacheco5858,1
UCCaYwkkbQGcvFoUmothVdQQ,UCDlr1VadSucIZgZ171pRBjQ,@OsvaldoAguirre-l3i,@cuabatzjj5924,1
UCCaYwkkbQGcvFoUmothVdQQ,UCEgEQmRbtL5fwr9_DqAC--g,@OsvaldoAguirre-l3i,@ArielRodas-g5y,1
UCCaYwkkbQGcvFoUmothVdQQ,UCErZPJpHmLCsXs8ZWkAUupQ,@OsvaldoAguirre-l3i,@dorisl.garciaroche7763,1
UCCaYwkkbQGcvFoUmothVdQQ,UCFUuDARXdmmIrLppEqf-rFg,@OsvaldoAguirre-l3i,@allanmunoz7410,1
UCCaYwkkbQGcvFoUmothVdQQ,UCFhxtoeARHPnXXPcDrOU3Xg,@OsvaldoAguirre-l3i,@diegoalejandrolopezmendez205,1
UCCaYwkkbQGcvFoUmothVdQQ,UCFoIAE8k82D6AV-8gjjKaNg,@OsvaldoAguirre-l3i,@eddymunoz9789,1
UCCaYwkkbQGcvFoUmothVdQQ,UCFxE8GbokBrBsPEKM1xrOjQ,@OsvaldoAguirre-l3i,@JuanDavila-qd7qj,1
UCCaYwkkbQGcvFoUmothVdQQ,UCGzXwyCzMzGmjmCbH3Hg01Q,@OsvaldoAguirre-l3i,@FidelZacarias-ph7dy,1
UCCaYwkkbQGcvFoUmothVdQQ,UCHTGCgY2l-DQJIvlA_cpa_Q,@OsvaldoAguirre-l3i,@virgiliogarcia3039,1
UCCaYwkkbQGcvFoUmothVdQQ,UCKDR0f2fu2UzWL8mBv5-BHw,@OsvaldoAguirre-l3i,@mireyamorales6595,1
UCCaYwkkbQGcvFoUmothVdQQ,UCL13XhnRzbGokEkCkEOb0-g,@OsvaldoAguirre-l3i,@raquelprado3643,1
UCCaYwkkbQGcvFoUmothVdQQ,UCL1MT278vSaQ83ZDkVWn1gw,@OsvaldoAguirre-l3i,@elmorodriguez6978,1
UCCaYwkkbQGcvFoUmothVdQQ,UCLFdHr9BEbXHkoJopbEPLZw,@OsvaldoAguirre-l3i,@kanterra4584,1
UCCaYwkkbQGcvFoUmothVdQQ,UCLggDc_a5HriXv7I1h02sOA,@OsvaldoAguirre-l3i,@guillermogonzalez5153,1
UCCaYwkkbQGcvFoUmothVdQQ,UCNBnKqWf4d-rS4HwJRQljmQ,@OsvaldoAguirre-l3i,@LE_A22,1
UCCaYwkkbQGcvFoUmothVdQQ,UCNkcuy42zEwddwEcOd_HpnA,@OsvaldoAguirre-l3i,@vanigomez492,1
UCCaYwkkbQGcvFoUmothVdQQ,UCOh6DaZC_x9HASnlRylEMfw,@OsvaldoAguirre-l3i,@AndresMedina-v1s,1
UCCaYwkkbQGcvFoUmothVdQQ,UCQgYjVngJRfPHDLGB5X6ZjA,@OsvaldoAguirre-l3i,@oscarnavas9996,1
UCCaYwkkbQGcvFoUmothVdQQ,UCQtICyzWmhC5woCtbNgaSmg,@OsvaldoAguirre-l3i,@nestormendez6216,1
UCCaYwkkbQGcvFoUmothVdQQ,UCQtSFINs1h6GHkpg9o5kMvg,@OsvaldoAguirre-l3i,@MacarioMartinezruiz,1
UCCaYwkkbQGcvFoUmothVdQQ,UCRETAiYdh2dL5ZxB0_N1zDA,@OsvaldoAguirre-l3i,@Joseroland21,1
UCCaYwkkbQGcvFoUmothVdQQ,UCRlCV9zSn7avAWh-9_XFWqQ,@OsvaldoAguirre-l3i,@ronyarana8849,1
UCCaYwkkbQGcvFoUmothVdQQ,UCSou6a2OuYGSvPjm5psquyA,@OsvaldoAguirre-l3i,@FranciscoRivera-sf7ne,1
UCCaYwkkbQGcvFoUmothVdQQ,UCTD6q1nyIe3Y7HhqjaMj72w,@OsvaldoAguirre-l3i,@JuanChang-r6k,1
UCCaYwkkbQGcvFoUmothVdQQ,UCTP3O0rMnc8z8v8jaDQwL0w,@OsvaldoAguirre-l3i,@RobertoZelaya-x1v,1
UCCaYwkkbQGcvFoUmothVdQQ,UCThW2XNsAaBKme5PUt7n-Zg,@OsvaldoAguirre-l3i,@thelmamoran8565,1
UCCaYwkkbQGcvFoUmothVdQQ,UCTwSut16JyAg3mX6LVUNGqA,@OsvaldoAguirre-l3i,@SuperVictor2005,1
UCCaYwkkbQGcvFoUmothVdQQ,UCTylKrsqkrBKIqubMu_5N0Q,@OsvaldoAguirre-l3i,@edwingeovanymarroquinmarro6684,1
UCCaYwkkbQGcvFoUmothVdQQ,UCUIIIPTVDVHAXqhC_5V6lPA,@OsvaldoAguirre-l3i,@gorrarota,1
UCCaYwkkbQGcvFoUmothVdQQ,UCV0iizTBoOfdAFX_thfI9BA,@OsvaldoAguirre-l3i,@BenjaminLarios-jd8nk,1
UCCaYwkkbQGcvFoUmothVdQQ,UCXXh7yg5KUFIWylTiKVEFKQ,@OsvaldoAguirre-l3i,@MrDuenderojo,1
UCCaYwkkbQGcvFoUmothVdQQ,UCXgr7vXlRrsaskPdo097kGA,@OsvaldoAguirre-l3i,@Rogergh-nw4oj,1
UCCaYwkkbQGcvFoUmothVdQQ,UCYN4wSQ1Sx4_LurxLlW7MPg,@OsvaldoAguirre-l3i,@belarminavillatoro6474,1
UCCaYwkkbQGcvFoUmothVdQQ,UCYwpX26TrCxq8TvbKGRYLXA,@OsvaldoAguirre-l3i,@beneficioelcaminovillacana8540,1
UCCaYwkkbQGcvFoUmothVdQQ,UCcfdg8crmMJwEuLUsAhV7yg,@OsvaldoAguirre-l3i,@RolandoRaguay,1
UCCaYwkkbQGcvFoUmothVdQQ,UCfM3nrxtTQMY5jFx1v1J4Gg,@OsvaldoAguirre-l3i,@edgarroldan5539,1
UCCaYwkkbQGcvFoUmothVdQQ,UChZknRmJkeGeQk0-mQuhDOg,@OsvaldoAguirre-l3i,@OdilioRodríguez-c5w,1
UCCaYwkkbQGcvFoUmothVdQQ,UChep9kVb5gQmpodEEl10Xlg,@OsvaldoAguirre-l3i,@carlosaguilar-kz7ml,1
UCCaYwkkbQGcvFoUmothVdQQ,UCi1b_TRQfgO1Z9O2gNGGWNA,@OsvaldoAguirre-l3i,@davidisraelesquitsaquil,1
UCCaYwkkbQGcvFoUmothVdQQ,UCiGRBf2RNF0WRKhRVT7zFoA,@OsvaldoAguirre-l3i,@edwinavila4876,1
UCCaYwkkbQGcvFoUmothVdQQ,UCiMythXHsw7eQEMykCdmMUA,@OsvaldoAguirre-l3i,@JavierBecerra-h6x,1
UCCaYwkkbQGcvFoUmothVdQQ,UCipetjeiWj4CZB6EbyYziZg,@OsvaldoAguirre-l3i,@OseasSamayoa-ol5rz,1
UCCaYwkkbQGcvFoUmothVdQQ,UCj-LL25XJnjxepPKCc3NGog,@OsvaldoAguirre-l3i,@anaaguirre8985,1
UCCaYwkkbQGcvFoUmothVdQQ,UCjSKM9j0Q7HLDr1hD6D-TUw,@OsvaldoAguirre-l3i,@josehidalgo4875,1
UCCaYwkkbQGcvFoUmothVdQQ,UCjmPuazZJzscrwvk0QR9RVw,@OsvaldoAguirre-l3i,@mynorrodas8591,1
UCCaYwkkbQGcvFoUmothVdQQ,UCkd9W714-947dEE6ZOEBATA,@OsvaldoAguirre-l3i,@ARGELIATELON,1
UCCaYwkkbQGcvFoUmothVdQQ,UCl0ekS9Tt0jJGtOEM18S63w,@OsvaldoAguirre-l3i,@monkchapin,1
UCCaYwkkbQGcvFoUmothVdQQ,UCljDbleJul41G1TzOjOZAVA,@OsvaldoAguirre-l3i,@hectorcarranza3777,1
UCCaYwkkbQGcvFoUmothVdQQ,UCmvOgzmmXbjUthHy-WJ52hQ,@OsvaldoAguirre-l3i,@mariorodas593,1
UCCaYwkkbQGcvFoUmothVdQQ,UCp4iw5_5SmV9VGTFSNVGOmQ,@OsvaldoAguirre-l3i,@CARLOSSTREMS51,1
UCCaYwkkbQGcvFoUmothVdQQ,UCpl8rF8uv_8uui-QRvuJaRA,@OsvaldoAguirre-l3i,@SergioGarcia-z9c,1
UCCaYwkkbQGcvFoUmothVdQQ,UCplrIQtaPj6au60_f2-mOYw,@OsvaldoAguirre-l3i,@romeolopezherrarte799,1
UCCaYwkkbQGcvFoUmothVdQQ,UCpsKOkt5iWTbenzeuq7dsmQ,@OsvaldoAguirre-l3i,@inge_vergueta,1
UCCaYwkkbQGcvFoUmothVdQQ,UCr1emrogPKkKTs_WTtx71xg,@OsvaldoAguirre-l3i,@domingopeneleu6457,1
UCCaYwkkbQGcvFoUmothVdQQ,UCrJn_rbo_ENAdeqneS-RmRw,@OsvaldoAguirre-l3i,@josecarrera9623,1
UCCaYwkkbQGcvFoUmothVdQQ,UCsJJAvrVGupdmhOqgtDp8dg,@OsvaldoAguirre-l3i,@nestorlorenzana1168,1
UCCaYwkkbQGcvFoUmothVdQQ,UCsSXdJct-nsS8DsABoEsaYA,@OsvaldoAguirre-l3i,@IvánPérez-j4j,1
UCCaYwkkbQGcvFoUmothVdQQ,UCsUCN0Yq_UyTvKjOJLmNrnQ,@OsvaldoAguirre-l3i,@moisesvaldez4043,1
UCCaYwkkbQGcvFoUmothVdQQ,UCsjs5Hp_r86x1xbK6FAeqaA,@OsvaldoAguirre-l3i,@alvaroesquivel563,1
UCCaYwkkbQGcvFoUmothVdQQ,UCtNfIBnc5S5DbbQj_yxgJTw,@OsvaldoAguirre-l3i,@JosueRamirez-ey3ih,1
UCCaYwkkbQGcvFoUmothVdQQ,UCtUR3_CAiE7fCoZHM6cMfyQ,@OsvaldoAguirre-l3i,@mdelcid01,1
UCCaYwkkbQGcvFoUmothVdQQ,UCujPF2nBgsTD62nWE3lcpIg,@OsvaldoAguirre-l3i,@victorarturoruanobautista7588,1
UCCaYwkkbQGcvFoUmothVdQQ,UCvApqeCbLod-wejtT4CcVuA,@OsvaldoAguirre-l3i,@davidgaher9550,1
UCCaYwkkbQGcvFoUmothVdQQ,UCwO2SXr0ggzwg6QWWrr01nQ,@OsvaldoAguirre-l3i,@ricardofigueroa5720,1
UCCaYwkkbQGcvFoUmothVdQQ,UCwW2OFy95P7ZBkOPxWkpvYg,@OsvaldoAguirre-l3i,@TeresaLucero-b5o,1
UCCaYwkkbQGcvFoUmothVdQQ,UCwha8rxULYMVtNwZWeSkE1A,@OsvaldoAguirre-l3i,@mariasamo8637,1
UCCaYwkkbQGcvFoUmothVdQQ,UCySYJU5kUh7X8gVt9la2ISA,@OsvaldoAguirre-l3i,@dantesarti4351,1
UCCaYwkkbQGcvFoUmothVdQQ,UCylqlpsh8ENNM1LqgQ1KbxA,@OsvaldoAguirre-l3i,@Jel.Awesh.M,1
UCCaYwkkbQGcvFoUmothVdQQ,UCz3gu01bmjNv0DpRq-K3XYg,@OsvaldoAguirre-l3i,@eusebiovasquez4385,1
UCCaYwkkbQGcvFoUmothVdQQ,UCzSfZlOVxBSs5ObD25ywxDQ,@OsvaldoAguirre-l3i,@GilmarMaldonado-q9m,1
UCQgYjVngJRfPHDLGB5X6ZjA,UC-hfX8J5JPJ-dfuakzegMLA,@oscarnavas9996,@normaleticiaorozcojuarez2418,1
UCQgYjVngJRfPHDLGB5X6ZjA,UC-jS_kA9w-OmpupXDx156Rg,@oscarnavas9996,@simoncreyesc7579,1
UCQgYjVngJRfPHDLGB5X6ZjA,UC1vr9aaMI2crB0NvwFHUeoQ,@oscarnavas9996,@JoseSimilox-p6e,1
UCQgYjVngJRfPHDLGB5X6ZjA,UC2Y_EHWQKevubk4vOEBBFxw,@oscarnavas9996,@alfonsomorales2653,1
UCQgYjVngJRfPHDLGB5X6ZjA,UC2weSE8rpqkGMOp6StYtVfg,@oscarnavas9996,@katerynsantiago2907,1
UCQgYjVngJRfPHDLGB5X6ZjA,UC3E9mAgP7VoAE5mZoAexl5g,@oscarnavas9996,@EnnioAroche,1
UCQgYjVngJRfPHDLGB5X6ZjA,UC3NMzdMYryaw82kPTnsaljg,@oscarnavas9996,@marisosa7832,1
UCQgYjVngJRfPHDLGB5X6ZjA,UC3XTwHxygNCgjndsg-UiCQA,@oscarnavas9996,@marioajset4283,1
UCQgYjVngJRfPHDLGB5X6ZjA,UC3qn1yJA5PeW9rkGPatQxiw,@oscarnavas9996,@VICTOREST19,1
UCQgYjVngJRfPHDLGB5X6ZjA,UC4cXueR2bKGFJV0Fk76gwmA,@oscarnavas9996,@aluxdel4792,1
UCQgYjVngJRfPHDLGB5X6ZjA,UC4wq3DcbfaG6dtCqn8Oyu3w,@oscarnavas9996,@hugoasencio7764,1
UCQgYjVngJRfPHDLGB5X6ZjA,UC5bG9nc_JV3FsNP2KseQiYw,@oscarnavas9996,@giovannirodas4836,1
UCQgYjVngJRfPHDLGB5X6ZjA,UC650pRT-OYzny3GwOH8Cgfw,@oscarnavas9996,@edvinparedesherrera7632,1
UCQgYjVngJRfPHDLGB5X6ZjA,UC6YSZqL0vEcI-niPKIMUGfw,@oscarnavas9996,@maxwellsales885,1
UCQgYjVngJRfPHDLGB5X6ZjA,UC72gBAtyb_VXQlYDcFrh6oQ,@oscarnavas9996,@osmanmorales3012,1
UCQgYjVngJRfPHDLGB5X6ZjA,UC7VUuJr9cGh845CmTvf7TlQ,@oscarnavas9996,@LuisCastillo-oz4df,1
UCQgYjVngJRfPHDLGB5X6ZjA,UC8F2V63KZ4ZEay6opX2hAQw,@oscarnavas9996,@carmenr6311,1
UCQgYjVngJRfPHDLGB5X6ZjA,UC8G5cJONY8L9voMyBW8Eoug,@oscarnavas9996,@luisparedes-pw6qt,1
UCQgYjVngJRfPHDLGB5X6ZjA,UC8r11yOugM2NuRfitQOxLLg,@oscarnavas9996,@cesaraugustomoralesmonroy6907,1
UCQgYjVngJRfPHDLGB5X6ZjA,UC9vMq1YF-e7C-VO0SHkbUTA,@oscarnavas9996,@ErvinLeonardoCarreraLatín,1
UCQgYjVngJRfPHDLGB5X6ZjA,UC9xr9QvIcDvoZNUX5f-jaZw,@oscarnavas9996,@MariaaliciaColonmorales,1
UCQgYjVngJRfPHDLGB5X6ZjA,UCA93ym2TXs_Ibyxb4Vcn-6Q,@oscarnavas9996,@oswaldosolis8728,1
UCQgYjVngJRfPHDLGB5X6ZjA,UCAlzM_N6xBlMYmM8EBzX86Q,@oscarnavas9996,@carlossoto3252,1
UCQgYjVngJRfPHDLGB5X6ZjA,UCAmtbUiIrUIhikru0ZoTFig,@oscarnavas9996,@Aura-vf6dm,1
UCQgYjVngJRfPHDLGB5X6ZjA,UCB5p8a5gklc80jJItP6xTHg,@oscarnavas9996,@ernestogamboa8737,1
UCQgYjVngJRfPHDLGB5X6ZjA,UCDPWkUX3sNNaCx-m1dV4glA,@oscarnavas9996,@hectoroliva949,1
UCQgYjVngJRfPHDLGB5X6ZjA,UCDQaQv0hr2SS_PO-CMEwVHg,@oscarnavas9996,@federicosaquimux1933,1
UCQgYjVngJRfPHDLGB5X6ZjA,UCDUffaruH6dyUnUGwsTKpgg,@oscarnavas9996,@luisletona2842,1
UCQgYjVngJRfPHDLGB5X6ZjA,UCDftMWXQoJ6nONfY7GVOVjg,@oscarnavas9996,@luisgpacheco5858,1
UCQgYjVngJRfPHDLGB5X6ZjA,UCDlr1VadSucIZgZ171pRBjQ,@oscarnavas9996,@cuabatzjj5924,1
UCQgYjVngJRfPHDLGB5X6ZjA,UCEgEQmRbtL5fwr9_DqAC--g,@oscarnavas9996,@ArielRodas-g5y,1
UCQgYjVngJRfPHDLGB5X6ZjA,UCErZPJpHmLCsXs8ZWkAUupQ,@oscarnavas9996,@dorisl.garciaroche7763,1
UCQgYjVngJRfPHDLGB5X6ZjA,UCFUuDARXdmmIrLppEqf-rFg,@oscarnavas9996,@allanmunoz7410,1
UCQgYjVngJRfPHDLGB5X6ZjA,UCFhxtoeARHPnXXPcDrOU3Xg,@oscarnavas9996,@diegoalejandrolopezmendez205,1
UCQgYjVngJRfPHDLGB5X6ZjA,UCFoIAE8k82D6AV-8gjjKaNg,@oscarnavas9996,@eddymunoz9789,1
UCQgYjVngJRfPHDLGB5X6ZjA,UCFxE8GbokBrBsPEKM1xrOjQ,@oscarnavas9996,@JuanDavila-qd7qj,1
UCQgYjVngJRfPHDLGB5X6ZjA,UCGzXwyCzMzGmjmCbH3Hg01Q,@oscarnavas9996,@FidelZacarias-ph7dy,1
UCQgYjVngJRfPHDLGB5X6ZjA,UCHTGCgY2l-DQJIvlA_cpa_Q,@oscarnavas9996,@virgiliogarcia3039,1
UCQgYjVngJRfPHDLGB5X6ZjA,UCKDR0f2fu2UzWL8mBv5-BHw,@oscarnavas9996,@mireyamorales6595,1
UCQgYjVngJRfPHDLGB5X6ZjA,UCL13XhnRzbGokEkCkEOb0-g,@oscarnavas9996,@raquelprado3643,1
UCQgYjVngJRfPHDLGB5X6ZjA,UCL1MT278vSaQ83ZDkVWn1gw,@oscarnavas9996,@elmorodriguez6978,1
UCQgYjVngJRfPHDLGB5X6ZjA,UCLFdHr9BEbXHkoJopbEPLZw,@oscarnavas9996,@kanterra4584,1
UCQgYjVngJRfPHDLGB5X6ZjA,UCLggDc_a5HriXv7I1h02sOA,@oscarnavas9996,@guillermogonzalez5153,1
UCQgYjVngJRfPHDLGB5X6ZjA,UCNBnKqWf4d-rS4HwJRQljmQ,@oscarnavas9996,@LE_A22,1
UCQgYjVngJRfPHDLGB5X6ZjA,UCNkcuy42zEwddwEcOd_HpnA,@oscarnavas9996,@vanigomez492,1
UCQgYjVngJRfPHDLGB5X6ZjA,UCOh6DaZC_x9HASnlRylEMfw,@oscarnavas9996,@AndresMedina-v1s,1
UCQgYjVngJRfPHDLGB5X6ZjA,UCQtICyzWmhC5woCtbNgaSmg,@oscarnavas9996,@nestormendez6216,1
UCQgYjVngJRfPHDLGB5X6ZjA,UCQtSFINs1h6GHkpg9o5kMvg,@oscarnavas9996,@MacarioMartinezruiz,1
UCQgYjVngJRfPHDLGB5X6ZjA,UCRETAiYdh2dL5ZxB0_N1zDA,@oscarnavas9996,@Joseroland21,1
UCQgYjVngJRfPHDLGB5X6ZjA,UCRlCV9zSn7avAWh-9_XFWqQ,@oscarnavas9996,@ronyarana8849,1
UCQgYjVngJRfPHDLGB5X6ZjA,UCSou6a2OuYGSvPjm5psquyA,@oscarnavas9996,@FranciscoRivera-sf7ne,1
UCQgYjVngJRfPHDLGB5X6ZjA,UCTD6q1nyIe3Y7HhqjaMj72w,@oscarnavas9996,@JuanChang-r6k,1
UCQgYjVngJRfPHDLGB5X6ZjA,UCTP3O0rMnc8z8v8jaDQwL0w,@oscarnavas9996,@RobertoZelaya-x1v,1
UCQgYjVngJRfPHDLGB5X6ZjA,UCThW2XNsAaBKme5PUt7n-Zg,@oscarnavas9996,@thelmamoran8565,1
UCQgYjVngJRfPHDLGB5X6ZjA,UCTwSut16JyAg3mX6LVUNGqA,@oscarnavas9996,@SuperVictor2005,1
UCQgYjVngJRfPHDLGB5X6ZjA,UCTylKrsqkrBKIqubMu_5N0Q,@oscarnavas9996,@edwingeovanymarroquinmarro6684,1
UCQgYjVngJRfPHDLGB5X6ZjA,UCUIIIPTVDVHAXqhC_5V6lPA,@oscarnavas9996,@gorrarota,1
UCQgYjVngJRfPHDLGB5X6ZjA,UCV0iizTBoOfdAFX_thfI9BA,@oscarnavas9996,@BenjaminLarios-jd8nk,1
UCQgYjVngJRfPHDLGB5X6ZjA,UCXXh7yg5KUFIWylTiKVEFKQ,@oscarnavas9996,@MrDuenderojo,1
UCQgYjVngJRfPHDLGB5X6ZjA,UCXgr7vXlRrsaskPdo097kGA,@oscarnavas9996,@Rogergh-nw4oj,1
UCQgYjVngJRfPHDLGB5X6ZjA,UCYN4wSQ1Sx4_LurxLlW7MPg,@oscarnavas9996,@belarminavillatoro6474,1
UCQgYjVngJRfPHDLGB5X6ZjA,UCYwpX26TrCxq8TvbKGRYLXA,@oscarnavas9996,@beneficioelcaminovillacana8540,1
UCQgYjVngJRfPHDLGB5X6ZjA,UCcfdg8crmMJwEuLUsAhV7yg,@oscarnavas9996,@RolandoRaguay,1
UCQgYjVngJRfPHDLGB5X6ZjA,UCfM3nrxtTQMY5jFx1v1J4Gg,@oscarnavas9996,@edgarroldan5539,1
UCQgYjVngJRfPHDLGB5X6ZjA,UChZknRmJkeGeQk0-mQuhDOg,@oscarnavas9996,@OdilioRodríguez-c5w,1
UCQgYjVngJRfPHDLGB5X6ZjA,UChep9kVb5gQmpodEEl10Xlg,@oscarnavas9996,@carlosaguilar-kz7ml,1
UCQgYjVngJRfPHDLGB5X6ZjA,UCi1b_TRQfgO1Z9O2gNGGWNA,@oscarnavas9996,@davidisraelesquitsaquil,1
UCQgYjVngJRfPHDLGB5X6ZjA,UCiGRBf2RNF0WRKhRVT7zFoA,@oscarnavas9996,@edwinavila4876,1
UCQgYjVngJRfPHDLGB5X6ZjA,UCiMythXHsw7eQEMykCdmMUA,@oscarnavas9996,@JavierBecerra-h6x,1
UCQgYjVngJRfPHDLGB5X6ZjA,UCipetjeiWj4CZB6EbyYziZg,@oscarnavas9996,@OseasSamayoa-ol5rz,1
UCQgYjVngJRfPHDLGB5X6ZjA,UCj-LL25XJnjxepPKCc3NGog,@oscarnavas9996,@anaaguirre8985,1
UCQgYjVngJRfPHDLGB5X6ZjA,UCjSKM9j0Q7HLDr1hD6D-TUw,@oscarnavas9996,@josehidalgo4875,1
UCQgYjVngJRfPHDLGB5X6ZjA,UCjmPuazZJzscrwvk0QR9RVw,@oscarnavas9996,@mynorrodas8591,1
UCQgYjVngJRfPHDLGB5X6ZjA,UCkd9W714-947dEE6ZOEBATA,@oscarnavas9996,@ARGELIATELON,1
UCQgYjVngJRfPHDLGB5X6ZjA,UCl0ekS9Tt0jJGtOEM18S63w,@oscarnavas9996,@monkchapin,1
UCQgYjVngJRfPHDLGB5X6ZjA,UCljDbleJul41G1TzOjOZAVA,@oscarnavas9996,@hectorcarranza3777,1
UCQgYjVngJRfPHDLGB5X6ZjA,UCmvOgzmmXbjUthHy-WJ52hQ,@oscarnavas9996,@mariorodas593,1
UCQgYjVngJRfPHDLGB5X6ZjA,UCp4iw5_5SmV9VGTFSNVGOmQ,@oscarnavas9996,@CARLOSSTREMS51,1
UCQgYjVngJRfPHDLGB5X6ZjA,UCpl8rF8uv_8uui-QRvuJaRA,@oscarnavas9996,@SergioGarcia-z9c,1
UCQgYjVngJRfPHDLGB5X6ZjA,UCplrIQtaPj6au60_f2-mOYw,@oscarnavas9996,@romeolopezherrarte799,1
UCQgYjVngJRfPHDLGB5X6ZjA,UCpsKOkt5iWTbenzeuq7dsmQ,@oscarnavas9996,@inge_vergueta,1
UCQgYjVngJRfPHDLGB5X6ZjA,UCr1emrogPKkKTs_WTtx71xg,@oscarnavas9996,@domingopeneleu6457,1
UCQgYjVngJRfPHDLGB5X6ZjA,UCrJn_rbo_ENAdeqneS-RmRw,@oscarnavas9996,@josecarrera9623,1
UCQgYjVngJRfPHDLGB5X6ZjA,UCsJJAvrVGupdmhOqgtDp8dg,@oscarnavas9996,@nestorlorenzana1168,1
UCQgYjVngJRfPHDLGB5X6ZjA,UCsSXdJct-nsS8DsABoEsaYA,@oscarnavas9996,@IvánPérez-j4j,1
UCQgYjVngJRfPHDLGB5X6ZjA,UCsUCN0Yq_UyTvKjOJLmNrnQ,@oscarnavas9996,@moisesvaldez4043,1
UCQgYjVngJRfPHDLGB5X6ZjA,UCsjs5Hp_r86x1xbK6FAeqaA,@oscarnavas9996,@alvaroesquivel563,1
UCQgYjVngJRfPHDLGB5X6ZjA,UCtNfIBnc5S5DbbQj_yxgJTw,@oscarnavas9996,@JosueRamirez-ey3ih,1
UCQgYjVngJRfPHDLGB5X6ZjA,UCtUR3_CAiE7fCoZHM6cMfyQ,@oscarnavas9996,@mdelcid01,1
UCQgYjVngJRfPHDLGB5X6ZjA,UCujPF2nBgsTD62nWE3lcpIg,@oscarnavas9996,@victorarturoruanobautista7588,1
UCQgYjVngJRfPHDLGB5X6ZjA,UCvApqeCbLod-wejtT4CcVuA,@oscarnavas9996,@davidgaher9550,1
UCQgYjVngJRfPHDLGB5X6ZjA,UCwO2SXr0ggzwg6QWWrr01nQ,@oscarnavas9996,@ricardofigueroa5720,1
UCQgYjVngJRfPHDLGB5X6ZjA,UCwW2OFy95P7ZBkOPxWkpvYg,@oscarnavas9996,@TeresaLucero-b5o,1
UCQgYjVngJRfPHDLGB5X6ZjA,UCwha8rxULYMVtNwZWeSkE1A,@oscarnavas9996,@mariasamo8637,1
UCQgYjVngJRfPHDLGB5X6ZjA,UCySYJU5kUh7X8gVt9la2ISA,@oscarnavas9996,@dantesarti4351,1
UCQgYjVngJRfPHDLGB5X6ZjA,UCylqlpsh8ENNM1LqgQ1KbxA,@oscarnavas9996,@Jel.Awesh.M,1
UCQgYjVngJRfPHDLGB5X6ZjA,UCz3gu01bmjNv0DpRq-K3XYg,@oscarnavas9996,@eusebiovasquez4385,1
UCQgYjVngJRfPHDLGB5X6ZjA,UCzSfZlOVxBSs5ObD25ywxDQ,@oscarnavas9996,@GilmarMaldonado-q9m,1
UCN2N_wYOw6fMwCeSzdXLPIw,UC7IMsCxfZyWN7YQo8-JYa6Q,@danielantoniogonzalezflore4901,@Burgos68,1
UCN2N_wYOw6fMwCeSzdXLPIw,UC8xlJWNHz1V_W6q3fbuQH8g,@danielantoniogonzalezflore4901,@NormaLópez-v7e,1
UCN2N_wYOw6fMwCeSzdXLPIw,UCAV7QIjYhbDJaycQycM_0eQ,@danielantoniogonzalezflore4901,@mariavail8998,1
UCN2N_wYOw6fMwCeSzdXLPIw,UCGX_UbAQOXGZknv5iqklwTA,@danielantoniogonzalezflore4901,@ronaldgarcia8522,1
UCN2N_wYOw6fMwCeSzdXLPIw,UCHTGCgY2l-DQJIvlA_cpa_Q,@danielantoniogonzalezflore4901,@virgiliogarcia3039,1
UCN2N_wYOw6fMwCeSzdXLPIw,UCNIeXbV_mEwpa412h1aqUWw,@danielantoniogonzalezflore4901,@juandeleon9060,1
UCN2N_wYOw6fMwCeSzdXLPIw,UCPZueDLrCS4BmTBRMA4q0fA,@danielantoniogonzalezflore4901,@kevinochoa3695,1
UCN2N_wYOw6fMwCeSzdXLPIw,UCVQf0tzL7xRzFJsABVVULpg,@danielantoniogonzalezflore4901,@DennisseLopetegi,1
UCN2N_wYOw6fMwCeSzdXLPIw,UCbYoNG5J3Au5BqtbXogfEFw,@danielantoniogonzalezflore4901,@Luis-gn3fj,1
UCN2N_wYOw6fMwCeSzdXLPIw,UCf5lnNZF7Qrtli9v4N_23WQ,@danielantoniogonzalezflore4901,@CarlosCortez-v5r,1
UCN2N_wYOw6fMwCeSzdXLPIw,UCg3eIfd7BrsLEqS0BLkftHA,@danielantoniogonzalezflore4901,@ErmePérez-q4s,1
UCN2N_wYOw6fMwCeSzdXLPIw,UCgQJgI9vu1FI2dnC9mrFthw,@danielantoniogonzalezflore4901,@srms70,1
UCN2N_wYOw6fMwCeSzdXLPIw,UClsrFGJKWPxxw7MiaEdKLXw,@danielantoniogonzalezflore4901,@ericapaz5406,1
UCN2N_wYOw6fMwCeSzdXLPIw,UCtNyHmRZtvGF2hSvI2dUBWw,@danielantoniogonzalezflore4901,@aureliomaldonado4793,1
UCN2N_wYOw6fMwCeSzdXLPIw,UCuP4UK33HKtJE_S39ksmaTw,@danielantoniogonzalezflore4901,@herbertaguilar1387,1
UCN2N_wYOw6fMwCeSzdXLPIw,UCusjriFsDHEc2AOjqk-p5ig,@danielantoniogonzalezflore4901,@pablobarrios7931,1
UCN2N_wYOw6fMwCeSzdXLPIw,UCzZ6dDCEsLMXbc5pCFXIprw,@danielantoniogonzalezflore4901,@josegil3813,1
UC9vMq1YF-e7C-VO0SHkbUTA,UC-hfX8J5JPJ-dfuakzegMLA,@ErvinLeonardoCarreraLatín,@normaleticiaorozcojuarez2418,1
UC9vMq1YF-e7C-VO0SHkbUTA,UC-jS_kA9w-OmpupXDx156Rg,@ErvinLeonardoCarreraLatín,@simoncreyesc7579,1
UC9vMq1YF-e7C-VO0SHkbUTA,UC1vr9aaMI2crB0NvwFHUeoQ,@ErvinLeonardoCarreraLatín,@JoseSimilox-p6e,1
UC9vMq1YF-e7C-VO0SHkbUTA,UC2Y_EHWQKevubk4vOEBBFxw,@ErvinLeonardoCarreraLatín,@alfonsomorales2653,1
UC9vMq1YF-e7C-VO0SHkbUTA,UC2weSE8rpqkGMOp6StYtVfg,@ErvinLeonardoCarreraLatín,@katerynsantiago2907,1
UC9vMq1YF-e7C-VO0SHkbUTA,UC3E9mAgP7VoAE5mZoAexl5g,@ErvinLeonardoCarreraLatín,@EnnioAroche,1
UC9vMq1YF-e7C-VO0SHkbUTA,UC3NMzdMYryaw82kPTnsaljg,@ErvinLeonardoCarreraLatín,@marisosa7832,1
UC9vMq1YF-e7C-VO0SHkbUTA,UC3XTwHxygNCgjndsg-UiCQA,@ErvinLeonardoCarreraLatín,@marioajset4283,1
UC9vMq1YF-e7C-VO0SHkbUTA,UC3qn1yJA5PeW9rkGPatQxiw,@ErvinLeonardoCarreraLatín,@VICTOREST19,1
UC9vMq1YF-e7C-VO0SHkbUTA,UC4cXueR2bKGFJV0Fk76gwmA,@ErvinLeonardoCarreraLatín,@aluxdel4792,1
UC9vMq1YF-e7C-VO0SHkbUTA,UC4wq3DcbfaG6dtCqn8Oyu3w,@ErvinLeonardoCarreraLatín,@hugoasencio7764,1
UC9vMq1YF-e7C-VO0SHkbUTA,UC5bG9nc_JV3FsNP2KseQiYw,@ErvinLeonardoCarreraLatín,@giovannirodas4836,1
UC9vMq1YF-e7C-VO0SHkbUTA,UC650pRT-OYzny3GwOH8Cgfw,@ErvinLeonardoCarreraLatín,@edvinparedesherrera7632,1
UC9vMq1YF-e7C-VO0SHkbUTA,UC6YSZqL0vEcI-niPKIMUGfw,@ErvinLeonardoCarreraLatín,@maxwellsales885,1
UC9vMq1YF-e7C-VO0SHkbUTA,UC72gBAtyb_VXQlYDcFrh6oQ,@ErvinLeonardoCarreraLatín,@osmanmorales3012,1
UC9vMq1YF-e7C-VO0SHkbUTA,UC7VUuJr9cGh845CmTvf7TlQ,@ErvinLeonardoCarreraLatín,@LuisCastillo-oz4df,1
UC9vMq1YF-e7C-VO0SHkbUTA,UC8F2V63KZ4ZEay6opX2hAQw,@ErvinLeonardoCarreraLatín,@carmenr6311,1
UC9vMq1YF-e7C-VO0SHkbUTA,UC8G5cJONY8L9voMyBW8Eoug,@ErvinLeonardoCarreraLatín,@luisparedes-pw6qt,1
UC9vMq1YF-e7C-VO0SHkbUTA,UC8r11yOugM2NuRfitQOxLLg,@ErvinLeonardoCarreraLatín,@cesaraugustomoralesmonroy6907,1
UC9vMq1YF-e7C-VO0SHkbUTA,UC9xr9QvIcDvoZNUX5f-jaZw,@ErvinLeonardoCarreraLatín,@MariaaliciaColonmorales,1
UC9vMq1YF-e7C-VO0SHkbUTA,UCA93ym2TXs_Ibyxb4Vcn-6Q,@ErvinLeonardoCarreraLatín,@oswaldosolis8728,1
UC9vMq1YF-e7C-VO0SHkbUTA,UCAlzM_N6xBlMYmM8EBzX86Q,@ErvinLeonardoCarreraLatín,@carlossoto3252,1
UC9vMq1YF-e7C-VO0SHkbUTA,UCAmtbUiIrUIhikru0ZoTFig,@ErvinLeonardoCarreraLatín,@Aura-vf6dm,1
UC9vMq1YF-e7C-VO0SHkbUTA,UCB5p8a5gklc80jJItP6xTHg,@ErvinLeonardoCarreraLatín,@ernestogamboa8737,1
UC9vMq1YF-e7C-VO0SHkbUTA,UCDPWkUX3sNNaCx-m1dV4glA,@ErvinLeonardoCarreraLatín,@hectoroliva949,1
UC9vMq1YF-e7C-VO0SHkbUTA,UCDQaQv0hr2SS_PO-CMEwVHg,@ErvinLeonardoCarreraLatín,@federicosaquimux1933,1
UC9vMq1YF-e7C-VO0SHkbUTA,UCDUffaruH6dyUnUGwsTKpgg,@ErvinLeonardoCarreraLatín,@luisletona2842,1
UC9vMq1YF-e7C-VO0SHkbUTA,UCDftMWXQoJ6nONfY7GVOVjg,@ErvinLeonardoCarreraLatín,@luisgpacheco5858,1
UC9vMq1YF-e7C-VO0SHkbUTA,UCDlr1VadSucIZgZ171pRBjQ,@ErvinLeonardoCarreraLatín,@cuabatzjj5924,1
UC9vMq1YF-e7C-VO0SHkbUTA,UCEgEQmRbtL5fwr9_DqAC--g,@ErvinLeonardoCarreraLatín,@ArielRodas-g5y,1
UC9vMq1YF-e7C-VO0SHkbUTA,UCErZPJpHmLCsXs8ZWkAUupQ,@ErvinLeonardoCarreraLatín,@dorisl.garciaroche7763,1
UC9vMq1YF-e7C-VO0SHkbUTA,UCFUuDARXdmmIrLppEqf-rFg,@ErvinLeonardoCarreraLatín,@allanmunoz7410,1
UC9vMq1YF-e7C-VO0SHkbUTA,UCFhxtoeARHPnXXPcDrOU3Xg,@ErvinLeonardoCarreraLatín,@diegoalejandrolopezmendez205,1
UC9vMq1YF-e7C-VO0SHkbUTA,UCFoIAE8k82D6AV-8gjjKaNg,@ErvinLeonardoCarreraLatín,@eddymunoz9789,1
UC9vMq1YF-e7C-VO0SHkbUTA,UCFxE8GbokBrBsPEKM1xrOjQ,@ErvinLeonardoCarreraLatín,@JuanDavila-qd7qj,1
UC9vMq1YF-e7C-VO0SHkbUTA,UCGzXwyCzMzGmjmCbH3Hg01Q,@ErvinLeonardoCarreraLatín,@FidelZacarias-ph7dy,1
UC9vMq1YF-e7C-VO0SHkbUTA,UCHTGCgY2l-DQJIvlA_cpa_Q,@ErvinLeonardoCarreraLatín,@virgiliogarcia3039,1
UC9vMq1YF-e7C-VO0SHkbUTA,UCKDR0f2fu2UzWL8mBv5-BHw,@ErvinLeonardoCarreraLatín,@mireyamorales6595,1
UC9vMq1YF-e7C-VO0SHkbUTA,UCL13XhnRzbGokEkCkEOb0-g,@ErvinLeonardoCarreraLatín,@raquelprado3643,1
UC9vMq1YF-e7C-VO0SHkbUTA,UCL1MT278vSaQ83ZDkVWn1gw,@ErvinLeonardoCarreraLatín,@elmorodriguez6978,1
UC9vMq1YF-e7C-VO0SHkbUTA,UCLFdHr9BEbXHkoJopbEPLZw,@ErvinLeonardoCarreraLatín,@kanterra4584,1
UC9vMq1YF-e7C-VO0SHkbUTA,UCLggDc_a5HriXv7I1h02sOA,@ErvinLeonardoCarreraLatín,@guillermogonzalez5153,1
UC9vMq1YF-e7C-VO0SHkbUTA,UCNBnKqWf4d-rS4HwJRQljmQ,@ErvinLeonardoCarreraLatín,@LE_A22,1
UC9vMq1YF-e7C-VO0SHkbUTA,UCNkcuy42zEwddwEcOd_HpnA,@ErvinLeonardoCarreraLatín,@vanigomez492,1
UC9vMq1YF-e7C-VO0SHkbUTA,UCOh6DaZC_x9HASnlRylEMfw,@ErvinLeonardoCarreraLatín,@AndresMedina-v1s,1
UC9vMq1YF-e7C-VO0SHkbUTA,UCQtICyzWmhC5woCtbNgaSmg,@ErvinLeonardoCarreraLatín,@nestormendez6216,1
UC9vMq1YF-e7C-VO0SHkbUTA,UCQtSFINs1h6GHkpg9o5kMvg,@ErvinLeonardoCarreraLatín,@MacarioMartinezruiz,1
UC9vMq1YF-e7C-VO0SHkbUTA,UCRETAiYdh2dL5ZxB0_N1zDA,@ErvinLeonardoCarreraLatín,@Joseroland21,1
UC9vMq1YF-e7C-VO0SHkbUTA,UCRlCV9zSn7avAWh-9_XFWqQ,@ErvinLeonardoCarreraLatín,@ronyarana8849,1
UC9vMq1YF-e7C-VO0SHkbUTA,UCSou6a2OuYGSvPjm5psquyA,@ErvinLeonardoCarreraLatín,@FranciscoRivera-sf7ne,1
UC9vMq1YF-e7C-VO0SHkbUTA,UCTD6q1nyIe3Y7HhqjaMj72w,@ErvinLeonardoCarreraLatín,@JuanChang-r6k,1
UC9vMq1YF-e7C-VO0SHkbUTA,UCTP3O0rMnc8z8v8jaDQwL0w,@ErvinLeonardoCarreraLatín,@RobertoZelaya-x1v,1
UC9vMq1YF-e7C-VO0SHkbUTA,UCThW2XNsAaBKme5PUt7n-Zg,@ErvinLeonardoCarreraLatín,@thelmamoran8565,1
UC9vMq1YF-e7C-VO0SHkbUTA,UCTwSut16JyAg3mX6LVUNGqA,@ErvinLeonardoCarreraLatín,@SuperVictor2005,1
UC9vMq1YF-e7C-VO0SHkbUTA,UCTylKrsqkrBKIqubMu_5N0Q,@ErvinLeonardoCarreraLatín,@edwingeovanymarroquinmarro6684,1
UC9vMq1YF-e7C-VO0SHkbUTA,UCUIIIPTVDVHAXqhC_5V6lPA,@ErvinLeonardoCarreraLatín,@gorrarota,1
UC9vMq1YF-e7C-VO0SHkbUTA,UCV0iizTBoOfdAFX_thfI9BA,@ErvinLeonardoCarreraLatín,@BenjaminLarios-jd8nk,1
UC9vMq1YF-e7C-VO0SHkbUTA,UCXXh7yg5KUFIWylTiKVEFKQ,@ErvinLeonardoCarreraLatín,@MrDuenderojo,1
UC9vMq1YF-e7C-VO0SHkbUTA,UCXgr7vXlRrsaskPdo097kGA,@ErvinLeonardoCarreraLatín,@Rogergh-nw4oj,1
UC9vMq1YF-e7C-VO0SHkbUTA,UCYN4wSQ1Sx4_LurxLlW7MPg,@ErvinLeonardoCarreraLatín,@belarminavillatoro6474,1
UC9vMq1YF-e7C-VO0SHkbUTA,UCYwpX26TrCxq8TvbKGRYLXA,@ErvinLeonardoCarreraLatín,@beneficioelcaminovillacana8540,1
UC9vMq1YF-e7C-VO0SHkbUTA,UCcfdg8crmMJwEuLUsAhV7yg,@ErvinLeonardoCarreraLatín,@RolandoRaguay,1
UC9vMq1YF-e7C-VO0SHkbUTA,UCfM3nrxtTQMY5jFx1v1J4Gg,@ErvinLeonardoCarreraLatín,@edgarroldan5539,1
UC9vMq1YF-e7C-VO0SHkbUTA,UChZknRmJkeGeQk0-mQuhDOg,@ErvinLeonardoCarreraLatín,@OdilioRodríguez-c5w,1
UC9vMq1YF-e7C-VO0SHkbUTA,UChep9kVb5gQmpodEEl10Xlg,@ErvinLeonardoCarreraLatín,@carlosaguilar-kz7ml,1
UC9vMq1YF-e7C-VO0SHkbUTA,UCi1b_TRQfgO1Z9O2gNGGWNA,@ErvinLeonardoCarreraLatín,@davidisraelesquitsaquil,1
UC9vMq1YF-e7C-VO0SHkbUTA,UCiGRBf2RNF0WRKhRVT7zFoA,@ErvinLeonardoCarreraLatín,@edwinavila4876,1
UC9vMq1YF-e7C-VO0SHkbUTA,UCiMythXHsw7eQEMykCdmMUA,@ErvinLeonardoCarreraLatín,@JavierBecerra-h6x,1
UC9vMq1YF-e7C-VO0SHkbUTA,UCipetjeiWj4CZB6EbyYziZg,@ErvinLeonardoCarreraLatín,@OseasSamayoa-ol5rz,1
UC9vMq1YF-e7C-VO0SHkbUTA,UCj-LL25XJnjxepPKCc3NGog,@ErvinLeonardoCarreraLatín,@anaaguirre8985,1
UC9vMq1YF-e7C-VO0SHkbUTA,UCjSKM9j0Q7HLDr1hD6D-TUw,@ErvinLeonardoCarreraLatín,@josehidalgo4875,1
UC9vMq1YF-e7C-VO0SHkbUTA,UCjmPuazZJzscrwvk0QR9RVw,@ErvinLeonardoCarreraLatín,@mynorrodas8591,1
UC9vMq1YF-e7C-VO0SHkbUTA,UCkd9W714-947dEE6ZOEBATA,@ErvinLeonardoCarreraLatín,@ARGELIATELON,1
UC9vMq1YF-e7C-VO0SHkbUTA,UCl0ekS9Tt0jJGtOEM18S63w,@ErvinLeonardoCarreraLatín,@monkchapin,1
UC9vMq1YF-e7C-VO0SHkbUTA,UCljDbleJul41G1TzOjOZAVA,@ErvinLeonardoCarreraLatín,@hectorcarranza3777,1
UC9vMq1YF-e7C-VO0SHkbUTA,UCmvOgzmmXbjUthHy-WJ52hQ,@ErvinLeonardoCarreraLatín,@mariorodas593,1
UC9vMq1YF-e7C-VO0SHkbUTA,UCp4iw5_5SmV9VGTFSNVGOmQ,@ErvinLeonardoCarreraLatín,@CARLOSSTREMS51,1
UC9vMq1YF-e7C-VO0SHkbUTA,UCpl8rF8uv_8uui-QRvuJaRA,@ErvinLeonardoCarreraLatín,@SergioGarcia-z9c,1
UC9vMq1YF-e7C-VO0SHkbUTA,UCplrIQtaPj6au60_f2-mOYw,@ErvinLeonardoCarreraLatín,@romeolopezherrarte799,1
UC9vMq1YF-e7C-VO0SHkbUTA,UCpsKOkt5iWTbenzeuq7dsmQ,@ErvinLeonardoCarreraLatín,@inge_vergueta,1
UC9vMq1YF-e7C-VO0SHkbUTA,UCr1emrogPKkKTs_WTtx71xg,@ErvinLeonardoCarreraLatín,@domingopeneleu6457,1
UC9vMq1YF-e7C-VO0SHkbUTA,UCrJn_rbo_ENAdeqneS-RmRw,@ErvinLeonardoCarreraLatín,@josecarrera9623,1
UC9vMq1YF-e7C-VO0SHkbUTA,UCsJJAvrVGupdmhOqgtDp8dg,@ErvinLeonardoCarreraLatín,@nestorlorenzana1168,1
UC9vMq1YF-e7C-VO0SHkbUTA,UCsSXdJct-nsS8DsABoEsaYA,@ErvinLeonardoCarreraLatín,@IvánPérez-j4j,1
UC9vMq1YF-e7C-VO0SHkbUTA,UCsUCN0Yq_UyTvKjOJLmNrnQ,@ErvinLeonardoCarreraLatín,@moisesvaldez4043,1
UC9vMq1YF-e7C-VO0SHkbUTA,UCsjs5Hp_r86x1xbK6FAeqaA,@ErvinLeonardoCarreraLatín,@alvaroesquivel563,1
UC9vMq1YF-e7C-VO0SHkbUTA,UCtNfIBnc5S5DbbQj_yxgJTw,@ErvinLeonardoCarreraLatín,@JosueRamirez-ey3ih,1
UC9vMq1YF-e7C-VO0SHkbUTA,UCtUR3_CAiE7fCoZHM6cMfyQ,@ErvinLeonardoCarreraLatín,@mdelcid01,1
UC9vMq1YF-e7C-VO0SHkbUTA,UCujPF2nBgsTD62nWE3lcpIg,@ErvinLeonardoCarreraLatín,@victorarturoruanobautista7588,1
UC9vMq1YF-e7C-VO0SHkbUTA,UCvApqeCbLod-wejtT4CcVuA,@ErvinLeonardoCarreraLatín,@davidgaher9550,1
UC9vMq1YF-e7C-VO0SHkbUTA,UCwO2SXr0ggzwg6QWWrr01nQ,@ErvinLeonardoCarreraLatín,@ricardofigueroa5720,1
UC9vMq1YF-e7C-VO0SHkbUTA,UCwW2OFy95P7ZBkOPxWkpvYg,@ErvinLeonardoCarreraLatín,@TeresaLucero-b5o,1
UC9vMq1YF-e7C-VO0SHkbUTA,UCwha8rxULYMVtNwZWeSkE1A,@ErvinLeonardoCarreraLatín,@mariasamo8637,1
UC9vMq1YF-e7C-VO0SHkbUTA,UCySYJU5kUh7X8gVt9la2ISA,@ErvinLeonardoCarreraLatín,@dantesarti4351,1
UC9vMq1YF-e7C-VO0SHkbUTA,UCylqlpsh8ENNM1LqgQ1KbxA,@ErvinLeonardoCarreraLatín,@Jel.Awesh.M,1
UC9vMq1YF-e7C-VO0SHkbUTA,UCz3gu01bmjNv0DpRq-K3XYg,@ErvinLeonardoCarreraLatín,@eusebiovasquez4385,1
UC9vMq1YF-e7C-VO0SHkbUTA,UCzSfZlOVxBSs5ObD25ywxDQ,@ErvinLeonardoCarreraLatín,@GilmarMaldonado-q9m,1
UC8F2V63KZ4ZEay6opX2hAQw,UC-hfX8J5JPJ-dfuakzegMLA,@carmenr6311,@normaleticiaorozcojuarez2418,1
UC8F2V63KZ4ZEay6opX2hAQw,UC-jS_kA9w-OmpupXDx156Rg,@carmenr6311,@simoncreyesc7579,1
UC8F2V63KZ4ZEay6opX2hAQw,UC1vr9aaMI2crB0NvwFHUeoQ,@carmenr6311,@JoseSimilox-p6e,1
UC8F2V63KZ4ZEay6opX2hAQw,UC2Y_EHWQKevubk4vOEBBFxw,@carmenr6311,@alfonsomorales2653,1
UC8F2V63KZ4ZEay6opX2hAQw,UC2weSE8rpqkGMOp6StYtVfg,@carmenr6311,@katerynsantiago2907,1
UC8F2V63KZ4ZEay6opX2hAQw,UC3E9mAgP7VoAE5mZoAexl5g,@carmenr6311,@EnnioAroche,1
UC8F2V63KZ4ZEay6opX2hAQw,UC3NMzdMYryaw82kPTnsaljg,@carmenr6311,@marisosa7832,1
UC8F2V63KZ4ZEay6opX2hAQw,UC3XTwHxygNCgjndsg-UiCQA,@carmenr6311,@marioajset4283,1
UC8F2V63KZ4ZEay6opX2hAQw,UC3qn1yJA5PeW9rkGPatQxiw,@carmenr6311,@VICTOREST19,1
UC8F2V63KZ4ZEay6opX2hAQw,UC4cXueR2bKGFJV0Fk76gwmA,@carmenr6311,@aluxdel4792,1
UC8F2V63KZ4ZEay6opX2hAQw,UC4wq3DcbfaG6dtCqn8Oyu3w,@carmenr6311,@hugoasencio7764,1
UC8F2V63KZ4ZEay6opX2hAQw,UC5bG9nc_JV3FsNP2KseQiYw,@carmenr6311,@giovannirodas4836,1
UC8F2V63KZ4ZEay6opX2hAQw,UC650pRT-OYzny3GwOH8Cgfw,@carmenr6311,@edvinparedesherrera7632,1
UC8F2V63KZ4ZEay6opX2hAQw,UC6YSZqL0vEcI-niPKIMUGfw,@carmenr6311,@maxwellsales885,1
UC8F2V63KZ4ZEay6opX2hAQw,UC72gBAtyb_VXQlYDcFrh6oQ,@carmenr6311,@osmanmorales3012,1
UC8F2V63KZ4ZEay6opX2hAQw,UC7VUuJr9cGh845CmTvf7TlQ,@carmenr6311,@LuisCastillo-oz4df,1
UC8F2V63KZ4ZEay6opX2hAQw,UC8G5cJONY8L9voMyBW8Eoug,@carmenr6311,@luisparedes-pw6qt,1
UC8F2V63KZ4ZEay6opX2hAQw,UC8r11yOugM2NuRfitQOxLLg,@carmenr6311,@cesaraugustomoralesmonroy6907,1
UC8F2V63KZ4ZEay6opX2hAQw,UC9xr9QvIcDvoZNUX5f-jaZw,@carmenr6311,@MariaaliciaColonmorales,1
UC8F2V63KZ4ZEay6opX2hAQw,UCA93ym2TXs_Ibyxb4Vcn-6Q,@carmenr6311,@oswaldosolis8728,1
UC8F2V63KZ4ZEay6opX2hAQw,UCAlzM_N6xBlMYmM8EBzX86Q,@carmenr6311,@carlossoto3252,1
UC8F2V63KZ4ZEay6opX2hAQw,UCAmtbUiIrUIhikru0ZoTFig,@carmenr6311,@Aura-vf6dm,1
UC8F2V63KZ4ZEay6opX2hAQw,UCB5p8a5gklc80jJItP6xTHg,@carmenr6311,@ernestogamboa8737,1
UC8F2V63KZ4ZEay6opX2hAQw,UCDPWkUX3sNNaCx-m1dV4glA,@carmenr6311,@hectoroliva949,1
UC8F2V63KZ4ZEay6opX2hAQw,UCDQaQv0hr2SS_PO-CMEwVHg,@carmenr6311,@federicosaquimux1933,1
UC8F2V63KZ4ZEay6opX2hAQw,UCDUffaruH6dyUnUGwsTKpgg,@carmenr6311,@luisletona2842,1
UC8F2V63KZ4ZEay6opX2hAQw,UCDftMWXQoJ6nONfY7GVOVjg,@carmenr6311,@luisgpacheco5858,1
UC8F2V63KZ4ZEay6opX2hAQw,UCDlr1VadSucIZgZ171pRBjQ,@carmenr6311,@cuabatzjj5924,1
UC8F2V63KZ4ZEay6opX2hAQw,UCEgEQmRbtL5fwr9_DqAC--g,@carmenr6311,@ArielRodas-g5y,1
UC8F2V63KZ4ZEay6opX2hAQw,UCErZPJpHmLCsXs8ZWkAUupQ,@carmenr6311,@dorisl.garciaroche7763,1
UC8F2V63KZ4ZEay6opX2hAQw,UCFUuDARXdmmIrLppEqf-rFg,@carmenr6311,@allanmunoz7410,1
UC8F2V63KZ4ZEay6opX2hAQw,UCFhxtoeARHPnXXPcDrOU3Xg,@carmenr6311,@diegoalejandrolopezmendez205,1
UC8F2V63KZ4ZEay6opX2hAQw,UCFoIAE8k82D6AV-8gjjKaNg,@carmenr6311,@eddymunoz9789,1
UC8F2V63KZ4ZEay6opX2hAQw,UCFxE8GbokBrBsPEKM1xrOjQ,@carmenr6311,@JuanDavila-qd7qj,1
UC8F2V63KZ4ZEay6opX2hAQw,UCGzXwyCzMzGmjmCbH3Hg01Q,@carmenr6311,@FidelZacarias-ph7dy,1
UC8F2V63KZ4ZEay6opX2hAQw,UCHTGCgY2l-DQJIvlA_cpa_Q,@carmenr6311,@virgiliogarcia3039,1
UC8F2V63KZ4ZEay6opX2hAQw,UCKDR0f2fu2UzWL8mBv5-BHw,@carmenr6311,@mireyamorales6595,1
UC8F2V63KZ4ZEay6opX2hAQw,UCL13XhnRzbGokEkCkEOb0-g,@carmenr6311,@raquelprado3643,1
UC8F2V63KZ4ZEay6opX2hAQw,UCL1MT278vSaQ83ZDkVWn1gw,@carmenr6311,@elmorodriguez6978,1
UC8F2V63KZ4ZEay6opX2hAQw,UCLFdHr9BEbXHkoJopbEPLZw,@carmenr6311,@kanterra4584,1
UC8F2V63KZ4ZEay6opX2hAQw,UCLggDc_a5HriXv7I1h02sOA,@carmenr6311,@guillermogonzalez5153,1
UC8F2V63KZ4ZEay6opX2hAQw,UCNBnKqWf4d-rS4HwJRQljmQ,@carmenr6311,@LE_A22,1
UC8F2V63KZ4ZEay6opX2hAQw,UCNkcuy42zEwddwEcOd_HpnA,@carmenr6311,@vanigomez492,1
UC8F2V63KZ4ZEay6opX2hAQw,UCOh6DaZC_x9HASnlRylEMfw,@carmenr6311,@AndresMedina-v1s,1
UC8F2V63KZ4ZEay6opX2hAQw,UCQtICyzWmhC5woCtbNgaSmg,@carmenr6311,@nestormendez6216,1
UC8F2V63KZ4ZEay6opX2hAQw,UCQtSFINs1h6GHkpg9o5kMvg,@carmenr6311,@MacarioMartinezruiz,1
UC8F2V63KZ4ZEay6opX2hAQw,UCRETAiYdh2dL5ZxB0_N1zDA,@carmenr6311,@Joseroland21,1
UC8F2V63KZ4ZEay6opX2hAQw,UCRlCV9zSn7avAWh-9_XFWqQ,@carmenr6311,@ronyarana8849,1
UC8F2V63KZ4ZEay6opX2hAQw,UCSou6a2OuYGSvPjm5psquyA,@carmenr6311,@FranciscoRivera-sf7ne,1
UC8F2V63KZ4ZEay6opX2hAQw,UCTD6q1nyIe3Y7HhqjaMj72w,@carmenr6311,@JuanChang-r6k,1
UC8F2V63KZ4ZEay6opX2hAQw,UCTP3O0rMnc8z8v8jaDQwL0w,@carmenr6311,@RobertoZelaya-x1v,1
UC8F2V63KZ4ZEay6opX2hAQw,UCThW2XNsAaBKme5PUt7n-Zg,@carmenr6311,@thelmamoran8565,1
UC8F2V63KZ4ZEay6opX2hAQw,UCTwSut16JyAg3mX6LVUNGqA,@carmenr6311,@SuperVictor2005,1
UC8F2V63KZ4ZEay6opX2hAQw,UCTylKrsqkrBKIqubMu_5N0Q,@carmenr6311,@edwingeovanymarroquinmarro6684,1
UC8F2V63KZ4ZEay6opX2hAQw,UCUIIIPTVDVHAXqhC_5V6lPA,@carmenr6311,@gorrarota,1
UC8F2V63KZ4ZEay6opX2hAQw,UCV0iizTBoOfdAFX_thfI9BA,@carmenr6311,@BenjaminLarios-jd8nk,1
UC8F2V63KZ4ZEay6opX2hAQw,UCXXh7yg5KUFIWylTiKVEFKQ,@carmenr6311,@MrDuenderojo,1
UC8F2V63KZ4ZEay6opX2hAQw,UCXgr7vXlRrsaskPdo097kGA,@carmenr6311,@Rogergh-nw4oj,1
UC8F2V63KZ4ZEay6opX2hAQw,UCYN4wSQ1Sx4_LurxLlW7MPg,@carmenr6311,@belarminavillatoro6474,1
UC8F2V63KZ4ZEay6opX2hAQw,UCYwpX26TrCxq8TvbKGRYLXA,@carmenr6311,@beneficioelcaminovillacana8540,1
UC8F2V63KZ4ZEay6opX2hAQw,UCcfdg8crmMJwEuLUsAhV7yg,@carmenr6311,@RolandoRaguay,1
UC8F2V63KZ4ZEay6opX2hAQw,UCfM3nrxtTQMY5jFx1v1J4Gg,@carmenr6311,@edgarroldan5539,1
UC8F2V63KZ4ZEay6opX2hAQw,UChZknRmJkeGeQk0-mQuhDOg,@carmenr6311,@OdilioRodríguez-c5w,1
UC8F2V63KZ4ZEay6opX2hAQw,UChep9kVb5gQmpodEEl10Xlg,@carmenr6311,@carlosaguilar-kz7ml,1
UC8F2V63KZ4ZEay6opX2hAQw,UCi1b_TRQfgO1Z9O2gNGGWNA,@carmenr6311,@davidisraelesquitsaquil,1
UC8F2V63KZ4ZEay6opX2hAQw,UCiGRBf2RNF0WRKhRVT7zFoA,@carmenr6311,@edwinavila4876,1
UC8F2V63KZ4ZEay6opX2hAQw,UCiMythXHsw7eQEMykCdmMUA,@carmenr6311,@JavierBecerra-h6x,1
UC8F2V63KZ4ZEay6opX2hAQw,UCipetjeiWj4CZB6EbyYziZg,@carmenr6311,@OseasSamayoa-ol5rz,1
UC8F2V63KZ4ZEay6opX2hAQw,UCj-LL25XJnjxepPKCc3NGog,@carmenr6311,@anaaguirre8985,1
UC8F2V63KZ4ZEay6opX2hAQw,UCjSKM9j0Q7HLDr1hD6D-TUw,@carmenr6311,@josehidalgo4875,1
UC8F2V63KZ4ZEay6opX2hAQw,UCjmPuazZJzscrwvk0QR9RVw,@carmenr6311,@mynorrodas8591,1
UC8F2V63KZ4ZEay6opX2hAQw,UCkd9W714-947dEE6ZOEBATA,@carmenr6311,@ARGELIATELON,1
UC8F2V63KZ4ZEay6opX2hAQw,UCl0ekS9Tt0jJGtOEM18S63w,@carmenr6311,@monkchapin,1
UC8F2V63KZ4ZEay6opX2hAQw,UCljDbleJul41G1TzOjOZAVA,@carmenr6311,@hectorcarranza3777,1
UC8F2V63KZ4ZEay6opX2hAQw,UCmvOgzmmXbjUthHy-WJ52hQ,@carmenr6311,@mariorodas593,1
UC8F2V63KZ4ZEay6opX2hAQw,UCp4iw5_5SmV9VGTFSNVGOmQ,@carmenr6311,@CARLOSSTREMS51,1
UC8F2V63KZ4ZEay6opX2hAQw,UCpl8rF8uv_8uui-QRvuJaRA,@carmenr6311,@SergioGarcia-z9c,1
UC8F2V63KZ4ZEay6opX2hAQw,UCplrIQtaPj6au60_f2-mOYw,@carmenr6311,@romeolopezherrarte799,1
UC8F2V63KZ4ZEay6opX2hAQw,UCpsKOkt5iWTbenzeuq7dsmQ,@carmenr6311,@inge_vergueta,1
UC8F2V63KZ4ZEay6opX2hAQw,UCr1emrogPKkKTs_WTtx71xg,@carmenr6311,@domingopeneleu6457,1
UC8F2V63KZ4ZEay6opX2hAQw,UCrJn_rbo_ENAdeqneS-RmRw,@carmenr6311,@josecarrera9623,1
UC8F2V63KZ4ZEay6opX2hAQw,UCsJJAvrVGupdmhOqgtDp8dg,@carmenr6311,@nestorlorenzana1168,1
UC8F2V63KZ4ZEay6opX2hAQw,UCsSXdJct-nsS8DsABoEsaYA,@carmenr6311,@IvánPérez-j4j,1
UC8F2V63KZ4ZEay6opX2hAQw,UCsUCN0Yq_UyTvKjOJLmNrnQ,@carmenr6311,@moisesvaldez4043,1
UC8F2V63KZ4ZEay6opX2hAQw,UCsjs5Hp_r86x1xbK6FAeqaA,@carmenr6311,@alvaroesquivel563,1
UC8F2V63KZ4ZEay6opX2hAQw,UCtNfIBnc5S5DbbQj_yxgJTw,@carmenr6311,@JosueRamirez-ey3ih,1
UC8F2V63KZ4ZEay6opX2hAQw,UCtUR3_CAiE7fCoZHM6cMfyQ,@carmenr6311,@mdelcid01,1
UC8F2V63KZ4ZEay6opX2hAQw,UCujPF2nBgsTD62nWE3lcpIg,@carmenr6311,@victorarturoruanobautista7588,1
UC8F2V63KZ4ZEay6opX2hAQw,UCvApqeCbLod-wejtT4CcVuA,@carmenr6311,@davidgaher9550,1
UC8F2V63KZ4ZEay6opX2hAQw,UCwO2SXr0ggzwg6QWWrr01nQ,@carmenr6311,@ricardofigueroa5720,1
UC8F2V63KZ4ZEay6opX2hAQw,UCwW2OFy95P7ZBkOPxWkpvYg,@carmenr6311,@TeresaLucero-b5o,1
UC8F2V63KZ4ZEay6opX2hAQw,UCwha8rxULYMVtNwZWeSkE1A,@carmenr6311,@mariasamo8637,1
UC8F2V63KZ4ZEay6opX2hAQw,UCySYJU5kUh7X8gVt9la2ISA,@carmenr6311,@dantesarti4351,1
UC8F2V63KZ4ZEay6opX2hAQw,UCylqlpsh8ENNM1LqgQ1KbxA,@carmenr6311,@Jel.Awesh.M,1
UC8F2V63KZ4ZEay6opX2hAQw,UCz3gu01bmjNv0DpRq-K3XYg,@carmenr6311,@eusebiovasquez4385,1
UC8F2V63KZ4ZEay6opX2hAQw,UCzSfZlOVxBSs5ObD25ywxDQ,@carmenr6311,@GilmarMaldonado-q9m,1
UCheEJ5GZuIvV0fj-nXyVwXw,UC-HeUTT6_g-VoiWds2a4H-w,@rosaoliva9389,@JorgeMunoz-gd9et,1
UCheEJ5GZuIvV0fj-nXyVwXw,UC-Iul5tDYH_oiAMXQH-KaaQ,@rosaoliva9389,@AlbertoMancilla-p9h,1
UCheEJ5GZuIvV0fj-nXyVwXw,UC0HvfEWozTHbwl_iEmJNvVA,@rosaoliva9389,@OttoPalencia-b7r,1
UCheEJ5GZuIvV0fj-nXyVwXw,UC14qlobYKqD-DO0j6b75lcA,@rosaoliva9389,@megavision4488,1
UCheEJ5GZuIvV0fj-nXyVwXw,UC1NiEdJ7gk6FlDexIalWnGg,@rosaoliva9389,@BorisTebalán,1
UCheEJ5GZuIvV0fj-nXyVwXw,UC3YpzAr7pcdKC7BVFEpYzog,@rosaoliva9389,@carmenfigueroa1232,1
UCheEJ5GZuIvV0fj-nXyVwXw,UC63tFvbQ_hJhGDi2nbjssjw,@rosaoliva9389,@AbigailRodas-w2r,1
UCheEJ5GZuIvV0fj-nXyVwXw,UCEHXl4VvvVpq-_4xC5tsbhg,@rosaoliva9389,@anibalg47,1
UCheEJ5GZuIvV0fj-nXyVwXw,UCRfkkatKrNtAARnXMMYBGlA,@rosaoliva9389,@BernerSoza-mg3vx,1
UCheEJ5GZuIvV0fj-nXyVwXw,UCZFQwqh90apuL8eFhvRBkUg,@rosaoliva9389,@luisricardo9671,1
UCheEJ5GZuIvV0fj-nXyVwXw,UCa36MjQLoPAmgJo-R3G8WQA,@rosaoliva9389,@elsasalguero6914,1
UCheEJ5GZuIvV0fj-nXyVwXw,UCaT4saRcyqCLE657Rq2hhZQ,@rosaoliva9389,@elmilenial4064,1
UCheEJ5GZuIvV0fj-nXyVwXw,UCeQk-WfEA-cJRq4EKeE7TOw,@rosaoliva9389,@franciscojuarez9223,1
UCheEJ5GZuIvV0fj-nXyVwXw,UCfo_yUPzy1f1POwwZxhZ06Q,@rosaoliva9389,@lara11roberto,1
UCheEJ5GZuIvV0fj-nXyVwXw,UCgGqw4aqMdMVSGkKiMgrJRQ,@rosaoliva9389,@pattyfigueroa5609,1
UCheEJ5GZuIvV0fj-nXyVwXw,UChyps3dqY-VY1_wLeq-2lhw,@rosaoliva9389,@maydamorales4395,1
UCheEJ5GZuIvV0fj-nXyVwXw,UCjZgFEowMBrsjodqfovzdKw,@rosaoliva9389,@franciscoflores3120,1
UCheEJ5GZuIvV0fj-nXyVwXw,UCp29O_C7cchZV8IxV7Crdag,@rosaoliva9389,@robertoescobar5507,1
UCheEJ5GZuIvV0fj-nXyVwXw,UCql1n3Ey6ULMSOACjMe-fxQ,@rosaoliva9389,@RolandoGonzalez-o7g,1
UCheEJ5GZuIvV0fj-nXyVwXw,UCtCtts20bW6F9CSohau51Iw,@rosaoliva9389,@carlosgranados9875,1
UCheEJ5GZuIvV0fj-nXyVwXw,UCtsxPYw8VUsH_FfnKg-0lmw,@rosaoliva9389,@AlejandroPérez-b6r,1
UCheEJ5GZuIvV0fj-nXyVwXw,UCvDwJBBY1mHK70aTEYl6rsA,@rosaoliva9389,@cristianescobedo8296,1
UCheEJ5GZuIvV0fj-nXyVwXw,UCyJhqmMbsvjpoarBBStA2kg,@rosaoliva9389,@Murmullodelbarrio,1
UCheEJ5GZuIvV0fj-nXyVwXw,UCzZ6dDCEsLMXbc5pCFXIprw,@rosaoliva9389,@josegil3813,1
UCujPF2nBgsTD62nWE3lcpIg,UC-hfX8J5JPJ-dfuakzegMLA,@victorarturoruanobautista7588,@normaleticiaorozcojuarez2418,1
UCujPF2nBgsTD62nWE3lcpIg,UC-jS_kA9w-OmpupXDx156Rg,@victorarturoruanobautista7588,@simoncreyesc7579,1
UCujPF2nBgsTD62nWE3lcpIg,UC1vr9aaMI2crB0NvwFHUeoQ,@victorarturoruanobautista7588,@JoseSimilox-p6e,1
UCujPF2nBgsTD62nWE3lcpIg,UC2Y_EHWQKevubk4vOEBBFxw,@victorarturoruanobautista7588,@alfonsomorales2653,1
UCujPF2nBgsTD62nWE3lcpIg,UC2weSE8rpqkGMOp6StYtVfg,@victorarturoruanobautista7588,@katerynsantiago2907,1
UCujPF2nBgsTD62nWE3lcpIg,UC3E9mAgP7VoAE5mZoAexl5g,@victorarturoruanobautista7588,@EnnioAroche,1
UCujPF2nBgsTD62nWE3lcpIg,UC3NMzdMYryaw82kPTnsaljg,@victorarturoruanobautista7588,@marisosa7832,1
UCujPF2nBgsTD62nWE3lcpIg,UC3XTwHxygNCgjndsg-UiCQA,@victorarturoruanobautista7588,@marioajset4283,1
UCujPF2nBgsTD62nWE3lcpIg,UC3qn1yJA5PeW9rkGPatQxiw,@victorarturoruanobautista7588,@VICTOREST19,1
UCujPF2nBgsTD62nWE3lcpIg,UC4cXueR2bKGFJV0Fk76gwmA,@victorarturoruanobautista7588,@aluxdel4792,1
UCujPF2nBgsTD62nWE3lcpIg,UC4wq3DcbfaG6dtCqn8Oyu3w,@victorarturoruanobautista7588,@hugoasencio7764,1
UCujPF2nBgsTD62nWE3lcpIg,UC5bG9nc_JV3FsNP2KseQiYw,@victorarturoruanobautista7588,@giovannirodas4836,1
UCujPF2nBgsTD62nWE3lcpIg,UC650pRT-OYzny3GwOH8Cgfw,@victorarturoruanobautista7588,@edvinparedesherrera7632,1
UCujPF2nBgsTD62nWE3lcpIg,UC6YSZqL0vEcI-niPKIMUGfw,@victorarturoruanobautista7588,@maxwellsales885,1
UCujPF2nBgsTD62nWE3lcpIg,UC72gBAtyb_VXQlYDcFrh6oQ,@victorarturoruanobautista7588,@osmanmorales3012,1
UCujPF2nBgsTD62nWE3lcpIg,UC7VUuJr9cGh845CmTvf7TlQ,@victorarturoruanobautista7588,@LuisCastillo-oz4df,1
UCujPF2nBgsTD62nWE3lcpIg,UC8G5cJONY8L9voMyBW8Eoug,@victorarturoruanobautista7588,@luisparedes-pw6qt,1
UCujPF2nBgsTD62nWE3lcpIg,UC8r11yOugM2NuRfitQOxLLg,@victorarturoruanobautista7588,@cesaraugustomoralesmonroy6907,1
UCujPF2nBgsTD62nWE3lcpIg,UC9xr9QvIcDvoZNUX5f-jaZw,@victorarturoruanobautista7588,@MariaaliciaColonmorales,1
UCujPF2nBgsTD62nWE3lcpIg,UCA93ym2TXs_Ibyxb4Vcn-6Q,@victorarturoruanobautista7588,@oswaldosolis8728,1
UCujPF2nBgsTD62nWE3lcpIg,UCAlzM_N6xBlMYmM8EBzX86Q,@victorarturoruanobautista7588,@carlossoto3252,1
UCujPF2nBgsTD62nWE3lcpIg,UCAmtbUiIrUIhikru0ZoTFig,@victorarturoruanobautista7588,@Aura-vf6dm,1
UCujPF2nBgsTD62nWE3lcpIg,UCB5p8a5gklc80jJItP6xTHg,@victorarturoruanobautista7588,@ernestogamboa8737,1
UCujPF2nBgsTD62nWE3lcpIg,UCDPWkUX3sNNaCx-m1dV4glA,@victorarturoruanobautista7588,@hectoroliva949,1
UCujPF2nBgsTD62nWE3lcpIg,UCDQaQv0hr2SS_PO-CMEwVHg,@victorarturoruanobautista7588,@federicosaquimux1933,1
UCujPF2nBgsTD62nWE3lcpIg,UCDUffaruH6dyUnUGwsTKpgg,@victorarturoruanobautista7588,@luisletona2842,1
UCujPF2nBgsTD62nWE3lcpIg,UCDftMWXQoJ6nONfY7GVOVjg,@victorarturoruanobautista7588,@luisgpacheco5858,1
UCujPF2nBgsTD62nWE3lcpIg,UCDlr1VadSucIZgZ171pRBjQ,@victorarturoruanobautista7588,@cuabatzjj5924,1
UCujPF2nBgsTD62nWE3lcpIg,UCEgEQmRbtL5fwr9_DqAC--g,@victorarturoruanobautista7588,@ArielRodas-g5y,1
UCujPF2nBgsTD62nWE3lcpIg,UCErZPJpHmLCsXs8ZWkAUupQ,@victorarturoruanobautista7588,@dorisl.garciaroche7763,1
UCujPF2nBgsTD62nWE3lcpIg,UCFUuDARXdmmIrLppEqf-rFg,@victorarturoruanobautista7588,@allanmunoz7410,1
UCujPF2nBgsTD62nWE3lcpIg,UCFhxtoeARHPnXXPcDrOU3Xg,@victorarturoruanobautista7588,@diegoalejandrolopezmendez205,1
UCujPF2nBgsTD62nWE3lcpIg,UCFoIAE8k82D6AV-8gjjKaNg,@victorarturoruanobautista7588,@eddymunoz9789,1
UCujPF2nBgsTD62nWE3lcpIg,UCFxE8GbokBrBsPEKM1xrOjQ,@victorarturoruanobautista7588,@JuanDavila-qd7qj,1
UCujPF2nBgsTD62nWE3lcpIg,UCGzXwyCzMzGmjmCbH3Hg01Q,@victorarturoruanobautista7588,@FidelZacarias-ph7dy,1
UCujPF2nBgsTD62nWE3lcpIg,UCHTGCgY2l-DQJIvlA_cpa_Q,@victorarturoruanobautista7588,@virgiliogarcia3039,1
UCujPF2nBgsTD62nWE3lcpIg,UCKDR0f2fu2UzWL8mBv5-BHw,@victorarturoruanobautista7588,@mireyamorales6595,1
UCujPF2nBgsTD62nWE3lcpIg,UCL13XhnRzbGokEkCkEOb0-g,@victorarturoruanobautista7588,@raquelprado3643,1
UCujPF2nBgsTD62nWE3lcpIg,UCL1MT278vSaQ83ZDkVWn1gw,@victorarturoruanobautista7588,@elmorodriguez6978,1
UCujPF2nBgsTD62nWE3lcpIg,UCLFdHr9BEbXHkoJopbEPLZw,@victorarturoruanobautista7588,@kanterra4584,1
UCujPF2nBgsTD62nWE3lcpIg,UCLggDc_a5HriXv7I1h02sOA,@victorarturoruanobautista7588,@guillermogonzalez5153,1
UCujPF2nBgsTD62nWE3lcpIg,UCNBnKqWf4d-rS4HwJRQljmQ,@victorarturoruanobautista7588,@LE_A22,1
UCujPF2nBgsTD62nWE3lcpIg,UCNkcuy42zEwddwEcOd_HpnA,@victorarturoruanobautista7588,@vanigomez492,1
UCujPF2nBgsTD62nWE3lcpIg,UCOh6DaZC_x9HASnlRylEMfw,@victorarturoruanobautista7588,@AndresMedina-v1s,1
UCujPF2nBgsTD62nWE3lcpIg,UCQtICyzWmhC5woCtbNgaSmg,@victorarturoruanobautista7588,@nestormendez6216,1
UCujPF2nBgsTD62nWE3lcpIg,UCQtSFINs1h6GHkpg9o5kMvg,@victorarturoruanobautista7588,@MacarioMartinezruiz,1
UCujPF2nBgsTD62nWE3lcpIg,UCRETAiYdh2dL5ZxB0_N1zDA,@victorarturoruanobautista7588,@Joseroland21,1
UCujPF2nBgsTD62nWE3lcpIg,UCRlCV9zSn7avAWh-9_XFWqQ,@victorarturoruanobautista7588,@ronyarana8849,1
UCujPF2nBgsTD62nWE3lcpIg,UCSou6a2OuYGSvPjm5psquyA,@victorarturoruanobautista7588,@FranciscoRivera-sf7ne,1
UCujPF2nBgsTD62nWE3lcpIg,UCTD6q1nyIe3Y7HhqjaMj72w,@victorarturoruanobautista7588,@JuanChang-r6k,1
UCujPF2nBgsTD62nWE3lcpIg,UCTP3O0rMnc8z8v8jaDQwL0w,@victorarturoruanobautista7588,@RobertoZelaya-x1v,1
UCujPF2nBgsTD62nWE3lcpIg,UCThW2XNsAaBKme5PUt7n-Zg,@victorarturoruanobautista7588,@thelmamoran8565,1
UCujPF2nBgsTD62nWE3lcpIg,UCTwSut16JyAg3mX6LVUNGqA,@victorarturoruanobautista7588,@SuperVictor2005,1
UCujPF2nBgsTD62nWE3lcpIg,UCTylKrsqkrBKIqubMu_5N0Q,@victorarturoruanobautista7588,@edwingeovanymarroquinmarro6684,1
UCujPF2nBgsTD62nWE3lcpIg,UCUIIIPTVDVHAXqhC_5V6lPA,@victorarturoruanobautista7588,@gorrarota,1
UCujPF2nBgsTD62nWE3lcpIg,UCV0iizTBoOfdAFX_thfI9BA,@victorarturoruanobautista7588,@BenjaminLarios-jd8nk,1
UCujPF2nBgsTD62nWE3lcpIg,UCXXh7yg5KUFIWylTiKVEFKQ,@victorarturoruanobautista7588,@MrDuenderojo,1
UCujPF2nBgsTD62nWE3lcpIg,UCXgr7vXlRrsaskPdo097kGA,@victorarturoruanobautista7588,@Rogergh-nw4oj,1
UCujPF2nBgsTD62nWE3lcpIg,UCYN4wSQ1Sx4_LurxLlW7MPg,@victorarturoruanobautista7588,@belarminavillatoro6474,1
UCujPF2nBgsTD62nWE3lcpIg,UCYwpX26TrCxq8TvbKGRYLXA,@victorarturoruanobautista7588,@beneficioelcaminovillacana8540,1
UCujPF2nBgsTD62nWE3lcpIg,UCcfdg8crmMJwEuLUsAhV7yg,@victorarturoruanobautista7588,@RolandoRaguay,1
UCujPF2nBgsTD62nWE3lcpIg,UCfM3nrxtTQMY5jFx1v1J4Gg,@victorarturoruanobautista7588,@edgarroldan5539,1
UCujPF2nBgsTD62nWE3lcpIg,UChZknRmJkeGeQk0-mQuhDOg,@victorarturoruanobautista7588,@OdilioRodríguez-c5w,1
UCujPF2nBgsTD62nWE3lcpIg,UChep9kVb5gQmpodEEl10Xlg,@victorarturoruanobautista7588,@carlosaguilar-kz7ml,1
UCujPF2nBgsTD62nWE3lcpIg,UCi1b_TRQfgO1Z9O2gNGGWNA,@victorarturoruanobautista7588,@davidisraelesquitsaquil,1
UCujPF2nBgsTD62nWE3lcpIg,UCiGRBf2RNF0WRKhRVT7zFoA,@victorarturoruanobautista7588,@edwinavila4876,1
UCujPF2nBgsTD62nWE3lcpIg,UCiMythXHsw7eQEMykCdmMUA,@victorarturoruanobautista7588,@JavierBecerra-h6x,1
UCujPF2nBgsTD62nWE3lcpIg,UCipetjeiWj4CZB6EbyYziZg,@victorarturoruanobautista7588,@OseasSamayoa-ol5rz,1
UCujPF2nBgsTD62nWE3lcpIg,UCj-LL25XJnjxepPKCc3NGog,@victorarturoruanobautista7588,@anaaguirre8985,1
UCujPF2nBgsTD62nWE3lcpIg,UCjSKM9j0Q7HLDr1hD6D-TUw,@victorarturoruanobautista7588,@josehidalgo4875,1
UCujPF2nBgsTD62nWE3lcpIg,UCjmPuazZJzscrwvk0QR9RVw,@victorarturoruanobautista7588,@mynorrodas8591,1
UCujPF2nBgsTD62nWE3lcpIg,UCkd9W714-947dEE6ZOEBATA,@victorarturoruanobautista7588,@ARGELIATELON,1
UCujPF2nBgsTD62nWE3lcpIg,UCl0ekS9Tt0jJGtOEM18S63w,@victorarturoruanobautista7588,@monkchapin,1
UCujPF2nBgsTD62nWE3lcpIg,UCljDbleJul41G1TzOjOZAVA,@victorarturoruanobautista7588,@hectorcarranza3777,1
UCujPF2nBgsTD62nWE3lcpIg,UCmvOgzmmXbjUthHy-WJ52hQ,@victorarturoruanobautista7588,@mariorodas593,1
UCujPF2nBgsTD62nWE3lcpIg,UCp4iw5_5SmV9VGTFSNVGOmQ,@victorarturoruanobautista7588,@CARLOSSTREMS51,1
UCujPF2nBgsTD62nWE3lcpIg,UCpl8rF8uv_8uui-QRvuJaRA,@victorarturoruanobautista7588,@SergioGarcia-z9c,1
UCujPF2nBgsTD62nWE3lcpIg,UCplrIQtaPj6au60_f2-mOYw,@victorarturoruanobautista7588,@romeolopezherrarte799,1
UCujPF2nBgsTD62nWE3lcpIg,UCpsKOkt5iWTbenzeuq7dsmQ,@victorarturoruanobautista7588,@inge_vergueta,1
UCujPF2nBgsTD62nWE3lcpIg,UCr1emrogPKkKTs_WTtx71xg,@victorarturoruanobautista7588,@domingopeneleu6457,1
UCujPF2nBgsTD62nWE3lcpIg,UCrJn_rbo_ENAdeqneS-RmRw,@victorarturoruanobautista7588,@josecarrera9623,1
UCujPF2nBgsTD62nWE3lcpIg,UCsJJAvrVGupdmhOqgtDp8dg,@victorarturoruanobautista7588,@nestorlorenzana1168,1
UCujPF2nBgsTD62nWE3lcpIg,UCsSXdJct-nsS8DsABoEsaYA,@victorarturoruanobautista7588,@IvánPérez-j4j,1
UCujPF2nBgsTD62nWE3lcpIg,UCsUCN0Yq_UyTvKjOJLmNrnQ,@victorarturoruanobautista7588,@moisesvaldez4043,1
UCujPF2nBgsTD62nWE3lcpIg,UCsjs5Hp_r86x1xbK6FAeqaA,@victorarturoruanobautista7588,@alvaroesquivel563,1
UCujPF2nBgsTD62nWE3lcpIg,UCtNfIBnc5S5DbbQj_yxgJTw,@victorarturoruanobautista7588,@JosueRamirez-ey3ih,1
UCujPF2nBgsTD62nWE3lcpIg,UCtUR3_CAiE7fCoZHM6cMfyQ,@victorarturoruanobautista7588,@mdelcid01,1
UCujPF2nBgsTD62nWE3lcpIg,UCvApqeCbLod-wejtT4CcVuA,@victorarturoruanobautista7588,@davidgaher9550,1
UCujPF2nBgsTD62nWE3lcpIg,UCwO2SXr0ggzwg6QWWrr01nQ,@victorarturoruanobautista7588,@ricardofigueroa5720,1
UCujPF2nBgsTD62nWE3lcpIg,UCwW2OFy95P7ZBkOPxWkpvYg,@victorarturoruanobautista7588,@TeresaLucero-b5o,1
UCujPF2nBgsTD62nWE3lcpIg,UCwha8rxULYMVtNwZWeSkE1A,@victorarturoruanobautista7588,@mariasamo8637,1
UCujPF2nBgsTD62nWE3lcpIg,UCySYJU5kUh7X8gVt9la2ISA,@victorarturoruanobautista7588,@dantesarti4351,1
UCujPF2nBgsTD62nWE3lcpIg,UCylqlpsh8ENNM1LqgQ1KbxA,@victorarturoruanobautista7588,@Jel.Awesh.M,1
UCujPF2nBgsTD62nWE3lcpIg,UCz3gu01bmjNv0DpRq-K3XYg,@victorarturoruanobautista7588,@eusebiovasquez4385,1
UCujPF2nBgsTD62nWE3lcpIg,UCzSfZlOVxBSs5ObD25ywxDQ,@victorarturoruanobautista7588,@GilmarMaldonado-q9m,1
UCV0iizTBoOfdAFX_thfI9BA,UC-hfX8J5JPJ-dfuakzegMLA,@BenjaminLarios-jd8nk,@normaleticiaorozcojuarez2418,1
UCV0iizTBoOfdAFX_thfI9BA,UC-jS_kA9w-OmpupXDx156Rg,@BenjaminLarios-jd8nk,@simoncreyesc7579,1
UCV0iizTBoOfdAFX_thfI9BA,UC1vr9aaMI2crB0NvwFHUeoQ,@BenjaminLarios-jd8nk,@JoseSimilox-p6e,1
UCV0iizTBoOfdAFX_thfI9BA,UC2Y_EHWQKevubk4vOEBBFxw,@BenjaminLarios-jd8nk,@alfonsomorales2653,1
UCV0iizTBoOfdAFX_thfI9BA,UC2weSE8rpqkGMOp6StYtVfg,@BenjaminLarios-jd8nk,@katerynsantiago2907,1
UCV0iizTBoOfdAFX_thfI9BA,UC3E9mAgP7VoAE5mZoAexl5g,@BenjaminLarios-jd8nk,@EnnioAroche,1
UCV0iizTBoOfdAFX_thfI9BA,UC3NMzdMYryaw82kPTnsaljg,@BenjaminLarios-jd8nk,@marisosa7832,1
UCV0iizTBoOfdAFX_thfI9BA,UC3XTwHxygNCgjndsg-UiCQA,@BenjaminLarios-jd8nk,@marioajset4283,1
UCV0iizTBoOfdAFX_thfI9BA,UC3qn1yJA5PeW9rkGPatQxiw,@BenjaminLarios-jd8nk,@VICTOREST19,1
UCV0iizTBoOfdAFX_thfI9BA,UC4cXueR2bKGFJV0Fk76gwmA,@BenjaminLarios-jd8nk,@aluxdel4792,1
UCV0iizTBoOfdAFX_thfI9BA,UC4wq3DcbfaG6dtCqn8Oyu3w,@BenjaminLarios-jd8nk,@hugoasencio7764,1
UCV0iizTBoOfdAFX_thfI9BA,UC5bG9nc_JV3FsNP2KseQiYw,@BenjaminLarios-jd8nk,@giovannirodas4836,1
UCV0iizTBoOfdAFX_thfI9BA,UC650pRT-OYzny3GwOH8Cgfw,@BenjaminLarios-jd8nk,@edvinparedesherrera7632,1
UCV0iizTBoOfdAFX_thfI9BA,UC6YSZqL0vEcI-niPKIMUGfw,@BenjaminLarios-jd8nk,@maxwellsales885,1
UCV0iizTBoOfdAFX_thfI9BA,UC72gBAtyb_VXQlYDcFrh6oQ,@BenjaminLarios-jd8nk,@osmanmorales3012,1
UCV0iizTBoOfdAFX_thfI9BA,UC7VUuJr9cGh845CmTvf7TlQ,@BenjaminLarios-jd8nk,@LuisCastillo-oz4df,1
UCV0iizTBoOfdAFX_thfI9BA,UC8G5cJONY8L9voMyBW8Eoug,@BenjaminLarios-jd8nk,@luisparedes-pw6qt,1
UCV0iizTBoOfdAFX_thfI9BA,UC8r11yOugM2NuRfitQOxLLg,@BenjaminLarios-jd8nk,@cesaraugustomoralesmonroy6907,1
UCV0iizTBoOfdAFX_thfI9BA,UC9xr9QvIcDvoZNUX5f-jaZw,@BenjaminLarios-jd8nk,@MariaaliciaColonmorales,1
UCV0iizTBoOfdAFX_thfI9BA,UCA93ym2TXs_Ibyxb4Vcn-6Q,@BenjaminLarios-jd8nk,@oswaldosolis8728,1
UCV0iizTBoOfdAFX_thfI9BA,UCAlzM_N6xBlMYmM8EBzX86Q,@BenjaminLarios-jd8nk,@carlossoto3252,1
UCV0iizTBoOfdAFX_thfI9BA,UCAmtbUiIrUIhikru0ZoTFig,@BenjaminLarios-jd8nk,@Aura-vf6dm,1
UCV0iizTBoOfdAFX_thfI9BA,UCB5p8a5gklc80jJItP6xTHg,@BenjaminLarios-jd8nk,@ernestogamboa8737,1
UCV0iizTBoOfdAFX_thfI9BA,UCDPWkUX3sNNaCx-m1dV4glA,@BenjaminLarios-jd8nk,@hectoroliva949,1
UCV0iizTBoOfdAFX_thfI9BA,UCDQaQv0hr2SS_PO-CMEwVHg,@BenjaminLarios-jd8nk,@federicosaquimux1933,1
UCV0iizTBoOfdAFX_thfI9BA,UCDUffaruH6dyUnUGwsTKpgg,@BenjaminLarios-jd8nk,@luisletona2842,1
UCV0iizTBoOfdAFX_thfI9BA,UCDftMWXQoJ6nONfY7GVOVjg,@BenjaminLarios-jd8nk,@luisgpacheco5858,1
UCV0iizTBoOfdAFX_thfI9BA,UCDlr1VadSucIZgZ171pRBjQ,@BenjaminLarios-jd8nk,@cuabatzjj5924,1
UCV0iizTBoOfdAFX_thfI9BA,UCEgEQmRbtL5fwr9_DqAC--g,@BenjaminLarios-jd8nk,@ArielRodas-g5y,1
UCV0iizTBoOfdAFX_thfI9BA,UCErZPJpHmLCsXs8ZWkAUupQ,@BenjaminLarios-jd8nk,@dorisl.garciaroche7763,1
UCV0iizTBoOfdAFX_thfI9BA,UCFUuDARXdmmIrLppEqf-rFg,@BenjaminLarios-jd8nk,@allanmunoz7410,1
UCV0iizTBoOfdAFX_thfI9BA,UCFhxtoeARHPnXXPcDrOU3Xg,@BenjaminLarios-jd8nk,@diegoalejandrolopezmendez205,1
UCV0iizTBoOfdAFX_thfI9BA,UCFoIAE8k82D6AV-8gjjKaNg,@BenjaminLarios-jd8nk,@eddymunoz9789,1
UCV0iizTBoOfdAFX_thfI9BA,UCFxE8GbokBrBsPEKM1xrOjQ,@BenjaminLarios-jd8nk,@JuanDavila-qd7qj,1
UCV0iizTBoOfdAFX_thfI9BA,UCGzXwyCzMzGmjmCbH3Hg01Q,@BenjaminLarios-jd8nk,@FidelZacarias-ph7dy,1
UCV0iizTBoOfdAFX_thfI9BA,UCHTGCgY2l-DQJIvlA_cpa_Q,@BenjaminLarios-jd8nk,@virgiliogarcia3039,1
UCV0iizTBoOfdAFX_thfI9BA,UCKDR0f2fu2UzWL8mBv5-BHw,@BenjaminLarios-jd8nk,@mireyamorales6595,1
UCV0iizTBoOfdAFX_thfI9BA,UCL13XhnRzbGokEkCkEOb0-g,@BenjaminLarios-jd8nk,@raquelprado3643,1
UCV0iizTBoOfdAFX_thfI9BA,UCL1MT278vSaQ83ZDkVWn1gw,@BenjaminLarios-jd8nk,@elmorodriguez6978,1
UCV0iizTBoOfdAFX_thfI9BA,UCLFdHr9BEbXHkoJopbEPLZw,@BenjaminLarios-jd8nk,@kanterra4584,1
UCV0iizTBoOfdAFX_thfI9BA,UCLggDc_a5HriXv7I1h02sOA,@BenjaminLarios-jd8nk,@guillermogonzalez5153,1
UCV0iizTBoOfdAFX_thfI9BA,UCNBnKqWf4d-rS4HwJRQljmQ,@BenjaminLarios-jd8nk,@LE_A22,1
UCV0iizTBoOfdAFX_thfI9BA,UCNkcuy42zEwddwEcOd_HpnA,@BenjaminLarios-jd8nk,@vanigomez492,1
UCV0iizTBoOfdAFX_thfI9BA,UCOh6DaZC_x9HASnlRylEMfw,@BenjaminLarios-jd8nk,@AndresMedina-v1s,1
UCV0iizTBoOfdAFX_thfI9BA,UCQtICyzWmhC5woCtbNgaSmg,@BenjaminLarios-jd8nk,@nestormendez6216,1
UCV0iizTBoOfdAFX_thfI9BA,UCQtSFINs1h6GHkpg9o5kMvg,@BenjaminLarios-jd8nk,@MacarioMartinezruiz,1
UCV0iizTBoOfdAFX_thfI9BA,UCRETAiYdh2dL5ZxB0_N1zDA,@BenjaminLarios-jd8nk,@Joseroland21,1
UCV0iizTBoOfdAFX_thfI9BA,UCRlCV9zSn7avAWh-9_XFWqQ,@BenjaminLarios-jd8nk,@ronyarana8849,1
UCV0iizTBoOfdAFX_thfI9BA,UCSou6a2OuYGSvPjm5psquyA,@BenjaminLarios-jd8nk,@FranciscoRivera-sf7ne,1
UCV0iizTBoOfdAFX_thfI9BA,UCTD6q1nyIe3Y7HhqjaMj72w,@BenjaminLarios-jd8nk,@JuanChang-r6k,1
UCV0iizTBoOfdAFX_thfI9BA,UCTP3O0rMnc8z8v8jaDQwL0w,@BenjaminLarios-jd8nk,@RobertoZelaya-x1v,1
UCV0iizTBoOfdAFX_thfI9BA,UCThW2XNsAaBKme5PUt7n-Zg,@BenjaminLarios-jd8nk,@thelmamoran8565,1
UCV0iizTBoOfdAFX_thfI9BA,UCTwSut16JyAg3mX6LVUNGqA,@BenjaminLarios-jd8nk,@SuperVictor2005,1
UCV0iizTBoOfdAFX_thfI9BA,UCTylKrsqkrBKIqubMu_5N0Q,@BenjaminLarios-jd8nk,@edwingeovanymarroquinmarro6684,1
UCV0iizTBoOfdAFX_thfI9BA,UCUIIIPTVDVHAXqhC_5V6lPA,@BenjaminLarios-jd8nk,@gorrarota,1
UCV0iizTBoOfdAFX_thfI9BA,UCXXh7yg5KUFIWylTiKVEFKQ,@BenjaminLarios-jd8nk,@MrDuenderojo,1
UCV0iizTBoOfdAFX_thfI9BA,UCXgr7vXlRrsaskPdo097kGA,@BenjaminLarios-jd8nk,@Rogergh-nw4oj,1
UCV0iizTBoOfdAFX_thfI9BA,UCYN4wSQ1Sx4_LurxLlW7MPg,@BenjaminLarios-jd8nk,@belarminavillatoro6474,1
UCV0iizTBoOfdAFX_thfI9BA,UCYwpX26TrCxq8TvbKGRYLXA,@BenjaminLarios-jd8nk,@beneficioelcaminovillacana8540,1
UCV0iizTBoOfdAFX_thfI9BA,UCcfdg8crmMJwEuLUsAhV7yg,@BenjaminLarios-jd8nk,@RolandoRaguay,1
UCV0iizTBoOfdAFX_thfI9BA,UCfM3nrxtTQMY5jFx1v1J4Gg,@BenjaminLarios-jd8nk,@edgarroldan5539,1
UCV0iizTBoOfdAFX_thfI9BA,UChZknRmJkeGeQk0-mQuhDOg,@BenjaminLarios-jd8nk,@OdilioRodríguez-c5w,1
UCV0iizTBoOfdAFX_thfI9BA,UChep9kVb5gQmpodEEl10Xlg,@BenjaminLarios-jd8nk,@carlosaguilar-kz7ml,1
UCV0iizTBoOfdAFX_thfI9BA,UCi1b_TRQfgO1Z9O2gNGGWNA,@BenjaminLarios-jd8nk,@davidisraelesquitsaquil,1
UCV0iizTBoOfdAFX_thfI9BA,UCiGRBf2RNF0WRKhRVT7zFoA,@BenjaminLarios-jd8nk,@edwinavila4876,1
UCV0iizTBoOfdAFX_thfI9BA,UCiMythXHsw7eQEMykCdmMUA,@BenjaminLarios-jd8nk,@JavierBecerra-h6x,1
UCV0iizTBoOfdAFX_thfI9BA,UCipetjeiWj4CZB6EbyYziZg,@BenjaminLarios-jd8nk,@OseasSamayoa-ol5rz,1
UCV0iizTBoOfdAFX_thfI9BA,UCj-LL25XJnjxepPKCc3NGog,@BenjaminLarios-jd8nk,@anaaguirre8985,1
UCV0iizTBoOfdAFX_thfI9BA,UCjSKM9j0Q7HLDr1hD6D-TUw,@BenjaminLarios-jd8nk,@josehidalgo4875,1
UCV0iizTBoOfdAFX_thfI9BA,UCjmPuazZJzscrwvk0QR9RVw,@BenjaminLarios-jd8nk,@mynorrodas8591,1
UCV0iizTBoOfdAFX_thfI9BA,UCkd9W714-947dEE6ZOEBATA,@BenjaminLarios-jd8nk,@ARGELIATELON,1
UCV0iizTBoOfdAFX_thfI9BA,UCl0ekS9Tt0jJGtOEM18S63w,@BenjaminLarios-jd8nk,@monkchapin,1
UCV0iizTBoOfdAFX_thfI9BA,UCljDbleJul41G1TzOjOZAVA,@BenjaminLarios-jd8nk,@hectorcarranza3777,1
UCV0iizTBoOfdAFX_thfI9BA,UCmvOgzmmXbjUthHy-WJ52hQ,@BenjaminLarios-jd8nk,@mariorodas593,1
UCV0iizTBoOfdAFX_thfI9BA,UCp4iw5_5SmV9VGTFSNVGOmQ,@BenjaminLarios-jd8nk,@CARLOSSTREMS51,1
UCV0iizTBoOfdAFX_thfI9BA,UCpl8rF8uv_8uui-QRvuJaRA,@BenjaminLarios-jd8nk,@SergioGarcia-z9c,1
UCV0iizTBoOfdAFX_thfI9BA,UCplrIQtaPj6au60_f2-mOYw,@BenjaminLarios-jd8nk,@romeolopezherrarte799,1
UCV0iizTBoOfdAFX_thfI9BA,UCpsKOkt5iWTbenzeuq7dsmQ,@BenjaminLarios-jd8nk,@inge_vergueta,1
UCV0iizTBoOfdAFX_thfI9BA,UCr1emrogPKkKTs_WTtx71xg,@BenjaminLarios-jd8nk,@domingopeneleu6457,1
UCV0iizTBoOfdAFX_thfI9BA,UCrJn_rbo_ENAdeqneS-RmRw,@BenjaminLarios-jd8nk,@josecarrera9623,1
UCV0iizTBoOfdAFX_thfI9BA,UCsJJAvrVGupdmhOqgtDp8dg,@BenjaminLarios-jd8nk,@nestorlorenzana1168,1
UCV0iizTBoOfdAFX_thfI9BA,UCsSXdJct-nsS8DsABoEsaYA,@BenjaminLarios-jd8nk,@IvánPérez-j4j,1
UCV0iizTBoOfdAFX_thfI9BA,UCsUCN0Yq_UyTvKjOJLmNrnQ,@BenjaminLarios-jd8nk,@moisesvaldez4043,1
UCV0iizTBoOfdAFX_thfI9BA,UCsjs5Hp_r86x1xbK6FAeqaA,@BenjaminLarios-jd8nk,@alvaroesquivel563,1
UCV0iizTBoOfdAFX_thfI9BA,UCtNfIBnc5S5DbbQj_yxgJTw,@BenjaminLarios-jd8nk,@JosueRamirez-ey3ih,1
UCV0iizTBoOfdAFX_thfI9BA,UCtUR3_CAiE7fCoZHM6cMfyQ,@BenjaminLarios-jd8nk,@mdelcid01,1
UCV0iizTBoOfdAFX_thfI9BA,UCvApqeCbLod-wejtT4CcVuA,@BenjaminLarios-jd8nk,@davidgaher9550,1
UCV0iizTBoOfdAFX_thfI9BA,UCwO2SXr0ggzwg6QWWrr01nQ,@BenjaminLarios-jd8nk,@ricardofigueroa5720,1
UCV0iizTBoOfdAFX_thfI9BA,UCwW2OFy95P7ZBkOPxWkpvYg,@BenjaminLarios-jd8nk,@TeresaLucero-b5o,1
UCV0iizTBoOfdAFX_thfI9BA,UCwha8rxULYMVtNwZWeSkE1A,@BenjaminLarios-jd8nk,@mariasamo8637,1
UCV0iizTBoOfdAFX_thfI9BA,UCySYJU5kUh7X8gVt9la2ISA,@BenjaminLarios-jd8nk,@dantesarti4351,1
UCV0iizTBoOfdAFX_thfI9BA,UCylqlpsh8ENNM1LqgQ1KbxA,@BenjaminLarios-jd8nk,@Jel.Awesh.M,1
UCV0iizTBoOfdAFX_thfI9BA,UCz3gu01bmjNv0DpRq-K3XYg,@BenjaminLarios-jd8nk,@eusebiovasquez4385,1
UCV0iizTBoOfdAFX_thfI9BA,UCzSfZlOVxBSs5ObD25ywxDQ,@BenjaminLarios-jd8nk,@GilmarMaldonado-q9m,1
UCp29O_C7cchZV8IxV7Crdag,UC-HeUTT6_g-VoiWds2a4H-w,@robertoescobar5507,@JorgeMunoz-gd9et,1
UCp29O_C7cchZV8IxV7Crdag,UC-Iul5tDYH_oiAMXQH-KaaQ,@robertoescobar5507,@AlbertoMancilla-p9h,1
UCp29O_C7cchZV8IxV7Crdag,UC0HvfEWozTHbwl_iEmJNvVA,@robertoescobar5507,@OttoPalencia-b7r,1
UCp29O_C7cchZV8IxV7Crdag,UC14qlobYKqD-DO0j6b75lcA,@robertoescobar5507,@megavision4488,1
UCp29O_C7cchZV8IxV7Crdag,UC1NiEdJ7gk6FlDexIalWnGg,@robertoescobar5507,@BorisTebalán,1
UCp29O_C7cchZV8IxV7Crdag,UC3YpzAr7pcdKC7BVFEpYzog,@robertoescobar5507,@carmenfigueroa1232,1
UCp29O_C7cchZV8IxV7Crdag,UC63tFvbQ_hJhGDi2nbjssjw,@robertoescobar5507,@AbigailRodas-w2r,1
UCp29O_C7cchZV8IxV7Crdag,UCEHXl4VvvVpq-_4xC5tsbhg,@robertoescobar5507,@anibalg47,1
UCp29O_C7cchZV8IxV7Crdag,UCRfkkatKrNtAARnXMMYBGlA,@robertoescobar5507,@BernerSoza-mg3vx,1
UCp29O_C7cchZV8IxV7Crdag,UCZFQwqh90apuL8eFhvRBkUg,@robertoescobar5507,@luisricardo9671,1
UCp29O_C7cchZV8IxV7Crdag,UCa36MjQLoPAmgJo-R3G8WQA,@robertoescobar5507,@elsasalguero6914,1
UCp29O_C7cchZV8IxV7Crdag,UCaT4saRcyqCLE657Rq2hhZQ,@robertoescobar5507,@elmilenial4064,1
UCp29O_C7cchZV8IxV7Crdag,UCeQk-WfEA-cJRq4EKeE7TOw,@robertoescobar5507,@franciscojuarez9223,1
UCp29O_C7cchZV8IxV7Crdag,UCfo_yUPzy1f1POwwZxhZ06Q,@robertoescobar5507,@lara11roberto,1
UCp29O_C7cchZV8IxV7Crdag,UCgGqw4aqMdMVSGkKiMgrJRQ,@robertoescobar5507,@pattyfigueroa5609,1
UCp29O_C7cchZV8IxV7Crdag,UChyps3dqY-VY1_wLeq-2lhw,@robertoescobar5507,@maydamorales4395,1
UCp29O_C7cchZV8IxV7Crdag,UCjZgFEowMBrsjodqfovzdKw,@robertoescobar5507,@franciscoflores3120,1
UCp29O_C7cchZV8IxV7Crdag,UCql1n3Ey6ULMSOACjMe-fxQ,@robertoescobar5507,@RolandoGonzalez-o7g,1
UCp29O_C7cchZV8IxV7Crdag,UCtCtts20bW6F9CSohau51Iw,@robertoescobar5507,@carlosgranados9875,1
UCp29O_C7cchZV8IxV7Crdag,UCtsxPYw8VUsH_FfnKg-0lmw,@robertoescobar5507,@AlejandroPérez-b6r,1
UCp29O_C7cchZV8IxV7Crdag,UCvDwJBBY1mHK70aTEYl6rsA,@robertoescobar5507,@cristianescobedo8296,1
UCp29O_C7cchZV8IxV7Crdag,UCyJhqmMbsvjpoarBBStA2kg,@robertoescobar5507,@Murmullodelbarrio,1
UCp29O_C7cchZV8IxV7Crdag,UCzZ6dDCEsLMXbc5pCFXIprw,@robertoescobar5507,@josegil3813,1
UCkxdJ_yGN2gghOMo2ybQtXQ,UCCUmP4PlbwgikVFpYwbtRTg,@11223344An,@alhvi,1
UCkxdJ_yGN2gghOMo2ybQtXQ,UCOY3XpD9qMCRSA8AA8c4CAw,@11223344An,@franciscorodas9686,1
UCkxdJ_yGN2gghOMo2ybQtXQ,UCTTILH6QCIxbTnEWxwRqs1g,@11223344An,@3762Jorge,1
UCkxdJ_yGN2gghOMo2ybQtXQ,UCXO1BBohNWXkK9SBDAG2ySg,@11223344An,@JBFlute92,1
UCkxdJ_yGN2gghOMo2ybQtXQ,UCXVLc8CmAO813ubM-fLvCDw,@11223344An,@herminiasaquimux7565,1
UCkxdJ_yGN2gghOMo2ybQtXQ,UCbrtvygfRT6QXqWDNrOf-cA,@11223344An,@Alejandro00710,1
UCkxdJ_yGN2gghOMo2ybQtXQ,UCcFIBN-rtC3d3hXeuN5TfWw,@11223344An,@DenisRMC,1
UCkxdJ_yGN2gghOMo2ybQtXQ,UCc_F88PzGWtA1OPNUEASulA,@11223344An,@rockyscarlet,1
UCkxdJ_yGN2gghOMo2ybQtXQ,UCdQAuWwyC99MB7Y02Umj26Q,@11223344An,@miguelbran1268,1
UCkxdJ_yGN2gghOMo2ybQtXQ,UCefAH1MbvADWUjE9WVcB9EQ,@11223344An,@jabriz8152,1
UCkxdJ_yGN2gghOMo2ybQtXQ,UChT7pzGytNd92Nmvi-zuWog,@11223344An,@sparkvalkov,1
UCkxdJ_yGN2gghOMo2ybQtXQ,UCwEe1RKlEv1UpNWmWYfSh4w,@11223344An,@marioramirez299,1
UCkxdJ_yGN2gghOMo2ybQtXQ,UCxcoDvP-g2_KTZDmVZtvb3w,@11223344An,@angelmartinez9523,1
UCjZgFEowMBrsjodqfovzdKw,UC2ngpd8UBQu4gcUYy0goAtg,@franciscoflores3120,@juliohernandez7438,1
UCjZgFEowMBrsjodqfovzdKw,UCIXLDYqR_syskKRJy_x9W9Q,@franciscoflores3120,@carlitosramirez4739,1
UCjZgFEowMBrsjodqfovzdKw,UCLXYp1Cvc5DLtq5UQL5D9vw,@franciscoflores3120,@jorgecifuentes-m5g,1
UCjZgFEowMBrsjodqfovzdKw,UCO0zwwLWGyDgQmWPJ5Qrr1w,@franciscoflores3120,@elsalvador3605,1
UCjZgFEowMBrsjodqfovzdKw,UCXN2s7DwTJm33xO-pNkAdaA,@franciscoflores3120,@edithsan7688,1
UCjZgFEowMBrsjodqfovzdKw,UCfXykdbSU97rj987LDUGfvg,@franciscoflores3120,@MariaSantos-c8y3h,1
UCjZgFEowMBrsjodqfovzdKw,UCfjhejO7LZy4doXURa7LZCQ,@franciscoflores3120,@HonwayLee-z5g,1
UCjZgFEowMBrsjodqfovzdKw,UCq3mDTTRZnUybct5M9OSXbg,@franciscoflores3120,@MacoMorales-i2i2d,1
UCjZgFEowMBrsjodqfovzdKw,UCwCfs-2zbD5k0lG-UVg_JBw,@franciscoflores3120,@JessicaHuaz-96,1
UCjZgFEowMBrsjodqfovzdKw,UC-HeUTT6_g-VoiWds2a4H-w,@franciscoflores3120,@JorgeMunoz-gd9et,1
UCjZgFEowMBrsjodqfovzdKw,UC-Iul5tDYH_oiAMXQH-KaaQ,@franciscoflores3120,@AlbertoMancilla-p9h,1
UCjZgFEowMBrsjodqfovzdKw,UC0HvfEWozTHbwl_iEmJNvVA,@franciscoflores3120,@OttoPalencia-b7r,1
UCjZgFEowMBrsjodqfovzdKw,UC14qlobYKqD-DO0j6b75lcA,@franciscoflores3120,@megavision4488,1
UCjZgFEowMBrsjodqfovzdKw,UC1NiEdJ7gk6FlDexIalWnGg,@franciscoflores3120,@BorisTebalán,1
UCjZgFEowMBrsjodqfovzdKw,UC3YpzAr7pcdKC7BVFEpYzog,@franciscoflores3120,@carmenfigueroa1232,1
UCjZgFEowMBrsjodqfovzdKw,UC63tFvbQ_hJhGDi2nbjssjw,@franciscoflores3120,@AbigailRodas-w2r,1
UCjZgFEowMBrsjodqfovzdKw,UCEHXl4VvvVpq-_4xC5tsbhg,@franciscoflores3120,@anibalg47,1
UCjZgFEowMBrsjodqfovzdKw,UCRfkkatKrNtAARnXMMYBGlA,@franciscoflores3120,@BernerSoza-mg3vx,1
UCjZgFEowMBrsjodqfovzdKw,UCZFQwqh90apuL8eFhvRBkUg,@franciscoflores3120,@luisricardo9671,1
UCjZgFEowMBrsjodqfovzdKw,UCa36MjQLoPAmgJo-R3G8WQA,@franciscoflores3120,@elsasalguero6914,1
UCjZgFEowMBrsjodqfovzdKw,UCaT4saRcyqCLE657Rq2hhZQ,@franciscoflores3120,@elmilenial4064,1
UCjZgFEowMBrsjodqfovzdKw,UCeQk-WfEA-cJRq4EKeE7TOw,@franciscoflores3120,@franciscojuarez9223,1
UCjZgFEowMBrsjodqfovzdKw,UCfo_yUPzy1f1POwwZxhZ06Q,@franciscoflores3120,@lara11roberto,1
UCjZgFEowMBrsjodqfovzdKw,UCgGqw4aqMdMVSGkKiMgrJRQ,@franciscoflores3120,@pattyfigueroa5609,1
UCjZgFEowMBrsjodqfovzdKw,UChyps3dqY-VY1_wLeq-2lhw,@franciscoflores3120,@maydamorales4395,1
UCjZgFEowMBrsjodqfovzdKw,UCql1n3Ey6ULMSOACjMe-fxQ,@franciscoflores3120,@RolandoGonzalez-o7g,1
UCjZgFEowMBrsjodqfovzdKw,UCtCtts20bW6F9CSohau51Iw,@franciscoflores3120,@carlosgranados9875,1
UCjZgFEowMBrsjodqfovzdKw,UCtsxPYw8VUsH_FfnKg-0lmw,@franciscoflores3120,@AlejandroPérez-b6r,1
UCjZgFEowMBrsjodqfovzdKw,UCvDwJBBY1mHK70aTEYl6rsA,@franciscoflores3120,@cristianescobedo8296,1
UCjZgFEowMBrsjodqfovzdKw,UCyJhqmMbsvjpoarBBStA2kg,@franciscoflores3120,@Murmullodelbarrio,1
UCjZgFEowMBrsjodqfovzdKw,UCzZ6dDCEsLMXbc5pCFXIprw,@franciscoflores3120,@josegil3813,1
UC4wq3DcbfaG6dtCqn8Oyu3w,UC-hfX8J5JPJ-dfuakzegMLA,@hugoasencio7764,@normaleticiaorozcojuarez2418,1
UC4wq3DcbfaG6dtCqn8Oyu3w,UC-jS_kA9w-OmpupXDx156Rg,@hugoasencio7764,@simoncreyesc7579,1
UC4wq3DcbfaG6dtCqn8Oyu3w,UC1vr9aaMI2crB0NvwFHUeoQ,@hugoasencio7764,@JoseSimilox-p6e,1
UC4wq3DcbfaG6dtCqn8Oyu3w,UC2Y_EHWQKevubk4vOEBBFxw,@hugoasencio7764,@alfonsomorales2653,1
UC4wq3DcbfaG6dtCqn8Oyu3w,UC2weSE8rpqkGMOp6StYtVfg,@hugoasencio7764,@katerynsantiago2907,1
UC4wq3DcbfaG6dtCqn8Oyu3w,UC3E9mAgP7VoAE5mZoAexl5g,@hugoasencio7764,@EnnioAroche,1
UC4wq3DcbfaG6dtCqn8Oyu3w,UC3NMzdMYryaw82kPTnsaljg,@hugoasencio7764,@marisosa7832,1
UC4wq3DcbfaG6dtCqn8Oyu3w,UC3XTwHxygNCgjndsg-UiCQA,@hugoasencio7764,@marioajset4283,1
UC4wq3DcbfaG6dtCqn8Oyu3w,UC3qn1yJA5PeW9rkGPatQxiw,@hugoasencio7764,@VICTOREST19,1
UC4wq3DcbfaG6dtCqn8Oyu3w,UC4cXueR2bKGFJV0Fk76gwmA,@hugoasencio7764,@aluxdel4792,1
UC4wq3DcbfaG6dtCqn8Oyu3w,UC5bG9nc_JV3FsNP2KseQiYw,@hugoasencio7764,@giovannirodas4836,1
UC4wq3DcbfaG6dtCqn8Oyu3w,UC650pRT-OYzny3GwOH8Cgfw,@hugoasencio7764,@edvinparedesherrera7632,1
UC4wq3DcbfaG6dtCqn8Oyu3w,UC6YSZqL0vEcI-niPKIMUGfw,@hugoasencio7764,@maxwellsales885,1
UC4wq3DcbfaG6dtCqn8Oyu3w,UC72gBAtyb_VXQlYDcFrh6oQ,@hugoasencio7764,@osmanmorales3012,1
UC4wq3DcbfaG6dtCqn8Oyu3w,UC7VUuJr9cGh845CmTvf7TlQ,@hugoasencio7764,@LuisCastillo-oz4df,1
UC4wq3DcbfaG6dtCqn8Oyu3w,UC8G5cJONY8L9voMyBW8Eoug,@hugoasencio7764,@luisparedes-pw6qt,1
UC4wq3DcbfaG6dtCqn8Oyu3w,UC8r11yOugM2NuRfitQOxLLg,@hugoasencio7764,@cesaraugustomoralesmonroy6907,1
UC4wq3DcbfaG6dtCqn8Oyu3w,UC9xr9QvIcDvoZNUX5f-jaZw,@hugoasencio7764,@MariaaliciaColonmorales,1
UC4wq3DcbfaG6dtCqn8Oyu3w,UCA93ym2TXs_Ibyxb4Vcn-6Q,@hugoasencio7764,@oswaldosolis8728,1
UC4wq3DcbfaG6dtCqn8Oyu3w,UCAlzM_N6xBlMYmM8EBzX86Q,@hugoasencio7764,@carlossoto3252,1
UC4wq3DcbfaG6dtCqn8Oyu3w,UCAmtbUiIrUIhikru0ZoTFig,@hugoasencio7764,@Aura-vf6dm,1
UC4wq3DcbfaG6dtCqn8Oyu3w,UCB5p8a5gklc80jJItP6xTHg,@hugoasencio7764,@ernestogamboa8737,1
UC4wq3DcbfaG6dtCqn8Oyu3w,UCDPWkUX3sNNaCx-m1dV4glA,@hugoasencio7764,@hectoroliva949,1
UC4wq3DcbfaG6dtCqn8Oyu3w,UCDQaQv0hr2SS_PO-CMEwVHg,@hugoasencio7764,@federicosaquimux1933,1
UC4wq3DcbfaG6dtCqn8Oyu3w,UCDUffaruH6dyUnUGwsTKpgg,@hugoasencio7764,@luisletona2842,1
UC4wq3DcbfaG6dtCqn8Oyu3w,UCDftMWXQoJ6nONfY7GVOVjg,@hugoasencio7764,@luisgpacheco5858,1
UC4wq3DcbfaG6dtCqn8Oyu3w,UCDlr1VadSucIZgZ171pRBjQ,@hugoasencio7764,@cuabatzjj5924,1
UC4wq3DcbfaG6dtCqn8Oyu3w,UCEgEQmRbtL5fwr9_DqAC--g,@hugoasencio7764,@ArielRodas-g5y,1
UC4wq3DcbfaG6dtCqn8Oyu3w,UCErZPJpHmLCsXs8ZWkAUupQ,@hugoasencio7764,@dorisl.garciaroche7763,1
UC4wq3DcbfaG6dtCqn8Oyu3w,UCFUuDARXdmmIrLppEqf-rFg,@hugoasencio7764,@allanmunoz7410,1
UC4wq3DcbfaG6dtCqn8Oyu3w,UCFhxtoeARHPnXXPcDrOU3Xg,@hugoasencio7764,@diegoalejandrolopezmendez205,1
UC4wq3DcbfaG6dtCqn8Oyu3w,UCFoIAE8k82D6AV-8gjjKaNg,@hugoasencio7764,@eddymunoz9789,1
UC4wq3DcbfaG6dtCqn8Oyu3w,UCFxE8GbokBrBsPEKM1xrOjQ,@hugoasencio7764,@JuanDavila-qd7qj,1
UC4wq3DcbfaG6dtCqn8Oyu3w,UCGzXwyCzMzGmjmCbH3Hg01Q,@hugoasencio7764,@FidelZacarias-ph7dy,1
UC4wq3DcbfaG6dtCqn8Oyu3w,UCHTGCgY2l-DQJIvlA_cpa_Q,@hugoasencio7764,@virgiliogarcia3039,1
UC4wq3DcbfaG6dtCqn8Oyu3w,UCKDR0f2fu2UzWL8mBv5-BHw,@hugoasencio7764,@mireyamorales6595,1
UC4wq3DcbfaG6dtCqn8Oyu3w,UCL13XhnRzbGokEkCkEOb0-g,@hugoasencio7764,@raquelprado3643,1
UC4wq3DcbfaG6dtCqn8Oyu3w,UCL1MT278vSaQ83ZDkVWn1gw,@hugoasencio7764,@elmorodriguez6978,1
UC4wq3DcbfaG6dtCqn8Oyu3w,UCLFdHr9BEbXHkoJopbEPLZw,@hugoasencio7764,@kanterra4584,1
UC4wq3DcbfaG6dtCqn8Oyu3w,UCLggDc_a5HriXv7I1h02sOA,@hugoasencio7764,@guillermogonzalez5153,1
UC4wq3DcbfaG6dtCqn8Oyu3w,UCNBnKqWf4d-rS4HwJRQljmQ,@hugoasencio7764,@LE_A22,1
UC4wq3DcbfaG6dtCqn8Oyu3w,UCNkcuy42zEwddwEcOd_HpnA,@hugoasencio7764,@vanigomez492,1
UC4wq3DcbfaG6dtCqn8Oyu3w,UCOh6DaZC_x9HASnlRylEMfw,@hugoasencio7764,@AndresMedina-v1s,1
UC4wq3DcbfaG6dtCqn8Oyu3w,UCQtICyzWmhC5woCtbNgaSmg,@hugoasencio7764,@nestormendez6216,1
UC4wq3DcbfaG6dtCqn8Oyu3w,UCQtSFINs1h6GHkpg9o5kMvg,@hugoasencio7764,@MacarioMartinezruiz,1
UC4wq3DcbfaG6dtCqn8Oyu3w,UCRETAiYdh2dL5ZxB0_N1zDA,@hugoasencio7764,@Joseroland21,1
UC4wq3DcbfaG6dtCqn8Oyu3w,UCRlCV9zSn7avAWh-9_XFWqQ,@hugoasencio7764,@ronyarana8849,1
UC4wq3DcbfaG6dtCqn8Oyu3w,UCSou6a2OuYGSvPjm5psquyA,@hugoasencio7764,@FranciscoRivera-sf7ne,1
UC4wq3DcbfaG6dtCqn8Oyu3w,UCTD6q1nyIe3Y7HhqjaMj72w,@hugoasencio7764,@JuanChang-r6k,1
UC4wq3DcbfaG6dtCqn8Oyu3w,UCTP3O0rMnc8z8v8jaDQwL0w,@hugoasencio7764,@RobertoZelaya-x1v,1
UC4wq3DcbfaG6dtCqn8Oyu3w,UCThW2XNsAaBKme5PUt7n-Zg,@hugoasencio7764,@thelmamoran8565,1
UC4wq3DcbfaG6dtCqn8Oyu3w,UCTwSut16JyAg3mX6LVUNGqA,@hugoasencio7764,@SuperVictor2005,1
UC4wq3DcbfaG6dtCqn8Oyu3w,UCTylKrsqkrBKIqubMu_5N0Q,@hugoasencio7764,@edwingeovanymarroquinmarro6684,1
UC4wq3DcbfaG6dtCqn8Oyu3w,UCUIIIPTVDVHAXqhC_5V6lPA,@hugoasencio7764,@gorrarota,1
UC4wq3DcbfaG6dtCqn8Oyu3w,UCXXh7yg5KUFIWylTiKVEFKQ,@hugoasencio7764,@MrDuenderojo,1
UC4wq3DcbfaG6dtCqn8Oyu3w,UCXgr7vXlRrsaskPdo097kGA,@hugoasencio7764,@Rogergh-nw4oj,1
UC4wq3DcbfaG6dtCqn8Oyu3w,UCYN4wSQ1Sx4_LurxLlW7MPg,@hugoasencio7764,@belarminavillatoro6474,1
UC4wq3DcbfaG6dtCqn8Oyu3w,UCYwpX26TrCxq8TvbKGRYLXA,@hugoasencio7764,@beneficioelcaminovillacana8540,1
UC4wq3DcbfaG6dtCqn8Oyu3w,UCcfdg8crmMJwEuLUsAhV7yg,@hugoasencio7764,@RolandoRaguay,1
UC4wq3DcbfaG6dtCqn8Oyu3w,UCfM3nrxtTQMY5jFx1v1J4Gg,@hugoasencio7764,@edgarroldan5539,1
UC4wq3DcbfaG6dtCqn8Oyu3w,UChZknRmJkeGeQk0-mQuhDOg,@hugoasencio7764,@OdilioRodríguez-c5w,1
UC4wq3DcbfaG6dtCqn8Oyu3w,UChep9kVb5gQmpodEEl10Xlg,@hugoasencio7764,@carlosaguilar-kz7ml,1
UC4wq3DcbfaG6dtCqn8Oyu3w,UCi1b_TRQfgO1Z9O2gNGGWNA,@hugoasencio7764,@davidisraelesquitsaquil,1
UC4wq3DcbfaG6dtCqn8Oyu3w,UCiGRBf2RNF0WRKhRVT7zFoA,@hugoasencio7764,@edwinavila4876,1
UC4wq3DcbfaG6dtCqn8Oyu3w,UCiMythXHsw7eQEMykCdmMUA,@hugoasencio7764,@JavierBecerra-h6x,1
UC4wq3DcbfaG6dtCqn8Oyu3w,UCipetjeiWj4CZB6EbyYziZg,@hugoasencio7764,@OseasSamayoa-ol5rz,1
UC4wq3DcbfaG6dtCqn8Oyu3w,UCj-LL25XJnjxepPKCc3NGog,@hugoasencio7764,@anaaguirre8985,1
UC4wq3DcbfaG6dtCqn8Oyu3w,UCjSKM9j0Q7HLDr1hD6D-TUw,@hugoasencio7764,@josehidalgo4875,1
UC4wq3DcbfaG6dtCqn8Oyu3w,UCjmPuazZJzscrwvk0QR9RVw,@hugoasencio7764,@mynorrodas8591,1
UC4wq3DcbfaG6dtCqn8Oyu3w,UCkd9W714-947dEE6ZOEBATA,@hugoasencio7764,@ARGELIATELON,1
UC4wq3DcbfaG6dtCqn8Oyu3w,UCl0ekS9Tt0jJGtOEM18S63w,@hugoasencio7764,@monkchapin,1
UC4wq3DcbfaG6dtCqn8Oyu3w,UCljDbleJul41G1TzOjOZAVA,@hugoasencio7764,@hectorcarranza3777,1
UC4wq3DcbfaG6dtCqn8Oyu3w,UCmvOgzmmXbjUthHy-WJ52hQ,@hugoasencio7764,@mariorodas593,1
UC4wq3DcbfaG6dtCqn8Oyu3w,UCp4iw5_5SmV9VGTFSNVGOmQ,@hugoasencio7764,@CARLOSSTREMS51,1
UC4wq3DcbfaG6dtCqn8Oyu3w,UCpl8rF8uv_8uui-QRvuJaRA,@hugoasencio7764,@SergioGarcia-z9c,1
UC4wq3DcbfaG6dtCqn8Oyu3w,UCplrIQtaPj6au60_f2-mOYw,@hugoasencio7764,@romeolopezherrarte799,1
UC4wq3DcbfaG6dtCqn8Oyu3w,UCpsKOkt5iWTbenzeuq7dsmQ,@hugoasencio7764,@inge_vergueta,1
UC4wq3DcbfaG6dtCqn8Oyu3w,UCr1emrogPKkKTs_WTtx71xg,@hugoasencio7764,@domingopeneleu6457,1
UC4wq3DcbfaG6dtCqn8Oyu3w,UCrJn_rbo_ENAdeqneS-RmRw,@hugoasencio7764,@josecarrera9623,1
UC4wq3DcbfaG6dtCqn8Oyu3w,UCsJJAvrVGupdmhOqgtDp8dg,@hugoasencio7764,@nestorlorenzana1168,1
UC4wq3DcbfaG6dtCqn8Oyu3w,UCsSXdJct-nsS8DsABoEsaYA,@hugoasencio7764,@IvánPérez-j4j,1
UC4wq3DcbfaG6dtCqn8Oyu3w,UCsUCN0Yq_UyTvKjOJLmNrnQ,@hugoasencio7764,@moisesvaldez4043,1
UC4wq3DcbfaG6dtCqn8Oyu3w,UCsjs5Hp_r86x1xbK6FAeqaA,@hugoasencio7764,@alvaroesquivel563,1
UC4wq3DcbfaG6dtCqn8Oyu3w,UCtNfIBnc5S5DbbQj_yxgJTw,@hugoasencio7764,@JosueRamirez-ey3ih,1
UC4wq3DcbfaG6dtCqn8Oyu3w,UCtUR3_CAiE7fCoZHM6cMfyQ,@hugoasencio7764,@mdelcid01,1
UC4wq3DcbfaG6dtCqn8Oyu3w,UCvApqeCbLod-wejtT4CcVuA,@hugoasencio7764,@davidgaher9550,1
UC4wq3DcbfaG6dtCqn8Oyu3w,UCwO2SXr0ggzwg6QWWrr01nQ,@hugoasencio7764,@ricardofigueroa5720,1
UC4wq3DcbfaG6dtCqn8Oyu3w,UCwW2OFy95P7ZBkOPxWkpvYg,@hugoasencio7764,@TeresaLucero-b5o,1
UC4wq3DcbfaG6dtCqn8Oyu3w,UCwha8rxULYMVtNwZWeSkE1A,@hugoasencio7764,@mariasamo8637,1
UC4wq3DcbfaG6dtCqn8Oyu3w,UCySYJU5kUh7X8gVt9la2ISA,@hugoasencio7764,@dantesarti4351,1
UC4wq3DcbfaG6dtCqn8Oyu3w,UCylqlpsh8ENNM1LqgQ1KbxA,@hugoasencio7764,@Jel.Awesh.M,1
UC4wq3DcbfaG6dtCqn8Oyu3w,UCz3gu01bmjNv0DpRq-K3XYg,@hugoasencio7764,@eusebiovasquez4385,1
UC4wq3DcbfaG6dtCqn8Oyu3w,UCzSfZlOVxBSs5ObD25ywxDQ,@hugoasencio7764,@GilmarMaldonado-q9m,1
UCVC2QugcI1G4RvlCiUqd1aQ,UC5wuDq3U3vRAhOQI3D7gNdw,@rwdm76,@allanreneramirezgonzalez534,1
UCVC2QugcI1G4RvlCiUqd1aQ,UCJp3OrVYcBorC94sKwdch_A,@rwdm76,@ULJoshmg2011,1
UCVC2QugcI1G4RvlCiUqd1aQ,UC_6KbBY1bsYXz9fwFS0eQRg,@rwdm76,@imrcp5694,1
UCVC2QugcI1G4RvlCiUqd1aQ,UCbrtvygfRT6QXqWDNrOf-cA,@rwdm76,@Alejandro00710,1
UCVC2QugcI1G4RvlCiUqd1aQ,UCjJf-AJKRFFWtiN-CSwkDmA,@rwdm76,@2jose82,1
UCVC2QugcI1G4RvlCiUqd1aQ,UCnU8wO1OurAmGstDw6VGjgQ,@rwdm76,@cmorera21,1
UCVC2QugcI1G4RvlCiUqd1aQ,UCpsKOkt5iWTbenzeuq7dsmQ,@rwdm76,@inge_vergueta,1
UCXVLc8CmAO813ubM-fLvCDw,UCCUmP4PlbwgikVFpYwbtRTg,@herminiasaquimux7565,@alhvi,1
UCXVLc8CmAO813ubM-fLvCDw,UCOY3XpD9qMCRSA8AA8c4CAw,@herminiasaquimux7565,@franciscorodas9686,1
UCXVLc8CmAO813ubM-fLvCDw,UCTTILH6QCIxbTnEWxwRqs1g,@herminiasaquimux7565,@3762Jorge,1
UCXVLc8CmAO813ubM-fLvCDw,UCXO1BBohNWXkK9SBDAG2ySg,@herminiasaquimux7565,@JBFlute92,1
UCXVLc8CmAO813ubM-fLvCDw,UCbrtvygfRT6QXqWDNrOf-cA,@herminiasaquimux7565,@Alejandro00710,1
UCXVLc8CmAO813ubM-fLvCDw,UCcFIBN-rtC3d3hXeuN5TfWw,@herminiasaquimux7565,@DenisRMC,1
UCXVLc8CmAO813ubM-fLvCDw,UCc_F88PzGWtA1OPNUEASulA,@herminiasaquimux7565,@rockyscarlet,1
UCXVLc8CmAO813ubM-fLvCDw,UCdQAuWwyC99MB7Y02Umj26Q,@herminiasaquimux7565,@miguelbran1268,1
UCXVLc8CmAO813ubM-fLvCDw,UCefAH1MbvADWUjE9WVcB9EQ,@herminiasaquimux7565,@jabriz8152,1
UCXVLc8CmAO813ubM-fLvCDw,UChT7pzGytNd92Nmvi-zuWog,@herminiasaquimux7565,@sparkvalkov,1
UCXVLc8CmAO813ubM-fLvCDw,UCwEe1RKlEv1UpNWmWYfSh4w,@herminiasaquimux7565,@marioramirez299,1
UCXVLc8CmAO813ubM-fLvCDw,UCxcoDvP-g2_KTZDmVZtvb3w,@herminiasaquimux7565,@angelmartinez9523,1
UCwW2OFy95P7ZBkOPxWkpvYg,UC-hfX8J5JPJ-dfuakzegMLA,@TeresaLucero-b5o,@normaleticiaorozcojuarez2418,1
UCwW2OFy95P7ZBkOPxWkpvYg,UC-jS_kA9w-OmpupXDx156Rg,@TeresaLucero-b5o,@simoncreyesc7579,1
UCwW2OFy95P7ZBkOPxWkpvYg,UC1vr9aaMI2crB0NvwFHUeoQ,@TeresaLucero-b5o,@JoseSimilox-p6e,1
UCwW2OFy95P7ZBkOPxWkpvYg,UC2Y_EHWQKevubk4vOEBBFxw,@TeresaLucero-b5o,@alfonsomorales2653,1
UCwW2OFy95P7ZBkOPxWkpvYg,UC2weSE8rpqkGMOp6StYtVfg,@TeresaLucero-b5o,@katerynsantiago2907,1
UCwW2OFy95P7ZBkOPxWkpvYg,UC3E9mAgP7VoAE5mZoAexl5g,@TeresaLucero-b5o,@EnnioAroche,1
UCwW2OFy95P7ZBkOPxWkpvYg,UC3NMzdMYryaw82kPTnsaljg,@TeresaLucero-b5o,@marisosa7832,1
UCwW2OFy95P7ZBkOPxWkpvYg,UC3XTwHxygNCgjndsg-UiCQA,@TeresaLucero-b5o,@marioajset4283,1
UCwW2OFy95P7ZBkOPxWkpvYg,UC3qn1yJA5PeW9rkGPatQxiw,@TeresaLucero-b5o,@VICTOREST19,1
UCwW2OFy95P7ZBkOPxWkpvYg,UC4cXueR2bKGFJV0Fk76gwmA,@TeresaLucero-b5o,@aluxdel4792,1
UCwW2OFy95P7ZBkOPxWkpvYg,UC5bG9nc_JV3FsNP2KseQiYw,@TeresaLucero-b5o,@giovannirodas4836,1
UCwW2OFy95P7ZBkOPxWkpvYg,UC650pRT-OYzny3GwOH8Cgfw,@TeresaLucero-b5o,@edvinparedesherrera7632,1
UCwW2OFy95P7ZBkOPxWkpvYg,UC6YSZqL0vEcI-niPKIMUGfw,@TeresaLucero-b5o,@maxwellsales885,1
UCwW2OFy95P7ZBkOPxWkpvYg,UC72gBAtyb_VXQlYDcFrh6oQ,@TeresaLucero-b5o,@osmanmorales3012,1
UCwW2OFy95P7ZBkOPxWkpvYg,UC7VUuJr9cGh845CmTvf7TlQ,@TeresaLucero-b5o,@LuisCastillo-oz4df,1
UCwW2OFy95P7ZBkOPxWkpvYg,UC8G5cJONY8L9voMyBW8Eoug,@TeresaLucero-b5o,@luisparedes-pw6qt,1
UCwW2OFy95P7ZBkOPxWkpvYg,UC8r11yOugM2NuRfitQOxLLg,@TeresaLucero-b5o,@cesaraugustomoralesmonroy6907,1
UCwW2OFy95P7ZBkOPxWkpvYg,UC9xr9QvIcDvoZNUX5f-jaZw,@TeresaLucero-b5o,@MariaaliciaColonmorales,1
UCwW2OFy95P7ZBkOPxWkpvYg,UCA93ym2TXs_Ibyxb4Vcn-6Q,@TeresaLucero-b5o,@oswaldosolis8728,1
UCwW2OFy95P7ZBkOPxWkpvYg,UCAlzM_N6xBlMYmM8EBzX86Q,@TeresaLucero-b5o,@carlossoto3252,1
UCwW2OFy95P7ZBkOPxWkpvYg,UCAmtbUiIrUIhikru0ZoTFig,@TeresaLucero-b5o,@Aura-vf6dm,1
UCwW2OFy95P7ZBkOPxWkpvYg,UCB5p8a5gklc80jJItP6xTHg,@TeresaLucero-b5o,@ernestogamboa8737,1
UCwW2OFy95P7ZBkOPxWkpvYg,UCDPWkUX3sNNaCx-m1dV4glA,@TeresaLucero-b5o,@hectoroliva949,1
UCwW2OFy95P7ZBkOPxWkpvYg,UCDQaQv0hr2SS_PO-CMEwVHg,@TeresaLucero-b5o,@federicosaquimux1933,1
UCwW2OFy95P7ZBkOPxWkpvYg,UCDUffaruH6dyUnUGwsTKpgg,@TeresaLucero-b5o,@luisletona2842,1
UCwW2OFy95P7ZBkOPxWkpvYg,UCDftMWXQoJ6nONfY7GVOVjg,@TeresaLucero-b5o,@luisgpacheco5858,1
UCwW2OFy95P7ZBkOPxWkpvYg,UCDlr1VadSucIZgZ171pRBjQ,@TeresaLucero-b5o,@cuabatzjj5924,1
UCwW2OFy95P7ZBkOPxWkpvYg,UCEgEQmRbtL5fwr9_DqAC--g,@TeresaLucero-b5o,@ArielRodas-g5y,1
UCwW2OFy95P7ZBkOPxWkpvYg,UCErZPJpHmLCsXs8ZWkAUupQ,@TeresaLucero-b5o,@dorisl.garciaroche7763,1
UCwW2OFy95P7ZBkOPxWkpvYg,UCFUuDARXdmmIrLppEqf-rFg,@TeresaLucero-b5o,@allanmunoz7410,1
UCwW2OFy95P7ZBkOPxWkpvYg,UCFhxtoeARHPnXXPcDrOU3Xg,@TeresaLucero-b5o,@diegoalejandrolopezmendez205,1
UCwW2OFy95P7ZBkOPxWkpvYg,UCFoIAE8k82D6AV-8gjjKaNg,@TeresaLucero-b5o,@eddymunoz9789,1
UCwW2OFy95P7ZBkOPxWkpvYg,UCFxE8GbokBrBsPEKM1xrOjQ,@TeresaLucero-b5o,@JuanDavila-qd7qj,1
UCwW2OFy95P7ZBkOPxWkpvYg,UCGzXwyCzMzGmjmCbH3Hg01Q,@TeresaLucero-b5o,@FidelZacarias-ph7dy,1
UCwW2OFy95P7ZBkOPxWkpvYg,UCHTGCgY2l-DQJIvlA_cpa_Q,@TeresaLucero-b5o,@virgiliogarcia3039,1
UCwW2OFy95P7ZBkOPxWkpvYg,UCKDR0f2fu2UzWL8mBv5-BHw,@TeresaLucero-b5o,@mireyamorales6595,1
UCwW2OFy95P7ZBkOPxWkpvYg,UCL13XhnRzbGokEkCkEOb0-g,@TeresaLucero-b5o,@raquelprado3643,1
UCwW2OFy95P7ZBkOPxWkpvYg,UCL1MT278vSaQ83ZDkVWn1gw,@TeresaLucero-b5o,@elmorodriguez6978,1
UCwW2OFy95P7ZBkOPxWkpvYg,UCLFdHr9BEbXHkoJopbEPLZw,@TeresaLucero-b5o,@kanterra4584,1
UCwW2OFy95P7ZBkOPxWkpvYg,UCLggDc_a5HriXv7I1h02sOA,@TeresaLucero-b5o,@guillermogonzalez5153,1
UCwW2OFy95P7ZBkOPxWkpvYg,UCNBnKqWf4d-rS4HwJRQljmQ,@TeresaLucero-b5o,@LE_A22,1
UCwW2OFy95P7ZBkOPxWkpvYg,UCNkcuy42zEwddwEcOd_HpnA,@TeresaLucero-b5o,@vanigomez492,1
UCwW2OFy95P7ZBkOPxWkpvYg,UCOh6DaZC_x9HASnlRylEMfw,@TeresaLucero-b5o,@AndresMedina-v1s,1
UCwW2OFy95P7ZBkOPxWkpvYg,UCQtICyzWmhC5woCtbNgaSmg,@TeresaLucero-b5o,@nestormendez6216,1
UCwW2OFy95P7ZBkOPxWkpvYg,UCQtSFINs1h6GHkpg9o5kMvg,@TeresaLucero-b5o,@MacarioMartinezruiz,1
UCwW2OFy95P7ZBkOPxWkpvYg,UCRETAiYdh2dL5ZxB0_N1zDA,@TeresaLucero-b5o,@Joseroland21,1
UCwW2OFy95P7ZBkOPxWkpvYg,UCRlCV9zSn7avAWh-9_XFWqQ,@TeresaLucero-b5o,@ronyarana8849,1
UCwW2OFy95P7ZBkOPxWkpvYg,UCSou6a2OuYGSvPjm5psquyA,@TeresaLucero-b5o,@FranciscoRivera-sf7ne,1
UCwW2OFy95P7ZBkOPxWkpvYg,UCTD6q1nyIe3Y7HhqjaMj72w,@TeresaLucero-b5o,@JuanChang-r6k,1
UCwW2OFy95P7ZBkOPxWkpvYg,UCTP3O0rMnc8z8v8jaDQwL0w,@TeresaLucero-b5o,@RobertoZelaya-x1v,1
UCwW2OFy95P7ZBkOPxWkpvYg,UCThW2XNsAaBKme5PUt7n-Zg,@TeresaLucero-b5o,@thelmamoran8565,1
UCwW2OFy95P7ZBkOPxWkpvYg,UCTwSut16JyAg3mX6LVUNGqA,@TeresaLucero-b5o,@SuperVictor2005,1
UCwW2OFy95P7ZBkOPxWkpvYg,UCTylKrsqkrBKIqubMu_5N0Q,@TeresaLucero-b5o,@edwingeovanymarroquinmarro6684,1
UCwW2OFy95P7ZBkOPxWkpvYg,UCUIIIPTVDVHAXqhC_5V6lPA,@TeresaLucero-b5o,@gorrarota,1
UCwW2OFy95P7ZBkOPxWkpvYg,UCXXh7yg5KUFIWylTiKVEFKQ,@TeresaLucero-b5o,@MrDuenderojo,1
UCwW2OFy95P7ZBkOPxWkpvYg,UCXgr7vXlRrsaskPdo097kGA,@TeresaLucero-b5o,@Rogergh-nw4oj,1
UCwW2OFy95P7ZBkOPxWkpvYg,UCYN4wSQ1Sx4_LurxLlW7MPg,@TeresaLucero-b5o,@belarminavillatoro6474,1
UCwW2OFy95P7ZBkOPxWkpvYg,UCYwpX26TrCxq8TvbKGRYLXA,@TeresaLucero-b5o,@beneficioelcaminovillacana8540,1
UCwW2OFy95P7ZBkOPxWkpvYg,UCcfdg8crmMJwEuLUsAhV7yg,@TeresaLucero-b5o,@RolandoRaguay,1
UCwW2OFy95P7ZBkOPxWkpvYg,UCfM3nrxtTQMY5jFx1v1J4Gg,@TeresaLucero-b5o,@edgarroldan5539,1
UCwW2OFy95P7ZBkOPxWkpvYg,UChZknRmJkeGeQk0-mQuhDOg,@TeresaLucero-b5o,@OdilioRodríguez-c5w,1
UCwW2OFy95P7ZBkOPxWkpvYg,UChep9kVb5gQmpodEEl10Xlg,@TeresaLucero-b5o,@carlosaguilar-kz7ml,1
UCwW2OFy95P7ZBkOPxWkpvYg,UCi1b_TRQfgO1Z9O2gNGGWNA,@TeresaLucero-b5o,@davidisraelesquitsaquil,1
UCwW2OFy95P7ZBkOPxWkpvYg,UCiGRBf2RNF0WRKhRVT7zFoA,@TeresaLucero-b5o,@edwinavila4876,1
UCwW2OFy95P7ZBkOPxWkpvYg,UCiMythXHsw7eQEMykCdmMUA,@TeresaLucero-b5o,@JavierBecerra-h6x,1
UCwW2OFy95P7ZBkOPxWkpvYg,UCipetjeiWj4CZB6EbyYziZg,@TeresaLucero-b5o,@OseasSamayoa-ol5rz,1
UCwW2OFy95P7ZBkOPxWkpvYg,UCj-LL25XJnjxepPKCc3NGog,@TeresaLucero-b5o,@anaaguirre8985,1
UCwW2OFy95P7ZBkOPxWkpvYg,UCjSKM9j0Q7HLDr1hD6D-TUw,@TeresaLucero-b5o,@josehidalgo4875,1
UCwW2OFy95P7ZBkOPxWkpvYg,UCjmPuazZJzscrwvk0QR9RVw,@TeresaLucero-b5o,@mynorrodas8591,1
UCwW2OFy95P7ZBkOPxWkpvYg,UCkd9W714-947dEE6ZOEBATA,@TeresaLucero-b5o,@ARGELIATELON,1
UCwW2OFy95P7ZBkOPxWkpvYg,UCl0ekS9Tt0jJGtOEM18S63w,@TeresaLucero-b5o,@monkchapin,1
UCwW2OFy95P7ZBkOPxWkpvYg,UCljDbleJul41G1TzOjOZAVA,@TeresaLucero-b5o,@hectorcarranza3777,1
UCwW2OFy95P7ZBkOPxWkpvYg,UCmvOgzmmXbjUthHy-WJ52hQ,@TeresaLucero-b5o,@mariorodas593,1
UCwW2OFy95P7ZBkOPxWkpvYg,UCp4iw5_5SmV9VGTFSNVGOmQ,@TeresaLucero-b5o,@CARLOSSTREMS51,1
UCwW2OFy95P7ZBkOPxWkpvYg,UCpl8rF8uv_8uui-QRvuJaRA,@TeresaLucero-b5o,@SergioGarcia-z9c,1
UCwW2OFy95P7ZBkOPxWkpvYg,UCplrIQtaPj6au60_f2-mOYw,@TeresaLucero-b5o,@romeolopezherrarte799,1
UCwW2OFy95P7ZBkOPxWkpvYg,UCpsKOkt5iWTbenzeuq7dsmQ,@TeresaLucero-b5o,@inge_vergueta,1
UCwW2OFy95P7ZBkOPxWkpvYg,UCr1emrogPKkKTs_WTtx71xg,@TeresaLucero-b5o,@domingopeneleu6457,1
UCwW2OFy95P7ZBkOPxWkpvYg,UCrJn_rbo_ENAdeqneS-RmRw,@TeresaLucero-b5o,@josecarrera9623,1
UCwW2OFy95P7ZBkOPxWkpvYg,UCsJJAvrVGupdmhOqgtDp8dg,@TeresaLucero-b5o,@nestorlorenzana1168,1
UCwW2OFy95P7ZBkOPxWkpvYg,UCsSXdJct-nsS8DsABoEsaYA,@TeresaLucero-b5o,@IvánPérez-j4j,1
UCwW2OFy95P7ZBkOPxWkpvYg,UCsUCN0Yq_UyTvKjOJLmNrnQ,@TeresaLucero-b5o,@moisesvaldez4043,1
UCwW2OFy95P7ZBkOPxWkpvYg,UCsjs5Hp_r86x1xbK6FAeqaA,@TeresaLucero-b5o,@alvaroesquivel563,1
UCwW2OFy95P7ZBkOPxWkpvYg,UCtNfIBnc5S5DbbQj_yxgJTw,@TeresaLucero-b5o,@JosueRamirez-ey3ih,1
UCwW2OFy95P7ZBkOPxWkpvYg,UCtUR3_CAiE7fCoZHM6cMfyQ,@TeresaLucero-b5o,@mdelcid01,1
UCwW2OFy95P7ZBkOPxWkpvYg,UCvApqeCbLod-wejtT4CcVuA,@TeresaLucero-b5o,@davidgaher9550,1
UCwW2OFy95P7ZBkOPxWkpvYg,UCwO2SXr0ggzwg6QWWrr01nQ,@TeresaLucero-b5o,@ricardofigueroa5720,1
UCwW2OFy95P7ZBkOPxWkpvYg,UCwha8rxULYMVtNwZWeSkE1A,@TeresaLucero-b5o,@mariasamo8637,1
UCwW2OFy95P7ZBkOPxWkpvYg,UCySYJU5kUh7X8gVt9la2ISA,@TeresaLucero-b5o,@dantesarti4351,1
UCwW2OFy95P7ZBkOPxWkpvYg,UCylqlpsh8ENNM1LqgQ1KbxA,@TeresaLucero-b5o,@Jel.Awesh.M,1
UCwW2OFy95P7ZBkOPxWkpvYg,UCz3gu01bmjNv0DpRq-K3XYg,@TeresaLucero-b5o,@eusebiovasquez4385,1
UCwW2OFy95P7ZBkOPxWkpvYg,UCzSfZlOVxBSs5ObD25ywxDQ,@TeresaLucero-b5o,@GilmarMaldonado-q9m,1
UC3XTwHxygNCgjndsg-UiCQA,UC-hfX8J5JPJ-dfuakzegMLA,@marioajset4283,@normaleticiaorozcojuarez2418,1
UC3XTwHxygNCgjndsg-UiCQA,UC-jS_kA9w-OmpupXDx156Rg,@marioajset4283,@simoncreyesc7579,1
UC3XTwHxygNCgjndsg-UiCQA,UC1vr9aaMI2crB0NvwFHUeoQ,@marioajset4283,@JoseSimilox-p6e,1
UC3XTwHxygNCgjndsg-UiCQA,UC2Y_EHWQKevubk4vOEBBFxw,@marioajset4283,@alfonsomorales2653,1
UC3XTwHxygNCgjndsg-UiCQA,UC2weSE8rpqkGMOp6StYtVfg,@marioajset4283,@katerynsantiago2907,1
UC3XTwHxygNCgjndsg-UiCQA,UC3E9mAgP7VoAE5mZoAexl5g,@marioajset4283,@EnnioAroche,1
UC3XTwHxygNCgjndsg-UiCQA,UC3NMzdMYryaw82kPTnsaljg,@marioajset4283,@marisosa7832,1
UC3XTwHxygNCgjndsg-UiCQA,UC3qn1yJA5PeW9rkGPatQxiw,@marioajset4283,@VICTOREST19,1
UC3XTwHxygNCgjndsg-UiCQA,UC4cXueR2bKGFJV0Fk76gwmA,@marioajset4283,@aluxdel4792,1
UC3XTwHxygNCgjndsg-UiCQA,UC5bG9nc_JV3FsNP2KseQiYw,@marioajset4283,@giovannirodas4836,1
UC3XTwHxygNCgjndsg-UiCQA,UC650pRT-OYzny3GwOH8Cgfw,@marioajset4283,@edvinparedesherrera7632,1
UC3XTwHxygNCgjndsg-UiCQA,UC6YSZqL0vEcI-niPKIMUGfw,@marioajset4283,@maxwellsales885,1
UC3XTwHxygNCgjndsg-UiCQA,UC72gBAtyb_VXQlYDcFrh6oQ,@marioajset4283,@osmanmorales3012,1
UC3XTwHxygNCgjndsg-UiCQA,UC7VUuJr9cGh845CmTvf7TlQ,@marioajset4283,@LuisCastillo-oz4df,1
UC3XTwHxygNCgjndsg-UiCQA,UC8G5cJONY8L9voMyBW8Eoug,@marioajset4283,@luisparedes-pw6qt,1
UC3XTwHxygNCgjndsg-UiCQA,UC8r11yOugM2NuRfitQOxLLg,@marioajset4283,@cesaraugustomoralesmonroy6907,1
UC3XTwHxygNCgjndsg-UiCQA,UC9xr9QvIcDvoZNUX5f-jaZw,@marioajset4283,@MariaaliciaColonmorales,1
UC3XTwHxygNCgjndsg-UiCQA,UCA93ym2TXs_Ibyxb4Vcn-6Q,@marioajset4283,@oswaldosolis8728,1
UC3XTwHxygNCgjndsg-UiCQA,UCAlzM_N6xBlMYmM8EBzX86Q,@marioajset4283,@carlossoto3252,1
UC3XTwHxygNCgjndsg-UiCQA,UCAmtbUiIrUIhikru0ZoTFig,@marioajset4283,@Aura-vf6dm,1
UC3XTwHxygNCgjndsg-UiCQA,UCB5p8a5gklc80jJItP6xTHg,@marioajset4283,@ernestogamboa8737,1
UC3XTwHxygNCgjndsg-UiCQA,UCDPWkUX3sNNaCx-m1dV4glA,@marioajset4283,@hectoroliva949,1
UC3XTwHxygNCgjndsg-UiCQA,UCDQaQv0hr2SS_PO-CMEwVHg,@marioajset4283,@federicosaquimux1933,1
UC3XTwHxygNCgjndsg-UiCQA,UCDUffaruH6dyUnUGwsTKpgg,@marioajset4283,@luisletona2842,1
UC3XTwHxygNCgjndsg-UiCQA,UCDftMWXQoJ6nONfY7GVOVjg,@marioajset4283,@luisgpacheco5858,1
UC3XTwHxygNCgjndsg-UiCQA,UCDlr1VadSucIZgZ171pRBjQ,@marioajset4283,@cuabatzjj5924,1
UC3XTwHxygNCgjndsg-UiCQA,UCEgEQmRbtL5fwr9_DqAC--g,@marioajset4283,@ArielRodas-g5y,1
UC3XTwHxygNCgjndsg-UiCQA,UCErZPJpHmLCsXs8ZWkAUupQ,@marioajset4283,@dorisl.garciaroche7763,1
UC3XTwHxygNCgjndsg-UiCQA,UCFUuDARXdmmIrLppEqf-rFg,@marioajset4283,@allanmunoz7410,1
UC3XTwHxygNCgjndsg-UiCQA,UCFhxtoeARHPnXXPcDrOU3Xg,@marioajset4283,@diegoalejandrolopezmendez205,1
UC3XTwHxygNCgjndsg-UiCQA,UCFoIAE8k82D6AV-8gjjKaNg,@marioajset4283,@eddymunoz9789,1
UC3XTwHxygNCgjndsg-UiCQA,UCFxE8GbokBrBsPEKM1xrOjQ,@marioajset4283,@JuanDavila-qd7qj,1
UC3XTwHxygNCgjndsg-UiCQA,UCGzXwyCzMzGmjmCbH3Hg01Q,@marioajset4283,@FidelZacarias-ph7dy,1
UC3XTwHxygNCgjndsg-UiCQA,UCHTGCgY2l-DQJIvlA_cpa_Q,@marioajset4283,@virgiliogarcia3039,1
UC3XTwHxygNCgjndsg-UiCQA,UCKDR0f2fu2UzWL8mBv5-BHw,@marioajset4283,@mireyamorales6595,1
UC3XTwHxygNCgjndsg-UiCQA,UCL13XhnRzbGokEkCkEOb0-g,@marioajset4283,@raquelprado3643,1
UC3XTwHxygNCgjndsg-UiCQA,UCL1MT278vSaQ83ZDkVWn1gw,@marioajset4283,@elmorodriguez6978,1
UC3XTwHxygNCgjndsg-UiCQA,UCLFdHr9BEbXHkoJopbEPLZw,@marioajset4283,@kanterra4584,1
UC3XTwHxygNCgjndsg-UiCQA,UCLggDc_a5HriXv7I1h02sOA,@marioajset4283,@guillermogonzalez5153,1
UC3XTwHxygNCgjndsg-UiCQA,UCNBnKqWf4d-rS4HwJRQljmQ,@marioajset4283,@LE_A22,1
UC3XTwHxygNCgjndsg-UiCQA,UCNkcuy42zEwddwEcOd_HpnA,@marioajset4283,@vanigomez492,1
UC3XTwHxygNCgjndsg-UiCQA,UCOh6DaZC_x9HASnlRylEMfw,@marioajset4283,@AndresMedina-v1s,1
UC3XTwHxygNCgjndsg-UiCQA,UCQtICyzWmhC5woCtbNgaSmg,@marioajset4283,@nestormendez6216,1
UC3XTwHxygNCgjndsg-UiCQA,UCQtSFINs1h6GHkpg9o5kMvg,@marioajset4283,@MacarioMartinezruiz,1
UC3XTwHxygNCgjndsg-UiCQA,UCRETAiYdh2dL5ZxB0_N1zDA,@marioajset4283,@Joseroland21,1
UC3XTwHxygNCgjndsg-UiCQA,UCRlCV9zSn7avAWh-9_XFWqQ,@marioajset4283,@ronyarana8849,1
UC3XTwHxygNCgjndsg-UiCQA,UCSou6a2OuYGSvPjm5psquyA,@marioajset4283,@FranciscoRivera-sf7ne,1
UC3XTwHxygNCgjndsg-UiCQA,UCTD6q1nyIe3Y7HhqjaMj72w,@marioajset4283,@JuanChang-r6k,1
UC3XTwHxygNCgjndsg-UiCQA,UCTP3O0rMnc8z8v8jaDQwL0w,@marioajset4283,@RobertoZelaya-x1v,1
UC3XTwHxygNCgjndsg-UiCQA,UCThW2XNsAaBKme5PUt7n-Zg,@marioajset4283,@thelmamoran8565,1
UC3XTwHxygNCgjndsg-UiCQA,UCTwSut16JyAg3mX6LVUNGqA,@marioajset4283,@SuperVictor2005,1
UC3XTwHxygNCgjndsg-UiCQA,UCTylKrsqkrBKIqubMu_5N0Q,@marioajset4283,@edwingeovanymarroquinmarro6684,1
UC3XTwHxygNCgjndsg-UiCQA,UCUIIIPTVDVHAXqhC_5V6lPA,@marioajset4283,@gorrarota,1
UC3XTwHxygNCgjndsg-UiCQA,UCXXh7yg5KUFIWylTiKVEFKQ,@marioajset4283,@MrDuenderojo,1
UC3XTwHxygNCgjndsg-UiCQA,UCXgr7vXlRrsaskPdo097kGA,@marioajset4283,@Rogergh-nw4oj,1
UC3XTwHxygNCgjndsg-UiCQA,UCYN4wSQ1Sx4_LurxLlW7MPg,@marioajset4283,@belarminavillatoro6474,1
UC3XTwHxygNCgjndsg-UiCQA,UCYwpX26TrCxq8TvbKGRYLXA,@marioajset4283,@beneficioelcaminovillacana8540,1
UC3XTwHxygNCgjndsg-UiCQA,UCcfdg8crmMJwEuLUsAhV7yg,@marioajset4283,@RolandoRaguay,1
UC3XTwHxygNCgjndsg-UiCQA,UCfM3nrxtTQMY5jFx1v1J4Gg,@marioajset4283,@edgarroldan5539,1
UC3XTwHxygNCgjndsg-UiCQA,UChZknRmJkeGeQk0-mQuhDOg,@marioajset4283,@OdilioRodríguez-c5w,1
UC3XTwHxygNCgjndsg-UiCQA,UChep9kVb5gQmpodEEl10Xlg,@marioajset4283,@carlosaguilar-kz7ml,1
UC3XTwHxygNCgjndsg-UiCQA,UCi1b_TRQfgO1Z9O2gNGGWNA,@marioajset4283,@davidisraelesquitsaquil,1
UC3XTwHxygNCgjndsg-UiCQA,UCiGRBf2RNF0WRKhRVT7zFoA,@marioajset4283,@edwinavila4876,1
UC3XTwHxygNCgjndsg-UiCQA,UCiMythXHsw7eQEMykCdmMUA,@marioajset4283,@JavierBecerra-h6x,1
UC3XTwHxygNCgjndsg-UiCQA,UCipetjeiWj4CZB6EbyYziZg,@marioajset4283,@OseasSamayoa-ol5rz,1
UC3XTwHxygNCgjndsg-UiCQA,UCj-LL25XJnjxepPKCc3NGog,@marioajset4283,@anaaguirre8985,1
UC3XTwHxygNCgjndsg-UiCQA,UCjSKM9j0Q7HLDr1hD6D-TUw,@marioajset4283,@josehidalgo4875,1
UC3XTwHxygNCgjndsg-UiCQA,UCjmPuazZJzscrwvk0QR9RVw,@marioajset4283,@mynorrodas8591,1
UC3XTwHxygNCgjndsg-UiCQA,UCkd9W714-947dEE6ZOEBATA,@marioajset4283,@ARGELIATELON,1
UC3XTwHxygNCgjndsg-UiCQA,UCl0ekS9Tt0jJGtOEM18S63w,@marioajset4283,@monkchapin,1
UC3XTwHxygNCgjndsg-UiCQA,UCljDbleJul41G1TzOjOZAVA,@marioajset4283,@hectorcarranza3777,1
UC3XTwHxygNCgjndsg-UiCQA,UCmvOgzmmXbjUthHy-WJ52hQ,@marioajset4283,@mariorodas593,1
UC3XTwHxygNCgjndsg-UiCQA,UCp4iw5_5SmV9VGTFSNVGOmQ,@marioajset4283,@CARLOSSTREMS51,1
UC3XTwHxygNCgjndsg-UiCQA,UCpl8rF8uv_8uui-QRvuJaRA,@marioajset4283,@SergioGarcia-z9c,1
UC3XTwHxygNCgjndsg-UiCQA,UCplrIQtaPj6au60_f2-mOYw,@marioajset4283,@romeolopezherrarte799,1
UC3XTwHxygNCgjndsg-UiCQA,UCpsKOkt5iWTbenzeuq7dsmQ,@marioajset4283,@inge_vergueta,1
UC3XTwHxygNCgjndsg-UiCQA,UCr1emrogPKkKTs_WTtx71xg,@marioajset4283,@domingopeneleu6457,1
UC3XTwHxygNCgjndsg-UiCQA,UCrJn_rbo_ENAdeqneS-RmRw,@marioajset4283,@josecarrera9623,1
UC3XTwHxygNCgjndsg-UiCQA,UCsJJAvrVGupdmhOqgtDp8dg,@marioajset4283,@nestorlorenzana1168,1
UC3XTwHxygNCgjndsg-UiCQA,UCsSXdJct-nsS8DsABoEsaYA,@marioajset4283,@IvánPérez-j4j,1
UC3XTwHxygNCgjndsg-UiCQA,UCsUCN0Yq_UyTvKjOJLmNrnQ,@marioajset4283,@moisesvaldez4043,1
UC3XTwHxygNCgjndsg-UiCQA,UCsjs5Hp_r86x1xbK6FAeqaA,@marioajset4283,@alvaroesquivel563,1
UC3XTwHxygNCgjndsg-UiCQA,UCtNfIBnc5S5DbbQj_yxgJTw,@marioajset4283,@JosueRamirez-ey3ih,1
UC3XTwHxygNCgjndsg-UiCQA,UCtUR3_CAiE7fCoZHM6cMfyQ,@marioajset4283,@mdelcid01,1
UC3XTwHxygNCgjndsg-UiCQA,UCvApqeCbLod-wejtT4CcVuA,@marioajset4283,@davidgaher9550,1
UC3XTwHxygNCgjndsg-UiCQA,UCwO2SXr0ggzwg6QWWrr01nQ,@marioajset4283,@ricardofigueroa5720,1
UC3XTwHxygNCgjndsg-UiCQA,UCwha8rxULYMVtNwZWeSkE1A,@marioajset4283,@mariasamo8637,1
UC3XTwHxygNCgjndsg-UiCQA,UCySYJU5kUh7X8gVt9la2ISA,@marioajset4283,@dantesarti4351,1
UC3XTwHxygNCgjndsg-UiCQA,UCylqlpsh8ENNM1LqgQ1KbxA,@marioajset4283,@Jel.Awesh.M,1
UC3XTwHxygNCgjndsg-UiCQA,UCz3gu01bmjNv0DpRq-K3XYg,@marioajset4283,@eusebiovasquez4385,1
UC3XTwHxygNCgjndsg-UiCQA,UCzSfZlOVxBSs5ObD25ywxDQ,@marioajset4283,@GilmarMaldonado-q9m,1
UCgQw_Sbq3ugruDUKsq1e0-A,UC-fiZBS5Gp1eCJd9ucgWnCg,@marlenareano-h4t,@Tommii.10,1
UCgQw_Sbq3ugruDUKsq1e0-A,UC1DpqK6vaPEkBOMNvypsKYg,@marlenareano-h4t,@HectorCarranza-u4j4o,1
UCgQw_Sbq3ugruDUKsq1e0-A,UC32oozucwCF3q8d4m8fyOUg,@marlenareano-h4t,@RauldejesusOlivagonzalez,1
UCgQw_Sbq3ugruDUKsq1e0-A,UC3UVO7pTbeYvZ3ILEyRDskQ,@marlenareano-h4t,@rosaelenaargueta79,1
UCgQw_Sbq3ugruDUKsq1e0-A,UC4Avya4kmR4Q0FrfFdBozSQ,@marlenareano-h4t,@davidlima1348,1
UCgQw_Sbq3ugruDUKsq1e0-A,UC5hvEnRUzI4Kfvwnyi4QxqQ,@marlenareano-h4t,@leonelsantizo5281,1
UCgQw_Sbq3ugruDUKsq1e0-A,UC6Uj1FT5JjDSF8vudvDxPAA,@marlenareano-h4t,@alfredoortega9264,1
UCgQw_Sbq3ugruDUKsq1e0-A,UC7dadZG7kkGYnsNu6td0FbA,@marlenareano-h4t,@lesolorzano,1
UCgQw_Sbq3ugruDUKsq1e0-A,UC816IGbFCZinfYS1LRDaaHg,@marlenareano-h4t,@ingenieroar,1
UCgQw_Sbq3ugruDUKsq1e0-A,UCAKuKvcbfnBD3kF5njNu-IA,@marlenareano-h4t,@melvinlopez7096,1
UCgQw_Sbq3ugruDUKsq1e0-A,UCCBYcToQ2dwkd6TJh0FSyDg,@marlenareano-h4t,@lidiarodriguez3493,1
UCgQw_Sbq3ugruDUKsq1e0-A,UCDrmf9y9nLgFY5wnA2hTuGA,@marlenareano-h4t,@laboratorio5528,1
UCgQw_Sbq3ugruDUKsq1e0-A,UCGGHbtfbbe0o68etrOf0qxw,@marlenareano-h4t,@karensussetteleonvargas9794,1
UCgQw_Sbq3ugruDUKsq1e0-A,UCHbwIx9pmQuf7i-4_xO2EpA,@marlenareano-h4t,@caminoseternos752,1
UCgQw_Sbq3ugruDUKsq1e0-A,UCQqlPPUGqAfWjd-FSh_qn7Q,@marlenareano-h4t,@estuardoargueta137,1
UCgQw_Sbq3ugruDUKsq1e0-A,UCRvPToDkkumha7WJAfCDk1A,@marlenareano-h4t,@ligiaguerra3057,1
UCgQw_Sbq3ugruDUKsq1e0-A,UCUoYsrx1oZnCZ0usbBJn4fA,@marlenareano-h4t,@AnaDiaz-re9sq,1
UCgQw_Sbq3ugruDUKsq1e0-A,UCV0lM03g5fg5pbPj97-sAtA,@marlenareano-h4t,@genarodelgado3929,1
UCgQw_Sbq3ugruDUKsq1e0-A,UCW-JC6lebVmf2P1dmY_L94g,@marlenareano-h4t,@dinoraoroxon5771,1
UCgQw_Sbq3ugruDUKsq1e0-A,UCW80DaMjQlEUibC98Cot-Dg,@marlenareano-h4t,@rogeraldana4289,1
UCgQw_Sbq3ugruDUKsq1e0-A,UCWoAVGVqCn4xtINCMOTM4jg,@marlenareano-h4t,@OmarMartinez-vv8re,1
UCgQw_Sbq3ugruDUKsq1e0-A,UCZeIIQrGAedW8tCbKWmGY-A,@marlenareano-h4t,@mariocordon8873,1
UCgQw_Sbq3ugruDUKsq1e0-A,UC_LYoGs5C3mbZKZuKuqYCvw,@marlenareano-h4t,@javiercifuentesarchila6041,1
UCgQw_Sbq3ugruDUKsq1e0-A,UCe8JZoYkX5oKUZyivHYdXhw,@marlenareano-h4t,@FernandoGarcia-jg1fj,1
UCgQw_Sbq3ugruDUKsq1e0-A,UCgJNFj5dnxXpcMvmuhZDPxA,@marlenareano-h4t,@NataliaRodriguez-rx5mr,1
UCgQw_Sbq3ugruDUKsq1e0-A,UClhMWQ7XKWywYvbRnuf8QsA,@marlenareano-h4t,@EcPerez-zz9oh,1
UCgQw_Sbq3ugruDUKsq1e0-A,UClqA491Xa5fQcXcJJa-vTWw,@marlenareano-h4t,@AndresLemus-k2d,1
UCgQw_Sbq3ugruDUKsq1e0-A,UColMq7LmaoY3MT6aIDGrGvA,@marlenareano-h4t,@quijotachapina1,1
UCgQw_Sbq3ugruDUKsq1e0-A,UCpe5jW3MIqkgTJ-PgkzvM6Q,@marlenareano-h4t,@carloslam5333,1
UCgQw_Sbq3ugruDUKsq1e0-A,UCpsKOkt5iWTbenzeuq7dsmQ,@marlenareano-h4t,@inge_vergueta,1
UCgQw_Sbq3ugruDUKsq1e0-A,UCsGoJEvb-cFPZ2rWoJcXzEQ,@marlenareano-h4t,@sergiohinestroza9709,1
UCgQw_Sbq3ugruDUKsq1e0-A,UCu8_3-Wg-YzNyvHYQDEscfw,@marlenareano-h4t,@RolandoCastroPérez-d7y,1
UCgQw_Sbq3ugruDUKsq1e0-A,UCuXmOjxC-htcprLgeVXz6Tg,@marlenareano-h4t,@jorgeaguilar-bq3uj,1
UCgQw_Sbq3ugruDUKsq1e0-A,UCwjUvRseNtJoItylIyIez7Q,@marlenareano-h4t,@Silviazea,1
UCgQw_Sbq3ugruDUKsq1e0-A,UCylqlpsh8ENNM1LqgQ1KbxA,@marlenareano-h4t,@Jel.Awesh.M,1
UCL13XhnRzbGokEkCkEOb0-g,UC-hfX8J5JPJ-dfuakzegMLA,@raquelprado3643,@normaleticiaorozcojuarez2418,1
UCL13XhnRzbGokEkCkEOb0-g,UC-jS_kA9w-OmpupXDx156Rg,@raquelprado3643,@simoncreyesc7579,1
UCL13XhnRzbGokEkCkEOb0-g,UC1vr9aaMI2crB0NvwFHUeoQ,@raquelprado3643,@JoseSimilox-p6e,1
UCL13XhnRzbGokEkCkEOb0-g,UC2Y_EHWQKevubk4vOEBBFxw,@raquelprado3643,@alfonsomorales2653,1
UCL13XhnRzbGokEkCkEOb0-g,UC2weSE8rpqkGMOp6StYtVfg,@raquelprado3643,@katerynsantiago2907,1
UCL13XhnRzbGokEkCkEOb0-g,UC3E9mAgP7VoAE5mZoAexl5g,@raquelprado3643,@EnnioAroche,1
UCL13XhnRzbGokEkCkEOb0-g,UC3NMzdMYryaw82kPTnsaljg,@raquelprado3643,@marisosa7832,1
UCL13XhnRzbGokEkCkEOb0-g,UC3qn1yJA5PeW9rkGPatQxiw,@raquelprado3643,@VICTOREST19,1
UCL13XhnRzbGokEkCkEOb0-g,UC4cXueR2bKGFJV0Fk76gwmA,@raquelprado3643,@aluxdel4792,1
UCL13XhnRzbGokEkCkEOb0-g,UC5bG9nc_JV3FsNP2KseQiYw,@raquelprado3643,@giovannirodas4836,1
UCL13XhnRzbGokEkCkEOb0-g,UC650pRT-OYzny3GwOH8Cgfw,@raquelprado3643,@edvinparedesherrera7632,1
UCL13XhnRzbGokEkCkEOb0-g,UC6YSZqL0vEcI-niPKIMUGfw,@raquelprado3643,@maxwellsales885,1
UCL13XhnRzbGokEkCkEOb0-g,UC72gBAtyb_VXQlYDcFrh6oQ,@raquelprado3643,@osmanmorales3012,1
UCL13XhnRzbGokEkCkEOb0-g,UC7VUuJr9cGh845CmTvf7TlQ,@raquelprado3643,@LuisCastillo-oz4df,1
UCL13XhnRzbGokEkCkEOb0-g,UC8G5cJONY8L9voMyBW8Eoug,@raquelprado3643,@luisparedes-pw6qt,1
UCL13XhnRzbGokEkCkEOb0-g,UC8r11yOugM2NuRfitQOxLLg,@raquelprado3643,@cesaraugustomoralesmonroy6907,1
UCL13XhnRzbGokEkCkEOb0-g,UC9xr9QvIcDvoZNUX5f-jaZw,@raquelprado3643,@MariaaliciaColonmorales,1
UCL13XhnRzbGokEkCkEOb0-g,UCA93ym2TXs_Ibyxb4Vcn-6Q,@raquelprado3643,@oswaldosolis8728,1
UCL13XhnRzbGokEkCkEOb0-g,UCAlzM_N6xBlMYmM8EBzX86Q,@raquelprado3643,@carlossoto3252,1
UCL13XhnRzbGokEkCkEOb0-g,UCAmtbUiIrUIhikru0ZoTFig,@raquelprado3643,@Aura-vf6dm,1
UCL13XhnRzbGokEkCkEOb0-g,UCB5p8a5gklc80jJItP6xTHg,@raquelprado3643,@ernestogamboa8737,1
UCL13XhnRzbGokEkCkEOb0-g,UCDPWkUX3sNNaCx-m1dV4glA,@raquelprado3643,@hectoroliva949,1
UCL13XhnRzbGokEkCkEOb0-g,UCDQaQv0hr2SS_PO-CMEwVHg,@raquelprado3643,@federicosaquimux1933,1
UCL13XhnRzbGokEkCkEOb0-g,UCDUffaruH6dyUnUGwsTKpgg,@raquelprado3643,@luisletona2842,1
UCL13XhnRzbGokEkCkEOb0-g,UCDftMWXQoJ6nONfY7GVOVjg,@raquelprado3643,@luisgpacheco5858,1
UCL13XhnRzbGokEkCkEOb0-g,UCDlr1VadSucIZgZ171pRBjQ,@raquelprado3643,@cuabatzjj5924,1
UCL13XhnRzbGokEkCkEOb0-g,UCEgEQmRbtL5fwr9_DqAC--g,@raquelprado3643,@ArielRodas-g5y,1
UCL13XhnRzbGokEkCkEOb0-g,UCErZPJpHmLCsXs8ZWkAUupQ,@raquelprado3643,@dorisl.garciaroche7763,1
UCL13XhnRzbGokEkCkEOb0-g,UCFUuDARXdmmIrLppEqf-rFg,@raquelprado3643,@allanmunoz7410,1
UCL13XhnRzbGokEkCkEOb0-g,UCFhxtoeARHPnXXPcDrOU3Xg,@raquelprado3643,@diegoalejandrolopezmendez205,1
UCL13XhnRzbGokEkCkEOb0-g,UCFoIAE8k82D6AV-8gjjKaNg,@raquelprado3643,@eddymunoz9789,1
UCL13XhnRzbGokEkCkEOb0-g,UCFxE8GbokBrBsPEKM1xrOjQ,@raquelprado3643,@JuanDavila-qd7qj,1
UCL13XhnRzbGokEkCkEOb0-g,UCGzXwyCzMzGmjmCbH3Hg01Q,@raquelprado3643,@FidelZacarias-ph7dy,1
UCL13XhnRzbGokEkCkEOb0-g,UCHTGCgY2l-DQJIvlA_cpa_Q,@raquelprado3643,@virgiliogarcia3039,1
UCL13XhnRzbGokEkCkEOb0-g,UCKDR0f2fu2UzWL8mBv5-BHw,@raquelprado3643,@mireyamorales6595,1
UCL13XhnRzbGokEkCkEOb0-g,UCL1MT278vSaQ83ZDkVWn1gw,@raquelprado3643,@elmorodriguez6978,1
UCL13XhnRzbGokEkCkEOb0-g,UCLFdHr9BEbXHkoJopbEPLZw,@raquelprado3643,@kanterra4584,1
UCL13XhnRzbGokEkCkEOb0-g,UCLggDc_a5HriXv7I1h02sOA,@raquelprado3643,@guillermogonzalez5153,1
UCL13XhnRzbGokEkCkEOb0-g,UCNBnKqWf4d-rS4HwJRQljmQ,@raquelprado3643,@LE_A22,1
UCL13XhnRzbGokEkCkEOb0-g,UCNkcuy42zEwddwEcOd_HpnA,@raquelprado3643,@vanigomez492,1
UCL13XhnRzbGokEkCkEOb0-g,UCOh6DaZC_x9HASnlRylEMfw,@raquelprado3643,@AndresMedina-v1s,1
UCL13XhnRzbGokEkCkEOb0-g,UCQtICyzWmhC5woCtbNgaSmg,@raquelprado3643,@nestormendez6216,1
UCL13XhnRzbGokEkCkEOb0-g,UCQtSFINs1h6GHkpg9o5kMvg,@raquelprado3643,@MacarioMartinezruiz,1
UCL13XhnRzbGokEkCkEOb0-g,UCRETAiYdh2dL5ZxB0_N1zDA,@raquelprado3643,@Joseroland21,1
UCL13XhnRzbGokEkCkEOb0-g,UCRlCV9zSn7avAWh-9_XFWqQ,@raquelprado3643,@ronyarana8849,1
UCL13XhnRzbGokEkCkEOb0-g,UCSou6a2OuYGSvPjm5psquyA,@raquelprado3643,@FranciscoRivera-sf7ne,1
UCL13XhnRzbGokEkCkEOb0-g,UCTD6q1nyIe3Y7HhqjaMj72w,@raquelprado3643,@JuanChang-r6k,1
UCL13XhnRzbGokEkCkEOb0-g,UCTP3O0rMnc8z8v8jaDQwL0w,@raquelprado3643,@RobertoZelaya-x1v,1
UCL13XhnRzbGokEkCkEOb0-g,UCThW2XNsAaBKme5PUt7n-Zg,@raquelprado3643,@thelmamoran8565,1
UCL13XhnRzbGokEkCkEOb0-g,UCTwSut16JyAg3mX6LVUNGqA,@raquelprado3643,@SuperVictor2005,1
UCL13XhnRzbGokEkCkEOb0-g,UCTylKrsqkrBKIqubMu_5N0Q,@raquelprado3643,@edwingeovanymarroquinmarro6684,1
UCL13XhnRzbGokEkCkEOb0-g,UCUIIIPTVDVHAXqhC_5V6lPA,@raquelprado3643,@gorrarota,1
UCL13XhnRzbGokEkCkEOb0-g,UCXXh7yg5KUFIWylTiKVEFKQ,@raquelprado3643,@MrDuenderojo,1
UCL13XhnRzbGokEkCkEOb0-g,UCXgr7vXlRrsaskPdo097kGA,@raquelprado3643,@Rogergh-nw4oj,1
UCL13XhnRzbGokEkCkEOb0-g,UCYN4wSQ1Sx4_LurxLlW7MPg,@raquelprado3643,@belarminavillatoro6474,1
UCL13XhnRzbGokEkCkEOb0-g,UCYwpX26TrCxq8TvbKGRYLXA,@raquelprado3643,@beneficioelcaminovillacana8540,1
UCL13XhnRzbGokEkCkEOb0-g,UCcfdg8crmMJwEuLUsAhV7yg,@raquelprado3643,@RolandoRaguay,1
UCL13XhnRzbGokEkCkEOb0-g,UCfM3nrxtTQMY5jFx1v1J4Gg,@raquelprado3643,@edgarroldan5539,1
UCL13XhnRzbGokEkCkEOb0-g,UChZknRmJkeGeQk0-mQuhDOg,@raquelprado3643,@OdilioRodríguez-c5w,1
UCL13XhnRzbGokEkCkEOb0-g,UChep9kVb5gQmpodEEl10Xlg,@raquelprado3643,@carlosaguilar-kz7ml,1
UCL13XhnRzbGokEkCkEOb0-g,UCi1b_TRQfgO1Z9O2gNGGWNA,@raquelprado3643,@davidisraelesquitsaquil,1
UCL13XhnRzbGokEkCkEOb0-g,UCiGRBf2RNF0WRKhRVT7zFoA,@raquelprado3643,@edwinavila4876,1
UCL13XhnRzbGokEkCkEOb0-g,UCiMythXHsw7eQEMykCdmMUA,@raquelprado3643,@JavierBecerra-h6x,1
UCL13XhnRzbGokEkCkEOb0-g,UCipetjeiWj4CZB6EbyYziZg,@raquelprado3643,@OseasSamayoa-ol5rz,1
UCL13XhnRzbGokEkCkEOb0-g,UCj-LL25XJnjxepPKCc3NGog,@raquelprado3643,@anaaguirre8985,1
UCL13XhnRzbGokEkCkEOb0-g,UCjSKM9j0Q7HLDr1hD6D-TUw,@raquelprado3643,@josehidalgo4875,1
UCL13XhnRzbGokEkCkEOb0-g,UCjmPuazZJzscrwvk0QR9RVw,@raquelprado3643,@mynorrodas8591,1
UCL13XhnRzbGokEkCkEOb0-g,UCkd9W714-947dEE6ZOEBATA,@raquelprado3643,@ARGELIATELON,1
UCL13XhnRzbGokEkCkEOb0-g,UCl0ekS9Tt0jJGtOEM18S63w,@raquelprado3643,@monkchapin,1
UCL13XhnRzbGokEkCkEOb0-g,UCljDbleJul41G1TzOjOZAVA,@raquelprado3643,@hectorcarranza3777,1
UCL13XhnRzbGokEkCkEOb0-g,UCmvOgzmmXbjUthHy-WJ52hQ,@raquelprado3643,@mariorodas593,1
UCL13XhnRzbGokEkCkEOb0-g,UCp4iw5_5SmV9VGTFSNVGOmQ,@raquelprado3643,@CARLOSSTREMS51,1
UCL13XhnRzbGokEkCkEOb0-g,UCpl8rF8uv_8uui-QRvuJaRA,@raquelprado3643,@SergioGarcia-z9c,1
UCL13XhnRzbGokEkCkEOb0-g,UCplrIQtaPj6au60_f2-mOYw,@raquelprado3643,@romeolopezherrarte799,1
UCL13XhnRzbGokEkCkEOb0-g,UCpsKOkt5iWTbenzeuq7dsmQ,@raquelprado3643,@inge_vergueta,1
UCL13XhnRzbGokEkCkEOb0-g,UCr1emrogPKkKTs_WTtx71xg,@raquelprado3643,@domingopeneleu6457,1
UCL13XhnRzbGokEkCkEOb0-g,UCrJn_rbo_ENAdeqneS-RmRw,@raquelprado3643,@josecarrera9623,1
UCL13XhnRzbGokEkCkEOb0-g,UCsJJAvrVGupdmhOqgtDp8dg,@raquelprado3643,@nestorlorenzana1168,1
UCL13XhnRzbGokEkCkEOb0-g,UCsSXdJct-nsS8DsABoEsaYA,@raquelprado3643,@IvánPérez-j4j,1
UCL13XhnRzbGokEkCkEOb0-g,UCsUCN0Yq_UyTvKjOJLmNrnQ,@raquelprado3643,@moisesvaldez4043,1
UCL13XhnRzbGokEkCkEOb0-g,UCsjs5Hp_r86x1xbK6FAeqaA,@raquelprado3643,@alvaroesquivel563,1
UCL13XhnRzbGokEkCkEOb0-g,UCtNfIBnc5S5DbbQj_yxgJTw,@raquelprado3643,@JosueRamirez-ey3ih,1
UCL13XhnRzbGokEkCkEOb0-g,UCtUR3_CAiE7fCoZHM6cMfyQ,@raquelprado3643,@mdelcid01,1
UCL13XhnRzbGokEkCkEOb0-g,UCvApqeCbLod-wejtT4CcVuA,@raquelprado3643,@davidgaher9550,1
UCL13XhnRzbGokEkCkEOb0-g,UCwO2SXr0ggzwg6QWWrr01nQ,@raquelprado3643,@ricardofigueroa5720,1
UCL13XhnRzbGokEkCkEOb0-g,UCwha8rxULYMVtNwZWeSkE1A,@raquelprado3643,@mariasamo8637,1
UCL13XhnRzbGokEkCkEOb0-g,UCySYJU5kUh7X8gVt9la2ISA,@raquelprado3643,@dantesarti4351,1
UCL13XhnRzbGokEkCkEOb0-g,UCylqlpsh8ENNM1LqgQ1KbxA,@raquelprado3643,@Jel.Awesh.M,1
UCL13XhnRzbGokEkCkEOb0-g,UCz3gu01bmjNv0DpRq-K3XYg,@raquelprado3643,@eusebiovasquez4385,1
UCL13XhnRzbGokEkCkEOb0-g,UCzSfZlOVxBSs5ObD25ywxDQ,@raquelprado3643,@GilmarMaldonado-q9m,1
UCQtSFINs1h6GHkpg9o5kMvg,UC-hfX8J5JPJ-dfuakzegMLA,@MacarioMartinezruiz,@normaleticiaorozcojuarez2418,1
UCQtSFINs1h6GHkpg9o5kMvg,UC-jS_kA9w-OmpupXDx156Rg,@MacarioMartinezruiz,@simoncreyesc7579,1
UCQtSFINs1h6GHkpg9o5kMvg,UC1vr9aaMI2crB0NvwFHUeoQ,@MacarioMartinezruiz,@JoseSimilox-p6e,1
UCQtSFINs1h6GHkpg9o5kMvg,UC2Y_EHWQKevubk4vOEBBFxw,@MacarioMartinezruiz,@alfonsomorales2653,1
UCQtSFINs1h6GHkpg9o5kMvg,UC2weSE8rpqkGMOp6StYtVfg,@MacarioMartinezruiz,@katerynsantiago2907,1
UCQtSFINs1h6GHkpg9o5kMvg,UC3E9mAgP7VoAE5mZoAexl5g,@MacarioMartinezruiz,@EnnioAroche,1
UCQtSFINs1h6GHkpg9o5kMvg,UC3NMzdMYryaw82kPTnsaljg,@MacarioMartinezruiz,@marisosa7832,1
UCQtSFINs1h6GHkpg9o5kMvg,UC3qn1yJA5PeW9rkGPatQxiw,@MacarioMartinezruiz,@VICTOREST19,1
UCQtSFINs1h6GHkpg9o5kMvg,UC4cXueR2bKGFJV0Fk76gwmA,@MacarioMartinezruiz,@aluxdel4792,1
UCQtSFINs1h6GHkpg9o5kMvg,UC5bG9nc_JV3FsNP2KseQiYw,@MacarioMartinezruiz,@giovannirodas4836,1
UCQtSFINs1h6GHkpg9o5kMvg,UC650pRT-OYzny3GwOH8Cgfw,@MacarioMartinezruiz,@edvinparedesherrera7632,1
UCQtSFINs1h6GHkpg9o5kMvg,UC6YSZqL0vEcI-niPKIMUGfw,@MacarioMartinezruiz,@maxwellsales885,1
UCQtSFINs1h6GHkpg9o5kMvg,UC72gBAtyb_VXQlYDcFrh6oQ,@MacarioMartinezruiz,@osmanmorales3012,1
UCQtSFINs1h6GHkpg9o5kMvg,UC7VUuJr9cGh845CmTvf7TlQ,@MacarioMartinezruiz,@LuisCastillo-oz4df,1
UCQtSFINs1h6GHkpg9o5kMvg,UC8G5cJONY8L9voMyBW8Eoug,@MacarioMartinezruiz,@luisparedes-pw6qt,1
UCQtSFINs1h6GHkpg9o5kMvg,UC8r11yOugM2NuRfitQOxLLg,@MacarioMartinezruiz,@cesaraugustomoralesmonroy6907,1
UCQtSFINs1h6GHkpg9o5kMvg,UC9xr9QvIcDvoZNUX5f-jaZw,@MacarioMartinezruiz,@MariaaliciaColonmorales,1
UCQtSFINs1h6GHkpg9o5kMvg,UCA93ym2TXs_Ibyxb4Vcn-6Q,@MacarioMartinezruiz,@oswaldosolis8728,1
UCQtSFINs1h6GHkpg9o5kMvg,UCAlzM_N6xBlMYmM8EBzX86Q,@MacarioMartinezruiz,@carlossoto3252,1
UCQtSFINs1h6GHkpg9o5kMvg,UCAmtbUiIrUIhikru0ZoTFig,@MacarioMartinezruiz,@Aura-vf6dm,1
UCQtSFINs1h6GHkpg9o5kMvg,UCB5p8a5gklc80jJItP6xTHg,@MacarioMartinezruiz,@ernestogamboa8737,1
UCQtSFINs1h6GHkpg9o5kMvg,UCDPWkUX3sNNaCx-m1dV4glA,@MacarioMartinezruiz,@hectoroliva949,1
UCQtSFINs1h6GHkpg9o5kMvg,UCDQaQv0hr2SS_PO-CMEwVHg,@MacarioMartinezruiz,@federicosaquimux1933,1
UCQtSFINs1h6GHkpg9o5kMvg,UCDUffaruH6dyUnUGwsTKpgg,@MacarioMartinezruiz,@luisletona2842,1
UCQtSFINs1h6GHkpg9o5kMvg,UCDftMWXQoJ6nONfY7GVOVjg,@MacarioMartinezruiz,@luisgpacheco5858,1
UCQtSFINs1h6GHkpg9o5kMvg,UCDlr1VadSucIZgZ171pRBjQ,@MacarioMartinezruiz,@cuabatzjj5924,1
UCQtSFINs1h6GHkpg9o5kMvg,UCEgEQmRbtL5fwr9_DqAC--g,@MacarioMartinezruiz,@ArielRodas-g5y,1
UCQtSFINs1h6GHkpg9o5kMvg,UCErZPJpHmLCsXs8ZWkAUupQ,@MacarioMartinezruiz,@dorisl.garciaroche7763,1
UCQtSFINs1h6GHkpg9o5kMvg,UCFUuDARXdmmIrLppEqf-rFg,@MacarioMartinezruiz,@allanmunoz7410,1
UCQtSFINs1h6GHkpg9o5kMvg,UCFhxtoeARHPnXXPcDrOU3Xg,@MacarioMartinezruiz,@diegoalejandrolopezmendez205,1
UCQtSFINs1h6GHkpg9o5kMvg,UCFoIAE8k82D6AV-8gjjKaNg,@MacarioMartinezruiz,@eddymunoz9789,1
UCQtSFINs1h6GHkpg9o5kMvg,UCFxE8GbokBrBsPEKM1xrOjQ,@MacarioMartinezruiz,@JuanDavila-qd7qj,1
UCQtSFINs1h6GHkpg9o5kMvg,UCGzXwyCzMzGmjmCbH3Hg01Q,@MacarioMartinezruiz,@FidelZacarias-ph7dy,1
UCQtSFINs1h6GHkpg9o5kMvg,UCHTGCgY2l-DQJIvlA_cpa_Q,@MacarioMartinezruiz,@virgiliogarcia3039,1
UCQtSFINs1h6GHkpg9o5kMvg,UCKDR0f2fu2UzWL8mBv5-BHw,@MacarioMartinezruiz,@mireyamorales6595,1
UCQtSFINs1h6GHkpg9o5kMvg,UCL1MT278vSaQ83ZDkVWn1gw,@MacarioMartinezruiz,@elmorodriguez6978,1
UCQtSFINs1h6GHkpg9o5kMvg,UCLFdHr9BEbXHkoJopbEPLZw,@MacarioMartinezruiz,@kanterra4584,1
UCQtSFINs1h6GHkpg9o5kMvg,UCLggDc_a5HriXv7I1h02sOA,@MacarioMartinezruiz,@guillermogonzalez5153,1
UCQtSFINs1h6GHkpg9o5kMvg,UCNBnKqWf4d-rS4HwJRQljmQ,@MacarioMartinezruiz,@LE_A22,1
UCQtSFINs1h6GHkpg9o5kMvg,UCNkcuy42zEwddwEcOd_HpnA,@MacarioMartinezruiz,@vanigomez492,1
UCQtSFINs1h6GHkpg9o5kMvg,UCOh6DaZC_x9HASnlRylEMfw,@MacarioMartinezruiz,@AndresMedina-v1s,1
UCQtSFINs1h6GHkpg9o5kMvg,UCQtICyzWmhC5woCtbNgaSmg,@MacarioMartinezruiz,@nestormendez6216,1
UCQtSFINs1h6GHkpg9o5kMvg,UCRETAiYdh2dL5ZxB0_N1zDA,@MacarioMartinezruiz,@Joseroland21,1
UCQtSFINs1h6GHkpg9o5kMvg,UCRlCV9zSn7avAWh-9_XFWqQ,@MacarioMartinezruiz,@ronyarana8849,1
UCQtSFINs1h6GHkpg9o5kMvg,UCSou6a2OuYGSvPjm5psquyA,@MacarioMartinezruiz,@FranciscoRivera-sf7ne,1
UCQtSFINs1h6GHkpg9o5kMvg,UCTD6q1nyIe3Y7HhqjaMj72w,@MacarioMartinezruiz,@JuanChang-r6k,1
UCQtSFINs1h6GHkpg9o5kMvg,UCTP3O0rMnc8z8v8jaDQwL0w,@MacarioMartinezruiz,@RobertoZelaya-x1v,1
UCQtSFINs1h6GHkpg9o5kMvg,UCThW2XNsAaBKme5PUt7n-Zg,@MacarioMartinezruiz,@thelmamoran8565,1
UCQtSFINs1h6GHkpg9o5kMvg,UCTwSut16JyAg3mX6LVUNGqA,@MacarioMartinezruiz,@SuperVictor2005,1
UCQtSFINs1h6GHkpg9o5kMvg,UCTylKrsqkrBKIqubMu_5N0Q,@MacarioMartinezruiz,@edwingeovanymarroquinmarro6684,1
UCQtSFINs1h6GHkpg9o5kMvg,UCUIIIPTVDVHAXqhC_5V6lPA,@MacarioMartinezruiz,@gorrarota,1
UCQtSFINs1h6GHkpg9o5kMvg,UCXXh7yg5KUFIWylTiKVEFKQ,@MacarioMartinezruiz,@MrDuenderojo,1
UCQtSFINs1h6GHkpg9o5kMvg,UCXgr7vXlRrsaskPdo097kGA,@MacarioMartinezruiz,@Rogergh-nw4oj,1
UCQtSFINs1h6GHkpg9o5kMvg,UCYN4wSQ1Sx4_LurxLlW7MPg,@MacarioMartinezruiz,@belarminavillatoro6474,1
UCQtSFINs1h6GHkpg9o5kMvg,UCYwpX26TrCxq8TvbKGRYLXA,@MacarioMartinezruiz,@beneficioelcaminovillacana8540,1
UCQtSFINs1h6GHkpg9o5kMvg,UCcfdg8crmMJwEuLUsAhV7yg,@MacarioMartinezruiz,@RolandoRaguay,1
UCQtSFINs1h6GHkpg9o5kMvg,UCfM3nrxtTQMY5jFx1v1J4Gg,@MacarioMartinezruiz,@edgarroldan5539,1
UCQtSFINs1h6GHkpg9o5kMvg,UChZknRmJkeGeQk0-mQuhDOg,@MacarioMartinezruiz,@OdilioRodríguez-c5w,1
UCQtSFINs1h6GHkpg9o5kMvg,UChep9kVb5gQmpodEEl10Xlg,@MacarioMartinezruiz,@carlosaguilar-kz7ml,1
UCQtSFINs1h6GHkpg9o5kMvg,UCi1b_TRQfgO1Z9O2gNGGWNA,@MacarioMartinezruiz,@davidisraelesquitsaquil,1
UCQtSFINs1h6GHkpg9o5kMvg,UCiGRBf2RNF0WRKhRVT7zFoA,@MacarioMartinezruiz,@edwinavila4876,1
UCQtSFINs1h6GHkpg9o5kMvg,UCiMythXHsw7eQEMykCdmMUA,@MacarioMartinezruiz,@JavierBecerra-h6x,1
UCQtSFINs1h6GHkpg9o5kMvg,UCipetjeiWj4CZB6EbyYziZg,@MacarioMartinezruiz,@OseasSamayoa-ol5rz,1
UCQtSFINs1h6GHkpg9o5kMvg,UCj-LL25XJnjxepPKCc3NGog,@MacarioMartinezruiz,@anaaguirre8985,1
UCQtSFINs1h6GHkpg9o5kMvg,UCjSKM9j0Q7HLDr1hD6D-TUw,@MacarioMartinezruiz,@josehidalgo4875,1
UCQtSFINs1h6GHkpg9o5kMvg,UCjmPuazZJzscrwvk0QR9RVw,@MacarioMartinezruiz,@mynorrodas8591,1
UCQtSFINs1h6GHkpg9o5kMvg,UCkd9W714-947dEE6ZOEBATA,@MacarioMartinezruiz,@ARGELIATELON,1
UCQtSFINs1h6GHkpg9o5kMvg,UCl0ekS9Tt0jJGtOEM18S63w,@MacarioMartinezruiz,@monkchapin,1
UCQtSFINs1h6GHkpg9o5kMvg,UCljDbleJul41G1TzOjOZAVA,@MacarioMartinezruiz,@hectorcarranza3777,1
UCQtSFINs1h6GHkpg9o5kMvg,UCmvOgzmmXbjUthHy-WJ52hQ,@MacarioMartinezruiz,@mariorodas593,1
UCQtSFINs1h6GHkpg9o5kMvg,UCp4iw5_5SmV9VGTFSNVGOmQ,@MacarioMartinezruiz,@CARLOSSTREMS51,1
UCQtSFINs1h6GHkpg9o5kMvg,UCpl8rF8uv_8uui-QRvuJaRA,@MacarioMartinezruiz,@SergioGarcia-z9c,1
UCQtSFINs1h6GHkpg9o5kMvg,UCplrIQtaPj6au60_f2-mOYw,@MacarioMartinezruiz,@romeolopezherrarte799,1
UCQtSFINs1h6GHkpg9o5kMvg,UCpsKOkt5iWTbenzeuq7dsmQ,@MacarioMartinezruiz,@inge_vergueta,1
UCQtSFINs1h6GHkpg9o5kMvg,UCr1emrogPKkKTs_WTtx71xg,@MacarioMartinezruiz,@domingopeneleu6457,1
UCQtSFINs1h6GHkpg9o5kMvg,UCrJn_rbo_ENAdeqneS-RmRw,@MacarioMartinezruiz,@josecarrera9623,1
UCQtSFINs1h6GHkpg9o5kMvg,UCsJJAvrVGupdmhOqgtDp8dg,@MacarioMartinezruiz,@nestorlorenzana1168,1
UCQtSFINs1h6GHkpg9o5kMvg,UCsSXdJct-nsS8DsABoEsaYA,@MacarioMartinezruiz,@IvánPérez-j4j,1
UCQtSFINs1h6GHkpg9o5kMvg,UCsUCN0Yq_UyTvKjOJLmNrnQ,@MacarioMartinezruiz,@moisesvaldez4043,1
UCQtSFINs1h6GHkpg9o5kMvg,UCsjs5Hp_r86x1xbK6FAeqaA,@MacarioMartinezruiz,@alvaroesquivel563,1
UCQtSFINs1h6GHkpg9o5kMvg,UCtNfIBnc5S5DbbQj_yxgJTw,@MacarioMartinezruiz,@JosueRamirez-ey3ih,1
UCQtSFINs1h6GHkpg9o5kMvg,UCtUR3_CAiE7fCoZHM6cMfyQ,@MacarioMartinezruiz,@mdelcid01,1
UCQtSFINs1h6GHkpg9o5kMvg,UCvApqeCbLod-wejtT4CcVuA,@MacarioMartinezruiz,@davidgaher9550,1
UCQtSFINs1h6GHkpg9o5kMvg,UCwO2SXr0ggzwg6QWWrr01nQ,@MacarioMartinezruiz,@ricardofigueroa5720,1
UCQtSFINs1h6GHkpg9o5kMvg,UCwha8rxULYMVtNwZWeSkE1A,@MacarioMartinezruiz,@mariasamo8637,1
UCQtSFINs1h6GHkpg9o5kMvg,UCySYJU5kUh7X8gVt9la2ISA,@MacarioMartinezruiz,@dantesarti4351,1
UCQtSFINs1h6GHkpg9o5kMvg,UCylqlpsh8ENNM1LqgQ1KbxA,@MacarioMartinezruiz,@Jel.Awesh.M,1
UCQtSFINs1h6GHkpg9o5kMvg,UCz3gu01bmjNv0DpRq-K3XYg,@MacarioMartinezruiz,@eusebiovasquez4385,1
UCQtSFINs1h6GHkpg9o5kMvg,UCzSfZlOVxBSs5ObD25ywxDQ,@MacarioMartinezruiz,@GilmarMaldonado-q9m,1
UC2ngpd8UBQu4gcUYy0goAtg,UCIXLDYqR_syskKRJy_x9W9Q,@juliohernandez7438,@carlitosramirez4739,1
UC2ngpd8UBQu4gcUYy0goAtg,UCLXYp1Cvc5DLtq5UQL5D9vw,@juliohernandez7438,@jorgecifuentes-m5g,1
UC2ngpd8UBQu4gcUYy0goAtg,UCO0zwwLWGyDgQmWPJ5Qrr1w,@juliohernandez7438,@elsalvador3605,1
UC2ngpd8UBQu4gcUYy0goAtg,UCXN2s7DwTJm33xO-pNkAdaA,@juliohernandez7438,@edithsan7688,1
UC2ngpd8UBQu4gcUYy0goAtg,UCfXykdbSU97rj987LDUGfvg,@juliohernandez7438,@MariaSantos-c8y3h,1
UC2ngpd8UBQu4gcUYy0goAtg,UCfjhejO7LZy4doXURa7LZCQ,@juliohernandez7438,@HonwayLee-z5g,1
UC2ngpd8UBQu4gcUYy0goAtg,UCq3mDTTRZnUybct5M9OSXbg,@juliohernandez7438,@MacoMorales-i2i2d,1
UC2ngpd8UBQu4gcUYy0goAtg,UCwCfs-2zbD5k0lG-UVg_JBw,@juliohernandez7438,@JessicaHuaz-96,1
UC7IMsCxfZyWN7YQo8-JYa6Q,UC8xlJWNHz1V_W6q3fbuQH8g,@Burgos68,@NormaLópez-v7e,1
UC7IMsCxfZyWN7YQo8-JYa6Q,UCAV7QIjYhbDJaycQycM_0eQ,@Burgos68,@mariavail8998,1
UC7IMsCxfZyWN7YQo8-JYa6Q,UCGX_UbAQOXGZknv5iqklwTA,@Burgos68,@ronaldgarcia8522,1
UC7IMsCxfZyWN7YQo8-JYa6Q,UCHTGCgY2l-DQJIvlA_cpa_Q,@Burgos68,@virgiliogarcia3039,1
UC7IMsCxfZyWN7YQo8-JYa6Q,UCNIeXbV_mEwpa412h1aqUWw,@Burgos68,@juandeleon9060,1
UC7IMsCxfZyWN7YQo8-JYa6Q,UCPZueDLrCS4BmTBRMA4q0fA,@Burgos68,@kevinochoa3695,1
UC7IMsCxfZyWN7YQo8-JYa6Q,UCVQf0tzL7xRzFJsABVVULpg,@Burgos68,@DennisseLopetegi,1
UC7IMsCxfZyWN7YQo8-JYa6Q,UCbYoNG5J3Au5BqtbXogfEFw,@Burgos68,@Luis-gn3fj,1
UC7IMsCxfZyWN7YQo8-JYa6Q,UCf5lnNZF7Qrtli9v4N_23WQ,@Burgos68,@CarlosCortez-v5r,1
UC7IMsCxfZyWN7YQo8-JYa6Q,UCg3eIfd7BrsLEqS0BLkftHA,@Burgos68,@ErmePérez-q4s,1
UC7IMsCxfZyWN7YQo8-JYa6Q,UCgQJgI9vu1FI2dnC9mrFthw,@Burgos68,@srms70,1
UC7IMsCxfZyWN7YQo8-JYa6Q,UClsrFGJKWPxxw7MiaEdKLXw,@Burgos68,@ericapaz5406,1
UC7IMsCxfZyWN7YQo8-JYa6Q,UCtNyHmRZtvGF2hSvI2dUBWw,@Burgos68,@aureliomaldonado4793,1
UC7IMsCxfZyWN7YQo8-JYa6Q,UCuP4UK33HKtJE_S39ksmaTw,@Burgos68,@herbertaguilar1387,1
UC7IMsCxfZyWN7YQo8-JYa6Q,UCusjriFsDHEc2AOjqk-p5ig,@Burgos68,@pablobarrios7931,1
UC7IMsCxfZyWN7YQo8-JYa6Q,UCzZ6dDCEsLMXbc5pCFXIprw,@Burgos68,@josegil3813,1
UCzSfZlOVxBSs5ObD25ywxDQ,UC-hfX8J5JPJ-dfuakzegMLA,@GilmarMaldonado-q9m,@normaleticiaorozcojuarez2418,1
UCzSfZlOVxBSs5ObD25ywxDQ,UC-jS_kA9w-OmpupXDx156Rg,@GilmarMaldonado-q9m,@simoncreyesc7579,1
UCzSfZlOVxBSs5ObD25ywxDQ,UC1vr9aaMI2crB0NvwFHUeoQ,@GilmarMaldonado-q9m,@JoseSimilox-p6e,1
UCzSfZlOVxBSs5ObD25ywxDQ,UC2Y_EHWQKevubk4vOEBBFxw,@GilmarMaldonado-q9m,@alfonsomorales2653,1
UCzSfZlOVxBSs5ObD25ywxDQ,UC2weSE8rpqkGMOp6StYtVfg,@GilmarMaldonado-q9m,@katerynsantiago2907,1
UCzSfZlOVxBSs5ObD25ywxDQ,UC3E9mAgP7VoAE5mZoAexl5g,@GilmarMaldonado-q9m,@EnnioAroche,1
UCzSfZlOVxBSs5ObD25ywxDQ,UC3NMzdMYryaw82kPTnsaljg,@GilmarMaldonado-q9m,@marisosa7832,1
UCzSfZlOVxBSs5ObD25ywxDQ,UC3qn1yJA5PeW9rkGPatQxiw,@GilmarMaldonado-q9m,@VICTOREST19,1
UCzSfZlOVxBSs5ObD25ywxDQ,UC4cXueR2bKGFJV0Fk76gwmA,@GilmarMaldonado-q9m,@aluxdel4792,1
UCzSfZlOVxBSs5ObD25ywxDQ,UC5bG9nc_JV3FsNP2KseQiYw,@GilmarMaldonado-q9m,@giovannirodas4836,1
UCzSfZlOVxBSs5ObD25ywxDQ,UC650pRT-OYzny3GwOH8Cgfw,@GilmarMaldonado-q9m,@edvinparedesherrera7632,1
UCzSfZlOVxBSs5ObD25ywxDQ,UC6YSZqL0vEcI-niPKIMUGfw,@GilmarMaldonado-q9m,@maxwellsales885,1
UCzSfZlOVxBSs5ObD25ywxDQ,UC72gBAtyb_VXQlYDcFrh6oQ,@GilmarMaldonado-q9m,@osmanmorales3012,1
UCzSfZlOVxBSs5ObD25ywxDQ,UC7VUuJr9cGh845CmTvf7TlQ,@GilmarMaldonado-q9m,@LuisCastillo-oz4df,1
UCzSfZlOVxBSs5ObD25ywxDQ,UC8G5cJONY8L9voMyBW8Eoug,@GilmarMaldonado-q9m,@luisparedes-pw6qt,1
UCzSfZlOVxBSs5ObD25ywxDQ,UC8r11yOugM2NuRfitQOxLLg,@GilmarMaldonado-q9m,@cesaraugustomoralesmonroy6907,1
UCzSfZlOVxBSs5ObD25ywxDQ,UC9xr9QvIcDvoZNUX5f-jaZw,@GilmarMaldonado-q9m,@MariaaliciaColonmorales,1
UCzSfZlOVxBSs5ObD25ywxDQ,UCA93ym2TXs_Ibyxb4Vcn-6Q,@GilmarMaldonado-q9m,@oswaldosolis8728,1
UCzSfZlOVxBSs5ObD25ywxDQ,UCAlzM_N6xBlMYmM8EBzX86Q,@GilmarMaldonado-q9m,@carlossoto3252,1
UCzSfZlOVxBSs5ObD25ywxDQ,UCAmtbUiIrUIhikru0ZoTFig,@GilmarMaldonado-q9m,@Aura-vf6dm,1
UCzSfZlOVxBSs5ObD25ywxDQ,UCB5p8a5gklc80jJItP6xTHg,@GilmarMaldonado-q9m,@ernestogamboa8737,1
UCzSfZlOVxBSs5ObD25ywxDQ,UCDPWkUX3sNNaCx-m1dV4glA,@GilmarMaldonado-q9m,@hectoroliva949,1
UCzSfZlOVxBSs5ObD25ywxDQ,UCDQaQv0hr2SS_PO-CMEwVHg,@GilmarMaldonado-q9m,@federicosaquimux1933,1
UCzSfZlOVxBSs5ObD25ywxDQ,UCDUffaruH6dyUnUGwsTKpgg,@GilmarMaldonado-q9m,@luisletona2842,1
UCzSfZlOVxBSs5ObD25ywxDQ,UCDftMWXQoJ6nONfY7GVOVjg,@GilmarMaldonado-q9m,@luisgpacheco5858,1
UCzSfZlOVxBSs5ObD25ywxDQ,UCDlr1VadSucIZgZ171pRBjQ,@GilmarMaldonado-q9m,@cuabatzjj5924,1
UCzSfZlOVxBSs5ObD25ywxDQ,UCEgEQmRbtL5fwr9_DqAC--g,@GilmarMaldonado-q9m,@ArielRodas-g5y,1
UCzSfZlOVxBSs5ObD25ywxDQ,UCErZPJpHmLCsXs8ZWkAUupQ,@GilmarMaldonado-q9m,@dorisl.garciaroche7763,1
UCzSfZlOVxBSs5ObD25ywxDQ,UCFUuDARXdmmIrLppEqf-rFg,@GilmarMaldonado-q9m,@allanmunoz7410,1
UCzSfZlOVxBSs5ObD25ywxDQ,UCFhxtoeARHPnXXPcDrOU3Xg,@GilmarMaldonado-q9m,@diegoalejandrolopezmendez205,1
UCzSfZlOVxBSs5ObD25ywxDQ,UCFoIAE8k82D6AV-8gjjKaNg,@GilmarMaldonado-q9m,@eddymunoz9789,1
UCzSfZlOVxBSs5ObD25ywxDQ,UCFxE8GbokBrBsPEKM1xrOjQ,@GilmarMaldonado-q9m,@JuanDavila-qd7qj,1
UCzSfZlOVxBSs5ObD25ywxDQ,UCGzXwyCzMzGmjmCbH3Hg01Q,@GilmarMaldonado-q9m,@FidelZacarias-ph7dy,1
UCzSfZlOVxBSs5ObD25ywxDQ,UCHTGCgY2l-DQJIvlA_cpa_Q,@GilmarMaldonado-q9m,@virgiliogarcia3039,1
UCzSfZlOVxBSs5ObD25ywxDQ,UCKDR0f2fu2UzWL8mBv5-BHw,@GilmarMaldonado-q9m,@mireyamorales6595,1
UCzSfZlOVxBSs5ObD25ywxDQ,UCL1MT278vSaQ83ZDkVWn1gw,@GilmarMaldonado-q9m,@elmorodriguez6978,1
UCzSfZlOVxBSs5ObD25ywxDQ,UCLFdHr9BEbXHkoJopbEPLZw,@GilmarMaldonado-q9m,@kanterra4584,1
UCzSfZlOVxBSs5ObD25ywxDQ,UCLggDc_a5HriXv7I1h02sOA,@GilmarMaldonado-q9m,@guillermogonzalez5153,1
UCzSfZlOVxBSs5ObD25ywxDQ,UCNBnKqWf4d-rS4HwJRQljmQ,@GilmarMaldonado-q9m,@LE_A22,1
UCzSfZlOVxBSs5ObD25ywxDQ,UCNkcuy42zEwddwEcOd_HpnA,@GilmarMaldonado-q9m,@vanigomez492,1
UCzSfZlOVxBSs5ObD25ywxDQ,UCOh6DaZC_x9HASnlRylEMfw,@GilmarMaldonado-q9m,@AndresMedina-v1s,1
UCzSfZlOVxBSs5ObD25ywxDQ,UCQtICyzWmhC5woCtbNgaSmg,@GilmarMaldonado-q9m,@nestormendez6216,1
UCzSfZlOVxBSs5ObD25ywxDQ,UCRETAiYdh2dL5ZxB0_N1zDA,@GilmarMaldonado-q9m,@Joseroland21,1
UCzSfZlOVxBSs5ObD25ywxDQ,UCRlCV9zSn7avAWh-9_XFWqQ,@GilmarMaldonado-q9m,@ronyarana8849,1
UCzSfZlOVxBSs5ObD25ywxDQ,UCSou6a2OuYGSvPjm5psquyA,@GilmarMaldonado-q9m,@FranciscoRivera-sf7ne,1
UCzSfZlOVxBSs5ObD25ywxDQ,UCTD6q1nyIe3Y7HhqjaMj72w,@GilmarMaldonado-q9m,@JuanChang-r6k,1
UCzSfZlOVxBSs5ObD25ywxDQ,UCTP3O0rMnc8z8v8jaDQwL0w,@GilmarMaldonado-q9m,@RobertoZelaya-x1v,1
UCzSfZlOVxBSs5ObD25ywxDQ,UCThW2XNsAaBKme5PUt7n-Zg,@GilmarMaldonado-q9m,@thelmamoran8565,1
UCzSfZlOVxBSs5ObD25ywxDQ,UCTwSut16JyAg3mX6LVUNGqA,@GilmarMaldonado-q9m,@SuperVictor2005,1
UCzSfZlOVxBSs5ObD25ywxDQ,UCTylKrsqkrBKIqubMu_5N0Q,@GilmarMaldonado-q9m,@edwingeovanymarroquinmarro6684,1
UCzSfZlOVxBSs5ObD25ywxDQ,UCUIIIPTVDVHAXqhC_5V6lPA,@GilmarMaldonado-q9m,@gorrarota,1
UCzSfZlOVxBSs5ObD25ywxDQ,UCXXh7yg5KUFIWylTiKVEFKQ,@GilmarMaldonado-q9m,@MrDuenderojo,1
UCzSfZlOVxBSs5ObD25ywxDQ,UCXgr7vXlRrsaskPdo097kGA,@GilmarMaldonado-q9m,@Rogergh-nw4oj,1
UCzSfZlOVxBSs5ObD25ywxDQ,UCYN4wSQ1Sx4_LurxLlW7MPg,@GilmarMaldonado-q9m,@belarminavillatoro6474,1
UCzSfZlOVxBSs5ObD25ywxDQ,UCYwpX26TrCxq8TvbKGRYLXA,@GilmarMaldonado-q9m,@beneficioelcaminovillacana8540,1
UCzSfZlOVxBSs5ObD25ywxDQ,UCcfdg8crmMJwEuLUsAhV7yg,@GilmarMaldonado-q9m,@RolandoRaguay,1
UCzSfZlOVxBSs5ObD25ywxDQ,UCfM3nrxtTQMY5jFx1v1J4Gg,@GilmarMaldonado-q9m,@edgarroldan5539,1
UCzSfZlOVxBSs5ObD25ywxDQ,UChZknRmJkeGeQk0-mQuhDOg,@GilmarMaldonado-q9m,@OdilioRodríguez-c5w,1
UCzSfZlOVxBSs5ObD25ywxDQ,UChep9kVb5gQmpodEEl10Xlg,@GilmarMaldonado-q9m,@carlosaguilar-kz7ml,1
UCzSfZlOVxBSs5ObD25ywxDQ,UCi1b_TRQfgO1Z9O2gNGGWNA,@GilmarMaldonado-q9m,@davidisraelesquitsaquil,1
UCzSfZlOVxBSs5ObD25ywxDQ,UCiGRBf2RNF0WRKhRVT7zFoA,@GilmarMaldonado-q9m,@edwinavila4876,1
UCzSfZlOVxBSs5ObD25ywxDQ,UCiMythXHsw7eQEMykCdmMUA,@GilmarMaldonado-q9m,@JavierBecerra-h6x,1
UCzSfZlOVxBSs5ObD25ywxDQ,UCipetjeiWj4CZB6EbyYziZg,@GilmarMaldonado-q9m,@OseasSamayoa-ol5rz,1
UCzSfZlOVxBSs5ObD25ywxDQ,UCj-LL25XJnjxepPKCc3NGog,@GilmarMaldonado-q9m,@anaaguirre8985,1
UCzSfZlOVxBSs5ObD25ywxDQ,UCjSKM9j0Q7HLDr1hD6D-TUw,@GilmarMaldonado-q9m,@josehidalgo4875,1
UCzSfZlOVxBSs5ObD25ywxDQ,UCjmPuazZJzscrwvk0QR9RVw,@GilmarMaldonado-q9m,@mynorrodas8591,1
UCzSfZlOVxBSs5ObD25ywxDQ,UCkd9W714-947dEE6ZOEBATA,@GilmarMaldonado-q9m,@ARGELIATELON,1
UCzSfZlOVxBSs5ObD25ywxDQ,UCl0ekS9Tt0jJGtOEM18S63w,@GilmarMaldonado-q9m,@monkchapin,1
UCzSfZlOVxBSs5ObD25ywxDQ,UCljDbleJul41G1TzOjOZAVA,@GilmarMaldonado-q9m,@hectorcarranza3777,1
UCzSfZlOVxBSs5ObD25ywxDQ,UCmvOgzmmXbjUthHy-WJ52hQ,@GilmarMaldonado-q9m,@mariorodas593,1
UCzSfZlOVxBSs5ObD25ywxDQ,UCp4iw5_5SmV9VGTFSNVGOmQ,@GilmarMaldonado-q9m,@CARLOSSTREMS51,1
UCzSfZlOVxBSs5ObD25ywxDQ,UCpl8rF8uv_8uui-QRvuJaRA,@GilmarMaldonado-q9m,@SergioGarcia-z9c,1
UCzSfZlOVxBSs5ObD25ywxDQ,UCplrIQtaPj6au60_f2-mOYw,@GilmarMaldonado-q9m,@romeolopezherrarte799,1
UCzSfZlOVxBSs5ObD25ywxDQ,UCpsKOkt5iWTbenzeuq7dsmQ,@GilmarMaldonado-q9m,@inge_vergueta,1
UCzSfZlOVxBSs5ObD25ywxDQ,UCr1emrogPKkKTs_WTtx71xg,@GilmarMaldonado-q9m,@domingopeneleu6457,1
UCzSfZlOVxBSs5ObD25ywxDQ,UCrJn_rbo_ENAdeqneS-RmRw,@GilmarMaldonado-q9m,@josecarrera9623,1
UCzSfZlOVxBSs5ObD25ywxDQ,UCsJJAvrVGupdmhOqgtDp8dg,@GilmarMaldonado-q9m,@nestorlorenzana1168,1
UCzSfZlOVxBSs5ObD25ywxDQ,UCsSXdJct-nsS8DsABoEsaYA,@GilmarMaldonado-q9m,@IvánPérez-j4j,1
UCzSfZlOVxBSs5ObD25ywxDQ,UCsUCN0Yq_UyTvKjOJLmNrnQ,@GilmarMaldonado-q9m,@moisesvaldez4043,1
UCzSfZlOVxBSs5ObD25ywxDQ,UCsjs5Hp_r86x1xbK6FAeqaA,@GilmarMaldonado-q9m,@alvaroesquivel563,1
UCzSfZlOVxBSs5ObD25ywxDQ,UCtNfIBnc5S5DbbQj_yxgJTw,@GilmarMaldonado-q9m,@JosueRamirez-ey3ih,1
UCzSfZlOVxBSs5ObD25ywxDQ,UCtUR3_CAiE7fCoZHM6cMfyQ,@GilmarMaldonado-q9m,@mdelcid01,1
UCzSfZlOVxBSs5ObD25ywxDQ,UCvApqeCbLod-wejtT4CcVuA,@GilmarMaldonado-q9m,@davidgaher9550,1
UCzSfZlOVxBSs5ObD25ywxDQ,UCwO2SXr0ggzwg6QWWrr01nQ,@GilmarMaldonado-q9m,@ricardofigueroa5720,1
UCzSfZlOVxBSs5ObD25ywxDQ,UCwha8rxULYMVtNwZWeSkE1A,@GilmarMaldonado-q9m,@mariasamo8637,1
UCzSfZlOVxBSs5ObD25ywxDQ,UCySYJU5kUh7X8gVt9la2ISA,@GilmarMaldonado-q9m,@dantesarti4351,1
UCzSfZlOVxBSs5ObD25ywxDQ,UCylqlpsh8ENNM1LqgQ1KbxA,@GilmarMaldonado-q9m,@Jel.Awesh.M,1
UCzSfZlOVxBSs5ObD25ywxDQ,UCz3gu01bmjNv0DpRq-K3XYg,@GilmarMaldonado-q9m,@eusebiovasquez4385,1
UCLFdHr9BEbXHkoJopbEPLZw,UC-hfX8J5JPJ-dfuakzegMLA,@kanterra4584,@normaleticiaorozcojuarez2418,1
UCLFdHr9BEbXHkoJopbEPLZw,UC-jS_kA9w-OmpupXDx156Rg,@kanterra4584,@simoncreyesc7579,1
UCLFdHr9BEbXHkoJopbEPLZw,UC1vr9aaMI2crB0NvwFHUeoQ,@kanterra4584,@JoseSimilox-p6e,1
UCLFdHr9BEbXHkoJopbEPLZw,UC2Y_EHWQKevubk4vOEBBFxw,@kanterra4584,@alfonsomorales2653,1
UCLFdHr9BEbXHkoJopbEPLZw,UC2weSE8rpqkGMOp6StYtVfg,@kanterra4584,@katerynsantiago2907,1
UCLFdHr9BEbXHkoJopbEPLZw,UC3E9mAgP7VoAE5mZoAexl5g,@kanterra4584,@EnnioAroche,1
UCLFdHr9BEbXHkoJopbEPLZw,UC3NMzdMYryaw82kPTnsaljg,@kanterra4584,@marisosa7832,1
UCLFdHr9BEbXHkoJopbEPLZw,UC3qn1yJA5PeW9rkGPatQxiw,@kanterra4584,@VICTOREST19,1
UCLFdHr9BEbXHkoJopbEPLZw,UC4cXueR2bKGFJV0Fk76gwmA,@kanterra4584,@aluxdel4792,1
UCLFdHr9BEbXHkoJopbEPLZw,UC5bG9nc_JV3FsNP2KseQiYw,@kanterra4584,@giovannirodas4836,1
UCLFdHr9BEbXHkoJopbEPLZw,UC650pRT-OYzny3GwOH8Cgfw,@kanterra4584,@edvinparedesherrera7632,1
UCLFdHr9BEbXHkoJopbEPLZw,UC6YSZqL0vEcI-niPKIMUGfw,@kanterra4584,@maxwellsales885,1
UCLFdHr9BEbXHkoJopbEPLZw,UC72gBAtyb_VXQlYDcFrh6oQ,@kanterra4584,@osmanmorales3012,1
UCLFdHr9BEbXHkoJopbEPLZw,UC7VUuJr9cGh845CmTvf7TlQ,@kanterra4584,@LuisCastillo-oz4df,1
UCLFdHr9BEbXHkoJopbEPLZw,UC8G5cJONY8L9voMyBW8Eoug,@kanterra4584,@luisparedes-pw6qt,1
UCLFdHr9BEbXHkoJopbEPLZw,UC8r11yOugM2NuRfitQOxLLg,@kanterra4584,@cesaraugustomoralesmonroy6907,1
UCLFdHr9BEbXHkoJopbEPLZw,UC9xr9QvIcDvoZNUX5f-jaZw,@kanterra4584,@MariaaliciaColonmorales,1
UCLFdHr9BEbXHkoJopbEPLZw,UCA93ym2TXs_Ibyxb4Vcn-6Q,@kanterra4584,@oswaldosolis8728,1
UCLFdHr9BEbXHkoJopbEPLZw,UCAlzM_N6xBlMYmM8EBzX86Q,@kanterra4584,@carlossoto3252,1
UCLFdHr9BEbXHkoJopbEPLZw,UCAmtbUiIrUIhikru0ZoTFig,@kanterra4584,@Aura-vf6dm,1
UCLFdHr9BEbXHkoJopbEPLZw,UCB5p8a5gklc80jJItP6xTHg,@kanterra4584,@ernestogamboa8737,1
UCLFdHr9BEbXHkoJopbEPLZw,UCDPWkUX3sNNaCx-m1dV4glA,@kanterra4584,@hectoroliva949,1
UCLFdHr9BEbXHkoJopbEPLZw,UCDQaQv0hr2SS_PO-CMEwVHg,@kanterra4584,@federicosaquimux1933,1
UCLFdHr9BEbXHkoJopbEPLZw,UCDUffaruH6dyUnUGwsTKpgg,@kanterra4584,@luisletona2842,1
UCLFdHr9BEbXHkoJopbEPLZw,UCDftMWXQoJ6nONfY7GVOVjg,@kanterra4584,@luisgpacheco5858,1
UCLFdHr9BEbXHkoJopbEPLZw,UCDlr1VadSucIZgZ171pRBjQ,@kanterra4584,@cuabatzjj5924,1
UCLFdHr9BEbXHkoJopbEPLZw,UCEgEQmRbtL5fwr9_DqAC--g,@kanterra4584,@ArielRodas-g5y,1
UCLFdHr9BEbXHkoJopbEPLZw,UCErZPJpHmLCsXs8ZWkAUupQ,@kanterra4584,@dorisl.garciaroche7763,1
UCLFdHr9BEbXHkoJopbEPLZw,UCFUuDARXdmmIrLppEqf-rFg,@kanterra4584,@allanmunoz7410,1
UCLFdHr9BEbXHkoJopbEPLZw,UCFhxtoeARHPnXXPcDrOU3Xg,@kanterra4584,@diegoalejandrolopezmendez205,1
UCLFdHr9BEbXHkoJopbEPLZw,UCFoIAE8k82D6AV-8gjjKaNg,@kanterra4584,@eddymunoz9789,1
UCLFdHr9BEbXHkoJopbEPLZw,UCFxE8GbokBrBsPEKM1xrOjQ,@kanterra4584,@JuanDavila-qd7qj,1
UCLFdHr9BEbXHkoJopbEPLZw,UCGzXwyCzMzGmjmCbH3Hg01Q,@kanterra4584,@FidelZacarias-ph7dy,1
UCLFdHr9BEbXHkoJopbEPLZw,UCHTGCgY2l-DQJIvlA_cpa_Q,@kanterra4584,@virgiliogarcia3039,1
UCLFdHr9BEbXHkoJopbEPLZw,UCKDR0f2fu2UzWL8mBv5-BHw,@kanterra4584,@mireyamorales6595,1
UCLFdHr9BEbXHkoJopbEPLZw,UCL1MT278vSaQ83ZDkVWn1gw,@kanterra4584,@elmorodriguez6978,1
UCLFdHr9BEbXHkoJopbEPLZw,UCLggDc_a5HriXv7I1h02sOA,@kanterra4584,@guillermogonzalez5153,1
UCLFdHr9BEbXHkoJopbEPLZw,UCNBnKqWf4d-rS4HwJRQljmQ,@kanterra4584,@LE_A22,1
UCLFdHr9BEbXHkoJopbEPLZw,UCNkcuy42zEwddwEcOd_HpnA,@kanterra4584,@vanigomez492,1
UCLFdHr9BEbXHkoJopbEPLZw,UCOh6DaZC_x9HASnlRylEMfw,@kanterra4584,@AndresMedina-v1s,1
UCLFdHr9BEbXHkoJopbEPLZw,UCQtICyzWmhC5woCtbNgaSmg,@kanterra4584,@nestormendez6216,1
UCLFdHr9BEbXHkoJopbEPLZw,UCRETAiYdh2dL5ZxB0_N1zDA,@kanterra4584,@Joseroland21,1
UCLFdHr9BEbXHkoJopbEPLZw,UCRlCV9zSn7avAWh-9_XFWqQ,@kanterra4584,@ronyarana8849,1
UCLFdHr9BEbXHkoJopbEPLZw,UCSou6a2OuYGSvPjm5psquyA,@kanterra4584,@FranciscoRivera-sf7ne,1
UCLFdHr9BEbXHkoJopbEPLZw,UCTD6q1nyIe3Y7HhqjaMj72w,@kanterra4584,@JuanChang-r6k,1
UCLFdHr9BEbXHkoJopbEPLZw,UCTP3O0rMnc8z8v8jaDQwL0w,@kanterra4584,@RobertoZelaya-x1v,1
UCLFdHr9BEbXHkoJopbEPLZw,UCThW2XNsAaBKme5PUt7n-Zg,@kanterra4584,@thelmamoran8565,1
UCLFdHr9BEbXHkoJopbEPLZw,UCTwSut16JyAg3mX6LVUNGqA,@kanterra4584,@SuperVictor2005,1
UCLFdHr9BEbXHkoJopbEPLZw,UCTylKrsqkrBKIqubMu_5N0Q,@kanterra4584,@edwingeovanymarroquinmarro6684,1
UCLFdHr9BEbXHkoJopbEPLZw,UCUIIIPTVDVHAXqhC_5V6lPA,@kanterra4584,@gorrarota,1
UCLFdHr9BEbXHkoJopbEPLZw,UCXXh7yg5KUFIWylTiKVEFKQ,@kanterra4584,@MrDuenderojo,1
UCLFdHr9BEbXHkoJopbEPLZw,UCXgr7vXlRrsaskPdo097kGA,@kanterra4584,@Rogergh-nw4oj,1
UCLFdHr9BEbXHkoJopbEPLZw,UCYN4wSQ1Sx4_LurxLlW7MPg,@kanterra4584,@belarminavillatoro6474,1
UCLFdHr9BEbXHkoJopbEPLZw,UCYwpX26TrCxq8TvbKGRYLXA,@kanterra4584,@beneficioelcaminovillacana8540,1
UCLFdHr9BEbXHkoJopbEPLZw,UCcfdg8crmMJwEuLUsAhV7yg,@kanterra4584,@RolandoRaguay,1
UCLFdHr9BEbXHkoJopbEPLZw,UCfM3nrxtTQMY5jFx1v1J4Gg,@kanterra4584,@edgarroldan5539,1
UCLFdHr9BEbXHkoJopbEPLZw,UChZknRmJkeGeQk0-mQuhDOg,@kanterra4584,@OdilioRodríguez-c5w,1
UCLFdHr9BEbXHkoJopbEPLZw,UChep9kVb5gQmpodEEl10Xlg,@kanterra4584,@carlosaguilar-kz7ml,1
UCLFdHr9BEbXHkoJopbEPLZw,UCi1b_TRQfgO1Z9O2gNGGWNA,@kanterra4584,@davidisraelesquitsaquil,1
UCLFdHr9BEbXHkoJopbEPLZw,UCiGRBf2RNF0WRKhRVT7zFoA,@kanterra4584,@edwinavila4876,1
UCLFdHr9BEbXHkoJopbEPLZw,UCiMythXHsw7eQEMykCdmMUA,@kanterra4584,@JavierBecerra-h6x,1
UCLFdHr9BEbXHkoJopbEPLZw,UCipetjeiWj4CZB6EbyYziZg,@kanterra4584,@OseasSamayoa-ol5rz,1
UCLFdHr9BEbXHkoJopbEPLZw,UCj-LL25XJnjxepPKCc3NGog,@kanterra4584,@anaaguirre8985,1
UCLFdHr9BEbXHkoJopbEPLZw,UCjSKM9j0Q7HLDr1hD6D-TUw,@kanterra4584,@josehidalgo4875,1
UCLFdHr9BEbXHkoJopbEPLZw,UCjmPuazZJzscrwvk0QR9RVw,@kanterra4584,@mynorrodas8591,1
UCLFdHr9BEbXHkoJopbEPLZw,UCkd9W714-947dEE6ZOEBATA,@kanterra4584,@ARGELIATELON,1
UCLFdHr9BEbXHkoJopbEPLZw,UCl0ekS9Tt0jJGtOEM18S63w,@kanterra4584,@monkchapin,1
UCLFdHr9BEbXHkoJopbEPLZw,UCljDbleJul41G1TzOjOZAVA,@kanterra4584,@hectorcarranza3777,1
UCLFdHr9BEbXHkoJopbEPLZw,UCmvOgzmmXbjUthHy-WJ52hQ,@kanterra4584,@mariorodas593,1
UCLFdHr9BEbXHkoJopbEPLZw,UCp4iw5_5SmV9VGTFSNVGOmQ,@kanterra4584,@CARLOSSTREMS51,1
UCLFdHr9BEbXHkoJopbEPLZw,UCpl8rF8uv_8uui-QRvuJaRA,@kanterra4584,@SergioGarcia-z9c,1
UCLFdHr9BEbXHkoJopbEPLZw,UCplrIQtaPj6au60_f2-mOYw,@kanterra4584,@romeolopezherrarte799,1
UCLFdHr9BEbXHkoJopbEPLZw,UCpsKOkt5iWTbenzeuq7dsmQ,@kanterra4584,@inge_vergueta,1
UCLFdHr9BEbXHkoJopbEPLZw,UCr1emrogPKkKTs_WTtx71xg,@kanterra4584,@domingopeneleu6457,1
UCLFdHr9BEbXHkoJopbEPLZw,UCrJn_rbo_ENAdeqneS-RmRw,@kanterra4584,@josecarrera9623,1
UCLFdHr9BEbXHkoJopbEPLZw,UCsJJAvrVGupdmhOqgtDp8dg,@kanterra4584,@nestorlorenzana1168,1
UCLFdHr9BEbXHkoJopbEPLZw,UCsSXdJct-nsS8DsABoEsaYA,@kanterra4584,@IvánPérez-j4j,1
UCLFdHr9BEbXHkoJopbEPLZw,UCsUCN0Yq_UyTvKjOJLmNrnQ,@kanterra4584,@moisesvaldez4043,1
UCLFdHr9BEbXHkoJopbEPLZw,UCsjs5Hp_r86x1xbK6FAeqaA,@kanterra4584,@alvaroesquivel563,1
UCLFdHr9BEbXHkoJopbEPLZw,UCtNfIBnc5S5DbbQj_yxgJTw,@kanterra4584,@JosueRamirez-ey3ih,1
UCLFdHr9BEbXHkoJopbEPLZw,UCtUR3_CAiE7fCoZHM6cMfyQ,@kanterra4584,@mdelcid01,1
UCLFdHr9BEbXHkoJopbEPLZw,UCvApqeCbLod-wejtT4CcVuA,@kanterra4584,@davidgaher9550,1
UCLFdHr9BEbXHkoJopbEPLZw,UCwO2SXr0ggzwg6QWWrr01nQ,@kanterra4584,@ricardofigueroa5720,1
UCLFdHr9BEbXHkoJopbEPLZw,UCwha8rxULYMVtNwZWeSkE1A,@kanterra4584,@mariasamo8637,1
UCLFdHr9BEbXHkoJopbEPLZw,UCySYJU5kUh7X8gVt9la2ISA,@kanterra4584,@dantesarti4351,1
UCLFdHr9BEbXHkoJopbEPLZw,UCylqlpsh8ENNM1LqgQ1KbxA,@kanterra4584,@Jel.Awesh.M,1
UCLFdHr9BEbXHkoJopbEPLZw,UCz3gu01bmjNv0DpRq-K3XYg,@kanterra4584,@eusebiovasquez4385,1
UCNkcuy42zEwddwEcOd_HpnA,UC-hfX8J5JPJ-dfuakzegMLA,@vanigomez492,@normaleticiaorozcojuarez2418,1
UCNkcuy42zEwddwEcOd_HpnA,UC-jS_kA9w-OmpupXDx156Rg,@vanigomez492,@simoncreyesc7579,1
UCNkcuy42zEwddwEcOd_HpnA,UC1vr9aaMI2crB0NvwFHUeoQ,@vanigomez492,@JoseSimilox-p6e,1
UCNkcuy42zEwddwEcOd_HpnA,UC2Y_EHWQKevubk4vOEBBFxw,@vanigomez492,@alfonsomorales2653,1
UCNkcuy42zEwddwEcOd_HpnA,UC2weSE8rpqkGMOp6StYtVfg,@vanigomez492,@katerynsantiago2907,1
UCNkcuy42zEwddwEcOd_HpnA,UC3E9mAgP7VoAE5mZoAexl5g,@vanigomez492,@EnnioAroche,1
UCNkcuy42zEwddwEcOd_HpnA,UC3NMzdMYryaw82kPTnsaljg,@vanigomez492,@marisosa7832,1
UCNkcuy42zEwddwEcOd_HpnA,UC3qn1yJA5PeW9rkGPatQxiw,@vanigomez492,@VICTOREST19,1
UCNkcuy42zEwddwEcOd_HpnA,UC4cXueR2bKGFJV0Fk76gwmA,@vanigomez492,@aluxdel4792,1
UCNkcuy42zEwddwEcOd_HpnA,UC5bG9nc_JV3FsNP2KseQiYw,@vanigomez492,@giovannirodas4836,1
UCNkcuy42zEwddwEcOd_HpnA,UC650pRT-OYzny3GwOH8Cgfw,@vanigomez492,@edvinparedesherrera7632,1
UCNkcuy42zEwddwEcOd_HpnA,UC6YSZqL0vEcI-niPKIMUGfw,@vanigomez492,@maxwellsales885,1
UCNkcuy42zEwddwEcOd_HpnA,UC72gBAtyb_VXQlYDcFrh6oQ,@vanigomez492,@osmanmorales3012,1
UCNkcuy42zEwddwEcOd_HpnA,UC7VUuJr9cGh845CmTvf7TlQ,@vanigomez492,@LuisCastillo-oz4df,1
UCNkcuy42zEwddwEcOd_HpnA,UC8G5cJONY8L9voMyBW8Eoug,@vanigomez492,@luisparedes-pw6qt,1
UCNkcuy42zEwddwEcOd_HpnA,UC8r11yOugM2NuRfitQOxLLg,@vanigomez492,@cesaraugustomoralesmonroy6907,1
UCNkcuy42zEwddwEcOd_HpnA,UC9xr9QvIcDvoZNUX5f-jaZw,@vanigomez492,@MariaaliciaColonmorales,1
UCNkcuy42zEwddwEcOd_HpnA,UCA93ym2TXs_Ibyxb4Vcn-6Q,@vanigomez492,@oswaldosolis8728,1
UCNkcuy42zEwddwEcOd_HpnA,UCAlzM_N6xBlMYmM8EBzX86Q,@vanigomez492,@carlossoto3252,1
UCNkcuy42zEwddwEcOd_HpnA,UCAmtbUiIrUIhikru0ZoTFig,@vanigomez492,@Aura-vf6dm,1
UCNkcuy42zEwddwEcOd_HpnA,UCB5p8a5gklc80jJItP6xTHg,@vanigomez492,@ernestogamboa8737,1
UCNkcuy42zEwddwEcOd_HpnA,UCDPWkUX3sNNaCx-m1dV4glA,@vanigomez492,@hectoroliva949,1
UCNkcuy42zEwddwEcOd_HpnA,UCDQaQv0hr2SS_PO-CMEwVHg,@vanigomez492,@federicosaquimux1933,1
UCNkcuy42zEwddwEcOd_HpnA,UCDUffaruH6dyUnUGwsTKpgg,@vanigomez492,@luisletona2842,1
UCNkcuy42zEwddwEcOd_HpnA,UCDftMWXQoJ6nONfY7GVOVjg,@vanigomez492,@luisgpacheco5858,1
UCNkcuy42zEwddwEcOd_HpnA,UCDlr1VadSucIZgZ171pRBjQ,@vanigomez492,@cuabatzjj5924,1
UCNkcuy42zEwddwEcOd_HpnA,UCEgEQmRbtL5fwr9_DqAC--g,@vanigomez492,@ArielRodas-g5y,1
UCNkcuy42zEwddwEcOd_HpnA,UCErZPJpHmLCsXs8ZWkAUupQ,@vanigomez492,@dorisl.garciaroche7763,1
UCNkcuy42zEwddwEcOd_HpnA,UCFUuDARXdmmIrLppEqf-rFg,@vanigomez492,@allanmunoz7410,1
UCNkcuy42zEwddwEcOd_HpnA,UCFhxtoeARHPnXXPcDrOU3Xg,@vanigomez492,@diegoalejandrolopezmendez205,1
UCNkcuy42zEwddwEcOd_HpnA,UCFoIAE8k82D6AV-8gjjKaNg,@vanigomez492,@eddymunoz9789,1
UCNkcuy42zEwddwEcOd_HpnA,UCFxE8GbokBrBsPEKM1xrOjQ,@vanigomez492,@JuanDavila-qd7qj,1
UCNkcuy42zEwddwEcOd_HpnA,UCGzXwyCzMzGmjmCbH3Hg01Q,@vanigomez492,@FidelZacarias-ph7dy,1
UCNkcuy42zEwddwEcOd_HpnA,UCHTGCgY2l-DQJIvlA_cpa_Q,@vanigomez492,@virgiliogarcia3039,1
UCNkcuy42zEwddwEcOd_HpnA,UCKDR0f2fu2UzWL8mBv5-BHw,@vanigomez492,@mireyamorales6595,1
UCNkcuy42zEwddwEcOd_HpnA,UCL1MT278vSaQ83ZDkVWn1gw,@vanigomez492,@elmorodriguez6978,1
UCNkcuy42zEwddwEcOd_HpnA,UCLggDc_a5HriXv7I1h02sOA,@vanigomez492,@guillermogonzalez5153,1
UCNkcuy42zEwddwEcOd_HpnA,UCNBnKqWf4d-rS4HwJRQljmQ,@vanigomez492,@LE_A22,1
UCNkcuy42zEwddwEcOd_HpnA,UCOh6DaZC_x9HASnlRylEMfw,@vanigomez492,@AndresMedina-v1s,1
UCNkcuy42zEwddwEcOd_HpnA,UCQtICyzWmhC5woCtbNgaSmg,@vanigomez492,@nestormendez6216,1
UCNkcuy42zEwddwEcOd_HpnA,UCRETAiYdh2dL5ZxB0_N1zDA,@vanigomez492,@Joseroland21,1
UCNkcuy42zEwddwEcOd_HpnA,UCRlCV9zSn7avAWh-9_XFWqQ,@vanigomez492,@ronyarana8849,1
UCNkcuy42zEwddwEcOd_HpnA,UCSou6a2OuYGSvPjm5psquyA,@vanigomez492,@FranciscoRivera-sf7ne,1
UCNkcuy42zEwddwEcOd_HpnA,UCTD6q1nyIe3Y7HhqjaMj72w,@vanigomez492,@JuanChang-r6k,1
UCNkcuy42zEwddwEcOd_HpnA,UCTP3O0rMnc8z8v8jaDQwL0w,@vanigomez492,@RobertoZelaya-x1v,1
UCNkcuy42zEwddwEcOd_HpnA,UCThW2XNsAaBKme5PUt7n-Zg,@vanigomez492,@thelmamoran8565,1
UCNkcuy42zEwddwEcOd_HpnA,UCTwSut16JyAg3mX6LVUNGqA,@vanigomez492,@SuperVictor2005,1
UCNkcuy42zEwddwEcOd_HpnA,UCTylKrsqkrBKIqubMu_5N0Q,@vanigomez492,@edwingeovanymarroquinmarro6684,1
UCNkcuy42zEwddwEcOd_HpnA,UCUIIIPTVDVHAXqhC_5V6lPA,@vanigomez492,@gorrarota,1
UCNkcuy42zEwddwEcOd_HpnA,UCXXh7yg5KUFIWylTiKVEFKQ,@vanigomez492,@MrDuenderojo,1
UCNkcuy42zEwddwEcOd_HpnA,UCXgr7vXlRrsaskPdo097kGA,@vanigomez492,@Rogergh-nw4oj,1
UCNkcuy42zEwddwEcOd_HpnA,UCYN4wSQ1Sx4_LurxLlW7MPg,@vanigomez492,@belarminavillatoro6474,1
UCNkcuy42zEwddwEcOd_HpnA,UCYwpX26TrCxq8TvbKGRYLXA,@vanigomez492,@beneficioelcaminovillacana8540,1
UCNkcuy42zEwddwEcOd_HpnA,UCcfdg8crmMJwEuLUsAhV7yg,@vanigomez492,@RolandoRaguay,1
UCNkcuy42zEwddwEcOd_HpnA,UCfM3nrxtTQMY5jFx1v1J4Gg,@vanigomez492,@edgarroldan5539,1
UCNkcuy42zEwddwEcOd_HpnA,UChZknRmJkeGeQk0-mQuhDOg,@vanigomez492,@OdilioRodríguez-c5w,1
UCNkcuy42zEwddwEcOd_HpnA,UChep9kVb5gQmpodEEl10Xlg,@vanigomez492,@carlosaguilar-kz7ml,1
UCNkcuy42zEwddwEcOd_HpnA,UCi1b_TRQfgO1Z9O2gNGGWNA,@vanigomez492,@davidisraelesquitsaquil,1
UCNkcuy42zEwddwEcOd_HpnA,UCiGRBf2RNF0WRKhRVT7zFoA,@vanigomez492,@edwinavila4876,1
UCNkcuy42zEwddwEcOd_HpnA,UCiMythXHsw7eQEMykCdmMUA,@vanigomez492,@JavierBecerra-h6x,1
UCNkcuy42zEwddwEcOd_HpnA,UCipetjeiWj4CZB6EbyYziZg,@vanigomez492,@OseasSamayoa-ol5rz,1
UCNkcuy42zEwddwEcOd_HpnA,UCj-LL25XJnjxepPKCc3NGog,@vanigomez492,@anaaguirre8985,1
UCNkcuy42zEwddwEcOd_HpnA,UCjSKM9j0Q7HLDr1hD6D-TUw,@vanigomez492,@josehidalgo4875,1
UCNkcuy42zEwddwEcOd_HpnA,UCjmPuazZJzscrwvk0QR9RVw,@vanigomez492,@mynorrodas8591,1
UCNkcuy42zEwddwEcOd_HpnA,UCkd9W714-947dEE6ZOEBATA,@vanigomez492,@ARGELIATELON,1
UCNkcuy42zEwddwEcOd_HpnA,UCl0ekS9Tt0jJGtOEM18S63w,@vanigomez492,@monkchapin,1
UCNkcuy42zEwddwEcOd_HpnA,UCljDbleJul41G1TzOjOZAVA,@vanigomez492,@hectorcarranza3777,1
UCNkcuy42zEwddwEcOd_HpnA,UCmvOgzmmXbjUthHy-WJ52hQ,@vanigomez492,@mariorodas593,1
UCNkcuy42zEwddwEcOd_HpnA,UCp4iw5_5SmV9VGTFSNVGOmQ,@vanigomez492,@CARLOSSTREMS51,1
UCNkcuy42zEwddwEcOd_HpnA,UCpl8rF8uv_8uui-QRvuJaRA,@vanigomez492,@SergioGarcia-z9c,1
UCNkcuy42zEwddwEcOd_HpnA,UCplrIQtaPj6au60_f2-mOYw,@vanigomez492,@romeolopezherrarte799,1
UCNkcuy42zEwddwEcOd_HpnA,UCpsKOkt5iWTbenzeuq7dsmQ,@vanigomez492,@inge_vergueta,1
UCNkcuy42zEwddwEcOd_HpnA,UCr1emrogPKkKTs_WTtx71xg,@vanigomez492,@domingopeneleu6457,1
UCNkcuy42zEwddwEcOd_HpnA,UCrJn_rbo_ENAdeqneS-RmRw,@vanigomez492,@josecarrera9623,1
UCNkcuy42zEwddwEcOd_HpnA,UCsJJAvrVGupdmhOqgtDp8dg,@vanigomez492,@nestorlorenzana1168,1
UCNkcuy42zEwddwEcOd_HpnA,UCsSXdJct-nsS8DsABoEsaYA,@vanigomez492,@IvánPérez-j4j,1
UCNkcuy42zEwddwEcOd_HpnA,UCsUCN0Yq_UyTvKjOJLmNrnQ,@vanigomez492,@moisesvaldez4043,1
UCNkcuy42zEwddwEcOd_HpnA,UCsjs5Hp_r86x1xbK6FAeqaA,@vanigomez492,@alvaroesquivel563,1
UCNkcuy42zEwddwEcOd_HpnA,UCtNfIBnc5S5DbbQj_yxgJTw,@vanigomez492,@JosueRamirez-ey3ih,1
UCNkcuy42zEwddwEcOd_HpnA,UCtUR3_CAiE7fCoZHM6cMfyQ,@vanigomez492,@mdelcid01,1
UCNkcuy42zEwddwEcOd_HpnA,UCvApqeCbLod-wejtT4CcVuA,@vanigomez492,@davidgaher9550,1
UCNkcuy42zEwddwEcOd_HpnA,UCwO2SXr0ggzwg6QWWrr01nQ,@vanigomez492,@ricardofigueroa5720,1
UCNkcuy42zEwddwEcOd_HpnA,UCwha8rxULYMVtNwZWeSkE1A,@vanigomez492,@mariasamo8637,1
UCNkcuy42zEwddwEcOd_HpnA,UCySYJU5kUh7X8gVt9la2ISA,@vanigomez492,@dantesarti4351,1
UCNkcuy42zEwddwEcOd_HpnA,UCylqlpsh8ENNM1LqgQ1KbxA,@vanigomez492,@Jel.Awesh.M,1
UCNkcuy42zEwddwEcOd_HpnA,UCz3gu01bmjNv0DpRq-K3XYg,@vanigomez492,@eusebiovasquez4385,1
UCJp3OrVYcBorC94sKwdch_A,UC5wuDq3U3vRAhOQI3D7gNdw,@ULJoshmg2011,@allanreneramirezgonzalez534,1
UCJp3OrVYcBorC94sKwdch_A,UC_6KbBY1bsYXz9fwFS0eQRg,@ULJoshmg2011,@imrcp5694,1
UCJp3OrVYcBorC94sKwdch_A,UCbrtvygfRT6QXqWDNrOf-cA,@ULJoshmg2011,@Alejandro00710,1
UCJp3OrVYcBorC94sKwdch_A,UCjJf-AJKRFFWtiN-CSwkDmA,@ULJoshmg2011,@2jose82,1
UCJp3OrVYcBorC94sKwdch_A,UCnU8wO1OurAmGstDw6VGjgQ,@ULJoshmg2011,@cmorera21,1
UCJp3OrVYcBorC94sKwdch_A,UCpsKOkt5iWTbenzeuq7dsmQ,@ULJoshmg2011,@inge_vergueta,1
UCLh1Kde4_vI1sTZBkTNP7RQ,UC4kg7zuTfqQKLd2bkZrSYBA,@JoelReynoso-d4r,@zoilagarcia9019,1
UCLh1Kde4_vI1sTZBkTNP7RQ,UCBtB5dIyx-C16UN8ClUD2UA,@JoelReynoso-d4r,@alexmonzon4257,1
UCLh1Kde4_vI1sTZBkTNP7RQ,UCFFrEmn6lPYiWyElpfzTy5Q,@JoelReynoso-d4r,@denilsonlopez4083,1
UCLh1Kde4_vI1sTZBkTNP7RQ,UCfRqgt2O-vjzUDMZY_tnxQw,@JoelReynoso-d4r,@Williams-Garcia67E,1
UCLh1Kde4_vI1sTZBkTNP7RQ,UCk4O-J1BhoqPmig1KLGJePA,@JoelReynoso-d4r,@lazarobarillas3575,1
UCThW2XNsAaBKme5PUt7n-Zg,UC-hfX8J5JPJ-dfuakzegMLA,@thelmamoran8565,@normaleticiaorozcojuarez2418,1
UCThW2XNsAaBKme5PUt7n-Zg,UC-jS_kA9w-OmpupXDx156Rg,@thelmamoran8565,@simoncreyesc7579,1
UCThW2XNsAaBKme5PUt7n-Zg,UC1vr9aaMI2crB0NvwFHUeoQ,@thelmamoran8565,@JoseSimilox-p6e,1
UCThW2XNsAaBKme5PUt7n-Zg,UC2Y_EHWQKevubk4vOEBBFxw,@thelmamoran8565,@alfonsomorales2653,1
UCThW2XNsAaBKme5PUt7n-Zg,UC2weSE8rpqkGMOp6StYtVfg,@thelmamoran8565,@katerynsantiago2907,1
UCThW2XNsAaBKme5PUt7n-Zg,UC3E9mAgP7VoAE5mZoAexl5g,@thelmamoran8565,@EnnioAroche,1
UCThW2XNsAaBKme5PUt7n-Zg,UC3NMzdMYryaw82kPTnsaljg,@thelmamoran8565,@marisosa7832,1
UCThW2XNsAaBKme5PUt7n-Zg,UC3qn1yJA5PeW9rkGPatQxiw,@thelmamoran8565,@VICTOREST19,1
UCThW2XNsAaBKme5PUt7n-Zg,UC4cXueR2bKGFJV0Fk76gwmA,@thelmamoran8565,@aluxdel4792,1
UCThW2XNsAaBKme5PUt7n-Zg,UC5bG9nc_JV3FsNP2KseQiYw,@thelmamoran8565,@giovannirodas4836,1
UCThW2XNsAaBKme5PUt7n-Zg,UC650pRT-OYzny3GwOH8Cgfw,@thelmamoran8565,@edvinparedesherrera7632,1
UCThW2XNsAaBKme5PUt7n-Zg,UC6YSZqL0vEcI-niPKIMUGfw,@thelmamoran8565,@maxwellsales885,1
UCThW2XNsAaBKme5PUt7n-Zg,UC72gBAtyb_VXQlYDcFrh6oQ,@thelmamoran8565,@osmanmorales3012,1
UCThW2XNsAaBKme5PUt7n-Zg,UC7VUuJr9cGh845CmTvf7TlQ,@thelmamoran8565,@LuisCastillo-oz4df,1
UCThW2XNsAaBKme5PUt7n-Zg,UC8G5cJONY8L9voMyBW8Eoug,@thelmamoran8565,@luisparedes-pw6qt,1
UCThW2XNsAaBKme5PUt7n-Zg,UC8r11yOugM2NuRfitQOxLLg,@thelmamoran8565,@cesaraugustomoralesmonroy6907,1
UCThW2XNsAaBKme5PUt7n-Zg,UC9xr9QvIcDvoZNUX5f-jaZw,@thelmamoran8565,@MariaaliciaColonmorales,1
UCThW2XNsAaBKme5PUt7n-Zg,UCA93ym2TXs_Ibyxb4Vcn-6Q,@thelmamoran8565,@oswaldosolis8728,1
UCThW2XNsAaBKme5PUt7n-Zg,UCAlzM_N6xBlMYmM8EBzX86Q,@thelmamoran8565,@carlossoto3252,1
UCThW2XNsAaBKme5PUt7n-Zg,UCAmtbUiIrUIhikru0ZoTFig,@thelmamoran8565,@Aura-vf6dm,1
UCThW2XNsAaBKme5PUt7n-Zg,UCB5p8a5gklc80jJItP6xTHg,@thelmamoran8565,@ernestogamboa8737,1
UCThW2XNsAaBKme5PUt7n-Zg,UCDPWkUX3sNNaCx-m1dV4glA,@thelmamoran8565,@hectoroliva949,1
UCThW2XNsAaBKme5PUt7n-Zg,UCDQaQv0hr2SS_PO-CMEwVHg,@thelmamoran8565,@federicosaquimux1933,1
UCThW2XNsAaBKme5PUt7n-Zg,UCDUffaruH6dyUnUGwsTKpgg,@thelmamoran8565,@luisletona2842,1
UCThW2XNsAaBKme5PUt7n-Zg,UCDftMWXQoJ6nONfY7GVOVjg,@thelmamoran8565,@luisgpacheco5858,1
UCThW2XNsAaBKme5PUt7n-Zg,UCDlr1VadSucIZgZ171pRBjQ,@thelmamoran8565,@cuabatzjj5924,1
UCThW2XNsAaBKme5PUt7n-Zg,UCEgEQmRbtL5fwr9_DqAC--g,@thelmamoran8565,@ArielRodas-g5y,1
UCThW2XNsAaBKme5PUt7n-Zg,UCErZPJpHmLCsXs8ZWkAUupQ,@thelmamoran8565,@dorisl.garciaroche7763,1
UCThW2XNsAaBKme5PUt7n-Zg,UCFUuDARXdmmIrLppEqf-rFg,@thelmamoran8565,@allanmunoz7410,1
UCThW2XNsAaBKme5PUt7n-Zg,UCFhxtoeARHPnXXPcDrOU3Xg,@thelmamoran8565,@diegoalejandrolopezmendez205,1
UCThW2XNsAaBKme5PUt7n-Zg,UCFoIAE8k82D6AV-8gjjKaNg,@thelmamoran8565,@eddymunoz9789,1
UCThW2XNsAaBKme5PUt7n-Zg,UCFxE8GbokBrBsPEKM1xrOjQ,@thelmamoran8565,@JuanDavila-qd7qj,1
UCThW2XNsAaBKme5PUt7n-Zg,UCGzXwyCzMzGmjmCbH3Hg01Q,@thelmamoran8565,@FidelZacarias-ph7dy,1
UCThW2XNsAaBKme5PUt7n-Zg,UCHTGCgY2l-DQJIvlA_cpa_Q,@thelmamoran8565,@virgiliogarcia3039,1
UCThW2XNsAaBKme5PUt7n-Zg,UCKDR0f2fu2UzWL8mBv5-BHw,@thelmamoran8565,@mireyamorales6595,1
UCThW2XNsAaBKme5PUt7n-Zg,UCL1MT278vSaQ83ZDkVWn1gw,@thelmamoran8565,@elmorodriguez6978,1
UCThW2XNsAaBKme5PUt7n-Zg,UCLggDc_a5HriXv7I1h02sOA,@thelmamoran8565,@guillermogonzalez5153,1
UCThW2XNsAaBKme5PUt7n-Zg,UCNBnKqWf4d-rS4HwJRQljmQ,@thelmamoran8565,@LE_A22,1
UCThW2XNsAaBKme5PUt7n-Zg,UCOh6DaZC_x9HASnlRylEMfw,@thelmamoran8565,@AndresMedina-v1s,1
UCThW2XNsAaBKme5PUt7n-Zg,UCQtICyzWmhC5woCtbNgaSmg,@thelmamoran8565,@nestormendez6216,1
UCThW2XNsAaBKme5PUt7n-Zg,UCRETAiYdh2dL5ZxB0_N1zDA,@thelmamoran8565,@Joseroland21,1
UCThW2XNsAaBKme5PUt7n-Zg,UCRlCV9zSn7avAWh-9_XFWqQ,@thelmamoran8565,@ronyarana8849,1
UCThW2XNsAaBKme5PUt7n-Zg,UCSou6a2OuYGSvPjm5psquyA,@thelmamoran8565,@FranciscoRivera-sf7ne,1
UCThW2XNsAaBKme5PUt7n-Zg,UCTD6q1nyIe3Y7HhqjaMj72w,@thelmamoran8565,@JuanChang-r6k,1
UCThW2XNsAaBKme5PUt7n-Zg,UCTP3O0rMnc8z8v8jaDQwL0w,@thelmamoran8565,@RobertoZelaya-x1v,1
UCThW2XNsAaBKme5PUt7n-Zg,UCTwSut16JyAg3mX6LVUNGqA,@thelmamoran8565,@SuperVictor2005,1
UCThW2XNsAaBKme5PUt7n-Zg,UCTylKrsqkrBKIqubMu_5N0Q,@thelmamoran8565,@edwingeovanymarroquinmarro6684,1
UCThW2XNsAaBKme5PUt7n-Zg,UCUIIIPTVDVHAXqhC_5V6lPA,@thelmamoran8565,@gorrarota,1
UCThW2XNsAaBKme5PUt7n-Zg,UCXXh7yg5KUFIWylTiKVEFKQ,@thelmamoran8565,@MrDuenderojo,1
UCThW2XNsAaBKme5PUt7n-Zg,UCXgr7vXlRrsaskPdo097kGA,@thelmamoran8565,@Rogergh-nw4oj,1
UCThW2XNsAaBKme5PUt7n-Zg,UCYN4wSQ1Sx4_LurxLlW7MPg,@thelmamoran8565,@belarminavillatoro6474,1
UCThW2XNsAaBKme5PUt7n-Zg,UCYwpX26TrCxq8TvbKGRYLXA,@thelmamoran8565,@beneficioelcaminovillacana8540,1
UCThW2XNsAaBKme5PUt7n-Zg,UCcfdg8crmMJwEuLUsAhV7yg,@thelmamoran8565,@RolandoRaguay,1
UCThW2XNsAaBKme5PUt7n-Zg,UCfM3nrxtTQMY5jFx1v1J4Gg,@thelmamoran8565,@edgarroldan5539,1
UCThW2XNsAaBKme5PUt7n-Zg,UChZknRmJkeGeQk0-mQuhDOg,@thelmamoran8565,@OdilioRodríguez-c5w,1
UCThW2XNsAaBKme5PUt7n-Zg,UChep9kVb5gQmpodEEl10Xlg,@thelmamoran8565,@carlosaguilar-kz7ml,1
UCThW2XNsAaBKme5PUt7n-Zg,UCi1b_TRQfgO1Z9O2gNGGWNA,@thelmamoran8565,@davidisraelesquitsaquil,1
UCThW2XNsAaBKme5PUt7n-Zg,UCiGRBf2RNF0WRKhRVT7zFoA,@thelmamoran8565,@edwinavila4876,1
UCThW2XNsAaBKme5PUt7n-Zg,UCiMythXHsw7eQEMykCdmMUA,@thelmamoran8565,@JavierBecerra-h6x,1
UCThW2XNsAaBKme5PUt7n-Zg,UCipetjeiWj4CZB6EbyYziZg,@thelmamoran8565,@OseasSamayoa-ol5rz,1
UCThW2XNsAaBKme5PUt7n-Zg,UCj-LL25XJnjxepPKCc3NGog,@thelmamoran8565,@anaaguirre8985,1
UCThW2XNsAaBKme5PUt7n-Zg,UCjSKM9j0Q7HLDr1hD6D-TUw,@thelmamoran8565,@josehidalgo4875,1
UCThW2XNsAaBKme5PUt7n-Zg,UCjmPuazZJzscrwvk0QR9RVw,@thelmamoran8565,@mynorrodas8591,1
UCThW2XNsAaBKme5PUt7n-Zg,UCkd9W714-947dEE6ZOEBATA,@thelmamoran8565,@ARGELIATELON,1
UCThW2XNsAaBKme5PUt7n-Zg,UCl0ekS9Tt0jJGtOEM18S63w,@thelmamoran8565,@monkchapin,1
UCThW2XNsAaBKme5PUt7n-Zg,UCljDbleJul41G1TzOjOZAVA,@thelmamoran8565,@hectorcarranza3777,1
UCThW2XNsAaBKme5PUt7n-Zg,UCmvOgzmmXbjUthHy-WJ52hQ,@thelmamoran8565,@mariorodas593,1
UCThW2XNsAaBKme5PUt7n-Zg,UCp4iw5_5SmV9VGTFSNVGOmQ,@thelmamoran8565,@CARLOSSTREMS51,1
UCThW2XNsAaBKme5PUt7n-Zg,UCpl8rF8uv_8uui-QRvuJaRA,@thelmamoran8565,@SergioGarcia-z9c,1
UCThW2XNsAaBKme5PUt7n-Zg,UCplrIQtaPj6au60_f2-mOYw,@thelmamoran8565,@romeolopezherrarte799,1
UCThW2XNsAaBKme5PUt7n-Zg,UCpsKOkt5iWTbenzeuq7dsmQ,@thelmamoran8565,@inge_vergueta,1
UCThW2XNsAaBKme5PUt7n-Zg,UCr1emrogPKkKTs_WTtx71xg,@thelmamoran8565,@domingopeneleu6457,1
UCThW2XNsAaBKme5PUt7n-Zg,UCrJn_rbo_ENAdeqneS-RmRw,@thelmamoran8565,@josecarrera9623,1
UCThW2XNsAaBKme5PUt7n-Zg,UCsJJAvrVGupdmhOqgtDp8dg,@thelmamoran8565,@nestorlorenzana1168,1
UCThW2XNsAaBKme5PUt7n-Zg,UCsSXdJct-nsS8DsABoEsaYA,@thelmamoran8565,@IvánPérez-j4j,1
UCThW2XNsAaBKme5PUt7n-Zg,UCsUCN0Yq_UyTvKjOJLmNrnQ,@thelmamoran8565,@moisesvaldez4043,1
UCThW2XNsAaBKme5PUt7n-Zg,UCsjs5Hp_r86x1xbK6FAeqaA,@thelmamoran8565,@alvaroesquivel563,1
UCThW2XNsAaBKme5PUt7n-Zg,UCtNfIBnc5S5DbbQj_yxgJTw,@thelmamoran8565,@JosueRamirez-ey3ih,1
UCThW2XNsAaBKme5PUt7n-Zg,UCtUR3_CAiE7fCoZHM6cMfyQ,@thelmamoran8565,@mdelcid01,1
UCThW2XNsAaBKme5PUt7n-Zg,UCvApqeCbLod-wejtT4CcVuA,@thelmamoran8565,@davidgaher9550,1
UCThW2XNsAaBKme5PUt7n-Zg,UCwO2SXr0ggzwg6QWWrr01nQ,@thelmamoran8565,@ricardofigueroa5720,1
UCThW2XNsAaBKme5PUt7n-Zg,UCwha8rxULYMVtNwZWeSkE1A,@thelmamoran8565,@mariasamo8637,1
UCThW2XNsAaBKme5PUt7n-Zg,UCySYJU5kUh7X8gVt9la2ISA,@thelmamoran8565,@dantesarti4351,1
UCThW2XNsAaBKme5PUt7n-Zg,UCylqlpsh8ENNM1LqgQ1KbxA,@thelmamoran8565,@Jel.Awesh.M,1
UCThW2XNsAaBKme5PUt7n-Zg,UCz3gu01bmjNv0DpRq-K3XYg,@thelmamoran8565,@eusebiovasquez4385,1
UC6YSZqL0vEcI-niPKIMUGfw,UC-hfX8J5JPJ-dfuakzegMLA,@maxwellsales885,@normaleticiaorozcojuarez2418,1
UC6YSZqL0vEcI-niPKIMUGfw,UC-jS_kA9w-OmpupXDx156Rg,@maxwellsales885,@simoncreyesc7579,1
UC6YSZqL0vEcI-niPKIMUGfw,UC1vr9aaMI2crB0NvwFHUeoQ,@maxwellsales885,@JoseSimilox-p6e,1
UC6YSZqL0vEcI-niPKIMUGfw,UC2Y_EHWQKevubk4vOEBBFxw,@maxwellsales885,@alfonsomorales2653,1
UC6YSZqL0vEcI-niPKIMUGfw,UC2weSE8rpqkGMOp6StYtVfg,@maxwellsales885,@katerynsantiago2907,1
UC6YSZqL0vEcI-niPKIMUGfw,UC3E9mAgP7VoAE5mZoAexl5g,@maxwellsales885,@EnnioAroche,1
UC6YSZqL0vEcI-niPKIMUGfw,UC3NMzdMYryaw82kPTnsaljg,@maxwellsales885,@marisosa7832,1
UC6YSZqL0vEcI-niPKIMUGfw,UC3qn1yJA5PeW9rkGPatQxiw,@maxwellsales885,@VICTOREST19,1
UC6YSZqL0vEcI-niPKIMUGfw,UC4cXueR2bKGFJV0Fk76gwmA,@maxwellsales885,@aluxdel4792,1
UC6YSZqL0vEcI-niPKIMUGfw,UC5bG9nc_JV3FsNP2KseQiYw,@maxwellsales885,@giovannirodas4836,1
UC6YSZqL0vEcI-niPKIMUGfw,UC650pRT-OYzny3GwOH8Cgfw,@maxwellsales885,@edvinparedesherrera7632,1
UC6YSZqL0vEcI-niPKIMUGfw,UC72gBAtyb_VXQlYDcFrh6oQ,@maxwellsales885,@osmanmorales3012,1
UC6YSZqL0vEcI-niPKIMUGfw,UC7VUuJr9cGh845CmTvf7TlQ,@maxwellsales885,@LuisCastillo-oz4df,1
UC6YSZqL0vEcI-niPKIMUGfw,UC8G5cJONY8L9voMyBW8Eoug,@maxwellsales885,@luisparedes-pw6qt,1
UC6YSZqL0vEcI-niPKIMUGfw,UC8r11yOugM2NuRfitQOxLLg,@maxwellsales885,@cesaraugustomoralesmonroy6907,1
UC6YSZqL0vEcI-niPKIMUGfw,UC9xr9QvIcDvoZNUX5f-jaZw,@maxwellsales885,@MariaaliciaColonmorales,1
UC6YSZqL0vEcI-niPKIMUGfw,UCA93ym2TXs_Ibyxb4Vcn-6Q,@maxwellsales885,@oswaldosolis8728,1
UC6YSZqL0vEcI-niPKIMUGfw,UCAlzM_N6xBlMYmM8EBzX86Q,@maxwellsales885,@carlossoto3252,1
UC6YSZqL0vEcI-niPKIMUGfw,UCAmtbUiIrUIhikru0ZoTFig,@maxwellsales885,@Aura-vf6dm,1
UC6YSZqL0vEcI-niPKIMUGfw,UCB5p8a5gklc80jJItP6xTHg,@maxwellsales885,@ernestogamboa8737,1
UC6YSZqL0vEcI-niPKIMUGfw,UCDPWkUX3sNNaCx-m1dV4glA,@maxwellsales885,@hectoroliva949,1
UC6YSZqL0vEcI-niPKIMUGfw,UCDQaQv0hr2SS_PO-CMEwVHg,@maxwellsales885,@federicosaquimux1933,1
UC6YSZqL0vEcI-niPKIMUGfw,UCDUffaruH6dyUnUGwsTKpgg,@maxwellsales885,@luisletona2842,1
UC6YSZqL0vEcI-niPKIMUGfw,UCDftMWXQoJ6nONfY7GVOVjg,@maxwellsales885,@luisgpacheco5858,1
UC6YSZqL0vEcI-niPKIMUGfw,UCDlr1VadSucIZgZ171pRBjQ,@maxwellsales885,@cuabatzjj5924,1
UC6YSZqL0vEcI-niPKIMUGfw,UCEgEQmRbtL5fwr9_DqAC--g,@maxwellsales885,@ArielRodas-g5y,1
UC6YSZqL0vEcI-niPKIMUGfw,UCErZPJpHmLCsXs8ZWkAUupQ,@maxwellsales885,@dorisl.garciaroche7763,1
UC6YSZqL0vEcI-niPKIMUGfw,UCFUuDARXdmmIrLppEqf-rFg,@maxwellsales885,@allanmunoz7410,1
UC6YSZqL0vEcI-niPKIMUGfw,UCFhxtoeARHPnXXPcDrOU3Xg,@maxwellsales885,@diegoalejandrolopezmendez205,1
UC6YSZqL0vEcI-niPKIMUGfw,UCFoIAE8k82D6AV-8gjjKaNg,@maxwellsales885,@eddymunoz9789,1
UC6YSZqL0vEcI-niPKIMUGfw,UCFxE8GbokBrBsPEKM1xrOjQ,@maxwellsales885,@JuanDavila-qd7qj,1
UC6YSZqL0vEcI-niPKIMUGfw,UCGzXwyCzMzGmjmCbH3Hg01Q,@maxwellsales885,@FidelZacarias-ph7dy,1
UC6YSZqL0vEcI-niPKIMUGfw,UCHTGCgY2l-DQJIvlA_cpa_Q,@maxwellsales885,@virgiliogarcia3039,1
UC6YSZqL0vEcI-niPKIMUGfw,UCKDR0f2fu2UzWL8mBv5-BHw,@maxwellsales885,@mireyamorales6595,1
UC6YSZqL0vEcI-niPKIMUGfw,UCL1MT278vSaQ83ZDkVWn1gw,@maxwellsales885,@elmorodriguez6978,1
UC6YSZqL0vEcI-niPKIMUGfw,UCLggDc_a5HriXv7I1h02sOA,@maxwellsales885,@guillermogonzalez5153,1
UC6YSZqL0vEcI-niPKIMUGfw,UCNBnKqWf4d-rS4HwJRQljmQ,@maxwellsales885,@LE_A22,1
UC6YSZqL0vEcI-niPKIMUGfw,UCOh6DaZC_x9HASnlRylEMfw,@maxwellsales885,@AndresMedina-v1s,1
UC6YSZqL0vEcI-niPKIMUGfw,UCQtICyzWmhC5woCtbNgaSmg,@maxwellsales885,@nestormendez6216,1
UC6YSZqL0vEcI-niPKIMUGfw,UCRETAiYdh2dL5ZxB0_N1zDA,@maxwellsales885,@Joseroland21,1
UC6YSZqL0vEcI-niPKIMUGfw,UCRlCV9zSn7avAWh-9_XFWqQ,@maxwellsales885,@ronyarana8849,1
UC6YSZqL0vEcI-niPKIMUGfw,UCSou6a2OuYGSvPjm5psquyA,@maxwellsales885,@FranciscoRivera-sf7ne,1
UC6YSZqL0vEcI-niPKIMUGfw,UCTD6q1nyIe3Y7HhqjaMj72w,@maxwellsales885,@JuanChang-r6k,1
UC6YSZqL0vEcI-niPKIMUGfw,UCTP3O0rMnc8z8v8jaDQwL0w,@maxwellsales885,@RobertoZelaya-x1v,1
UC6YSZqL0vEcI-niPKIMUGfw,UCTwSut16JyAg3mX6LVUNGqA,@maxwellsales885,@SuperVictor2005,1
UC6YSZqL0vEcI-niPKIMUGfw,UCTylKrsqkrBKIqubMu_5N0Q,@maxwellsales885,@edwingeovanymarroquinmarro6684,1
UC6YSZqL0vEcI-niPKIMUGfw,UCUIIIPTVDVHAXqhC_5V6lPA,@maxwellsales885,@gorrarota,1
UC6YSZqL0vEcI-niPKIMUGfw,UCXXh7yg5KUFIWylTiKVEFKQ,@maxwellsales885,@MrDuenderojo,1
UC6YSZqL0vEcI-niPKIMUGfw,UCXgr7vXlRrsaskPdo097kGA,@maxwellsales885,@Rogergh-nw4oj,1
UC6YSZqL0vEcI-niPKIMUGfw,UCYN4wSQ1Sx4_LurxLlW7MPg,@maxwellsales885,@belarminavillatoro6474,1
UC6YSZqL0vEcI-niPKIMUGfw,UCYwpX26TrCxq8TvbKGRYLXA,@maxwellsales885,@beneficioelcaminovillacana8540,1
UC6YSZqL0vEcI-niPKIMUGfw,UCcfdg8crmMJwEuLUsAhV7yg,@maxwellsales885,@RolandoRaguay,1
UC6YSZqL0vEcI-niPKIMUGfw,UCfM3nrxtTQMY5jFx1v1J4Gg,@maxwellsales885,@edgarroldan5539,1
UC6YSZqL0vEcI-niPKIMUGfw,UChZknRmJkeGeQk0-mQuhDOg,@maxwellsales885,@OdilioRodríguez-c5w,1
UC6YSZqL0vEcI-niPKIMUGfw,UChep9kVb5gQmpodEEl10Xlg,@maxwellsales885,@carlosaguilar-kz7ml,1
UC6YSZqL0vEcI-niPKIMUGfw,UCi1b_TRQfgO1Z9O2gNGGWNA,@maxwellsales885,@davidisraelesquitsaquil,1
UC6YSZqL0vEcI-niPKIMUGfw,UCiGRBf2RNF0WRKhRVT7zFoA,@maxwellsales885,@edwinavila4876,1
UC6YSZqL0vEcI-niPKIMUGfw,UCiMythXHsw7eQEMykCdmMUA,@maxwellsales885,@JavierBecerra-h6x,1
UC6YSZqL0vEcI-niPKIMUGfw,UCipetjeiWj4CZB6EbyYziZg,@maxwellsales885,@OseasSamayoa-ol5rz,1
UC6YSZqL0vEcI-niPKIMUGfw,UCj-LL25XJnjxepPKCc3NGog,@maxwellsales885,@anaaguirre8985,1
UC6YSZqL0vEcI-niPKIMUGfw,UCjSKM9j0Q7HLDr1hD6D-TUw,@maxwellsales885,@josehidalgo4875,1
UC6YSZqL0vEcI-niPKIMUGfw,UCjmPuazZJzscrwvk0QR9RVw,@maxwellsales885,@mynorrodas8591,1
UC6YSZqL0vEcI-niPKIMUGfw,UCkd9W714-947dEE6ZOEBATA,@maxwellsales885,@ARGELIATELON,1
UC6YSZqL0vEcI-niPKIMUGfw,UCl0ekS9Tt0jJGtOEM18S63w,@maxwellsales885,@monkchapin,1
UC6YSZqL0vEcI-niPKIMUGfw,UCljDbleJul41G1TzOjOZAVA,@maxwellsales885,@hectorcarranza3777,1
UC6YSZqL0vEcI-niPKIMUGfw,UCmvOgzmmXbjUthHy-WJ52hQ,@maxwellsales885,@mariorodas593,1
UC6YSZqL0vEcI-niPKIMUGfw,UCp4iw5_5SmV9VGTFSNVGOmQ,@maxwellsales885,@CARLOSSTREMS51,1
UC6YSZqL0vEcI-niPKIMUGfw,UCpl8rF8uv_8uui-QRvuJaRA,@maxwellsales885,@SergioGarcia-z9c,1
UC6YSZqL0vEcI-niPKIMUGfw,UCplrIQtaPj6au60_f2-mOYw,@maxwellsales885,@romeolopezherrarte799,1
UC6YSZqL0vEcI-niPKIMUGfw,UCpsKOkt5iWTbenzeuq7dsmQ,@maxwellsales885,@inge_vergueta,1
UC6YSZqL0vEcI-niPKIMUGfw,UCr1emrogPKkKTs_WTtx71xg,@maxwellsales885,@domingopeneleu6457,1
UC6YSZqL0vEcI-niPKIMUGfw,UCrJn_rbo_ENAdeqneS-RmRw,@maxwellsales885,@josecarrera9623,1
UC6YSZqL0vEcI-niPKIMUGfw,UCsJJAvrVGupdmhOqgtDp8dg,@maxwellsales885,@nestorlorenzana1168,1
UC6YSZqL0vEcI-niPKIMUGfw,UCsSXdJct-nsS8DsABoEsaYA,@maxwellsales885,@IvánPérez-j4j,1
UC6YSZqL0vEcI-niPKIMUGfw,UCsUCN0Yq_UyTvKjOJLmNrnQ,@maxwellsales885,@moisesvaldez4043,1
UC6YSZqL0vEcI-niPKIMUGfw,UCsjs5Hp_r86x1xbK6FAeqaA,@maxwellsales885,@alvaroesquivel563,1
UC6YSZqL0vEcI-niPKIMUGfw,UCtNfIBnc5S5DbbQj_yxgJTw,@maxwellsales885,@JosueRamirez-ey3ih,1
UC6YSZqL0vEcI-niPKIMUGfw,UCtUR3_CAiE7fCoZHM6cMfyQ,@maxwellsales885,@mdelcid01,1
UC6YSZqL0vEcI-niPKIMUGfw,UCvApqeCbLod-wejtT4CcVuA,@maxwellsales885,@davidgaher9550,1
UC6YSZqL0vEcI-niPKIMUGfw,UCwO2SXr0ggzwg6QWWrr01nQ,@maxwellsales885,@ricardofigueroa5720,1
UC6YSZqL0vEcI-niPKIMUGfw,UCwha8rxULYMVtNwZWeSkE1A,@maxwellsales885,@mariasamo8637,1
UC6YSZqL0vEcI-niPKIMUGfw,UCySYJU5kUh7X8gVt9la2ISA,@maxwellsales885,@dantesarti4351,1
UC6YSZqL0vEcI-niPKIMUGfw,UCylqlpsh8ENNM1LqgQ1KbxA,@maxwellsales885,@Jel.Awesh.M,1
UC6YSZqL0vEcI-niPKIMUGfw,UCz3gu01bmjNv0DpRq-K3XYg,@maxwellsales885,@eusebiovasquez4385,1
UCNBnKqWf4d-rS4HwJRQljmQ,UC-hfX8J5JPJ-dfuakzegMLA,@LE_A22,@normaleticiaorozcojuarez2418,1
UCNBnKqWf4d-rS4HwJRQljmQ,UC-jS_kA9w-OmpupXDx156Rg,@LE_A22,@simoncreyesc7579,1
UCNBnKqWf4d-rS4HwJRQljmQ,UC1vr9aaMI2crB0NvwFHUeoQ,@LE_A22,@JoseSimilox-p6e,1
UCNBnKqWf4d-rS4HwJRQljmQ,UC2Y_EHWQKevubk4vOEBBFxw,@LE_A22,@alfonsomorales2653,1
UCNBnKqWf4d-rS4HwJRQljmQ,UC2weSE8rpqkGMOp6StYtVfg,@LE_A22,@katerynsantiago2907,1
UCNBnKqWf4d-rS4HwJRQljmQ,UC3E9mAgP7VoAE5mZoAexl5g,@LE_A22,@EnnioAroche,1
UCNBnKqWf4d-rS4HwJRQljmQ,UC3NMzdMYryaw82kPTnsaljg,@LE_A22,@marisosa7832,1
UCNBnKqWf4d-rS4HwJRQljmQ,UC3qn1yJA5PeW9rkGPatQxiw,@LE_A22,@VICTOREST19,1
UCNBnKqWf4d-rS4HwJRQljmQ,UC4cXueR2bKGFJV0Fk76gwmA,@LE_A22,@aluxdel4792,1
UCNBnKqWf4d-rS4HwJRQljmQ,UC5bG9nc_JV3FsNP2KseQiYw,@LE_A22,@giovannirodas4836,1
UCNBnKqWf4d-rS4HwJRQljmQ,UC650pRT-OYzny3GwOH8Cgfw,@LE_A22,@edvinparedesherrera7632,1
UCNBnKqWf4d-rS4HwJRQljmQ,UC72gBAtyb_VXQlYDcFrh6oQ,@LE_A22,@osmanmorales3012,1
UCNBnKqWf4d-rS4HwJRQljmQ,UC7VUuJr9cGh845CmTvf7TlQ,@LE_A22,@LuisCastillo-oz4df,1
UCNBnKqWf4d-rS4HwJRQljmQ,UC8G5cJONY8L9voMyBW8Eoug,@LE_A22,@luisparedes-pw6qt,1
UCNBnKqWf4d-rS4HwJRQljmQ,UC8r11yOugM2NuRfitQOxLLg,@LE_A22,@cesaraugustomoralesmonroy6907,1
UCNBnKqWf4d-rS4HwJRQljmQ,UC9xr9QvIcDvoZNUX5f-jaZw,@LE_A22,@MariaaliciaColonmorales,1
UCNBnKqWf4d-rS4HwJRQljmQ,UCA93ym2TXs_Ibyxb4Vcn-6Q,@LE_A22,@oswaldosolis8728,1
UCNBnKqWf4d-rS4HwJRQljmQ,UCAlzM_N6xBlMYmM8EBzX86Q,@LE_A22,@carlossoto3252,1
UCNBnKqWf4d-rS4HwJRQljmQ,UCAmtbUiIrUIhikru0ZoTFig,@LE_A22,@Aura-vf6dm,1
UCNBnKqWf4d-rS4HwJRQljmQ,UCB5p8a5gklc80jJItP6xTHg,@LE_A22,@ernestogamboa8737,1
UCNBnKqWf4d-rS4HwJRQljmQ,UCDPWkUX3sNNaCx-m1dV4glA,@LE_A22,@hectoroliva949,1
UCNBnKqWf4d-rS4HwJRQljmQ,UCDQaQv0hr2SS_PO-CMEwVHg,@LE_A22,@federicosaquimux1933,1
UCNBnKqWf4d-rS4HwJRQljmQ,UCDUffaruH6dyUnUGwsTKpgg,@LE_A22,@luisletona2842,1
UCNBnKqWf4d-rS4HwJRQljmQ,UCDftMWXQoJ6nONfY7GVOVjg,@LE_A22,@luisgpacheco5858,1
UCNBnKqWf4d-rS4HwJRQljmQ,UCDlr1VadSucIZgZ171pRBjQ,@LE_A22,@cuabatzjj5924,1
UCNBnKqWf4d-rS4HwJRQljmQ,UCEgEQmRbtL5fwr9_DqAC--g,@LE_A22,@ArielRodas-g5y,1
UCNBnKqWf4d-rS4HwJRQljmQ,UCErZPJpHmLCsXs8ZWkAUupQ,@LE_A22,@dorisl.garciaroche7763,1
UCNBnKqWf4d-rS4HwJRQljmQ,UCFUuDARXdmmIrLppEqf-rFg,@LE_A22,@allanmunoz7410,1
UCNBnKqWf4d-rS4HwJRQljmQ,UCFhxtoeARHPnXXPcDrOU3Xg,@LE_A22,@diegoalejandrolopezmendez205,1
UCNBnKqWf4d-rS4HwJRQljmQ,UCFoIAE8k82D6AV-8gjjKaNg,@LE_A22,@eddymunoz9789,1
UCNBnKqWf4d-rS4HwJRQljmQ,UCFxE8GbokBrBsPEKM1xrOjQ,@LE_A22,@JuanDavila-qd7qj,1
UCNBnKqWf4d-rS4HwJRQljmQ,UCGzXwyCzMzGmjmCbH3Hg01Q,@LE_A22,@FidelZacarias-ph7dy,1
UCNBnKqWf4d-rS4HwJRQljmQ,UCHTGCgY2l-DQJIvlA_cpa_Q,@LE_A22,@virgiliogarcia3039,1
UCNBnKqWf4d-rS4HwJRQljmQ,UCKDR0f2fu2UzWL8mBv5-BHw,@LE_A22,@mireyamorales6595,1
UCNBnKqWf4d-rS4HwJRQljmQ,UCL1MT278vSaQ83ZDkVWn1gw,@LE_A22,@elmorodriguez6978,1
UCNBnKqWf4d-rS4HwJRQljmQ,UCLggDc_a5HriXv7I1h02sOA,@LE_A22,@guillermogonzalez5153,1
UCNBnKqWf4d-rS4HwJRQljmQ,UCOh6DaZC_x9HASnlRylEMfw,@LE_A22,@AndresMedina-v1s,1
UCNBnKqWf4d-rS4HwJRQljmQ,UCQtICyzWmhC5woCtbNgaSmg,@LE_A22,@nestormendez6216,1
UCNBnKqWf4d-rS4HwJRQljmQ,UCRETAiYdh2dL5ZxB0_N1zDA,@LE_A22,@Joseroland21,1
UCNBnKqWf4d-rS4HwJRQljmQ,UCRlCV9zSn7avAWh-9_XFWqQ,@LE_A22,@ronyarana8849,1
UCNBnKqWf4d-rS4HwJRQljmQ,UCSou6a2OuYGSvPjm5psquyA,@LE_A22,@FranciscoRivera-sf7ne,1
UCNBnKqWf4d-rS4HwJRQljmQ,UCTD6q1nyIe3Y7HhqjaMj72w,@LE_A22,@JuanChang-r6k,1
UCNBnKqWf4d-rS4HwJRQljmQ,UCTP3O0rMnc8z8v8jaDQwL0w,@LE_A22,@RobertoZelaya-x1v,1
UCNBnKqWf4d-rS4HwJRQljmQ,UCTwSut16JyAg3mX6LVUNGqA,@LE_A22,@SuperVictor2005,1
UCNBnKqWf4d-rS4HwJRQljmQ,UCTylKrsqkrBKIqubMu_5N0Q,@LE_A22,@edwingeovanymarroquinmarro6684,1
UCNBnKqWf4d-rS4HwJRQljmQ,UCUIIIPTVDVHAXqhC_5V6lPA,@LE_A22,@gorrarota,1
UCNBnKqWf4d-rS4HwJRQljmQ,UCXXh7yg5KUFIWylTiKVEFKQ,@LE_A22,@MrDuenderojo,1
UCNBnKqWf4d-rS4HwJRQljmQ,UCXgr7vXlRrsaskPdo097kGA,@LE_A22,@Rogergh-nw4oj,1
UCNBnKqWf4d-rS4HwJRQljmQ,UCYN4wSQ1Sx4_LurxLlW7MPg,@LE_A22,@belarminavillatoro6474,1
UCNBnKqWf4d-rS4HwJRQljmQ,UCYwpX26TrCxq8TvbKGRYLXA,@LE_A22,@beneficioelcaminovillacana8540,1
UCNBnKqWf4d-rS4HwJRQljmQ,UCcfdg8crmMJwEuLUsAhV7yg,@LE_A22,@RolandoRaguay,1
UCNBnKqWf4d-rS4HwJRQljmQ,UCfM3nrxtTQMY5jFx1v1J4Gg,@LE_A22,@edgarroldan5539,1
UCNBnKqWf4d-rS4HwJRQljmQ,UChZknRmJkeGeQk0-mQuhDOg,@LE_A22,@OdilioRodríguez-c5w,1
UCNBnKqWf4d-rS4HwJRQljmQ,UChep9kVb5gQmpodEEl10Xlg,@LE_A22,@carlosaguilar-kz7ml,1
UCNBnKqWf4d-rS4HwJRQljmQ,UCi1b_TRQfgO1Z9O2gNGGWNA,@LE_A22,@davidisraelesquitsaquil,1
UCNBnKqWf4d-rS4HwJRQljmQ,UCiGRBf2RNF0WRKhRVT7zFoA,@LE_A22,@edwinavila4876,1
UCNBnKqWf4d-rS4HwJRQljmQ,UCiMythXHsw7eQEMykCdmMUA,@LE_A22,@JavierBecerra-h6x,1
UCNBnKqWf4d-rS4HwJRQljmQ,UCipetjeiWj4CZB6EbyYziZg,@LE_A22,@OseasSamayoa-ol5rz,1
UCNBnKqWf4d-rS4HwJRQljmQ,UCj-LL25XJnjxepPKCc3NGog,@LE_A22,@anaaguirre8985,1
UCNBnKqWf4d-rS4HwJRQljmQ,UCjSKM9j0Q7HLDr1hD6D-TUw,@LE_A22,@josehidalgo4875,1
UCNBnKqWf4d-rS4HwJRQljmQ,UCjmPuazZJzscrwvk0QR9RVw,@LE_A22,@mynorrodas8591,1
UCNBnKqWf4d-rS4HwJRQljmQ,UCkd9W714-947dEE6ZOEBATA,@LE_A22,@ARGELIATELON,1
UCNBnKqWf4d-rS4HwJRQljmQ,UCl0ekS9Tt0jJGtOEM18S63w,@LE_A22,@monkchapin,1
UCNBnKqWf4d-rS4HwJRQljmQ,UCljDbleJul41G1TzOjOZAVA,@LE_A22,@hectorcarranza3777,1
UCNBnKqWf4d-rS4HwJRQljmQ,UCmvOgzmmXbjUthHy-WJ52hQ,@LE_A22,@mariorodas593,1
UCNBnKqWf4d-rS4HwJRQljmQ,UCp4iw5_5SmV9VGTFSNVGOmQ,@LE_A22,@CARLOSSTREMS51,1
UCNBnKqWf4d-rS4HwJRQljmQ,UCpl8rF8uv_8uui-QRvuJaRA,@LE_A22,@SergioGarcia-z9c,1
UCNBnKqWf4d-rS4HwJRQljmQ,UCplrIQtaPj6au60_f2-mOYw,@LE_A22,@romeolopezherrarte799,1
UCNBnKqWf4d-rS4HwJRQljmQ,UCpsKOkt5iWTbenzeuq7dsmQ,@LE_A22,@inge_vergueta,1
UCNBnKqWf4d-rS4HwJRQljmQ,UCr1emrogPKkKTs_WTtx71xg,@LE_A22,@domingopeneleu6457,1
UCNBnKqWf4d-rS4HwJRQljmQ,UCrJn_rbo_ENAdeqneS-RmRw,@LE_A22,@josecarrera9623,1
UCNBnKqWf4d-rS4HwJRQljmQ,UCsJJAvrVGupdmhOqgtDp8dg,@LE_A22,@nestorlorenzana1168,1
UCNBnKqWf4d-rS4HwJRQljmQ,UCsSXdJct-nsS8DsABoEsaYA,@LE_A22,@IvánPérez-j4j,1
UCNBnKqWf4d-rS4HwJRQljmQ,UCsUCN0Yq_UyTvKjOJLmNrnQ,@LE_A22,@moisesvaldez4043,1
UCNBnKqWf4d-rS4HwJRQljmQ,UCsjs5Hp_r86x1xbK6FAeqaA,@LE_A22,@alvaroesquivel563,1
UCNBnKqWf4d-rS4HwJRQljmQ,UCtNfIBnc5S5DbbQj_yxgJTw,@LE_A22,@JosueRamirez-ey3ih,1
UCNBnKqWf4d-rS4HwJRQljmQ,UCtUR3_CAiE7fCoZHM6cMfyQ,@LE_A22,@mdelcid01,1
UCNBnKqWf4d-rS4HwJRQljmQ,UCvApqeCbLod-wejtT4CcVuA,@LE_A22,@davidgaher9550,1
UCNBnKqWf4d-rS4HwJRQljmQ,UCwO2SXr0ggzwg6QWWrr01nQ,@LE_A22,@ricardofigueroa5720,1
UCNBnKqWf4d-rS4HwJRQljmQ,UCwha8rxULYMVtNwZWeSkE1A,@LE_A22,@mariasamo8637,1
UCNBnKqWf4d-rS4HwJRQljmQ,UCySYJU5kUh7X8gVt9la2ISA,@LE_A22,@dantesarti4351,1
UCNBnKqWf4d-rS4HwJRQljmQ,UCylqlpsh8ENNM1LqgQ1KbxA,@LE_A22,@Jel.Awesh.M,1
UCNBnKqWf4d-rS4HwJRQljmQ,UCz3gu01bmjNv0DpRq-K3XYg,@LE_A22,@eusebiovasquez4385,1
UCO0zwwLWGyDgQmWPJ5Qrr1w,UCIXLDYqR_syskKRJy_x9W9Q,@elsalvador3605,@carlitosramirez4739,1
UCO0zwwLWGyDgQmWPJ5Qrr1w,UCLXYp1Cvc5DLtq5UQL5D9vw,@elsalvador3605,@jorgecifuentes-m5g,1
UCO0zwwLWGyDgQmWPJ5Qrr1w,UCXN2s7DwTJm33xO-pNkAdaA,@elsalvador3605,@edithsan7688,1
UCO0zwwLWGyDgQmWPJ5Qrr1w,UCfXykdbSU97rj987LDUGfvg,@elsalvador3605,@MariaSantos-c8y3h,1
UCO0zwwLWGyDgQmWPJ5Qrr1w,UCfjhejO7LZy4doXURa7LZCQ,@elsalvador3605,@HonwayLee-z5g,1
UCO0zwwLWGyDgQmWPJ5Qrr1w,UCq3mDTTRZnUybct5M9OSXbg,@elsalvador3605,@MacoMorales-i2i2d,1
UCO0zwwLWGyDgQmWPJ5Qrr1w,UCwCfs-2zbD5k0lG-UVg_JBw,@elsalvador3605,@JessicaHuaz-96,1
UCwjUvRseNtJoItylIyIez7Q,UC-fiZBS5Gp1eCJd9ucgWnCg,@Silviazea,@Tommii.10,1
UCwjUvRseNtJoItylIyIez7Q,UC1DpqK6vaPEkBOMNvypsKYg,@Silviazea,@HectorCarranza-u4j4o,1
UCwjUvRseNtJoItylIyIez7Q,UC32oozucwCF3q8d4m8fyOUg,@Silviazea,@RauldejesusOlivagonzalez,1
UCwjUvRseNtJoItylIyIez7Q,UC3UVO7pTbeYvZ3ILEyRDskQ,@Silviazea,@rosaelenaargueta79,1
UCwjUvRseNtJoItylIyIez7Q,UC4Avya4kmR4Q0FrfFdBozSQ,@Silviazea,@davidlima1348,1
UCwjUvRseNtJoItylIyIez7Q,UC5hvEnRUzI4Kfvwnyi4QxqQ,@Silviazea,@leonelsantizo5281,1
UCwjUvRseNtJoItylIyIez7Q,UC6Uj1FT5JjDSF8vudvDxPAA,@Silviazea,@alfredoortega9264,1
UCwjUvRseNtJoItylIyIez7Q,UC7dadZG7kkGYnsNu6td0FbA,@Silviazea,@lesolorzano,1
UCwjUvRseNtJoItylIyIez7Q,UC816IGbFCZinfYS1LRDaaHg,@Silviazea,@ingenieroar,1
UCwjUvRseNtJoItylIyIez7Q,UCAKuKvcbfnBD3kF5njNu-IA,@Silviazea,@melvinlopez7096,1
UCwjUvRseNtJoItylIyIez7Q,UCCBYcToQ2dwkd6TJh0FSyDg,@Silviazea,@lidiarodriguez3493,1
UCwjUvRseNtJoItylIyIez7Q,UCDrmf9y9nLgFY5wnA2hTuGA,@Silviazea,@laboratorio5528,1
UCwjUvRseNtJoItylIyIez7Q,UCGGHbtfbbe0o68etrOf0qxw,@Silviazea,@karensussetteleonvargas9794,1
UCwjUvRseNtJoItylIyIez7Q,UCHbwIx9pmQuf7i-4_xO2EpA,@Silviazea,@caminoseternos752,1
UCwjUvRseNtJoItylIyIez7Q,UCQqlPPUGqAfWjd-FSh_qn7Q,@Silviazea,@estuardoargueta137,1
UCwjUvRseNtJoItylIyIez7Q,UCRvPToDkkumha7WJAfCDk1A,@Silviazea,@ligiaguerra3057,1
UCwjUvRseNtJoItylIyIez7Q,UCUoYsrx1oZnCZ0usbBJn4fA,@Silviazea,@AnaDiaz-re9sq,1
UCwjUvRseNtJoItylIyIez7Q,UCV0lM03g5fg5pbPj97-sAtA,@Silviazea,@genarodelgado3929,1
UCwjUvRseNtJoItylIyIez7Q,UCW-JC6lebVmf2P1dmY_L94g,@Silviazea,@dinoraoroxon5771,1
UCwjUvRseNtJoItylIyIez7Q,UCW80DaMjQlEUibC98Cot-Dg,@Silviazea,@rogeraldana4289,1
UCwjUvRseNtJoItylIyIez7Q,UCWoAVGVqCn4xtINCMOTM4jg,@Silviazea,@OmarMartinez-vv8re,1
UCwjUvRseNtJoItylIyIez7Q,UCZeIIQrGAedW8tCbKWmGY-A,@Silviazea,@mariocordon8873,1
UCwjUvRseNtJoItylIyIez7Q,UC_LYoGs5C3mbZKZuKuqYCvw,@Silviazea,@javiercifuentesarchila6041,1
UCwjUvRseNtJoItylIyIez7Q,UCe8JZoYkX5oKUZyivHYdXhw,@Silviazea,@FernandoGarcia-jg1fj,1
UCwjUvRseNtJoItylIyIez7Q,UCgJNFj5dnxXpcMvmuhZDPxA,@Silviazea,@NataliaRodriguez-rx5mr,1
UCwjUvRseNtJoItylIyIez7Q,UClhMWQ7XKWywYvbRnuf8QsA,@Silviazea,@EcPerez-zz9oh,1
UCwjUvRseNtJoItylIyIez7Q,UClqA491Xa5fQcXcJJa-vTWw,@Silviazea,@AndresLemus-k2d,1
UCwjUvRseNtJoItylIyIez7Q,UColMq7LmaoY3MT6aIDGrGvA,@Silviazea,@quijotachapina1,1
UCwjUvRseNtJoItylIyIez7Q,UCpe5jW3MIqkgTJ-PgkzvM6Q,@Silviazea,@carloslam5333,1
UCwjUvRseNtJoItylIyIez7Q,UCpsKOkt5iWTbenzeuq7dsmQ,@Silviazea,@inge_vergueta,1
UCwjUvRseNtJoItylIyIez7Q,UCsGoJEvb-cFPZ2rWoJcXzEQ,@Silviazea,@sergiohinestroza9709,1
UCwjUvRseNtJoItylIyIez7Q,UCu8_3-Wg-YzNyvHYQDEscfw,@Silviazea,@RolandoCastroPérez-d7y,1
UCwjUvRseNtJoItylIyIez7Q,UCuXmOjxC-htcprLgeVXz6Tg,@Silviazea,@jorgeaguilar-bq3uj,1
UCwjUvRseNtJoItylIyIez7Q,UCylqlpsh8ENNM1LqgQ1KbxA,@Silviazea,@Jel.Awesh.M,1
UCTwSut16JyAg3mX6LVUNGqA,UC-hfX8J5JPJ-dfuakzegMLA,@SuperVictor2005,@normaleticiaorozcojuarez2418,1
UCTwSut16JyAg3mX6LVUNGqA,UC-jS_kA9w-OmpupXDx156Rg,@SuperVictor2005,@simoncreyesc7579,1
UCTwSut16JyAg3mX6LVUNGqA,UC1vr9aaMI2crB0NvwFHUeoQ,@SuperVictor2005,@JoseSimilox-p6e,1
UCTwSut16JyAg3mX6LVUNGqA,UC2Y_EHWQKevubk4vOEBBFxw,@SuperVictor2005,@alfonsomorales2653,1
UCTwSut16JyAg3mX6LVUNGqA,UC2weSE8rpqkGMOp6StYtVfg,@SuperVictor2005,@katerynsantiago2907,1
UCTwSut16JyAg3mX6LVUNGqA,UC3E9mAgP7VoAE5mZoAexl5g,@SuperVictor2005,@EnnioAroche,1
UCTwSut16JyAg3mX6LVUNGqA,UC3NMzdMYryaw82kPTnsaljg,@SuperVictor2005,@marisosa7832,1
UCTwSut16JyAg3mX6LVUNGqA,UC3qn1yJA5PeW9rkGPatQxiw,@SuperVictor2005,@VICTOREST19,1
UCTwSut16JyAg3mX6LVUNGqA,UC4cXueR2bKGFJV0Fk76gwmA,@SuperVictor2005,@aluxdel4792,1
UCTwSut16JyAg3mX6LVUNGqA,UC5bG9nc_JV3FsNP2KseQiYw,@SuperVictor2005,@giovannirodas4836,1
UCTwSut16JyAg3mX6LVUNGqA,UC650pRT-OYzny3GwOH8Cgfw,@SuperVictor2005,@edvinparedesherrera7632,1
UCTwSut16JyAg3mX6LVUNGqA,UC72gBAtyb_VXQlYDcFrh6oQ,@SuperVictor2005,@osmanmorales3012,1
UCTwSut16JyAg3mX6LVUNGqA,UC7VUuJr9cGh845CmTvf7TlQ,@SuperVictor2005,@LuisCastillo-oz4df,1
UCTwSut16JyAg3mX6LVUNGqA,UC8G5cJONY8L9voMyBW8Eoug,@SuperVictor2005,@luisparedes-pw6qt,1
UCTwSut16JyAg3mX6LVUNGqA,UC8r11yOugM2NuRfitQOxLLg,@SuperVictor2005,@cesaraugustomoralesmonroy6907,1
UCTwSut16JyAg3mX6LVUNGqA,UC9xr9QvIcDvoZNUX5f-jaZw,@SuperVictor2005,@MariaaliciaColonmorales,1
UCTwSut16JyAg3mX6LVUNGqA,UCA93ym2TXs_Ibyxb4Vcn-6Q,@SuperVictor2005,@oswaldosolis8728,1
UCTwSut16JyAg3mX6LVUNGqA,UCAlzM_N6xBlMYmM8EBzX86Q,@SuperVictor2005,@carlossoto3252,1
UCTwSut16JyAg3mX6LVUNGqA,UCAmtbUiIrUIhikru0ZoTFig,@SuperVictor2005,@Aura-vf6dm,1
UCTwSut16JyAg3mX6LVUNGqA,UCB5p8a5gklc80jJItP6xTHg,@SuperVictor2005,@ernestogamboa8737,1
UCTwSut16JyAg3mX6LVUNGqA,UCDPWkUX3sNNaCx-m1dV4glA,@SuperVictor2005,@hectoroliva949,1
UCTwSut16JyAg3mX6LVUNGqA,UCDQaQv0hr2SS_PO-CMEwVHg,@SuperVictor2005,@federicosaquimux1933,1
UCTwSut16JyAg3mX6LVUNGqA,UCDUffaruH6dyUnUGwsTKpgg,@SuperVictor2005,@luisletona2842,1
UCTwSut16JyAg3mX6LVUNGqA,UCDftMWXQoJ6nONfY7GVOVjg,@SuperVictor2005,@luisgpacheco5858,1
UCTwSut16JyAg3mX6LVUNGqA,UCDlr1VadSucIZgZ171pRBjQ,@SuperVictor2005,@cuabatzjj5924,1
UCTwSut16JyAg3mX6LVUNGqA,UCEgEQmRbtL5fwr9_DqAC--g,@SuperVictor2005,@ArielRodas-g5y,1
UCTwSut16JyAg3mX6LVUNGqA,UCErZPJpHmLCsXs8ZWkAUupQ,@SuperVictor2005,@dorisl.garciaroche7763,1
UCTwSut16JyAg3mX6LVUNGqA,UCFUuDARXdmmIrLppEqf-rFg,@SuperVictor2005,@allanmunoz7410,1
UCTwSut16JyAg3mX6LVUNGqA,UCFhxtoeARHPnXXPcDrOU3Xg,@SuperVictor2005,@diegoalejandrolopezmendez205,1
UCTwSut16JyAg3mX6LVUNGqA,UCFoIAE8k82D6AV-8gjjKaNg,@SuperVictor2005,@eddymunoz9789,1
UCTwSut16JyAg3mX6LVUNGqA,UCFxE8GbokBrBsPEKM1xrOjQ,@SuperVictor2005,@JuanDavila-qd7qj,1
UCTwSut16JyAg3mX6LVUNGqA,UCGzXwyCzMzGmjmCbH3Hg01Q,@SuperVictor2005,@FidelZacarias-ph7dy,1
UCTwSut16JyAg3mX6LVUNGqA,UCHTGCgY2l-DQJIvlA_cpa_Q,@SuperVictor2005,@virgiliogarcia3039,1
UCTwSut16JyAg3mX6LVUNGqA,UCKDR0f2fu2UzWL8mBv5-BHw,@SuperVictor2005,@mireyamorales6595,1
UCTwSut16JyAg3mX6LVUNGqA,UCL1MT278vSaQ83ZDkVWn1gw,@SuperVictor2005,@elmorodriguez6978,1
UCTwSut16JyAg3mX6LVUNGqA,UCLggDc_a5HriXv7I1h02sOA,@SuperVictor2005,@guillermogonzalez5153,1
UCTwSut16JyAg3mX6LVUNGqA,UCOh6DaZC_x9HASnlRylEMfw,@SuperVictor2005,@AndresMedina-v1s,1
UCTwSut16JyAg3mX6LVUNGqA,UCQtICyzWmhC5woCtbNgaSmg,@SuperVictor2005,@nestormendez6216,1
UCTwSut16JyAg3mX6LVUNGqA,UCRETAiYdh2dL5ZxB0_N1zDA,@SuperVictor2005,@Joseroland21,1
UCTwSut16JyAg3mX6LVUNGqA,UCRlCV9zSn7avAWh-9_XFWqQ,@SuperVictor2005,@ronyarana8849,1
UCTwSut16JyAg3mX6LVUNGqA,UCSou6a2OuYGSvPjm5psquyA,@SuperVictor2005,@FranciscoRivera-sf7ne,1
UCTwSut16JyAg3mX6LVUNGqA,UCTD6q1nyIe3Y7HhqjaMj72w,@SuperVictor2005,@JuanChang-r6k,1
UCTwSut16JyAg3mX6LVUNGqA,UCTP3O0rMnc8z8v8jaDQwL0w,@SuperVictor2005,@RobertoZelaya-x1v,1
UCTwSut16JyAg3mX6LVUNGqA,UCTylKrsqkrBKIqubMu_5N0Q,@SuperVictor2005,@edwingeovanymarroquinmarro6684,1
UCTwSut16JyAg3mX6LVUNGqA,UCUIIIPTVDVHAXqhC_5V6lPA,@SuperVictor2005,@gorrarota,1
UCTwSut16JyAg3mX6LVUNGqA,UCXXh7yg5KUFIWylTiKVEFKQ,@SuperVictor2005,@MrDuenderojo,1
UCTwSut16JyAg3mX6LVUNGqA,UCXgr7vXlRrsaskPdo097kGA,@SuperVictor2005,@Rogergh-nw4oj,1
UCTwSut16JyAg3mX6LVUNGqA,UCYN4wSQ1Sx4_LurxLlW7MPg,@SuperVictor2005,@belarminavillatoro6474,1
UCTwSut16JyAg3mX6LVUNGqA,UCYwpX26TrCxq8TvbKGRYLXA,@SuperVictor2005,@beneficioelcaminovillacana8540,1
UCTwSut16JyAg3mX6LVUNGqA,UCcfdg8crmMJwEuLUsAhV7yg,@SuperVictor2005,@RolandoRaguay,1
UCTwSut16JyAg3mX6LVUNGqA,UCfM3nrxtTQMY5jFx1v1J4Gg,@SuperVictor2005,@edgarroldan5539,1
UCTwSut16JyAg3mX6LVUNGqA,UChZknRmJkeGeQk0-mQuhDOg,@SuperVictor2005,@OdilioRodríguez-c5w,1
UCTwSut16JyAg3mX6LVUNGqA,UChep9kVb5gQmpodEEl10Xlg,@SuperVictor2005,@carlosaguilar-kz7ml,1
UCTwSut16JyAg3mX6LVUNGqA,UCi1b_TRQfgO1Z9O2gNGGWNA,@SuperVictor2005,@davidisraelesquitsaquil,1
UCTwSut16JyAg3mX6LVUNGqA,UCiGRBf2RNF0WRKhRVT7zFoA,@SuperVictor2005,@edwinavila4876,1
UCTwSut16JyAg3mX6LVUNGqA,UCiMythXHsw7eQEMykCdmMUA,@SuperVictor2005,@JavierBecerra-h6x,1
UCTwSut16JyAg3mX6LVUNGqA,UCipetjeiWj4CZB6EbyYziZg,@SuperVictor2005,@OseasSamayoa-ol5rz,1
UCTwSut16JyAg3mX6LVUNGqA,UCj-LL25XJnjxepPKCc3NGog,@SuperVictor2005,@anaaguirre8985,1
UCTwSut16JyAg3mX6LVUNGqA,UCjSKM9j0Q7HLDr1hD6D-TUw,@SuperVictor2005,@josehidalgo4875,1
UCTwSut16JyAg3mX6LVUNGqA,UCjmPuazZJzscrwvk0QR9RVw,@SuperVictor2005,@mynorrodas8591,1
UCTwSut16JyAg3mX6LVUNGqA,UCkd9W714-947dEE6ZOEBATA,@SuperVictor2005,@ARGELIATELON,1
UCTwSut16JyAg3mX6LVUNGqA,UCl0ekS9Tt0jJGtOEM18S63w,@SuperVictor2005,@monkchapin,1
UCTwSut16JyAg3mX6LVUNGqA,UCljDbleJul41G1TzOjOZAVA,@SuperVictor2005,@hectorcarranza3777,1
UCTwSut16JyAg3mX6LVUNGqA,UCmvOgzmmXbjUthHy-WJ52hQ,@SuperVictor2005,@mariorodas593,1
UCTwSut16JyAg3mX6LVUNGqA,UCp4iw5_5SmV9VGTFSNVGOmQ,@SuperVictor2005,@CARLOSSTREMS51,1
UCTwSut16JyAg3mX6LVUNGqA,UCpl8rF8uv_8uui-QRvuJaRA,@SuperVictor2005,@SergioGarcia-z9c,1
UCTwSut16JyAg3mX6LVUNGqA,UCplrIQtaPj6au60_f2-mOYw,@SuperVictor2005,@romeolopezherrarte799,1
UCTwSut16JyAg3mX6LVUNGqA,UCpsKOkt5iWTbenzeuq7dsmQ,@SuperVictor2005,@inge_vergueta,1
UCTwSut16JyAg3mX6LVUNGqA,UCr1emrogPKkKTs_WTtx71xg,@SuperVictor2005,@domingopeneleu6457,1
UCTwSut16JyAg3mX6LVUNGqA,UCrJn_rbo_ENAdeqneS-RmRw,@SuperVictor2005,@josecarrera9623,1
UCTwSut16JyAg3mX6LVUNGqA,UCsJJAvrVGupdmhOqgtDp8dg,@SuperVictor2005,@nestorlorenzana1168,1
UCTwSut16JyAg3mX6LVUNGqA,UCsSXdJct-nsS8DsABoEsaYA,@SuperVictor2005,@IvánPérez-j4j,1
UCTwSut16JyAg3mX6LVUNGqA,UCsUCN0Yq_UyTvKjOJLmNrnQ,@SuperVictor2005,@moisesvaldez4043,1
UCTwSut16JyAg3mX6LVUNGqA,UCsjs5Hp_r86x1xbK6FAeqaA,@SuperVictor2005,@alvaroesquivel563,1
UCTwSut16JyAg3mX6LVUNGqA,UCtNfIBnc5S5DbbQj_yxgJTw,@SuperVictor2005,@JosueRamirez-ey3ih,1
UCTwSut16JyAg3mX6LVUNGqA,UCtUR3_CAiE7fCoZHM6cMfyQ,@SuperVictor2005,@mdelcid01,1
UCTwSut16JyAg3mX6LVUNGqA,UCvApqeCbLod-wejtT4CcVuA,@SuperVictor2005,@davidgaher9550,1
UCTwSut16JyAg3mX6LVUNGqA,UCwO2SXr0ggzwg6QWWrr01nQ,@SuperVictor2005,@ricardofigueroa5720,1
UCTwSut16JyAg3mX6LVUNGqA,UCwha8rxULYMVtNwZWeSkE1A,@SuperVictor2005,@mariasamo8637,1
UCTwSut16JyAg3mX6LVUNGqA,UCySYJU5kUh7X8gVt9la2ISA,@SuperVictor2005,@dantesarti4351,1
UCTwSut16JyAg3mX6LVUNGqA,UCylqlpsh8ENNM1LqgQ1KbxA,@SuperVictor2005,@Jel.Awesh.M,1
UCTwSut16JyAg3mX6LVUNGqA,UCz3gu01bmjNv0DpRq-K3XYg,@SuperVictor2005,@eusebiovasquez4385,1
UCLggDc_a5HriXv7I1h02sOA,UC-hfX8J5JPJ-dfuakzegMLA,@guillermogonzalez5153,@normaleticiaorozcojuarez2418,1
UCLggDc_a5HriXv7I1h02sOA,UC-jS_kA9w-OmpupXDx156Rg,@guillermogonzalez5153,@simoncreyesc7579,1
UCLggDc_a5HriXv7I1h02sOA,UC1vr9aaMI2crB0NvwFHUeoQ,@guillermogonzalez5153,@JoseSimilox-p6e,1
UCLggDc_a5HriXv7I1h02sOA,UC2Y_EHWQKevubk4vOEBBFxw,@guillermogonzalez5153,@alfonsomorales2653,1
UCLggDc_a5HriXv7I1h02sOA,UC2weSE8rpqkGMOp6StYtVfg,@guillermogonzalez5153,@katerynsantiago2907,1
UCLggDc_a5HriXv7I1h02sOA,UC3E9mAgP7VoAE5mZoAexl5g,@guillermogonzalez5153,@EnnioAroche,1
UCLggDc_a5HriXv7I1h02sOA,UC3NMzdMYryaw82kPTnsaljg,@guillermogonzalez5153,@marisosa7832,1
UCLggDc_a5HriXv7I1h02sOA,UC3qn1yJA5PeW9rkGPatQxiw,@guillermogonzalez5153,@VICTOREST19,1
UCLggDc_a5HriXv7I1h02sOA,UC4cXueR2bKGFJV0Fk76gwmA,@guillermogonzalez5153,@aluxdel4792,1
UCLggDc_a5HriXv7I1h02sOA,UC5bG9nc_JV3FsNP2KseQiYw,@guillermogonzalez5153,@giovannirodas4836,1
UCLggDc_a5HriXv7I1h02sOA,UC650pRT-OYzny3GwOH8Cgfw,@guillermogonzalez5153,@edvinparedesherrera7632,1
UCLggDc_a5HriXv7I1h02sOA,UC72gBAtyb_VXQlYDcFrh6oQ,@guillermogonzalez5153,@osmanmorales3012,1
UCLggDc_a5HriXv7I1h02sOA,UC7VUuJr9cGh845CmTvf7TlQ,@guillermogonzalez5153,@LuisCastillo-oz4df,1
UCLggDc_a5HriXv7I1h02sOA,UC8G5cJONY8L9voMyBW8Eoug,@guillermogonzalez5153,@luisparedes-pw6qt,1
UCLggDc_a5HriXv7I1h02sOA,UC8r11yOugM2NuRfitQOxLLg,@guillermogonzalez5153,@cesaraugustomoralesmonroy6907,1
UCLggDc_a5HriXv7I1h02sOA,UC9xr9QvIcDvoZNUX5f-jaZw,@guillermogonzalez5153,@MariaaliciaColonmorales,1
UCLggDc_a5HriXv7I1h02sOA,UCA93ym2TXs_Ibyxb4Vcn-6Q,@guillermogonzalez5153,@oswaldosolis8728,1
UCLggDc_a5HriXv7I1h02sOA,UCAlzM_N6xBlMYmM8EBzX86Q,@guillermogonzalez5153,@carlossoto3252,1
UCLggDc_a5HriXv7I1h02sOA,UCAmtbUiIrUIhikru0ZoTFig,@guillermogonzalez5153,@Aura-vf6dm,1
UCLggDc_a5HriXv7I1h02sOA,UCB5p8a5gklc80jJItP6xTHg,@guillermogonzalez5153,@ernestogamboa8737,1
UCLggDc_a5HriXv7I1h02sOA,UCDPWkUX3sNNaCx-m1dV4glA,@guillermogonzalez5153,@hectoroliva949,1
UCLggDc_a5HriXv7I1h02sOA,UCDQaQv0hr2SS_PO-CMEwVHg,@guillermogonzalez5153,@federicosaquimux1933,1
UCLggDc_a5HriXv7I1h02sOA,UCDUffaruH6dyUnUGwsTKpgg,@guillermogonzalez5153,@luisletona2842,1
UCLggDc_a5HriXv7I1h02sOA,UCDftMWXQoJ6nONfY7GVOVjg,@guillermogonzalez5153,@luisgpacheco5858,1
UCLggDc_a5HriXv7I1h02sOA,UCDlr1VadSucIZgZ171pRBjQ,@guillermogonzalez5153,@cuabatzjj5924,1
UCLggDc_a5HriXv7I1h02sOA,UCEgEQmRbtL5fwr9_DqAC--g,@guillermogonzalez5153,@ArielRodas-g5y,1
UCLggDc_a5HriXv7I1h02sOA,UCErZPJpHmLCsXs8ZWkAUupQ,@guillermogonzalez5153,@dorisl.garciaroche7763,1
UCLggDc_a5HriXv7I1h02sOA,UCFUuDARXdmmIrLppEqf-rFg,@guillermogonzalez5153,@allanmunoz7410,1
UCLggDc_a5HriXv7I1h02sOA,UCFhxtoeARHPnXXPcDrOU3Xg,@guillermogonzalez5153,@diegoalejandrolopezmendez205,1
UCLggDc_a5HriXv7I1h02sOA,UCFoIAE8k82D6AV-8gjjKaNg,@guillermogonzalez5153,@eddymunoz9789,1
UCLggDc_a5HriXv7I1h02sOA,UCFxE8GbokBrBsPEKM1xrOjQ,@guillermogonzalez5153,@JuanDavila-qd7qj,1
UCLggDc_a5HriXv7I1h02sOA,UCGzXwyCzMzGmjmCbH3Hg01Q,@guillermogonzalez5153,@FidelZacarias-ph7dy,1
UCLggDc_a5HriXv7I1h02sOA,UCHTGCgY2l-DQJIvlA_cpa_Q,@guillermogonzalez5153,@virgiliogarcia3039,1
UCLggDc_a5HriXv7I1h02sOA,UCKDR0f2fu2UzWL8mBv5-BHw,@guillermogonzalez5153,@mireyamorales6595,1
UCLggDc_a5HriXv7I1h02sOA,UCL1MT278vSaQ83ZDkVWn1gw,@guillermogonzalez5153,@elmorodriguez6978,1
UCLggDc_a5HriXv7I1h02sOA,UCOh6DaZC_x9HASnlRylEMfw,@guillermogonzalez5153,@AndresMedina-v1s,1
UCLggDc_a5HriXv7I1h02sOA,UCQtICyzWmhC5woCtbNgaSmg,@guillermogonzalez5153,@nestormendez6216,1
UCLggDc_a5HriXv7I1h02sOA,UCRETAiYdh2dL5ZxB0_N1zDA,@guillermogonzalez5153,@Joseroland21,1
UCLggDc_a5HriXv7I1h02sOA,UCRlCV9zSn7avAWh-9_XFWqQ,@guillermogonzalez5153,@ronyarana8849,1
UCLggDc_a5HriXv7I1h02sOA,UCSou6a2OuYGSvPjm5psquyA,@guillermogonzalez5153,@FranciscoRivera-sf7ne,1
UCLggDc_a5HriXv7I1h02sOA,UCTD6q1nyIe3Y7HhqjaMj72w,@guillermogonzalez5153,@JuanChang-r6k,1
UCLggDc_a5HriXv7I1h02sOA,UCTP3O0rMnc8z8v8jaDQwL0w,@guillermogonzalez5153,@RobertoZelaya-x1v,1
UCLggDc_a5HriXv7I1h02sOA,UCTylKrsqkrBKIqubMu_5N0Q,@guillermogonzalez5153,@edwingeovanymarroquinmarro6684,1
UCLggDc_a5HriXv7I1h02sOA,UCUIIIPTVDVHAXqhC_5V6lPA,@guillermogonzalez5153,@gorrarota,1
UCLggDc_a5HriXv7I1h02sOA,UCXXh7yg5KUFIWylTiKVEFKQ,@guillermogonzalez5153,@MrDuenderojo,1
UCLggDc_a5HriXv7I1h02sOA,UCXgr7vXlRrsaskPdo097kGA,@guillermogonzalez5153,@Rogergh-nw4oj,1
UCLggDc_a5HriXv7I1h02sOA,UCYN4wSQ1Sx4_LurxLlW7MPg,@guillermogonzalez5153,@belarminavillatoro6474,1
UCLggDc_a5HriXv7I1h02sOA,UCYwpX26TrCxq8TvbKGRYLXA,@guillermogonzalez5153,@beneficioelcaminovillacana8540,1
UCLggDc_a5HriXv7I1h02sOA,UCcfdg8crmMJwEuLUsAhV7yg,@guillermogonzalez5153,@RolandoRaguay,1
UCLggDc_a5HriXv7I1h02sOA,UCfM3nrxtTQMY5jFx1v1J4Gg,@guillermogonzalez5153,@edgarroldan5539,1
UCLggDc_a5HriXv7I1h02sOA,UChZknRmJkeGeQk0-mQuhDOg,@guillermogonzalez5153,@OdilioRodríguez-c5w,1
UCLggDc_a5HriXv7I1h02sOA,UChep9kVb5gQmpodEEl10Xlg,@guillermogonzalez5153,@carlosaguilar-kz7ml,1
UCLggDc_a5HriXv7I1h02sOA,UCi1b_TRQfgO1Z9O2gNGGWNA,@guillermogonzalez5153,@davidisraelesquitsaquil,1
UCLggDc_a5HriXv7I1h02sOA,UCiGRBf2RNF0WRKhRVT7zFoA,@guillermogonzalez5153,@edwinavila4876,1
UCLggDc_a5HriXv7I1h02sOA,UCiMythXHsw7eQEMykCdmMUA,@guillermogonzalez5153,@JavierBecerra-h6x,1
UCLggDc_a5HriXv7I1h02sOA,UCipetjeiWj4CZB6EbyYziZg,@guillermogonzalez5153,@OseasSamayoa-ol5rz,1
UCLggDc_a5HriXv7I1h02sOA,UCj-LL25XJnjxepPKCc3NGog,@guillermogonzalez5153,@anaaguirre8985,1
UCLggDc_a5HriXv7I1h02sOA,UCjSKM9j0Q7HLDr1hD6D-TUw,@guillermogonzalez5153,@josehidalgo4875,1
UCLggDc_a5HriXv7I1h02sOA,UCjmPuazZJzscrwvk0QR9RVw,@guillermogonzalez5153,@mynorrodas8591,1
UCLggDc_a5HriXv7I1h02sOA,UCkd9W714-947dEE6ZOEBATA,@guillermogonzalez5153,@ARGELIATELON,1
UCLggDc_a5HriXv7I1h02sOA,UCl0ekS9Tt0jJGtOEM18S63w,@guillermogonzalez5153,@monkchapin,1
UCLggDc_a5HriXv7I1h02sOA,UCljDbleJul41G1TzOjOZAVA,@guillermogonzalez5153,@hectorcarranza3777,1
UCLggDc_a5HriXv7I1h02sOA,UCmvOgzmmXbjUthHy-WJ52hQ,@guillermogonzalez5153,@mariorodas593,1
UCLggDc_a5HriXv7I1h02sOA,UCp4iw5_5SmV9VGTFSNVGOmQ,@guillermogonzalez5153,@CARLOSSTREMS51,1
UCLggDc_a5HriXv7I1h02sOA,UCpl8rF8uv_8uui-QRvuJaRA,@guillermogonzalez5153,@SergioGarcia-z9c,1
UCLggDc_a5HriXv7I1h02sOA,UCplrIQtaPj6au60_f2-mOYw,@guillermogonzalez5153,@romeolopezherrarte799,1
UCLggDc_a5HriXv7I1h02sOA,UCpsKOkt5iWTbenzeuq7dsmQ,@guillermogonzalez5153,@inge_vergueta,1
UCLggDc_a5HriXv7I1h02sOA,UCr1emrogPKkKTs_WTtx71xg,@guillermogonzalez5153,@domingopeneleu6457,1
UCLggDc_a5HriXv7I1h02sOA,UCrJn_rbo_ENAdeqneS-RmRw,@guillermogonzalez5153,@josecarrera9623,1
UCLggDc_a5HriXv7I1h02sOA,UCsJJAvrVGupdmhOqgtDp8dg,@guillermogonzalez5153,@nestorlorenzana1168,1
UCLggDc_a5HriXv7I1h02sOA,UCsSXdJct-nsS8DsABoEsaYA,@guillermogonzalez5153,@IvánPérez-j4j,1
UCLggDc_a5HriXv7I1h02sOA,UCsUCN0Yq_UyTvKjOJLmNrnQ,@guillermogonzalez5153,@moisesvaldez4043,1
UCLggDc_a5HriXv7I1h02sOA,UCsjs5Hp_r86x1xbK6FAeqaA,@guillermogonzalez5153,@alvaroesquivel563,1
UCLggDc_a5HriXv7I1h02sOA,UCtNfIBnc5S5DbbQj_yxgJTw,@guillermogonzalez5153,@JosueRamirez-ey3ih,1
UCLggDc_a5HriXv7I1h02sOA,UCtUR3_CAiE7fCoZHM6cMfyQ,@guillermogonzalez5153,@mdelcid01,1
UCLggDc_a5HriXv7I1h02sOA,UCvApqeCbLod-wejtT4CcVuA,@guillermogonzalez5153,@davidgaher9550,1
UCLggDc_a5HriXv7I1h02sOA,UCwO2SXr0ggzwg6QWWrr01nQ,@guillermogonzalez5153,@ricardofigueroa5720,1
UCLggDc_a5HriXv7I1h02sOA,UCwha8rxULYMVtNwZWeSkE1A,@guillermogonzalez5153,@mariasamo8637,1
UCLggDc_a5HriXv7I1h02sOA,UCySYJU5kUh7X8gVt9la2ISA,@guillermogonzalez5153,@dantesarti4351,1
UCLggDc_a5HriXv7I1h02sOA,UCylqlpsh8ENNM1LqgQ1KbxA,@guillermogonzalez5153,@Jel.Awesh.M,1
UCLggDc_a5HriXv7I1h02sOA,UCz3gu01bmjNv0DpRq-K3XYg,@guillermogonzalez5153,@eusebiovasquez4385,1
UCwO2SXr0ggzwg6QWWrr01nQ,UC-hfX8J5JPJ-dfuakzegMLA,@ricardofigueroa5720,@normaleticiaorozcojuarez2418,1
UCwO2SXr0ggzwg6QWWrr01nQ,UC-jS_kA9w-OmpupXDx156Rg,@ricardofigueroa5720,@simoncreyesc7579,1
UCwO2SXr0ggzwg6QWWrr01nQ,UC1vr9aaMI2crB0NvwFHUeoQ,@ricardofigueroa5720,@JoseSimilox-p6e,1
UCwO2SXr0ggzwg6QWWrr01nQ,UC2Y_EHWQKevubk4vOEBBFxw,@ricardofigueroa5720,@alfonsomorales2653,1
UCwO2SXr0ggzwg6QWWrr01nQ,UC2weSE8rpqkGMOp6StYtVfg,@ricardofigueroa5720,@katerynsantiago2907,1
UCwO2SXr0ggzwg6QWWrr01nQ,UC3E9mAgP7VoAE5mZoAexl5g,@ricardofigueroa5720,@EnnioAroche,1
UCwO2SXr0ggzwg6QWWrr01nQ,UC3NMzdMYryaw82kPTnsaljg,@ricardofigueroa5720,@marisosa7832,1
UCwO2SXr0ggzwg6QWWrr01nQ,UC3qn1yJA5PeW9rkGPatQxiw,@ricardofigueroa5720,@VICTOREST19,1
UCwO2SXr0ggzwg6QWWrr01nQ,UC4cXueR2bKGFJV0Fk76gwmA,@ricardofigueroa5720,@aluxdel4792,1
UCwO2SXr0ggzwg6QWWrr01nQ,UC5bG9nc_JV3FsNP2KseQiYw,@ricardofigueroa5720,@giovannirodas4836,1
UCwO2SXr0ggzwg6QWWrr01nQ,UC650pRT-OYzny3GwOH8Cgfw,@ricardofigueroa5720,@edvinparedesherrera7632,1
UCwO2SXr0ggzwg6QWWrr01nQ,UC72gBAtyb_VXQlYDcFrh6oQ,@ricardofigueroa5720,@osmanmorales3012,1
UCwO2SXr0ggzwg6QWWrr01nQ,UC7VUuJr9cGh845CmTvf7TlQ,@ricardofigueroa5720,@LuisCastillo-oz4df,1
UCwO2SXr0ggzwg6QWWrr01nQ,UC8G5cJONY8L9voMyBW8Eoug,@ricardofigueroa5720,@luisparedes-pw6qt,1
UCwO2SXr0ggzwg6QWWrr01nQ,UC8r11yOugM2NuRfitQOxLLg,@ricardofigueroa5720,@cesaraugustomoralesmonroy6907,1
UCwO2SXr0ggzwg6QWWrr01nQ,UC9xr9QvIcDvoZNUX5f-jaZw,@ricardofigueroa5720,@MariaaliciaColonmorales,1
UCwO2SXr0ggzwg6QWWrr01nQ,UCA93ym2TXs_Ibyxb4Vcn-6Q,@ricardofigueroa5720,@oswaldosolis8728,1
UCwO2SXr0ggzwg6QWWrr01nQ,UCAlzM_N6xBlMYmM8EBzX86Q,@ricardofigueroa5720,@carlossoto3252,1
UCwO2SXr0ggzwg6QWWrr01nQ,UCAmtbUiIrUIhikru0ZoTFig,@ricardofigueroa5720,@Aura-vf6dm,1
UCwO2SXr0ggzwg6QWWrr01nQ,UCB5p8a5gklc80jJItP6xTHg,@ricardofigueroa5720,@ernestogamboa8737,1
UCwO2SXr0ggzwg6QWWrr01nQ,UCDPWkUX3sNNaCx-m1dV4glA,@ricardofigueroa5720,@hectoroliva949,1
UCwO2SXr0ggzwg6QWWrr01nQ,UCDQaQv0hr2SS_PO-CMEwVHg,@ricardofigueroa5720,@federicosaquimux1933,1
UCwO2SXr0ggzwg6QWWrr01nQ,UCDUffaruH6dyUnUGwsTKpgg,@ricardofigueroa5720,@luisletona2842,1
UCwO2SXr0ggzwg6QWWrr01nQ,UCDftMWXQoJ6nONfY7GVOVjg,@ricardofigueroa5720,@luisgpacheco5858,1
UCwO2SXr0ggzwg6QWWrr01nQ,UCDlr1VadSucIZgZ171pRBjQ,@ricardofigueroa5720,@cuabatzjj5924,1
UCwO2SXr0ggzwg6QWWrr01nQ,UCEgEQmRbtL5fwr9_DqAC--g,@ricardofigueroa5720,@ArielRodas-g5y,1
UCwO2SXr0ggzwg6QWWrr01nQ,UCErZPJpHmLCsXs8ZWkAUupQ,@ricardofigueroa5720,@dorisl.garciaroche7763,1
UCwO2SXr0ggzwg6QWWrr01nQ,UCFUuDARXdmmIrLppEqf-rFg,@ricardofigueroa5720,@allanmunoz7410,1
UCwO2SXr0ggzwg6QWWrr01nQ,UCFhxtoeARHPnXXPcDrOU3Xg,@ricardofigueroa5720,@diegoalejandrolopezmendez205,1
UCwO2SXr0ggzwg6QWWrr01nQ,UCFoIAE8k82D6AV-8gjjKaNg,@ricardofigueroa5720,@eddymunoz9789,1
UCwO2SXr0ggzwg6QWWrr01nQ,UCFxE8GbokBrBsPEKM1xrOjQ,@ricardofigueroa5720,@JuanDavila-qd7qj,1
UCwO2SXr0ggzwg6QWWrr01nQ,UCGzXwyCzMzGmjmCbH3Hg01Q,@ricardofigueroa5720,@FidelZacarias-ph7dy,1
UCwO2SXr0ggzwg6QWWrr01nQ,UCHTGCgY2l-DQJIvlA_cpa_Q,@ricardofigueroa5720,@virgiliogarcia3039,1
UCwO2SXr0ggzwg6QWWrr01nQ,UCKDR0f2fu2UzWL8mBv5-BHw,@ricardofigueroa5720,@mireyamorales6595,1
UCwO2SXr0ggzwg6QWWrr01nQ,UCL1MT278vSaQ83ZDkVWn1gw,@ricardofigueroa5720,@elmorodriguez6978,1
UCwO2SXr0ggzwg6QWWrr01nQ,UCOh6DaZC_x9HASnlRylEMfw,@ricardofigueroa5720,@AndresMedina-v1s,1
UCwO2SXr0ggzwg6QWWrr01nQ,UCQtICyzWmhC5woCtbNgaSmg,@ricardofigueroa5720,@nestormendez6216,1
UCwO2SXr0ggzwg6QWWrr01nQ,UCRETAiYdh2dL5ZxB0_N1zDA,@ricardofigueroa5720,@Joseroland21,1
UCwO2SXr0ggzwg6QWWrr01nQ,UCRlCV9zSn7avAWh-9_XFWqQ,@ricardofigueroa5720,@ronyarana8849,1
UCwO2SXr0ggzwg6QWWrr01nQ,UCSou6a2OuYGSvPjm5psquyA,@ricardofigueroa5720,@FranciscoRivera-sf7ne,1
UCwO2SXr0ggzwg6QWWrr01nQ,UCTD6q1nyIe3Y7HhqjaMj72w,@ricardofigueroa5720,@JuanChang-r6k,1
UCwO2SXr0ggzwg6QWWrr01nQ,UCTP3O0rMnc8z8v8jaDQwL0w,@ricardofigueroa5720,@RobertoZelaya-x1v,1
UCwO2SXr0ggzwg6QWWrr01nQ,UCTylKrsqkrBKIqubMu_5N0Q,@ricardofigueroa5720,@edwingeovanymarroquinmarro6684,1
UCwO2SXr0ggzwg6QWWrr01nQ,UCUIIIPTVDVHAXqhC_5V6lPA,@ricardofigueroa5720,@gorrarota,1
UCwO2SXr0ggzwg6QWWrr01nQ,UCXXh7yg5KUFIWylTiKVEFKQ,@ricardofigueroa5720,@MrDuenderojo,1
UCwO2SXr0ggzwg6QWWrr01nQ,UCXgr7vXlRrsaskPdo097kGA,@ricardofigueroa5720,@Rogergh-nw4oj,1
UCwO2SXr0ggzwg6QWWrr01nQ,UCYN4wSQ1Sx4_LurxLlW7MPg,@ricardofigueroa5720,@belarminavillatoro6474,1
UCwO2SXr0ggzwg6QWWrr01nQ,UCYwpX26TrCxq8TvbKGRYLXA,@ricardofigueroa5720,@beneficioelcaminovillacana8540,1
UCwO2SXr0ggzwg6QWWrr01nQ,UCcfdg8crmMJwEuLUsAhV7yg,@ricardofigueroa5720,@RolandoRaguay,1
UCwO2SXr0ggzwg6QWWrr01nQ,UCfM3nrxtTQMY5jFx1v1J4Gg,@ricardofigueroa5720,@edgarroldan5539,1
UCwO2SXr0ggzwg6QWWrr01nQ,UChZknRmJkeGeQk0-mQuhDOg,@ricardofigueroa5720,@OdilioRodríguez-c5w,1
UCwO2SXr0ggzwg6QWWrr01nQ,UChep9kVb5gQmpodEEl10Xlg,@ricardofigueroa5720,@carlosaguilar-kz7ml,1
UCwO2SXr0ggzwg6QWWrr01nQ,UCi1b_TRQfgO1Z9O2gNGGWNA,@ricardofigueroa5720,@davidisraelesquitsaquil,1
UCwO2SXr0ggzwg6QWWrr01nQ,UCiGRBf2RNF0WRKhRVT7zFoA,@ricardofigueroa5720,@edwinavila4876,1
UCwO2SXr0ggzwg6QWWrr01nQ,UCiMythXHsw7eQEMykCdmMUA,@ricardofigueroa5720,@JavierBecerra-h6x,1
UCwO2SXr0ggzwg6QWWrr01nQ,UCipetjeiWj4CZB6EbyYziZg,@ricardofigueroa5720,@OseasSamayoa-ol5rz,1
UCwO2SXr0ggzwg6QWWrr01nQ,UCj-LL25XJnjxepPKCc3NGog,@ricardofigueroa5720,@anaaguirre8985,1
UCwO2SXr0ggzwg6QWWrr01nQ,UCjSKM9j0Q7HLDr1hD6D-TUw,@ricardofigueroa5720,@josehidalgo4875,1
UCwO2SXr0ggzwg6QWWrr01nQ,UCjmPuazZJzscrwvk0QR9RVw,@ricardofigueroa5720,@mynorrodas8591,1
UCwO2SXr0ggzwg6QWWrr01nQ,UCkd9W714-947dEE6ZOEBATA,@ricardofigueroa5720,@ARGELIATELON,1
UCwO2SXr0ggzwg6QWWrr01nQ,UCl0ekS9Tt0jJGtOEM18S63w,@ricardofigueroa5720,@monkchapin,1
UCwO2SXr0ggzwg6QWWrr01nQ,UCljDbleJul41G1TzOjOZAVA,@ricardofigueroa5720,@hectorcarranza3777,1
UCwO2SXr0ggzwg6QWWrr01nQ,UCmvOgzmmXbjUthHy-WJ52hQ,@ricardofigueroa5720,@mariorodas593,1
UCwO2SXr0ggzwg6QWWrr01nQ,UCp4iw5_5SmV9VGTFSNVGOmQ,@ricardofigueroa5720,@CARLOSSTREMS51,1
UCwO2SXr0ggzwg6QWWrr01nQ,UCpl8rF8uv_8uui-QRvuJaRA,@ricardofigueroa5720,@SergioGarcia-z9c,1
UCwO2SXr0ggzwg6QWWrr01nQ,UCplrIQtaPj6au60_f2-mOYw,@ricardofigueroa5720,@romeolopezherrarte799,1
UCwO2SXr0ggzwg6QWWrr01nQ,UCpsKOkt5iWTbenzeuq7dsmQ,@ricardofigueroa5720,@inge_vergueta,1
UCwO2SXr0ggzwg6QWWrr01nQ,UCr1emrogPKkKTs_WTtx71xg,@ricardofigueroa5720,@domingopeneleu6457,1
UCwO2SXr0ggzwg6QWWrr01nQ,UCrJn_rbo_ENAdeqneS-RmRw,@ricardofigueroa5720,@josecarrera9623,1
UCwO2SXr0ggzwg6QWWrr01nQ,UCsJJAvrVGupdmhOqgtDp8dg,@ricardofigueroa5720,@nestorlorenzana1168,1
UCwO2SXr0ggzwg6QWWrr01nQ,UCsSXdJct-nsS8DsABoEsaYA,@ricardofigueroa5720,@IvánPérez-j4j,1
UCwO2SXr0ggzwg6QWWrr01nQ,UCsUCN0Yq_UyTvKjOJLmNrnQ,@ricardofigueroa5720,@moisesvaldez4043,1
UCwO2SXr0ggzwg6QWWrr01nQ,UCsjs5Hp_r86x1xbK6FAeqaA,@ricardofigueroa5720,@alvaroesquivel563,1
UCwO2SXr0ggzwg6QWWrr01nQ,UCtNfIBnc5S5DbbQj_yxgJTw,@ricardofigueroa5720,@JosueRamirez-ey3ih,1
UCwO2SXr0ggzwg6QWWrr01nQ,UCtUR3_CAiE7fCoZHM6cMfyQ,@ricardofigueroa5720,@mdelcid01,1
UCwO2SXr0ggzwg6QWWrr01nQ,UCvApqeCbLod-wejtT4CcVuA,@ricardofigueroa5720,@davidgaher9550,1
UCwO2SXr0ggzwg6QWWrr01nQ,UCwha8rxULYMVtNwZWeSkE1A,@ricardofigueroa5720,@mariasamo8637,1
UCwO2SXr0ggzwg6QWWrr01nQ,UCySYJU5kUh7X8gVt9la2ISA,@ricardofigueroa5720,@dantesarti4351,1
UCwO2SXr0ggzwg6QWWrr01nQ,UCylqlpsh8ENNM1LqgQ1KbxA,@ricardofigueroa5720,@Jel.Awesh.M,1
UCwO2SXr0ggzwg6QWWrr01nQ,UCz3gu01bmjNv0DpRq-K3XYg,@ricardofigueroa5720,@eusebiovasquez4385,1
UC816IGbFCZinfYS1LRDaaHg,UC-fiZBS5Gp1eCJd9ucgWnCg,@ingenieroar,@Tommii.10,1
UC816IGbFCZinfYS1LRDaaHg,UC1DpqK6vaPEkBOMNvypsKYg,@ingenieroar,@HectorCarranza-u4j4o,1
UC816IGbFCZinfYS1LRDaaHg,UC32oozucwCF3q8d4m8fyOUg,@ingenieroar,@RauldejesusOlivagonzalez,1
UC816IGbFCZinfYS1LRDaaHg,UC3UVO7pTbeYvZ3ILEyRDskQ,@ingenieroar,@rosaelenaargueta79,1
UC816IGbFCZinfYS1LRDaaHg,UC4Avya4kmR4Q0FrfFdBozSQ,@ingenieroar,@davidlima1348,1
UC816IGbFCZinfYS1LRDaaHg,UC5hvEnRUzI4Kfvwnyi4QxqQ,@ingenieroar,@leonelsantizo5281,1
UC816IGbFCZinfYS1LRDaaHg,UC6Uj1FT5JjDSF8vudvDxPAA,@ingenieroar,@alfredoortega9264,1
UC816IGbFCZinfYS1LRDaaHg,UC7dadZG7kkGYnsNu6td0FbA,@ingenieroar,@lesolorzano,1
UC816IGbFCZinfYS1LRDaaHg,UCAKuKvcbfnBD3kF5njNu-IA,@ingenieroar,@melvinlopez7096,1
UC816IGbFCZinfYS1LRDaaHg,UCCBYcToQ2dwkd6TJh0FSyDg,@ingenieroar,@lidiarodriguez3493,1
UC816IGbFCZinfYS1LRDaaHg,UCDrmf9y9nLgFY5wnA2hTuGA,@ingenieroar,@laboratorio5528,1
UC816IGbFCZinfYS1LRDaaHg,UCGGHbtfbbe0o68etrOf0qxw,@ingenieroar,@karensussetteleonvargas9794,1
UC816IGbFCZinfYS1LRDaaHg,UCHbwIx9pmQuf7i-4_xO2EpA,@ingenieroar,@caminoseternos752,1
UC816IGbFCZinfYS1LRDaaHg,UCQqlPPUGqAfWjd-FSh_qn7Q,@ingenieroar,@estuardoargueta137,1
UC816IGbFCZinfYS1LRDaaHg,UCRvPToDkkumha7WJAfCDk1A,@ingenieroar,@ligiaguerra3057,1
UC816IGbFCZinfYS1LRDaaHg,UCUoYsrx1oZnCZ0usbBJn4fA,@ingenieroar,@AnaDiaz-re9sq,1
UC816IGbFCZinfYS1LRDaaHg,UCV0lM03g5fg5pbPj97-sAtA,@ingenieroar,@genarodelgado3929,1
UC816IGbFCZinfYS1LRDaaHg,UCW-JC6lebVmf2P1dmY_L94g,@ingenieroar,@dinoraoroxon5771,1
UC816IGbFCZinfYS1LRDaaHg,UCW80DaMjQlEUibC98Cot-Dg,@ingenieroar,@rogeraldana4289,1
UC816IGbFCZinfYS1LRDaaHg,UCWoAVGVqCn4xtINCMOTM4jg,@ingenieroar,@OmarMartinez-vv8re,1
UC816IGbFCZinfYS1LRDaaHg,UCZeIIQrGAedW8tCbKWmGY-A,@ingenieroar,@mariocordon8873,1
UC816IGbFCZinfYS1LRDaaHg,UC_LYoGs5C3mbZKZuKuqYCvw,@ingenieroar,@javiercifuentesarchila6041,1
UC816IGbFCZinfYS1LRDaaHg,UCe8JZoYkX5oKUZyivHYdXhw,@ingenieroar,@FernandoGarcia-jg1fj,1
UC816IGbFCZinfYS1LRDaaHg,UCgJNFj5dnxXpcMvmuhZDPxA,@ingenieroar,@NataliaRodriguez-rx5mr,1
UC816IGbFCZinfYS1LRDaaHg,UClhMWQ7XKWywYvbRnuf8QsA,@ingenieroar,@EcPerez-zz9oh,1
UC816IGbFCZinfYS1LRDaaHg,UClqA491Xa5fQcXcJJa-vTWw,@ingenieroar,@AndresLemus-k2d,1
UC816IGbFCZinfYS1LRDaaHg,UColMq7LmaoY3MT6aIDGrGvA,@ingenieroar,@quijotachapina1,1
UC816IGbFCZinfYS1LRDaaHg,UCpe5jW3MIqkgTJ-PgkzvM6Q,@ingenieroar,@carloslam5333,1
UC816IGbFCZinfYS1LRDaaHg,UCpsKOkt5iWTbenzeuq7dsmQ,@ingenieroar,@inge_vergueta,1
UC816IGbFCZinfYS1LRDaaHg,UCsGoJEvb-cFPZ2rWoJcXzEQ,@ingenieroar,@sergiohinestroza9709,1
UC816IGbFCZinfYS1LRDaaHg,UCu8_3-Wg-YzNyvHYQDEscfw,@ingenieroar,@RolandoCastroPérez-d7y,1
UC816IGbFCZinfYS1LRDaaHg,UCuXmOjxC-htcprLgeVXz6Tg,@ingenieroar,@jorgeaguilar-bq3uj,1
UC816IGbFCZinfYS1LRDaaHg,UCylqlpsh8ENNM1LqgQ1KbxA,@ingenieroar,@Jel.Awesh.M,1
UC3qn1yJA5PeW9rkGPatQxiw,UC-hfX8J5JPJ-dfuakzegMLA,@VICTOREST19,@normaleticiaorozcojuarez2418,1
UC3qn1yJA5PeW9rkGPatQxiw,UC-jS_kA9w-OmpupXDx156Rg,@VICTOREST19,@simoncreyesc7579,1
UC3qn1yJA5PeW9rkGPatQxiw,UC1vr9aaMI2crB0NvwFHUeoQ,@VICTOREST19,@JoseSimilox-p6e,1
UC3qn1yJA5PeW9rkGPatQxiw,UC2Y_EHWQKevubk4vOEBBFxw,@VICTOREST19,@alfonsomorales2653,1
UC3qn1yJA5PeW9rkGPatQxiw,UC2weSE8rpqkGMOp6StYtVfg,@VICTOREST19,@katerynsantiago2907,1
UC3qn1yJA5PeW9rkGPatQxiw,UC3E9mAgP7VoAE5mZoAexl5g,@VICTOREST19,@EnnioAroche,1
UC3qn1yJA5PeW9rkGPatQxiw,UC3NMzdMYryaw82kPTnsaljg,@VICTOREST19,@marisosa7832,1
UC3qn1yJA5PeW9rkGPatQxiw,UC4cXueR2bKGFJV0Fk76gwmA,@VICTOREST19,@aluxdel4792,1
UC3qn1yJA5PeW9rkGPatQxiw,UC5bG9nc_JV3FsNP2KseQiYw,@VICTOREST19,@giovannirodas4836,1
UC3qn1yJA5PeW9rkGPatQxiw,UC650pRT-OYzny3GwOH8Cgfw,@VICTOREST19,@edvinparedesherrera7632,1
UC3qn1yJA5PeW9rkGPatQxiw,UC72gBAtyb_VXQlYDcFrh6oQ,@VICTOREST19,@osmanmorales3012,1
UC3qn1yJA5PeW9rkGPatQxiw,UC7VUuJr9cGh845CmTvf7TlQ,@VICTOREST19,@LuisCastillo-oz4df,1
UC3qn1yJA5PeW9rkGPatQxiw,UC8G5cJONY8L9voMyBW8Eoug,@VICTOREST19,@luisparedes-pw6qt,1
UC3qn1yJA5PeW9rkGPatQxiw,UC8r11yOugM2NuRfitQOxLLg,@VICTOREST19,@cesaraugustomoralesmonroy6907,1
UC3qn1yJA5PeW9rkGPatQxiw,UC9xr9QvIcDvoZNUX5f-jaZw,@VICTOREST19,@MariaaliciaColonmorales,1
UC3qn1yJA5PeW9rkGPatQxiw,UCA93ym2TXs_Ibyxb4Vcn-6Q,@VICTOREST19,@oswaldosolis8728,1
UC3qn1yJA5PeW9rkGPatQxiw,UCAlzM_N6xBlMYmM8EBzX86Q,@VICTOREST19,@carlossoto3252,1
UC3qn1yJA5PeW9rkGPatQxiw,UCAmtbUiIrUIhikru0ZoTFig,@VICTOREST19,@Aura-vf6dm,1
UC3qn1yJA5PeW9rkGPatQxiw,UCB5p8a5gklc80jJItP6xTHg,@VICTOREST19,@ernestogamboa8737,1
UC3qn1yJA5PeW9rkGPatQxiw,UCDPWkUX3sNNaCx-m1dV4glA,@VICTOREST19,@hectoroliva949,1
UC3qn1yJA5PeW9rkGPatQxiw,UCDQaQv0hr2SS_PO-CMEwVHg,@VICTOREST19,@federicosaquimux1933,1
UC3qn1yJA5PeW9rkGPatQxiw,UCDUffaruH6dyUnUGwsTKpgg,@VICTOREST19,@luisletona2842,1
UC3qn1yJA5PeW9rkGPatQxiw,UCDftMWXQoJ6nONfY7GVOVjg,@VICTOREST19,@luisgpacheco5858,1
UC3qn1yJA5PeW9rkGPatQxiw,UCDlr1VadSucIZgZ171pRBjQ,@VICTOREST19,@cuabatzjj5924,1
UC3qn1yJA5PeW9rkGPatQxiw,UCEgEQmRbtL5fwr9_DqAC--g,@VICTOREST19,@ArielRodas-g5y,1
UC3qn1yJA5PeW9rkGPatQxiw,UCErZPJpHmLCsXs8ZWkAUupQ,@VICTOREST19,@dorisl.garciaroche7763,1
UC3qn1yJA5PeW9rkGPatQxiw,UCFUuDARXdmmIrLppEqf-rFg,@VICTOREST19,@allanmunoz7410,1
UC3qn1yJA5PeW9rkGPatQxiw,UCFhxtoeARHPnXXPcDrOU3Xg,@VICTOREST19,@diegoalejandrolopezmendez205,1
UC3qn1yJA5PeW9rkGPatQxiw,UCFoIAE8k82D6AV-8gjjKaNg,@VICTOREST19,@eddymunoz9789,1
UC3qn1yJA5PeW9rkGPatQxiw,UCFxE8GbokBrBsPEKM1xrOjQ,@VICTOREST19,@JuanDavila-qd7qj,1
UC3qn1yJA5PeW9rkGPatQxiw,UCGzXwyCzMzGmjmCbH3Hg01Q,@VICTOREST19,@FidelZacarias-ph7dy,1
UC3qn1yJA5PeW9rkGPatQxiw,UCHTGCgY2l-DQJIvlA_cpa_Q,@VICTOREST19,@virgiliogarcia3039,1
UC3qn1yJA5PeW9rkGPatQxiw,UCKDR0f2fu2UzWL8mBv5-BHw,@VICTOREST19,@mireyamorales6595,1
UC3qn1yJA5PeW9rkGPatQxiw,UCL1MT278vSaQ83ZDkVWn1gw,@VICTOREST19,@elmorodriguez6978,1
UC3qn1yJA5PeW9rkGPatQxiw,UCOh6DaZC_x9HASnlRylEMfw,@VICTOREST19,@AndresMedina-v1s,1
UC3qn1yJA5PeW9rkGPatQxiw,UCQtICyzWmhC5woCtbNgaSmg,@VICTOREST19,@nestormendez6216,1
UC3qn1yJA5PeW9rkGPatQxiw,UCRETAiYdh2dL5ZxB0_N1zDA,@VICTOREST19,@Joseroland21,1
UC3qn1yJA5PeW9rkGPatQxiw,UCRlCV9zSn7avAWh-9_XFWqQ,@VICTOREST19,@ronyarana8849,1
UC3qn1yJA5PeW9rkGPatQxiw,UCSou6a2OuYGSvPjm5psquyA,@VICTOREST19,@FranciscoRivera-sf7ne,1
UC3qn1yJA5PeW9rkGPatQxiw,UCTD6q1nyIe3Y7HhqjaMj72w,@VICTOREST19,@JuanChang-r6k,1
UC3qn1yJA5PeW9rkGPatQxiw,UCTP3O0rMnc8z8v8jaDQwL0w,@VICTOREST19,@RobertoZelaya-x1v,1
UC3qn1yJA5PeW9rkGPatQxiw,UCTylKrsqkrBKIqubMu_5N0Q,@VICTOREST19,@edwingeovanymarroquinmarro6684,1
UC3qn1yJA5PeW9rkGPatQxiw,UCUIIIPTVDVHAXqhC_5V6lPA,@VICTOREST19,@gorrarota,1
UC3qn1yJA5PeW9rkGPatQxiw,UCXXh7yg5KUFIWylTiKVEFKQ,@VICTOREST19,@MrDuenderojo,1
UC3qn1yJA5PeW9rkGPatQxiw,UCXgr7vXlRrsaskPdo097kGA,@VICTOREST19,@Rogergh-nw4oj,1
UC3qn1yJA5PeW9rkGPatQxiw,UCYN4wSQ1Sx4_LurxLlW7MPg,@VICTOREST19,@belarminavillatoro6474,1
UC3qn1yJA5PeW9rkGPatQxiw,UCYwpX26TrCxq8TvbKGRYLXA,@VICTOREST19,@beneficioelcaminovillacana8540,1
UC3qn1yJA5PeW9rkGPatQxiw,UCcfdg8crmMJwEuLUsAhV7yg,@VICTOREST19,@RolandoRaguay,1
UC3qn1yJA5PeW9rkGPatQxiw,UCfM3nrxtTQMY5jFx1v1J4Gg,@VICTOREST19,@edgarroldan5539,1
UC3qn1yJA5PeW9rkGPatQxiw,UChZknRmJkeGeQk0-mQuhDOg,@VICTOREST19,@OdilioRodríguez-c5w,1
UC3qn1yJA5PeW9rkGPatQxiw,UChep9kVb5gQmpodEEl10Xlg,@VICTOREST19,@carlosaguilar-kz7ml,1
UC3qn1yJA5PeW9rkGPatQxiw,UCi1b_TRQfgO1Z9O2gNGGWNA,@VICTOREST19,@davidisraelesquitsaquil,1
UC3qn1yJA5PeW9rkGPatQxiw,UCiGRBf2RNF0WRKhRVT7zFoA,@VICTOREST19,@edwinavila4876,1
UC3qn1yJA5PeW9rkGPatQxiw,UCiMythXHsw7eQEMykCdmMUA,@VICTOREST19,@JavierBecerra-h6x,1
UC3qn1yJA5PeW9rkGPatQxiw,UCipetjeiWj4CZB6EbyYziZg,@VICTOREST19,@OseasSamayoa-ol5rz,1
UC3qn1yJA5PeW9rkGPatQxiw,UCj-LL25XJnjxepPKCc3NGog,@VICTOREST19,@anaaguirre8985,1
UC3qn1yJA5PeW9rkGPatQxiw,UCjSKM9j0Q7HLDr1hD6D-TUw,@VICTOREST19,@josehidalgo4875,1
UC3qn1yJA5PeW9rkGPatQxiw,UCjmPuazZJzscrwvk0QR9RVw,@VICTOREST19,@mynorrodas8591,1
UC3qn1yJA5PeW9rkGPatQxiw,UCkd9W714-947dEE6ZOEBATA,@VICTOREST19,@ARGELIATELON,1
UC3qn1yJA5PeW9rkGPatQxiw,UCl0ekS9Tt0jJGtOEM18S63w,@VICTOREST19,@monkchapin,1
UC3qn1yJA5PeW9rkGPatQxiw,UCljDbleJul41G1TzOjOZAVA,@VICTOREST19,@hectorcarranza3777,1
UC3qn1yJA5PeW9rkGPatQxiw,UCmvOgzmmXbjUthHy-WJ52hQ,@VICTOREST19,@mariorodas593,1
UC3qn1yJA5PeW9rkGPatQxiw,UCp4iw5_5SmV9VGTFSNVGOmQ,@VICTOREST19,@CARLOSSTREMS51,1
UC3qn1yJA5PeW9rkGPatQxiw,UCpl8rF8uv_8uui-QRvuJaRA,@VICTOREST19,@SergioGarcia-z9c,1
UC3qn1yJA5PeW9rkGPatQxiw,UCplrIQtaPj6au60_f2-mOYw,@VICTOREST19,@romeolopezherrarte799,1
UC3qn1yJA5PeW9rkGPatQxiw,UCpsKOkt5iWTbenzeuq7dsmQ,@VICTOREST19,@inge_vergueta,1
UC3qn1yJA5PeW9rkGPatQxiw,UCr1emrogPKkKTs_WTtx71xg,@VICTOREST19,@domingopeneleu6457,1
UC3qn1yJA5PeW9rkGPatQxiw,UCrJn_rbo_ENAdeqneS-RmRw,@VICTOREST19,@josecarrera9623,1
UC3qn1yJA5PeW9rkGPatQxiw,UCsJJAvrVGupdmhOqgtDp8dg,@VICTOREST19,@nestorlorenzana1168,1
UC3qn1yJA5PeW9rkGPatQxiw,UCsSXdJct-nsS8DsABoEsaYA,@VICTOREST19,@IvánPérez-j4j,1
UC3qn1yJA5PeW9rkGPatQxiw,UCsUCN0Yq_UyTvKjOJLmNrnQ,@VICTOREST19,@moisesvaldez4043,1
UC3qn1yJA5PeW9rkGPatQxiw,UCsjs5Hp_r86x1xbK6FAeqaA,@VICTOREST19,@alvaroesquivel563,1
UC3qn1yJA5PeW9rkGPatQxiw,UCtNfIBnc5S5DbbQj_yxgJTw,@VICTOREST19,@JosueRamirez-ey3ih,1
UC3qn1yJA5PeW9rkGPatQxiw,UCtUR3_CAiE7fCoZHM6cMfyQ,@VICTOREST19,@mdelcid01,1
UC3qn1yJA5PeW9rkGPatQxiw,UCvApqeCbLod-wejtT4CcVuA,@VICTOREST19,@davidgaher9550,1
UC3qn1yJA5PeW9rkGPatQxiw,UCwha8rxULYMVtNwZWeSkE1A,@VICTOREST19,@mariasamo8637,1
UC3qn1yJA5PeW9rkGPatQxiw,UCySYJU5kUh7X8gVt9la2ISA,@VICTOREST19,@dantesarti4351,1
UC3qn1yJA5PeW9rkGPatQxiw,UCylqlpsh8ENNM1LqgQ1KbxA,@VICTOREST19,@Jel.Awesh.M,1
UC3qn1yJA5PeW9rkGPatQxiw,UCz3gu01bmjNv0DpRq-K3XYg,@VICTOREST19,@eusebiovasquez4385,1
UCaT4saRcyqCLE657Rq2hhZQ,UC-HeUTT6_g-VoiWds2a4H-w,@elmilenial4064,@JorgeMunoz-gd9et,1
UCaT4saRcyqCLE657Rq2hhZQ,UC-Iul5tDYH_oiAMXQH-KaaQ,@elmilenial4064,@AlbertoMancilla-p9h,1
UCaT4saRcyqCLE657Rq2hhZQ,UC0HvfEWozTHbwl_iEmJNvVA,@elmilenial4064,@OttoPalencia-b7r,1
UCaT4saRcyqCLE657Rq2hhZQ,UC14qlobYKqD-DO0j6b75lcA,@elmilenial4064,@megavision4488,1
UCaT4saRcyqCLE657Rq2hhZQ,UC1NiEdJ7gk6FlDexIalWnGg,@elmilenial4064,@BorisTebalán,1
UCaT4saRcyqCLE657Rq2hhZQ,UC3YpzAr7pcdKC7BVFEpYzog,@elmilenial4064,@carmenfigueroa1232,1
UCaT4saRcyqCLE657Rq2hhZQ,UC63tFvbQ_hJhGDi2nbjssjw,@elmilenial4064,@AbigailRodas-w2r,1
UCaT4saRcyqCLE657Rq2hhZQ,UCEHXl4VvvVpq-_4xC5tsbhg,@elmilenial4064,@anibalg47,1
UCaT4saRcyqCLE657Rq2hhZQ,UCRfkkatKrNtAARnXMMYBGlA,@elmilenial4064,@BernerSoza-mg3vx,1
UCaT4saRcyqCLE657Rq2hhZQ,UCZFQwqh90apuL8eFhvRBkUg,@elmilenial4064,@luisricardo9671,1
UCaT4saRcyqCLE657Rq2hhZQ,UCa36MjQLoPAmgJo-R3G8WQA,@elmilenial4064,@elsasalguero6914,1
UCaT4saRcyqCLE657Rq2hhZQ,UCeQk-WfEA-cJRq4EKeE7TOw,@elmilenial4064,@franciscojuarez9223,1
UCaT4saRcyqCLE657Rq2hhZQ,UCfo_yUPzy1f1POwwZxhZ06Q,@elmilenial4064,@lara11roberto,1
UCaT4saRcyqCLE657Rq2hhZQ,UCgGqw4aqMdMVSGkKiMgrJRQ,@elmilenial4064,@pattyfigueroa5609,1
UCaT4saRcyqCLE657Rq2hhZQ,UChyps3dqY-VY1_wLeq-2lhw,@elmilenial4064,@maydamorales4395,1
UCaT4saRcyqCLE657Rq2hhZQ,UCql1n3Ey6ULMSOACjMe-fxQ,@elmilenial4064,@RolandoGonzalez-o7g,1
UCaT4saRcyqCLE657Rq2hhZQ,UCtCtts20bW6F9CSohau51Iw,@elmilenial4064,@carlosgranados9875,1
UCaT4saRcyqCLE657Rq2hhZQ,UCtsxPYw8VUsH_FfnKg-0lmw,@elmilenial4064,@AlejandroPérez-b6r,1
UCaT4saRcyqCLE657Rq2hhZQ,UCvDwJBBY1mHK70aTEYl6rsA,@elmilenial4064,@cristianescobedo8296,1
UCaT4saRcyqCLE657Rq2hhZQ,UCyJhqmMbsvjpoarBBStA2kg,@elmilenial4064,@Murmullodelbarrio,1
UCaT4saRcyqCLE657Rq2hhZQ,UCzZ6dDCEsLMXbc5pCFXIprw,@elmilenial4064,@josegil3813,1
UCc_F88PzGWtA1OPNUEASulA,UCCUmP4PlbwgikVFpYwbtRTg,@rockyscarlet,@alhvi,1
UCc_F88PzGWtA1OPNUEASulA,UCOY3XpD9qMCRSA8AA8c4CAw,@rockyscarlet,@franciscorodas9686,1
UCc_F88PzGWtA1OPNUEASulA,UCTTILH6QCIxbTnEWxwRqs1g,@rockyscarlet,@3762Jorge,1
UCc_F88PzGWtA1OPNUEASulA,UCXO1BBohNWXkK9SBDAG2ySg,@rockyscarlet,@JBFlute92,1
UCc_F88PzGWtA1OPNUEASulA,UCbrtvygfRT6QXqWDNrOf-cA,@rockyscarlet,@Alejandro00710,1
UCc_F88PzGWtA1OPNUEASulA,UCcFIBN-rtC3d3hXeuN5TfWw,@rockyscarlet,@DenisRMC,1
UCc_F88PzGWtA1OPNUEASulA,UCdQAuWwyC99MB7Y02Umj26Q,@rockyscarlet,@miguelbran1268,1
UCc_F88PzGWtA1OPNUEASulA,UCefAH1MbvADWUjE9WVcB9EQ,@rockyscarlet,@jabriz8152,1
UCc_F88PzGWtA1OPNUEASulA,UChT7pzGytNd92Nmvi-zuWog,@rockyscarlet,@sparkvalkov,1
UCc_F88PzGWtA1OPNUEASulA,UCwEe1RKlEv1UpNWmWYfSh4w,@rockyscarlet,@marioramirez299,1
UCc_F88PzGWtA1OPNUEASulA,UCxcoDvP-g2_KTZDmVZtvb3w,@rockyscarlet,@angelmartinez9523,1
UCErZPJpHmLCsXs8ZWkAUupQ,UC-hfX8J5JPJ-dfuakzegMLA,@dorisl.garciaroche7763,@normaleticiaorozcojuarez2418,1
UCErZPJpHmLCsXs8ZWkAUupQ,UC-jS_kA9w-OmpupXDx156Rg,@dorisl.garciaroche7763,@simoncreyesc7579,1
UCErZPJpHmLCsXs8ZWkAUupQ,UC1vr9aaMI2crB0NvwFHUeoQ,@dorisl.garciaroche7763,@JoseSimilox-p6e,1
UCErZPJpHmLCsXs8ZWkAUupQ,UC2Y_EHWQKevubk4vOEBBFxw,@dorisl.garciaroche7763,@alfonsomorales2653,1
UCErZPJpHmLCsXs8ZWkAUupQ,UC2weSE8rpqkGMOp6StYtVfg,@dorisl.garciaroche7763,@katerynsantiago2907,1
UCErZPJpHmLCsXs8ZWkAUupQ,UC3E9mAgP7VoAE5mZoAexl5g,@dorisl.garciaroche7763,@EnnioAroche,1
UCErZPJpHmLCsXs8ZWkAUupQ,UC3NMzdMYryaw82kPTnsaljg,@dorisl.garciaroche7763,@marisosa7832,1
UCErZPJpHmLCsXs8ZWkAUupQ,UC4cXueR2bKGFJV0Fk76gwmA,@dorisl.garciaroche7763,@aluxdel4792,1
UCErZPJpHmLCsXs8ZWkAUupQ,UC5bG9nc_JV3FsNP2KseQiYw,@dorisl.garciaroche7763,@giovannirodas4836,1
UCErZPJpHmLCsXs8ZWkAUupQ,UC650pRT-OYzny3GwOH8Cgfw,@dorisl.garciaroche7763,@edvinparedesherrera7632,1
UCErZPJpHmLCsXs8ZWkAUupQ,UC72gBAtyb_VXQlYDcFrh6oQ,@dorisl.garciaroche7763,@osmanmorales3012,1
UCErZPJpHmLCsXs8ZWkAUupQ,UC7VUuJr9cGh845CmTvf7TlQ,@dorisl.garciaroche7763,@LuisCastillo-oz4df,1
UCErZPJpHmLCsXs8ZWkAUupQ,UC8G5cJONY8L9voMyBW8Eoug,@dorisl.garciaroche7763,@luisparedes-pw6qt,1
UCErZPJpHmLCsXs8ZWkAUupQ,UC8r11yOugM2NuRfitQOxLLg,@dorisl.garciaroche7763,@cesaraugustomoralesmonroy6907,1
UCErZPJpHmLCsXs8ZWkAUupQ,UC9xr9QvIcDvoZNUX5f-jaZw,@dorisl.garciaroche7763,@MariaaliciaColonmorales,1
UCErZPJpHmLCsXs8ZWkAUupQ,UCA93ym2TXs_Ibyxb4Vcn-6Q,@dorisl.garciaroche7763,@oswaldosolis8728,1
UCErZPJpHmLCsXs8ZWkAUupQ,UCAlzM_N6xBlMYmM8EBzX86Q,@dorisl.garciaroche7763,@carlossoto3252,1
UCErZPJpHmLCsXs8ZWkAUupQ,UCAmtbUiIrUIhikru0ZoTFig,@dorisl.garciaroche7763,@Aura-vf6dm,1
UCErZPJpHmLCsXs8ZWkAUupQ,UCB5p8a5gklc80jJItP6xTHg,@dorisl.garciaroche7763,@ernestogamboa8737,1
UCErZPJpHmLCsXs8ZWkAUupQ,UCDPWkUX3sNNaCx-m1dV4glA,@dorisl.garciaroche7763,@hectoroliva949,1
UCErZPJpHmLCsXs8ZWkAUupQ,UCDQaQv0hr2SS_PO-CMEwVHg,@dorisl.garciaroche7763,@federicosaquimux1933,1
UCErZPJpHmLCsXs8ZWkAUupQ,UCDUffaruH6dyUnUGwsTKpgg,@dorisl.garciaroche7763,@luisletona2842,1
UCErZPJpHmLCsXs8ZWkAUupQ,UCDftMWXQoJ6nONfY7GVOVjg,@dorisl.garciaroche7763,@luisgpacheco5858,1
UCErZPJpHmLCsXs8ZWkAUupQ,UCDlr1VadSucIZgZ171pRBjQ,@dorisl.garciaroche7763,@cuabatzjj5924,1
UCErZPJpHmLCsXs8ZWkAUupQ,UCEgEQmRbtL5fwr9_DqAC--g,@dorisl.garciaroche7763,@ArielRodas-g5y,1
UCErZPJpHmLCsXs8ZWkAUupQ,UCFUuDARXdmmIrLppEqf-rFg,@dorisl.garciaroche7763,@allanmunoz7410,1
UCErZPJpHmLCsXs8ZWkAUupQ,UCFhxtoeARHPnXXPcDrOU3Xg,@dorisl.garciaroche7763,@diegoalejandrolopezmendez205,1
UCErZPJpHmLCsXs8ZWkAUupQ,UCFoIAE8k82D6AV-8gjjKaNg,@dorisl.garciaroche7763,@eddymunoz9789,1
UCErZPJpHmLCsXs8ZWkAUupQ,UCFxE8GbokBrBsPEKM1xrOjQ,@dorisl.garciaroche7763,@JuanDavila-qd7qj,1
UCErZPJpHmLCsXs8ZWkAUupQ,UCGzXwyCzMzGmjmCbH3Hg01Q,@dorisl.garciaroche7763,@FidelZacarias-ph7dy,1
UCErZPJpHmLCsXs8ZWkAUupQ,UCHTGCgY2l-DQJIvlA_cpa_Q,@dorisl.garciaroche7763,@virgiliogarcia3039,1
UCErZPJpHmLCsXs8ZWkAUupQ,UCKDR0f2fu2UzWL8mBv5-BHw,@dorisl.garciaroche7763,@mireyamorales6595,1
UCErZPJpHmLCsXs8ZWkAUupQ,UCL1MT278vSaQ83ZDkVWn1gw,@dorisl.garciaroche7763,@elmorodriguez6978,1
UCErZPJpHmLCsXs8ZWkAUupQ,UCOh6DaZC_x9HASnlRylEMfw,@dorisl.garciaroche7763,@AndresMedina-v1s,1
UCErZPJpHmLCsXs8ZWkAUupQ,UCQtICyzWmhC5woCtbNgaSmg,@dorisl.garciaroche7763,@nestormendez6216,1
UCErZPJpHmLCsXs8ZWkAUupQ,UCRETAiYdh2dL5ZxB0_N1zDA,@dorisl.garciaroche7763,@Joseroland21,1
UCErZPJpHmLCsXs8ZWkAUupQ,UCRlCV9zSn7avAWh-9_XFWqQ,@dorisl.garciaroche7763,@ronyarana8849,1
UCErZPJpHmLCsXs8ZWkAUupQ,UCSou6a2OuYGSvPjm5psquyA,@dorisl.garciaroche7763,@FranciscoRivera-sf7ne,1
UCErZPJpHmLCsXs8ZWkAUupQ,UCTD6q1nyIe3Y7HhqjaMj72w,@dorisl.garciaroche7763,@JuanChang-r6k,1
UCErZPJpHmLCsXs8ZWkAUupQ,UCTP3O0rMnc8z8v8jaDQwL0w,@dorisl.garciaroche7763,@RobertoZelaya-x1v,1
UCErZPJpHmLCsXs8ZWkAUupQ,UCTylKrsqkrBKIqubMu_5N0Q,@dorisl.garciaroche7763,@edwingeovanymarroquinmarro6684,1
UCErZPJpHmLCsXs8ZWkAUupQ,UCUIIIPTVDVHAXqhC_5V6lPA,@dorisl.garciaroche7763,@gorrarota,1
UCErZPJpHmLCsXs8ZWkAUupQ,UCXXh7yg5KUFIWylTiKVEFKQ,@dorisl.garciaroche7763,@MrDuenderojo,1
UCErZPJpHmLCsXs8ZWkAUupQ,UCXgr7vXlRrsaskPdo097kGA,@dorisl.garciaroche7763,@Rogergh-nw4oj,1
UCErZPJpHmLCsXs8ZWkAUupQ,UCYN4wSQ1Sx4_LurxLlW7MPg,@dorisl.garciaroche7763,@belarminavillatoro6474,1
UCErZPJpHmLCsXs8ZWkAUupQ,UCYwpX26TrCxq8TvbKGRYLXA,@dorisl.garciaroche7763,@beneficioelcaminovillacana8540,1
UCErZPJpHmLCsXs8ZWkAUupQ,UCcfdg8crmMJwEuLUsAhV7yg,@dorisl.garciaroche7763,@RolandoRaguay,1
UCErZPJpHmLCsXs8ZWkAUupQ,UCfM3nrxtTQMY5jFx1v1J4Gg,@dorisl.garciaroche7763,@edgarroldan5539,1
UCErZPJpHmLCsXs8ZWkAUupQ,UChZknRmJkeGeQk0-mQuhDOg,@dorisl.garciaroche7763,@OdilioRodríguez-c5w,1
UCErZPJpHmLCsXs8ZWkAUupQ,UChep9kVb5gQmpodEEl10Xlg,@dorisl.garciaroche7763,@carlosaguilar-kz7ml,1
UCErZPJpHmLCsXs8ZWkAUupQ,UCi1b_TRQfgO1Z9O2gNGGWNA,@dorisl.garciaroche7763,@davidisraelesquitsaquil,1
UCErZPJpHmLCsXs8ZWkAUupQ,UCiGRBf2RNF0WRKhRVT7zFoA,@dorisl.garciaroche7763,@edwinavila4876,1
UCErZPJpHmLCsXs8ZWkAUupQ,UCiMythXHsw7eQEMykCdmMUA,@dorisl.garciaroche7763,@JavierBecerra-h6x,1
UCErZPJpHmLCsXs8ZWkAUupQ,UCipetjeiWj4CZB6EbyYziZg,@dorisl.garciaroche7763,@OseasSamayoa-ol5rz,1
UCErZPJpHmLCsXs8ZWkAUupQ,UCj-LL25XJnjxepPKCc3NGog,@dorisl.garciaroche7763,@anaaguirre8985,1
UCErZPJpHmLCsXs8ZWkAUupQ,UCjSKM9j0Q7HLDr1hD6D-TUw,@dorisl.garciaroche7763,@josehidalgo4875,1
UCErZPJpHmLCsXs8ZWkAUupQ,UCjmPuazZJzscrwvk0QR9RVw,@dorisl.garciaroche7763,@mynorrodas8591,1
UCErZPJpHmLCsXs8ZWkAUupQ,UCkd9W714-947dEE6ZOEBATA,@dorisl.garciaroche7763,@ARGELIATELON,1
UCErZPJpHmLCsXs8ZWkAUupQ,UCl0ekS9Tt0jJGtOEM18S63w,@dorisl.garciaroche7763,@monkchapin,1
UCErZPJpHmLCsXs8ZWkAUupQ,UCljDbleJul41G1TzOjOZAVA,@dorisl.garciaroche7763,@hectorcarranza3777,1
UCErZPJpHmLCsXs8ZWkAUupQ,UCmvOgzmmXbjUthHy-WJ52hQ,@dorisl.garciaroche7763,@mariorodas593,1
UCErZPJpHmLCsXs8ZWkAUupQ,UCp4iw5_5SmV9VGTFSNVGOmQ,@dorisl.garciaroche7763,@CARLOSSTREMS51,1
UCErZPJpHmLCsXs8ZWkAUupQ,UCpl8rF8uv_8uui-QRvuJaRA,@dorisl.garciaroche7763,@SergioGarcia-z9c,1
UCErZPJpHmLCsXs8ZWkAUupQ,UCplrIQtaPj6au60_f2-mOYw,@dorisl.garciaroche7763,@romeolopezherrarte799,1
UCErZPJpHmLCsXs8ZWkAUupQ,UCpsKOkt5iWTbenzeuq7dsmQ,@dorisl.garciaroche7763,@inge_vergueta,1
UCErZPJpHmLCsXs8ZWkAUupQ,UCr1emrogPKkKTs_WTtx71xg,@dorisl.garciaroche7763,@domingopeneleu6457,1
UCErZPJpHmLCsXs8ZWkAUupQ,UCrJn_rbo_ENAdeqneS-RmRw,@dorisl.garciaroche7763,@josecarrera9623,1
UCErZPJpHmLCsXs8ZWkAUupQ,UCsJJAvrVGupdmhOqgtDp8dg,@dorisl.garciaroche7763,@nestorlorenzana1168,1
UCErZPJpHmLCsXs8ZWkAUupQ,UCsSXdJct-nsS8DsABoEsaYA,@dorisl.garciaroche7763,@IvánPérez-j4j,1
UCErZPJpHmLCsXs8ZWkAUupQ,UCsUCN0Yq_UyTvKjOJLmNrnQ,@dorisl.garciaroche7763,@moisesvaldez4043,1
UCErZPJpHmLCsXs8ZWkAUupQ,UCsjs5Hp_r86x1xbK6FAeqaA,@dorisl.garciaroche7763,@alvaroesquivel563,1
UCErZPJpHmLCsXs8ZWkAUupQ,UCtNfIBnc5S5DbbQj_yxgJTw,@dorisl.garciaroche7763,@JosueRamirez-ey3ih,1
UCErZPJpHmLCsXs8ZWkAUupQ,UCtUR3_CAiE7fCoZHM6cMfyQ,@dorisl.garciaroche7763,@mdelcid01,1
UCErZPJpHmLCsXs8ZWkAUupQ,UCvApqeCbLod-wejtT4CcVuA,@dorisl.garciaroche7763,@davidgaher9550,1
UCErZPJpHmLCsXs8ZWkAUupQ,UCwha8rxULYMVtNwZWeSkE1A,@dorisl.garciaroche7763,@mariasamo8637,1
UCErZPJpHmLCsXs8ZWkAUupQ,UCySYJU5kUh7X8gVt9la2ISA,@dorisl.garciaroche7763,@dantesarti4351,1
UCErZPJpHmLCsXs8ZWkAUupQ,UCylqlpsh8ENNM1LqgQ1KbxA,@dorisl.garciaroche7763,@Jel.Awesh.M,1
UCErZPJpHmLCsXs8ZWkAUupQ,UCz3gu01bmjNv0DpRq-K3XYg,@dorisl.garciaroche7763,@eusebiovasquez4385,1
UCFOxCyF926Y9eHhMeVoWLzw,UC0RpuMwkDKJYqgKHtsJRuWQ,@arielsarc09,@sabinamarinaguerra3248,1
UCFOxCyF926Y9eHhMeVoWLzw,UC0aEyakBPqcBkVJiErfSupQ,@arielsarc09,@jhonymanuel9891,1
UCFOxCyF926Y9eHhMeVoWLzw,UC5fvhAfm89JH8eDFdvc0xYw,@arielsarc09,@isaidiaz2388,1
UCFOxCyF926Y9eHhMeVoWLzw,UCGqKxQS-z3NZzZF-2w338AA,@arielsarc09,@samuelaguilar529,1
UCFOxCyF926Y9eHhMeVoWLzw,UCHMQ_lDhibZ-XZ_3fo6oxwg,@arielsarc09,@crislexrubi4387,1
UCFOxCyF926Y9eHhMeVoWLzw,UCIUhbSCy3-SGRe5UtqM4fzQ,@arielsarc09,@jeanmorales1677,1
UCFOxCyF926Y9eHhMeVoWLzw,UCIp19h9igblA2YKfSLPDAug,@arielsarc09,@JoseReyes-rn6sh,1
UCFOxCyF926Y9eHhMeVoWLzw,UCRcSR3Lvn9DZAmJpVPANfZQ,@arielsarc09,@WalksandSuch,1
UCFOxCyF926Y9eHhMeVoWLzw,UCRznz9-N3Qc1w-qNdLSIY2Q,@arielsarc09,@jimmygomez724,1
UCFOxCyF926Y9eHhMeVoWLzw,UCSTAUWVc1_82DHYeqOsqEFA,@arielsarc09,@TheAlexX_C,1
UCFOxCyF926Y9eHhMeVoWLzw,UCY7Hq7F9Lnucf-Yr6JkHZNw,@arielsarc09,@maynorcalel1442,1
UCFOxCyF926Y9eHhMeVoWLzw,UC_ljZ1hZXR9pzexFz87P5ZA,@arielsarc09,@ChRiStOpHeR7969,1
UCFOxCyF926Y9eHhMeVoWLzw,UCaT6M2zp7X6r6Whd8Vv3kHQ,@arielsarc09,@alexarcos8349,1
UCFOxCyF926Y9eHhMeVoWLzw,UCgLrWFdYitoP-b7-PxtUr-w,@arielsarc09,@zetag,1
UCFOxCyF926Y9eHhMeVoWLzw,UCi-vPdnpQreC7BkFs40mJGA,@arielsarc09,@bryansicasales4280,1
UCFOxCyF926Y9eHhMeVoWLzw,UCqilIa8r7iek5sGYg_q6ofA,@arielsarc09,@rolandojuchuna484,1
UCFOxCyF926Y9eHhMeVoWLzw,UCs_5qeqdku9tGAq22y3OcuQ,@arielsarc09,@alexandrevasquez4135,1
UCFOxCyF926Y9eHhMeVoWLzw,UCtMBF_1O2jY2INlb_luuB_A,@arielsarc09,@mynorgudiel8646,1
UCFOxCyF926Y9eHhMeVoWLzw,UCwUAv3_LpWVtTIi7lkmTL7A,@arielsarc09,@kingr4706,1
UCFOxCyF926Y9eHhMeVoWLzw,UCxKR3RA8T-kxMgq_2WWhRcQ,@arielsarc09,@elenaluarca9377,1
UCFOxCyF926Y9eHhMeVoWLzw,UCyzf29IYjNw67gGIfsjgtxA,@arielsarc09,@carlosoliva9249,1
UC72gBAtyb_VXQlYDcFrh6oQ,UC-hfX8J5JPJ-dfuakzegMLA,@osmanmorales3012,@normaleticiaorozcojuarez2418,1
UC72gBAtyb_VXQlYDcFrh6oQ,UC-jS_kA9w-OmpupXDx156Rg,@osmanmorales3012,@simoncreyesc7579,1
UC72gBAtyb_VXQlYDcFrh6oQ,UC1vr9aaMI2crB0NvwFHUeoQ,@osmanmorales3012,@JoseSimilox-p6e,1
UC72gBAtyb_VXQlYDcFrh6oQ,UC2Y_EHWQKevubk4vOEBBFxw,@osmanmorales3012,@alfonsomorales2653,1
UC72gBAtyb_VXQlYDcFrh6oQ,UC2weSE8rpqkGMOp6StYtVfg,@osmanmorales3012,@katerynsantiago2907,1
UC72gBAtyb_VXQlYDcFrh6oQ,UC3E9mAgP7VoAE5mZoAexl5g,@osmanmorales3012,@EnnioAroche,1
UC72gBAtyb_VXQlYDcFrh6oQ,UC3NMzdMYryaw82kPTnsaljg,@osmanmorales3012,@marisosa7832,1
UC72gBAtyb_VXQlYDcFrh6oQ,UC4cXueR2bKGFJV0Fk76gwmA,@osmanmorales3012,@aluxdel4792,1
UC72gBAtyb_VXQlYDcFrh6oQ,UC5bG9nc_JV3FsNP2KseQiYw,@osmanmorales3012,@giovannirodas4836,1
UC72gBAtyb_VXQlYDcFrh6oQ,UC650pRT-OYzny3GwOH8Cgfw,@osmanmorales3012,@edvinparedesherrera7632,1
UC72gBAtyb_VXQlYDcFrh6oQ,UC7VUuJr9cGh845CmTvf7TlQ,@osmanmorales3012,@LuisCastillo-oz4df,1
UC72gBAtyb_VXQlYDcFrh6oQ,UC8G5cJONY8L9voMyBW8Eoug,@osmanmorales3012,@luisparedes-pw6qt,1
UC72gBAtyb_VXQlYDcFrh6oQ,UC8r11yOugM2NuRfitQOxLLg,@osmanmorales3012,@cesaraugustomoralesmonroy6907,1
UC72gBAtyb_VXQlYDcFrh6oQ,UC9xr9QvIcDvoZNUX5f-jaZw,@osmanmorales3012,@MariaaliciaColonmorales,1
UC72gBAtyb_VXQlYDcFrh6oQ,UCA93ym2TXs_Ibyxb4Vcn-6Q,@osmanmorales3012,@oswaldosolis8728,1
UC72gBAtyb_VXQlYDcFrh6oQ,UCAlzM_N6xBlMYmM8EBzX86Q,@osmanmorales3012,@carlossoto3252,1
UC72gBAtyb_VXQlYDcFrh6oQ,UCAmtbUiIrUIhikru0ZoTFig,@osmanmorales3012,@Aura-vf6dm,1
UC72gBAtyb_VXQlYDcFrh6oQ,UCB5p8a5gklc80jJItP6xTHg,@osmanmorales3012,@ernestogamboa8737,1
UC72gBAtyb_VXQlYDcFrh6oQ,UCDPWkUX3sNNaCx-m1dV4glA,@osmanmorales3012,@hectoroliva949,1
UC72gBAtyb_VXQlYDcFrh6oQ,UCDQaQv0hr2SS_PO-CMEwVHg,@osmanmorales3012,@federicosaquimux1933,1
UC72gBAtyb_VXQlYDcFrh6oQ,UCDUffaruH6dyUnUGwsTKpgg,@osmanmorales3012,@luisletona2842,1
UC72gBAtyb_VXQlYDcFrh6oQ,UCDftMWXQoJ6nONfY7GVOVjg,@osmanmorales3012,@luisgpacheco5858,1
UC72gBAtyb_VXQlYDcFrh6oQ,UCDlr1VadSucIZgZ171pRBjQ,@osmanmorales3012,@cuabatzjj5924,1
UC72gBAtyb_VXQlYDcFrh6oQ,UCEgEQmRbtL5fwr9_DqAC--g,@osmanmorales3012,@ArielRodas-g5y,1
UC72gBAtyb_VXQlYDcFrh6oQ,UCFUuDARXdmmIrLppEqf-rFg,@osmanmorales3012,@allanmunoz7410,1
UC72gBAtyb_VXQlYDcFrh6oQ,UCFhxtoeARHPnXXPcDrOU3Xg,@osmanmorales3012,@diegoalejandrolopezmendez205,1
UC72gBAtyb_VXQlYDcFrh6oQ,UCFoIAE8k82D6AV-8gjjKaNg,@osmanmorales3012,@eddymunoz9789,1
UC72gBAtyb_VXQlYDcFrh6oQ,UCFxE8GbokBrBsPEKM1xrOjQ,@osmanmorales3012,@JuanDavila-qd7qj,1
UC72gBAtyb_VXQlYDcFrh6oQ,UCGzXwyCzMzGmjmCbH3Hg01Q,@osmanmorales3012,@FidelZacarias-ph7dy,1
UC72gBAtyb_VXQlYDcFrh6oQ,UCHTGCgY2l-DQJIvlA_cpa_Q,@osmanmorales3012,@virgiliogarcia3039,1
UC72gBAtyb_VXQlYDcFrh6oQ,UCKDR0f2fu2UzWL8mBv5-BHw,@osmanmorales3012,@mireyamorales6595,1
UC72gBAtyb_VXQlYDcFrh6oQ,UCL1MT278vSaQ83ZDkVWn1gw,@osmanmorales3012,@elmorodriguez6978,1
UC72gBAtyb_VXQlYDcFrh6oQ,UCOh6DaZC_x9HASnlRylEMfw,@osmanmorales3012,@AndresMedina-v1s,1
UC72gBAtyb_VXQlYDcFrh6oQ,UCQtICyzWmhC5woCtbNgaSmg,@osmanmorales3012,@nestormendez6216,1
UC72gBAtyb_VXQlYDcFrh6oQ,UCRETAiYdh2dL5ZxB0_N1zDA,@osmanmorales3012,@Joseroland21,1
UC72gBAtyb_VXQlYDcFrh6oQ,UCRlCV9zSn7avAWh-9_XFWqQ,@osmanmorales3012,@ronyarana8849,1
UC72gBAtyb_VXQlYDcFrh6oQ,UCSou6a2OuYGSvPjm5psquyA,@osmanmorales3012,@FranciscoRivera-sf7ne,1
UC72gBAtyb_VXQlYDcFrh6oQ,UCTD6q1nyIe3Y7HhqjaMj72w,@osmanmorales3012,@JuanChang-r6k,1
UC72gBAtyb_VXQlYDcFrh6oQ,UCTP3O0rMnc8z8v8jaDQwL0w,@osmanmorales3012,@RobertoZelaya-x1v,1
UC72gBAtyb_VXQlYDcFrh6oQ,UCTylKrsqkrBKIqubMu_5N0Q,@osmanmorales3012,@edwingeovanymarroquinmarro6684,1
UC72gBAtyb_VXQlYDcFrh6oQ,UCUIIIPTVDVHAXqhC_5V6lPA,@osmanmorales3012,@gorrarota,1
UC72gBAtyb_VXQlYDcFrh6oQ,UCXXh7yg5KUFIWylTiKVEFKQ,@osmanmorales3012,@MrDuenderojo,1
UC72gBAtyb_VXQlYDcFrh6oQ,UCXgr7vXlRrsaskPdo097kGA,@osmanmorales3012,@Rogergh-nw4oj,1
UC72gBAtyb_VXQlYDcFrh6oQ,UCYN4wSQ1Sx4_LurxLlW7MPg,@osmanmorales3012,@belarminavillatoro6474,1
UC72gBAtyb_VXQlYDcFrh6oQ,UCYwpX26TrCxq8TvbKGRYLXA,@osmanmorales3012,@beneficioelcaminovillacana8540,1
UC72gBAtyb_VXQlYDcFrh6oQ,UCcfdg8crmMJwEuLUsAhV7yg,@osmanmorales3012,@RolandoRaguay,1
UC72gBAtyb_VXQlYDcFrh6oQ,UCfM3nrxtTQMY5jFx1v1J4Gg,@osmanmorales3012,@edgarroldan5539,1
UC72gBAtyb_VXQlYDcFrh6oQ,UChZknRmJkeGeQk0-mQuhDOg,@osmanmorales3012,@OdilioRodríguez-c5w,1
UC72gBAtyb_VXQlYDcFrh6oQ,UChep9kVb5gQmpodEEl10Xlg,@osmanmorales3012,@carlosaguilar-kz7ml,1
UC72gBAtyb_VXQlYDcFrh6oQ,UCi1b_TRQfgO1Z9O2gNGGWNA,@osmanmorales3012,@davidisraelesquitsaquil,1
UC72gBAtyb_VXQlYDcFrh6oQ,UCiGRBf2RNF0WRKhRVT7zFoA,@osmanmorales3012,@edwinavila4876,1
UC72gBAtyb_VXQlYDcFrh6oQ,UCiMythXHsw7eQEMykCdmMUA,@osmanmorales3012,@JavierBecerra-h6x,1
UC72gBAtyb_VXQlYDcFrh6oQ,UCipetjeiWj4CZB6EbyYziZg,@osmanmorales3012,@OseasSamayoa-ol5rz,1
UC72gBAtyb_VXQlYDcFrh6oQ,UCj-LL25XJnjxepPKCc3NGog,@osmanmorales3012,@anaaguirre8985,1
UC72gBAtyb_VXQlYDcFrh6oQ,UCjSKM9j0Q7HLDr1hD6D-TUw,@osmanmorales3012,@josehidalgo4875,1
UC72gBAtyb_VXQlYDcFrh6oQ,UCjmPuazZJzscrwvk0QR9RVw,@osmanmorales3012,@mynorrodas8591,1
UC72gBAtyb_VXQlYDcFrh6oQ,UCkd9W714-947dEE6ZOEBATA,@osmanmorales3012,@ARGELIATELON,1
UC72gBAtyb_VXQlYDcFrh6oQ,UCl0ekS9Tt0jJGtOEM18S63w,@osmanmorales3012,@monkchapin,1
UC72gBAtyb_VXQlYDcFrh6oQ,UCljDbleJul41G1TzOjOZAVA,@osmanmorales3012,@hectorcarranza3777,1
UC72gBAtyb_VXQlYDcFrh6oQ,UCmvOgzmmXbjUthHy-WJ52hQ,@osmanmorales3012,@mariorodas593,1
UC72gBAtyb_VXQlYDcFrh6oQ,UCp4iw5_5SmV9VGTFSNVGOmQ,@osmanmorales3012,@CARLOSSTREMS51,1
UC72gBAtyb_VXQlYDcFrh6oQ,UCpl8rF8uv_8uui-QRvuJaRA,@osmanmorales3012,@SergioGarcia-z9c,1
UC72gBAtyb_VXQlYDcFrh6oQ,UCplrIQtaPj6au60_f2-mOYw,@osmanmorales3012,@romeolopezherrarte799,1
UC72gBAtyb_VXQlYDcFrh6oQ,UCpsKOkt5iWTbenzeuq7dsmQ,@osmanmorales3012,@inge_vergueta,1
UC72gBAtyb_VXQlYDcFrh6oQ,UCr1emrogPKkKTs_WTtx71xg,@osmanmorales3012,@domingopeneleu6457,1
UC72gBAtyb_VXQlYDcFrh6oQ,UCrJn_rbo_ENAdeqneS-RmRw,@osmanmorales3012,@josecarrera9623,1
UC72gBAtyb_VXQlYDcFrh6oQ,UCsJJAvrVGupdmhOqgtDp8dg,@osmanmorales3012,@nestorlorenzana1168,1
UC72gBAtyb_VXQlYDcFrh6oQ,UCsSXdJct-nsS8DsABoEsaYA,@osmanmorales3012,@IvánPérez-j4j,1
UC72gBAtyb_VXQlYDcFrh6oQ,UCsUCN0Yq_UyTvKjOJLmNrnQ,@osmanmorales3012,@moisesvaldez4043,1
UC72gBAtyb_VXQlYDcFrh6oQ,UCsjs5Hp_r86x1xbK6FAeqaA,@osmanmorales3012,@alvaroesquivel563,1
UC72gBAtyb_VXQlYDcFrh6oQ,UCtNfIBnc5S5DbbQj_yxgJTw,@osmanmorales3012,@JosueRamirez-ey3ih,1
UC72gBAtyb_VXQlYDcFrh6oQ,UCtUR3_CAiE7fCoZHM6cMfyQ,@osmanmorales3012,@mdelcid01,1
UC72gBAtyb_VXQlYDcFrh6oQ,UCvApqeCbLod-wejtT4CcVuA,@osmanmorales3012,@davidgaher9550,1
UC72gBAtyb_VXQlYDcFrh6oQ,UCwha8rxULYMVtNwZWeSkE1A,@osmanmorales3012,@mariasamo8637,1
UC72gBAtyb_VXQlYDcFrh6oQ,UCySYJU5kUh7X8gVt9la2ISA,@osmanmorales3012,@dantesarti4351,1
UC72gBAtyb_VXQlYDcFrh6oQ,UCylqlpsh8ENNM1LqgQ1KbxA,@osmanmorales3012,@Jel.Awesh.M,1
UC72gBAtyb_VXQlYDcFrh6oQ,UCz3gu01bmjNv0DpRq-K3XYg,@osmanmorales3012,@eusebiovasquez4385,1
UCi1b_TRQfgO1Z9O2gNGGWNA,UC-hfX8J5JPJ-dfuakzegMLA,@davidisraelesquitsaquil,@normaleticiaorozcojuarez2418,1
UCi1b_TRQfgO1Z9O2gNGGWNA,UC-jS_kA9w-OmpupXDx156Rg,@davidisraelesquitsaquil,@simoncreyesc7579,1
UCi1b_TRQfgO1Z9O2gNGGWNA,UC1vr9aaMI2crB0NvwFHUeoQ,@davidisraelesquitsaquil,@JoseSimilox-p6e,1
UCi1b_TRQfgO1Z9O2gNGGWNA,UC2Y_EHWQKevubk4vOEBBFxw,@davidisraelesquitsaquil,@alfonsomorales2653,1
UCi1b_TRQfgO1Z9O2gNGGWNA,UC2weSE8rpqkGMOp6StYtVfg,@davidisraelesquitsaquil,@katerynsantiago2907,1
UCi1b_TRQfgO1Z9O2gNGGWNA,UC3E9mAgP7VoAE5mZoAexl5g,@davidisraelesquitsaquil,@EnnioAroche,1
UCi1b_TRQfgO1Z9O2gNGGWNA,UC3NMzdMYryaw82kPTnsaljg,@davidisraelesquitsaquil,@marisosa7832,1
UCi1b_TRQfgO1Z9O2gNGGWNA,UC4cXueR2bKGFJV0Fk76gwmA,@davidisraelesquitsaquil,@aluxdel4792,1
UCi1b_TRQfgO1Z9O2gNGGWNA,UC5bG9nc_JV3FsNP2KseQiYw,@davidisraelesquitsaquil,@giovannirodas4836,1
UCi1b_TRQfgO1Z9O2gNGGWNA,UC650pRT-OYzny3GwOH8Cgfw,@davidisraelesquitsaquil,@edvinparedesherrera7632,1
UCi1b_TRQfgO1Z9O2gNGGWNA,UC7VUuJr9cGh845CmTvf7TlQ,@davidisraelesquitsaquil,@LuisCastillo-oz4df,1
UCi1b_TRQfgO1Z9O2gNGGWNA,UC8G5cJONY8L9voMyBW8Eoug,@davidisraelesquitsaquil,@luisparedes-pw6qt,1
UCi1b_TRQfgO1Z9O2gNGGWNA,UC8r11yOugM2NuRfitQOxLLg,@davidisraelesquitsaquil,@cesaraugustomoralesmonroy6907,1
UCi1b_TRQfgO1Z9O2gNGGWNA,UC9xr9QvIcDvoZNUX5f-jaZw,@davidisraelesquitsaquil,@MariaaliciaColonmorales,1
UCi1b_TRQfgO1Z9O2gNGGWNA,UCA93ym2TXs_Ibyxb4Vcn-6Q,@davidisraelesquitsaquil,@oswaldosolis8728,1
UCi1b_TRQfgO1Z9O2gNGGWNA,UCAlzM_N6xBlMYmM8EBzX86Q,@davidisraelesquitsaquil,@carlossoto3252,1
UCi1b_TRQfgO1Z9O2gNGGWNA,UCAmtbUiIrUIhikru0ZoTFig,@davidisraelesquitsaquil,@Aura-vf6dm,1
UCi1b_TRQfgO1Z9O2gNGGWNA,UCB5p8a5gklc80jJItP6xTHg,@davidisraelesquitsaquil,@ernestogamboa8737,1
UCi1b_TRQfgO1Z9O2gNGGWNA,UCDPWkUX3sNNaCx-m1dV4glA,@davidisraelesquitsaquil,@hectoroliva949,1
UCi1b_TRQfgO1Z9O2gNGGWNA,UCDQaQv0hr2SS_PO-CMEwVHg,@davidisraelesquitsaquil,@federicosaquimux1933,1
UCi1b_TRQfgO1Z9O2gNGGWNA,UCDUffaruH6dyUnUGwsTKpgg,@davidisraelesquitsaquil,@luisletona2842,1
UCi1b_TRQfgO1Z9O2gNGGWNA,UCDftMWXQoJ6nONfY7GVOVjg,@davidisraelesquitsaquil,@luisgpacheco5858,1
UCi1b_TRQfgO1Z9O2gNGGWNA,UCDlr1VadSucIZgZ171pRBjQ,@davidisraelesquitsaquil,@cuabatzjj5924,1
UCi1b_TRQfgO1Z9O2gNGGWNA,UCEgEQmRbtL5fwr9_DqAC--g,@davidisraelesquitsaquil,@ArielRodas-g5y,1
UCi1b_TRQfgO1Z9O2gNGGWNA,UCFUuDARXdmmIrLppEqf-rFg,@davidisraelesquitsaquil,@allanmunoz7410,1
UCi1b_TRQfgO1Z9O2gNGGWNA,UCFhxtoeARHPnXXPcDrOU3Xg,@davidisraelesquitsaquil,@diegoalejandrolopezmendez205,1
UCi1b_TRQfgO1Z9O2gNGGWNA,UCFoIAE8k82D6AV-8gjjKaNg,@davidisraelesquitsaquil,@eddymunoz9789,1
UCi1b_TRQfgO1Z9O2gNGGWNA,UCFxE8GbokBrBsPEKM1xrOjQ,@davidisraelesquitsaquil,@JuanDavila-qd7qj,1
UCi1b_TRQfgO1Z9O2gNGGWNA,UCGzXwyCzMzGmjmCbH3Hg01Q,@davidisraelesquitsaquil,@FidelZacarias-ph7dy,1
UCi1b_TRQfgO1Z9O2gNGGWNA,UCHTGCgY2l-DQJIvlA_cpa_Q,@davidisraelesquitsaquil,@virgiliogarcia3039,1
UCi1b_TRQfgO1Z9O2gNGGWNA,UCKDR0f2fu2UzWL8mBv5-BHw,@davidisraelesquitsaquil,@mireyamorales6595,1
UCi1b_TRQfgO1Z9O2gNGGWNA,UCL1MT278vSaQ83ZDkVWn1gw,@davidisraelesquitsaquil,@elmorodriguez6978,1
UCi1b_TRQfgO1Z9O2gNGGWNA,UCOh6DaZC_x9HASnlRylEMfw,@davidisraelesquitsaquil,@AndresMedina-v1s,1
UCi1b_TRQfgO1Z9O2gNGGWNA,UCQtICyzWmhC5woCtbNgaSmg,@davidisraelesquitsaquil,@nestormendez6216,1
UCi1b_TRQfgO1Z9O2gNGGWNA,UCRETAiYdh2dL5ZxB0_N1zDA,@davidisraelesquitsaquil,@Joseroland21,1
UCi1b_TRQfgO1Z9O2gNGGWNA,UCRlCV9zSn7avAWh-9_XFWqQ,@davidisraelesquitsaquil,@ronyarana8849,1
UCi1b_TRQfgO1Z9O2gNGGWNA,UCSou6a2OuYGSvPjm5psquyA,@davidisraelesquitsaquil,@FranciscoRivera-sf7ne,1
UCi1b_TRQfgO1Z9O2gNGGWNA,UCTD6q1nyIe3Y7HhqjaMj72w,@davidisraelesquitsaquil,@JuanChang-r6k,1
UCi1b_TRQfgO1Z9O2gNGGWNA,UCTP3O0rMnc8z8v8jaDQwL0w,@davidisraelesquitsaquil,@RobertoZelaya-x1v,1
UCi1b_TRQfgO1Z9O2gNGGWNA,UCTylKrsqkrBKIqubMu_5N0Q,@davidisraelesquitsaquil,@edwingeovanymarroquinmarro6684,1
UCi1b_TRQfgO1Z9O2gNGGWNA,UCUIIIPTVDVHAXqhC_5V6lPA,@davidisraelesquitsaquil,@gorrarota,1
UCi1b_TRQfgO1Z9O2gNGGWNA,UCXXh7yg5KUFIWylTiKVEFKQ,@davidisraelesquitsaquil,@MrDuenderojo,1
UCi1b_TRQfgO1Z9O2gNGGWNA,UCXgr7vXlRrsaskPdo097kGA,@davidisraelesquitsaquil,@Rogergh-nw4oj,1
UCi1b_TRQfgO1Z9O2gNGGWNA,UCYN4wSQ1Sx4_LurxLlW7MPg,@davidisraelesquitsaquil,@belarminavillatoro6474,1
UCi1b_TRQfgO1Z9O2gNGGWNA,UCYwpX26TrCxq8TvbKGRYLXA,@davidisraelesquitsaquil,@beneficioelcaminovillacana8540,1
UCi1b_TRQfgO1Z9O2gNGGWNA,UCcfdg8crmMJwEuLUsAhV7yg,@davidisraelesquitsaquil,@RolandoRaguay,1
UCi1b_TRQfgO1Z9O2gNGGWNA,UCfM3nrxtTQMY5jFx1v1J4Gg,@davidisraelesquitsaquil,@edgarroldan5539,1
UCi1b_TRQfgO1Z9O2gNGGWNA,UChZknRmJkeGeQk0-mQuhDOg,@davidisraelesquitsaquil,@OdilioRodríguez-c5w,1
UCi1b_TRQfgO1Z9O2gNGGWNA,UChep9kVb5gQmpodEEl10Xlg,@davidisraelesquitsaquil,@carlosaguilar-kz7ml,1
UCi1b_TRQfgO1Z9O2gNGGWNA,UCiGRBf2RNF0WRKhRVT7zFoA,@davidisraelesquitsaquil,@edwinavila4876,1
UCi1b_TRQfgO1Z9O2gNGGWNA,UCiMythXHsw7eQEMykCdmMUA,@davidisraelesquitsaquil,@JavierBecerra-h6x,1
UCi1b_TRQfgO1Z9O2gNGGWNA,UCipetjeiWj4CZB6EbyYziZg,@davidisraelesquitsaquil,@OseasSamayoa-ol5rz,1
UCi1b_TRQfgO1Z9O2gNGGWNA,UCj-LL25XJnjxepPKCc3NGog,@davidisraelesquitsaquil,@anaaguirre8985,1
UCi1b_TRQfgO1Z9O2gNGGWNA,UCjSKM9j0Q7HLDr1hD6D-TUw,@davidisraelesquitsaquil,@josehidalgo4875,1
UCi1b_TRQfgO1Z9O2gNGGWNA,UCjmPuazZJzscrwvk0QR9RVw,@davidisraelesquitsaquil,@mynorrodas8591,1
UCi1b_TRQfgO1Z9O2gNGGWNA,UCkd9W714-947dEE6ZOEBATA,@davidisraelesquitsaquil,@ARGELIATELON,1
UCi1b_TRQfgO1Z9O2gNGGWNA,UCl0ekS9Tt0jJGtOEM18S63w,@davidisraelesquitsaquil,@monkchapin,1
UCi1b_TRQfgO1Z9O2gNGGWNA,UCljDbleJul41G1TzOjOZAVA,@davidisraelesquitsaquil,@hectorcarranza3777,1
UCi1b_TRQfgO1Z9O2gNGGWNA,UCmvOgzmmXbjUthHy-WJ52hQ,@davidisraelesquitsaquil,@mariorodas593,1
UCi1b_TRQfgO1Z9O2gNGGWNA,UCp4iw5_5SmV9VGTFSNVGOmQ,@davidisraelesquitsaquil,@CARLOSSTREMS51,1
UCi1b_TRQfgO1Z9O2gNGGWNA,UCpl8rF8uv_8uui-QRvuJaRA,@davidisraelesquitsaquil,@SergioGarcia-z9c,1
UCi1b_TRQfgO1Z9O2gNGGWNA,UCplrIQtaPj6au60_f2-mOYw,@davidisraelesquitsaquil,@romeolopezherrarte799,1
UCi1b_TRQfgO1Z9O2gNGGWNA,UCpsKOkt5iWTbenzeuq7dsmQ,@davidisraelesquitsaquil,@inge_vergueta,1
UCi1b_TRQfgO1Z9O2gNGGWNA,UCr1emrogPKkKTs_WTtx71xg,@davidisraelesquitsaquil,@domingopeneleu6457,1
UCi1b_TRQfgO1Z9O2gNGGWNA,UCrJn_rbo_ENAdeqneS-RmRw,@davidisraelesquitsaquil,@josecarrera9623,1
UCi1b_TRQfgO1Z9O2gNGGWNA,UCsJJAvrVGupdmhOqgtDp8dg,@davidisraelesquitsaquil,@nestorlorenzana1168,1
UCi1b_TRQfgO1Z9O2gNGGWNA,UCsSXdJct-nsS8DsABoEsaYA,@davidisraelesquitsaquil,@IvánPérez-j4j,1
UCi1b_TRQfgO1Z9O2gNGGWNA,UCsUCN0Yq_UyTvKjOJLmNrnQ,@davidisraelesquitsaquil,@moisesvaldez4043,1
UCi1b_TRQfgO1Z9O2gNGGWNA,UCsjs5Hp_r86x1xbK6FAeqaA,@davidisraelesquitsaquil,@alvaroesquivel563,1
UCi1b_TRQfgO1Z9O2gNGGWNA,UCtNfIBnc5S5DbbQj_yxgJTw,@davidisraelesquitsaquil,@JosueRamirez-ey3ih,1
UCi1b_TRQfgO1Z9O2gNGGWNA,UCtUR3_CAiE7fCoZHM6cMfyQ,@davidisraelesquitsaquil,@mdelcid01,1
UCi1b_TRQfgO1Z9O2gNGGWNA,UCvApqeCbLod-wejtT4CcVuA,@davidisraelesquitsaquil,@davidgaher9550,1
UCi1b_TRQfgO1Z9O2gNGGWNA,UCwha8rxULYMVtNwZWeSkE1A,@davidisraelesquitsaquil,@mariasamo8637,1
UCi1b_TRQfgO1Z9O2gNGGWNA,UCySYJU5kUh7X8gVt9la2ISA,@davidisraelesquitsaquil,@dantesarti4351,1
UCi1b_TRQfgO1Z9O2gNGGWNA,UCylqlpsh8ENNM1LqgQ1KbxA,@davidisraelesquitsaquil,@Jel.Awesh.M,1
UCi1b_TRQfgO1Z9O2gNGGWNA,UCz3gu01bmjNv0DpRq-K3XYg,@davidisraelesquitsaquil,@eusebiovasquez4385,1
UCBlm80VQ4YoV3bUJR_XhkaQ,UC-QOpE7GOxlXcHZ8b7HbQKA,@rosadiaz6945,@mariaalexander427,1
UCBlm80VQ4YoV3bUJR_XhkaQ,UCGZMgmM92E3njyXNe9-kjAQ,@rosadiaz6945,@pasionpornada,1
UCBlm80VQ4YoV3bUJR_XhkaQ,UCIgoiXdIKJyUGmUoH2Lxdzg,@rosadiaz6945,@susievidal4134,1
UCBlm80VQ4YoV3bUJR_XhkaQ,UCPNXmbOBVeC4HS-xemvcPtQ,@rosadiaz6945,@BelkisRodriguezRamirez,1
UCBlm80VQ4YoV3bUJR_XhkaQ,UCQMMuADgqWUOcJpLwHOzC-g,@rosadiaz6945,@Ripped-Yoda,1
UCBlm80VQ4YoV3bUJR_XhkaQ,UCVdjCrh4tQoX3haNAZv-n5A,@rosadiaz6945,@aurahernandez5646,1
UCBlm80VQ4YoV3bUJR_XhkaQ,UCZjm6U576nX8WOiLhmMR3bw,@rosadiaz6945,@MariaNavarroYT,1
UCBlm80VQ4YoV3bUJR_XhkaQ,UCat2qkYvqmtDNEmo2PVuhXw,@rosadiaz6945,@DoraSalas-j5o,1
UCBlm80VQ4YoV3bUJR_XhkaQ,UCbNanjFI51cwGqMAb2rOrBw,@rosadiaz6945,@RosaMontesdeOca777,1
UCBlm80VQ4YoV3bUJR_XhkaQ,UCozFYHN0e_-vlQbX3wQGOug,@rosadiaz6945,@jesusguzman2321,1
UCBlm80VQ4YoV3bUJR_XhkaQ,UCp_dAUfv8i3LW3zWc24dLaQ,@rosadiaz6945,@MarioCortez-o6v,1
UCBlm80VQ4YoV3bUJR_XhkaQ,UCrqXyRsg-_hTosURZ-uvoKg,@rosadiaz6945,@flornolberto2425,1
UColMq7LmaoY3MT6aIDGrGvA,UC-fiZBS5Gp1eCJd9ucgWnCg,@quijotachapina1,@Tommii.10,1
UColMq7LmaoY3MT6aIDGrGvA,UC1DpqK6vaPEkBOMNvypsKYg,@quijotachapina1,@HectorCarranza-u4j4o,1
UColMq7LmaoY3MT6aIDGrGvA,UC32oozucwCF3q8d4m8fyOUg,@quijotachapina1,@RauldejesusOlivagonzalez,1
UColMq7LmaoY3MT6aIDGrGvA,UC3UVO7pTbeYvZ3ILEyRDskQ,@quijotachapina1,@rosaelenaargueta79,1
UColMq7LmaoY3MT6aIDGrGvA,UC4Avya4kmR4Q0FrfFdBozSQ,@quijotachapina1,@davidlima1348,1
UColMq7LmaoY3MT6aIDGrGvA,UC5hvEnRUzI4Kfvwnyi4QxqQ,@quijotachapina1,@leonelsantizo5281,1
UColMq7LmaoY3MT6aIDGrGvA,UC6Uj1FT5JjDSF8vudvDxPAA,@quijotachapina1,@alfredoortega9264,1
UColMq7LmaoY3MT6aIDGrGvA,UC7dadZG7kkGYnsNu6td0FbA,@quijotachapina1,@lesolorzano,1
UColMq7LmaoY3MT6aIDGrGvA,UCAKuKvcbfnBD3kF5njNu-IA,@quijotachapina1,@melvinlopez7096,1
UColMq7LmaoY3MT6aIDGrGvA,UCCBYcToQ2dwkd6TJh0FSyDg,@quijotachapina1,@lidiarodriguez3493,1
UColMq7LmaoY3MT6aIDGrGvA,UCDrmf9y9nLgFY5wnA2hTuGA,@quijotachapina1,@laboratorio5528,1
UColMq7LmaoY3MT6aIDGrGvA,UCGGHbtfbbe0o68etrOf0qxw,@quijotachapina1,@karensussetteleonvargas9794,1
UColMq7LmaoY3MT6aIDGrGvA,UCHbwIx9pmQuf7i-4_xO2EpA,@quijotachapina1,@caminoseternos752,1
UColMq7LmaoY3MT6aIDGrGvA,UCQqlPPUGqAfWjd-FSh_qn7Q,@quijotachapina1,@estuardoargueta137,1
UColMq7LmaoY3MT6aIDGrGvA,UCRvPToDkkumha7WJAfCDk1A,@quijotachapina1,@ligiaguerra3057,1
UColMq7LmaoY3MT6aIDGrGvA,UCUoYsrx1oZnCZ0usbBJn4fA,@quijotachapina1,@AnaDiaz-re9sq,1
UColMq7LmaoY3MT6aIDGrGvA,UCV0lM03g5fg5pbPj97-sAtA,@quijotachapina1,@genarodelgado3929,1
UColMq7LmaoY3MT6aIDGrGvA,UCW-JC6lebVmf2P1dmY_L94g,@quijotachapina1,@dinoraoroxon5771,1
UColMq7LmaoY3MT6aIDGrGvA,UCW80DaMjQlEUibC98Cot-Dg,@quijotachapina1,@rogeraldana4289,1
UColMq7LmaoY3MT6aIDGrGvA,UCWoAVGVqCn4xtINCMOTM4jg,@quijotachapina1,@OmarMartinez-vv8re,1
UColMq7LmaoY3MT6aIDGrGvA,UCZeIIQrGAedW8tCbKWmGY-A,@quijotachapina1,@mariocordon8873,1
UColMq7LmaoY3MT6aIDGrGvA,UC_LYoGs5C3mbZKZuKuqYCvw,@quijotachapina1,@javiercifuentesarchila6041,1
UColMq7LmaoY3MT6aIDGrGvA,UCe8JZoYkX5oKUZyivHYdXhw,@quijotachapina1,@FernandoGarcia-jg1fj,1
UColMq7LmaoY3MT6aIDGrGvA,UCgJNFj5dnxXpcMvmuhZDPxA,@quijotachapina1,@NataliaRodriguez-rx5mr,1
UColMq7LmaoY3MT6aIDGrGvA,UClhMWQ7XKWywYvbRnuf8QsA,@quijotachapina1,@EcPerez-zz9oh,1
UColMq7LmaoY3MT6aIDGrGvA,UClqA491Xa5fQcXcJJa-vTWw,@quijotachapina1,@AndresLemus-k2d,1
UColMq7LmaoY3MT6aIDGrGvA,UCpe5jW3MIqkgTJ-PgkzvM6Q,@quijotachapina1,@carloslam5333,1
UColMq7LmaoY3MT6aIDGrGvA,UCpsKOkt5iWTbenzeuq7dsmQ,@quijotachapina1,@inge_vergueta,1
UColMq7LmaoY3MT6aIDGrGvA,UCsGoJEvb-cFPZ2rWoJcXzEQ,@quijotachapina1,@sergiohinestroza9709,1
UColMq7LmaoY3MT6aIDGrGvA,UCu8_3-Wg-YzNyvHYQDEscfw,@quijotachapina1,@RolandoCastroPérez-d7y,1
UColMq7LmaoY3MT6aIDGrGvA,UCuXmOjxC-htcprLgeVXz6Tg,@quijotachapina1,@jorgeaguilar-bq3uj,1
UColMq7LmaoY3MT6aIDGrGvA,UCylqlpsh8ENNM1LqgQ1KbxA,@quijotachapina1,@Jel.Awesh.M,1
UCat2qkYvqmtDNEmo2PVuhXw,UC-QOpE7GOxlXcHZ8b7HbQKA,@DoraSalas-j5o,@mariaalexander427,1
UCat2qkYvqmtDNEmo2PVuhXw,UCGZMgmM92E3njyXNe9-kjAQ,@DoraSalas-j5o,@pasionpornada,1
UCat2qkYvqmtDNEmo2PVuhXw,UCIgoiXdIKJyUGmUoH2Lxdzg,@DoraSalas-j5o,@susievidal4134,1
UCat2qkYvqmtDNEmo2PVuhXw,UCPNXmbOBVeC4HS-xemvcPtQ,@DoraSalas-j5o,@BelkisRodriguezRamirez,1
UCat2qkYvqmtDNEmo2PVuhXw,UCQMMuADgqWUOcJpLwHOzC-g,@DoraSalas-j5o,@Ripped-Yoda,1
UCat2qkYvqmtDNEmo2PVuhXw,UCVdjCrh4tQoX3haNAZv-n5A,@DoraSalas-j5o,@aurahernandez5646,1
UCat2qkYvqmtDNEmo2PVuhXw,UCZjm6U576nX8WOiLhmMR3bw,@DoraSalas-j5o,@MariaNavarroYT,1
UCat2qkYvqmtDNEmo2PVuhXw,UCbNanjFI51cwGqMAb2rOrBw,@DoraSalas-j5o,@RosaMontesdeOca777,1
UCat2qkYvqmtDNEmo2PVuhXw,UCozFYHN0e_-vlQbX3wQGOug,@DoraSalas-j5o,@jesusguzman2321,1
UCat2qkYvqmtDNEmo2PVuhXw,UCp_dAUfv8i3LW3zWc24dLaQ,@DoraSalas-j5o,@MarioCortez-o6v,1
UCat2qkYvqmtDNEmo2PVuhXw,UCrqXyRsg-_hTosURZ-uvoKg,@DoraSalas-j5o,@flornolberto2425,1
UCSTAUWVc1_82DHYeqOsqEFA,UC0RpuMwkDKJYqgKHtsJRuWQ,@TheAlexX_C,@sabinamarinaguerra3248,1
UCSTAUWVc1_82DHYeqOsqEFA,UC0aEyakBPqcBkVJiErfSupQ,@TheAlexX_C,@jhonymanuel9891,1
UCSTAUWVc1_82DHYeqOsqEFA,UC5fvhAfm89JH8eDFdvc0xYw,@TheAlexX_C,@isaidiaz2388,1
UCSTAUWVc1_82DHYeqOsqEFA,UCGqKxQS-z3NZzZF-2w338AA,@TheAlexX_C,@samuelaguilar529,1
UCSTAUWVc1_82DHYeqOsqEFA,UCHMQ_lDhibZ-XZ_3fo6oxwg,@TheAlexX_C,@crislexrubi4387,1
UCSTAUWVc1_82DHYeqOsqEFA,UCIUhbSCy3-SGRe5UtqM4fzQ,@TheAlexX_C,@jeanmorales1677,1
UCSTAUWVc1_82DHYeqOsqEFA,UCIp19h9igblA2YKfSLPDAug,@TheAlexX_C,@JoseReyes-rn6sh,1
UCSTAUWVc1_82DHYeqOsqEFA,UCRcSR3Lvn9DZAmJpVPANfZQ,@TheAlexX_C,@WalksandSuch,1
UCSTAUWVc1_82DHYeqOsqEFA,UCRznz9-N3Qc1w-qNdLSIY2Q,@TheAlexX_C,@jimmygomez724,1
UCSTAUWVc1_82DHYeqOsqEFA,UCY7Hq7F9Lnucf-Yr6JkHZNw,@TheAlexX_C,@maynorcalel1442,1
UCSTAUWVc1_82DHYeqOsqEFA,UC_ljZ1hZXR9pzexFz87P5ZA,@TheAlexX_C,@ChRiStOpHeR7969,1
UCSTAUWVc1_82DHYeqOsqEFA,UCaT6M2zp7X6r6Whd8Vv3kHQ,@TheAlexX_C,@alexarcos8349,1
UCSTAUWVc1_82DHYeqOsqEFA,UCgLrWFdYitoP-b7-PxtUr-w,@TheAlexX_C,@zetag,1
UCSTAUWVc1_82DHYeqOsqEFA,UCi-vPdnpQreC7BkFs40mJGA,@TheAlexX_C,@bryansicasales4280,1
UCSTAUWVc1_82DHYeqOsqEFA,UCqilIa8r7iek5sGYg_q6ofA,@TheAlexX_C,@rolandojuchuna484,1
UCSTAUWVc1_82DHYeqOsqEFA,UCs_5qeqdku9tGAq22y3OcuQ,@TheAlexX_C,@alexandrevasquez4135,1
UCSTAUWVc1_82DHYeqOsqEFA,UCtMBF_1O2jY2INlb_luuB_A,@TheAlexX_C,@mynorgudiel8646,1
UCSTAUWVc1_82DHYeqOsqEFA,UCwUAv3_LpWVtTIi7lkmTL7A,@TheAlexX_C,@kingr4706,1
UCSTAUWVc1_82DHYeqOsqEFA,UCxKR3RA8T-kxMgq_2WWhRcQ,@TheAlexX_C,@elenaluarca9377,1
UCSTAUWVc1_82DHYeqOsqEFA,UCyzf29IYjNw67gGIfsjgtxA,@TheAlexX_C,@carlosoliva9249,1
UCcFIBN-rtC3d3hXeuN5TfWw,UCCUmP4PlbwgikVFpYwbtRTg,@DenisRMC,@alhvi,1
UCcFIBN-rtC3d3hXeuN5TfWw,UCOY3XpD9qMCRSA8AA8c4CAw,@DenisRMC,@franciscorodas9686,1
UCcFIBN-rtC3d3hXeuN5TfWw,UCTTILH6QCIxbTnEWxwRqs1g,@DenisRMC,@3762Jorge,1
UCcFIBN-rtC3d3hXeuN5TfWw,UCXO1BBohNWXkK9SBDAG2ySg,@DenisRMC,@JBFlute92,1
UCcFIBN-rtC3d3hXeuN5TfWw,UCbrtvygfRT6QXqWDNrOf-cA,@DenisRMC,@Alejandro00710,1
UCcFIBN-rtC3d3hXeuN5TfWw,UCdQAuWwyC99MB7Y02Umj26Q,@DenisRMC,@miguelbran1268,1
UCcFIBN-rtC3d3hXeuN5TfWw,UCefAH1MbvADWUjE9WVcB9EQ,@DenisRMC,@jabriz8152,1
UCcFIBN-rtC3d3hXeuN5TfWw,UChT7pzGytNd92Nmvi-zuWog,@DenisRMC,@sparkvalkov,1
UCcFIBN-rtC3d3hXeuN5TfWw,UCwEe1RKlEv1UpNWmWYfSh4w,@DenisRMC,@marioramirez299,1
UCcFIBN-rtC3d3hXeuN5TfWw,UCxcoDvP-g2_KTZDmVZtvb3w,@DenisRMC,@angelmartinez9523,1
UCV0lM03g5fg5pbPj97-sAtA,UC-fiZBS5Gp1eCJd9ucgWnCg,@genarodelgado3929,@Tommii.10,1
UCV0lM03g5fg5pbPj97-sAtA,UC1DpqK6vaPEkBOMNvypsKYg,@genarodelgado3929,@HectorCarranza-u4j4o,1
UCV0lM03g5fg5pbPj97-sAtA,UC32oozucwCF3q8d4m8fyOUg,@genarodelgado3929,@RauldejesusOlivagonzalez,1
UCV0lM03g5fg5pbPj97-sAtA,UC3UVO7pTbeYvZ3ILEyRDskQ,@genarodelgado3929,@rosaelenaargueta79,1
UCV0lM03g5fg5pbPj97-sAtA,UC4Avya4kmR4Q0FrfFdBozSQ,@genarodelgado3929,@davidlima1348,1
UCV0lM03g5fg5pbPj97-sAtA,UC5hvEnRUzI4Kfvwnyi4QxqQ,@genarodelgado3929,@leonelsantizo5281,1
UCV0lM03g5fg5pbPj97-sAtA,UC6Uj1FT5JjDSF8vudvDxPAA,@genarodelgado3929,@alfredoortega9264,1
UCV0lM03g5fg5pbPj97-sAtA,UC7dadZG7kkGYnsNu6td0FbA,@genarodelgado3929,@lesolorzano,1
UCV0lM03g5fg5pbPj97-sAtA,UCAKuKvcbfnBD3kF5njNu-IA,@genarodelgado3929,@melvinlopez7096,1
UCV0lM03g5fg5pbPj97-sAtA,UCCBYcToQ2dwkd6TJh0FSyDg,@genarodelgado3929,@lidiarodriguez3493,1
UCV0lM03g5fg5pbPj97-sAtA,UCDrmf9y9nLgFY5wnA2hTuGA,@genarodelgado3929,@laboratorio5528,1
UCV0lM03g5fg5pbPj97-sAtA,UCGGHbtfbbe0o68etrOf0qxw,@genarodelgado3929,@karensussetteleonvargas9794,1
UCV0lM03g5fg5pbPj97-sAtA,UCHbwIx9pmQuf7i-4_xO2EpA,@genarodelgado3929,@caminoseternos752,1
UCV0lM03g5fg5pbPj97-sAtA,UCQqlPPUGqAfWjd-FSh_qn7Q,@genarodelgado3929,@estuardoargueta137,1
UCV0lM03g5fg5pbPj97-sAtA,UCRvPToDkkumha7WJAfCDk1A,@genarodelgado3929,@ligiaguerra3057,1
UCV0lM03g5fg5pbPj97-sAtA,UCUoYsrx1oZnCZ0usbBJn4fA,@genarodelgado3929,@AnaDiaz-re9sq,1
UCV0lM03g5fg5pbPj97-sAtA,UCW-JC6lebVmf2P1dmY_L94g,@genarodelgado3929,@dinoraoroxon5771,1
UCV0lM03g5fg5pbPj97-sAtA,UCW80DaMjQlEUibC98Cot-Dg,@genarodelgado3929,@rogeraldana4289,1
UCV0lM03g5fg5pbPj97-sAtA,UCWoAVGVqCn4xtINCMOTM4jg,@genarodelgado3929,@OmarMartinez-vv8re,1
UCV0lM03g5fg5pbPj97-sAtA,UCZeIIQrGAedW8tCbKWmGY-A,@genarodelgado3929,@mariocordon8873,1
UCV0lM03g5fg5pbPj97-sAtA,UC_LYoGs5C3mbZKZuKuqYCvw,@genarodelgado3929,@javiercifuentesarchila6041,1
UCV0lM03g5fg5pbPj97-sAtA,UCe8JZoYkX5oKUZyivHYdXhw,@genarodelgado3929,@FernandoGarcia-jg1fj,1
UCV0lM03g5fg5pbPj97-sAtA,UCgJNFj5dnxXpcMvmuhZDPxA,@genarodelgado3929,@NataliaRodriguez-rx5mr,1
UCV0lM03g5fg5pbPj97-sAtA,UClhMWQ7XKWywYvbRnuf8QsA,@genarodelgado3929,@EcPerez-zz9oh,1
UCV0lM03g5fg5pbPj97-sAtA,UClqA491Xa5fQcXcJJa-vTWw,@genarodelgado3929,@AndresLemus-k2d,1
UCV0lM03g5fg5pbPj97-sAtA,UCpe5jW3MIqkgTJ-PgkzvM6Q,@genarodelgado3929,@carloslam5333,1
UCV0lM03g5fg5pbPj97-sAtA,UCpsKOkt5iWTbenzeuq7dsmQ,@genarodelgado3929,@inge_vergueta,1
UCV0lM03g5fg5pbPj97-sAtA,UCsGoJEvb-cFPZ2rWoJcXzEQ,@genarodelgado3929,@sergiohinestroza9709,1
UCV0lM03g5fg5pbPj97-sAtA,UCu8_3-Wg-YzNyvHYQDEscfw,@genarodelgado3929,@RolandoCastroPérez-d7y,1
UCV0lM03g5fg5pbPj97-sAtA,UCuXmOjxC-htcprLgeVXz6Tg,@genarodelgado3929,@jorgeaguilar-bq3uj,1
UCV0lM03g5fg5pbPj97-sAtA,UCylqlpsh8ENNM1LqgQ1KbxA,@genarodelgado3929,@Jel.Awesh.M,1
UC_ljZ1hZXR9pzexFz87P5ZA,UC0RpuMwkDKJYqgKHtsJRuWQ,@ChRiStOpHeR7969,@sabinamarinaguerra3248,1
UC_ljZ1hZXR9pzexFz87P5ZA,UC0aEyakBPqcBkVJiErfSupQ,@ChRiStOpHeR7969,@jhonymanuel9891,1
UC_ljZ1hZXR9pzexFz87P5ZA,UC5fvhAfm89JH8eDFdvc0xYw,@ChRiStOpHeR7969,@isaidiaz2388,1
UC_ljZ1hZXR9pzexFz87P5ZA,UCGqKxQS-z3NZzZF-2w338AA,@ChRiStOpHeR7969,@samuelaguilar529,1
UC_ljZ1hZXR9pzexFz87P5ZA,UCHMQ_lDhibZ-XZ_3fo6oxwg,@ChRiStOpHeR7969,@crislexrubi4387,1
UC_ljZ1hZXR9pzexFz87P5ZA,UCIUhbSCy3-SGRe5UtqM4fzQ,@ChRiStOpHeR7969,@jeanmorales1677,1
UC_ljZ1hZXR9pzexFz87P5ZA,UCIp19h9igblA2YKfSLPDAug,@ChRiStOpHeR7969,@JoseReyes-rn6sh,1
UC_ljZ1hZXR9pzexFz87P5ZA,UCRcSR3Lvn9DZAmJpVPANfZQ,@ChRiStOpHeR7969,@WalksandSuch,1
UC_ljZ1hZXR9pzexFz87P5ZA,UCRznz9-N3Qc1w-qNdLSIY2Q,@ChRiStOpHeR7969,@jimmygomez724,1
UC_ljZ1hZXR9pzexFz87P5ZA,UCY7Hq7F9Lnucf-Yr6JkHZNw,@ChRiStOpHeR7969,@maynorcalel1442,1
UC_ljZ1hZXR9pzexFz87P5ZA,UCaT6M2zp7X6r6Whd8Vv3kHQ,@ChRiStOpHeR7969,@alexarcos8349,1
UC_ljZ1hZXR9pzexFz87P5ZA,UCgLrWFdYitoP-b7-PxtUr-w,@ChRiStOpHeR7969,@zetag,1
UC_ljZ1hZXR9pzexFz87P5ZA,UCi-vPdnpQreC7BkFs40mJGA,@ChRiStOpHeR7969,@bryansicasales4280,1
UC_ljZ1hZXR9pzexFz87P5ZA,UCqilIa8r7iek5sGYg_q6ofA,@ChRiStOpHeR7969,@rolandojuchuna484,1
UC_ljZ1hZXR9pzexFz87P5ZA,UCs_5qeqdku9tGAq22y3OcuQ,@ChRiStOpHeR7969,@alexandrevasquez4135,1
UC_ljZ1hZXR9pzexFz87P5ZA,UCtMBF_1O2jY2INlb_luuB_A,@ChRiStOpHeR7969,@mynorgudiel8646,1
UC_ljZ1hZXR9pzexFz87P5ZA,UCwUAv3_LpWVtTIi7lkmTL7A,@ChRiStOpHeR7969,@kingr4706,1
UC_ljZ1hZXR9pzexFz87P5ZA,UCxKR3RA8T-kxMgq_2WWhRcQ,@ChRiStOpHeR7969,@elenaluarca9377,1
UC_ljZ1hZXR9pzexFz87P5ZA,UCyzf29IYjNw67gGIfsjgtxA,@ChRiStOpHeR7969,@carlosoliva9249,1
UCLXYp1Cvc5DLtq5UQL5D9vw,UCIXLDYqR_syskKRJy_x9W9Q,@jorgecifuentes-m5g,@carlitosramirez4739,1
UCLXYp1Cvc5DLtq5UQL5D9vw,UCXN2s7DwTJm33xO-pNkAdaA,@jorgecifuentes-m5g,@edithsan7688,1
UCLXYp1Cvc5DLtq5UQL5D9vw,UCfXykdbSU97rj987LDUGfvg,@jorgecifuentes-m5g,@MariaSantos-c8y3h,1
UCLXYp1Cvc5DLtq5UQL5D9vw,UCfjhejO7LZy4doXURa7LZCQ,@jorgecifuentes-m5g,@HonwayLee-z5g,1
UCLXYp1Cvc5DLtq5UQL5D9vw,UCq3mDTTRZnUybct5M9OSXbg,@jorgecifuentes-m5g,@MacoMorales-i2i2d,1
UCLXYp1Cvc5DLtq5UQL5D9vw,UCwCfs-2zbD5k0lG-UVg_JBw,@jorgecifuentes-m5g,@JessicaHuaz-96,1
UCfjhejO7LZy4doXURa7LZCQ,UCIXLDYqR_syskKRJy_x9W9Q,@HonwayLee-z5g,@carlitosramirez4739,1
UCfjhejO7LZy4doXURa7LZCQ,UCXN2s7DwTJm33xO-pNkAdaA,@HonwayLee-z5g,@edithsan7688,1
UCfjhejO7LZy4doXURa7LZCQ,UCfXykdbSU97rj987LDUGfvg,@HonwayLee-z5g,@MariaSantos-c8y3h,1
UCfjhejO7LZy4doXURa7LZCQ,UCq3mDTTRZnUybct5M9OSXbg,@HonwayLee-z5g,@MacoMorales-i2i2d,1
UCfjhejO7LZy4doXURa7LZCQ,UCwCfs-2zbD5k0lG-UVg_JBw,@HonwayLee-z5g,@JessicaHuaz-96,1
UCplrIQtaPj6au60_f2-mOYw,UC-hfX8J5JPJ-dfuakzegMLA,@romeolopezherrarte799,@normaleticiaorozcojuarez2418,1
UCplrIQtaPj6au60_f2-mOYw,UC-jS_kA9w-OmpupXDx156Rg,@romeolopezherrarte799,@simoncreyesc7579,1
UCplrIQtaPj6au60_f2-mOYw,UC1vr9aaMI2crB0NvwFHUeoQ,@romeolopezherrarte799,@JoseSimilox-p6e,1
UCplrIQtaPj6au60_f2-mOYw,UC2Y_EHWQKevubk4vOEBBFxw,@romeolopezherrarte799,@alfonsomorales2653,1
UCplrIQtaPj6au60_f2-mOYw,UC2weSE8rpqkGMOp6StYtVfg,@romeolopezherrarte799,@katerynsantiago2907,1
UCplrIQtaPj6au60_f2-mOYw,UC3E9mAgP7VoAE5mZoAexl5g,@romeolopezherrarte799,@EnnioAroche,1
UCplrIQtaPj6au60_f2-mOYw,UC3NMzdMYryaw82kPTnsaljg,@romeolopezherrarte799,@marisosa7832,1
UCplrIQtaPj6au60_f2-mOYw,UC4cXueR2bKGFJV0Fk76gwmA,@romeolopezherrarte799,@aluxdel4792,1
UCplrIQtaPj6au60_f2-mOYw,UC5bG9nc_JV3FsNP2KseQiYw,@romeolopezherrarte799,@giovannirodas4836,1
UCplrIQtaPj6au60_f2-mOYw,UC650pRT-OYzny3GwOH8Cgfw,@romeolopezherrarte799,@edvinparedesherrera7632,1
UCplrIQtaPj6au60_f2-mOYw,UC7VUuJr9cGh845CmTvf7TlQ,@romeolopezherrarte799,@LuisCastillo-oz4df,1
UCplrIQtaPj6au60_f2-mOYw,UC8G5cJONY8L9voMyBW8Eoug,@romeolopezherrarte799,@luisparedes-pw6qt,1
UCplrIQtaPj6au60_f2-mOYw,UC8r11yOugM2NuRfitQOxLLg,@romeolopezherrarte799,@cesaraugustomoralesmonroy6907,1
UCplrIQtaPj6au60_f2-mOYw,UC9xr9QvIcDvoZNUX5f-jaZw,@romeolopezherrarte799,@MariaaliciaColonmorales,1
UCplrIQtaPj6au60_f2-mOYw,UCA93ym2TXs_Ibyxb4Vcn-6Q,@romeolopezherrarte799,@oswaldosolis8728,1
UCplrIQtaPj6au60_f2-mOYw,UCAlzM_N6xBlMYmM8EBzX86Q,@romeolopezherrarte799,@carlossoto3252,1
UCplrIQtaPj6au60_f2-mOYw,UCAmtbUiIrUIhikru0ZoTFig,@romeolopezherrarte799,@Aura-vf6dm,1
UCplrIQtaPj6au60_f2-mOYw,UCB5p8a5gklc80jJItP6xTHg,@romeolopezherrarte799,@ernestogamboa8737,1
UCplrIQtaPj6au60_f2-mOYw,UCDPWkUX3sNNaCx-m1dV4glA,@romeolopezherrarte799,@hectoroliva949,1
UCplrIQtaPj6au60_f2-mOYw,UCDQaQv0hr2SS_PO-CMEwVHg,@romeolopezherrarte799,@federicosaquimux1933,1
UCplrIQtaPj6au60_f2-mOYw,UCDUffaruH6dyUnUGwsTKpgg,@romeolopezherrarte799,@luisletona2842,1
UCplrIQtaPj6au60_f2-mOYw,UCDftMWXQoJ6nONfY7GVOVjg,@romeolopezherrarte799,@luisgpacheco5858,1
UCplrIQtaPj6au60_f2-mOYw,UCDlr1VadSucIZgZ171pRBjQ,@romeolopezherrarte799,@cuabatzjj5924,1
UCplrIQtaPj6au60_f2-mOYw,UCEgEQmRbtL5fwr9_DqAC--g,@romeolopezherrarte799,@ArielRodas-g5y,1
UCplrIQtaPj6au60_f2-mOYw,UCFUuDARXdmmIrLppEqf-rFg,@romeolopezherrarte799,@allanmunoz7410,1
UCplrIQtaPj6au60_f2-mOYw,UCFhxtoeARHPnXXPcDrOU3Xg,@romeolopezherrarte799,@diegoalejandrolopezmendez205,1
UCplrIQtaPj6au60_f2-mOYw,UCFoIAE8k82D6AV-8gjjKaNg,@romeolopezherrarte799,@eddymunoz9789,1
UCplrIQtaPj6au60_f2-mOYw,UCFxE8GbokBrBsPEKM1xrOjQ,@romeolopezherrarte799,@JuanDavila-qd7qj,1
UCplrIQtaPj6au60_f2-mOYw,UCGzXwyCzMzGmjmCbH3Hg01Q,@romeolopezherrarte799,@FidelZacarias-ph7dy,1
UCplrIQtaPj6au60_f2-mOYw,UCHTGCgY2l-DQJIvlA_cpa_Q,@romeolopezherrarte799,@virgiliogarcia3039,1
UCplrIQtaPj6au60_f2-mOYw,UCKDR0f2fu2UzWL8mBv5-BHw,@romeolopezherrarte799,@mireyamorales6595,1
UCplrIQtaPj6au60_f2-mOYw,UCL1MT278vSaQ83ZDkVWn1gw,@romeolopezherrarte799,@elmorodriguez6978,1
UCplrIQtaPj6au60_f2-mOYw,UCOh6DaZC_x9HASnlRylEMfw,@romeolopezherrarte799,@AndresMedina-v1s,1
UCplrIQtaPj6au60_f2-mOYw,UCQtICyzWmhC5woCtbNgaSmg,@romeolopezherrarte799,@nestormendez6216,1
UCplrIQtaPj6au60_f2-mOYw,UCRETAiYdh2dL5ZxB0_N1zDA,@romeolopezherrarte799,@Joseroland21,1
UCplrIQtaPj6au60_f2-mOYw,UCRlCV9zSn7avAWh-9_XFWqQ,@romeolopezherrarte799,@ronyarana8849,1
UCplrIQtaPj6au60_f2-mOYw,UCSou6a2OuYGSvPjm5psquyA,@romeolopezherrarte799,@FranciscoRivera-sf7ne,1
UCplrIQtaPj6au60_f2-mOYw,UCTD6q1nyIe3Y7HhqjaMj72w,@romeolopezherrarte799,@JuanChang-r6k,1
UCplrIQtaPj6au60_f2-mOYw,UCTP3O0rMnc8z8v8jaDQwL0w,@romeolopezherrarte799,@RobertoZelaya-x1v,1
UCplrIQtaPj6au60_f2-mOYw,UCTylKrsqkrBKIqubMu_5N0Q,@romeolopezherrarte799,@edwingeovanymarroquinmarro6684,1
UCplrIQtaPj6au60_f2-mOYw,UCUIIIPTVDVHAXqhC_5V6lPA,@romeolopezherrarte799,@gorrarota,1
UCplrIQtaPj6au60_f2-mOYw,UCXXh7yg5KUFIWylTiKVEFKQ,@romeolopezherrarte799,@MrDuenderojo,1
UCplrIQtaPj6au60_f2-mOYw,UCXgr7vXlRrsaskPdo097kGA,@romeolopezherrarte799,@Rogergh-nw4oj,1
UCplrIQtaPj6au60_f2-mOYw,UCYN4wSQ1Sx4_LurxLlW7MPg,@romeolopezherrarte799,@belarminavillatoro6474,1
UCplrIQtaPj6au60_f2-mOYw,UCYwpX26TrCxq8TvbKGRYLXA,@romeolopezherrarte799,@beneficioelcaminovillacana8540,1
UCplrIQtaPj6au60_f2-mOYw,UCcfdg8crmMJwEuLUsAhV7yg,@romeolopezherrarte799,@RolandoRaguay,1
UCplrIQtaPj6au60_f2-mOYw,UCfM3nrxtTQMY5jFx1v1J4Gg,@romeolopezherrarte799,@edgarroldan5539,1
UCplrIQtaPj6au60_f2-mOYw,UChZknRmJkeGeQk0-mQuhDOg,@romeolopezherrarte799,@OdilioRodríguez-c5w,1
UCplrIQtaPj6au60_f2-mOYw,UChep9kVb5gQmpodEEl10Xlg,@romeolopezherrarte799,@carlosaguilar-kz7ml,1
UCplrIQtaPj6au60_f2-mOYw,UCiGRBf2RNF0WRKhRVT7zFoA,@romeolopezherrarte799,@edwinavila4876,1
UCplrIQtaPj6au60_f2-mOYw,UCiMythXHsw7eQEMykCdmMUA,@romeolopezherrarte799,@JavierBecerra-h6x,1
UCplrIQtaPj6au60_f2-mOYw,UCipetjeiWj4CZB6EbyYziZg,@romeolopezherrarte799,@OseasSamayoa-ol5rz,1
UCplrIQtaPj6au60_f2-mOYw,UCj-LL25XJnjxepPKCc3NGog,@romeolopezherrarte799,@anaaguirre8985,1
UCplrIQtaPj6au60_f2-mOYw,UCjSKM9j0Q7HLDr1hD6D-TUw,@romeolopezherrarte799,@josehidalgo4875,1
UCplrIQtaPj6au60_f2-mOYw,UCjmPuazZJzscrwvk0QR9RVw,@romeolopezherrarte799,@mynorrodas8591,1
UCplrIQtaPj6au60_f2-mOYw,UCkd9W714-947dEE6ZOEBATA,@romeolopezherrarte799,@ARGELIATELON,1
UCplrIQtaPj6au60_f2-mOYw,UCl0ekS9Tt0jJGtOEM18S63w,@romeolopezherrarte799,@monkchapin,1
UCplrIQtaPj6au60_f2-mOYw,UCljDbleJul41G1TzOjOZAVA,@romeolopezherrarte799,@hectorcarranza3777,1
UCplrIQtaPj6au60_f2-mOYw,UCmvOgzmmXbjUthHy-WJ52hQ,@romeolopezherrarte799,@mariorodas593,1
UCplrIQtaPj6au60_f2-mOYw,UCp4iw5_5SmV9VGTFSNVGOmQ,@romeolopezherrarte799,@CARLOSSTREMS51,1
UCplrIQtaPj6au60_f2-mOYw,UCpl8rF8uv_8uui-QRvuJaRA,@romeolopezherrarte799,@SergioGarcia-z9c,1
UCplrIQtaPj6au60_f2-mOYw,UCpsKOkt5iWTbenzeuq7dsmQ,@romeolopezherrarte799,@inge_vergueta,1
UCplrIQtaPj6au60_f2-mOYw,UCr1emrogPKkKTs_WTtx71xg,@romeolopezherrarte799,@domingopeneleu6457,1
UCplrIQtaPj6au60_f2-mOYw,UCrJn_rbo_ENAdeqneS-RmRw,@romeolopezherrarte799,@josecarrera9623,1
UCplrIQtaPj6au60_f2-mOYw,UCsJJAvrVGupdmhOqgtDp8dg,@romeolopezherrarte799,@nestorlorenzana1168,1
UCplrIQtaPj6au60_f2-mOYw,UCsSXdJct-nsS8DsABoEsaYA,@romeolopezherrarte799,@IvánPérez-j4j,1
UCplrIQtaPj6au60_f2-mOYw,UCsUCN0Yq_UyTvKjOJLmNrnQ,@romeolopezherrarte799,@moisesvaldez4043,1
UCplrIQtaPj6au60_f2-mOYw,UCsjs5Hp_r86x1xbK6FAeqaA,@romeolopezherrarte799,@alvaroesquivel563,1
UCplrIQtaPj6au60_f2-mOYw,UCtNfIBnc5S5DbbQj_yxgJTw,@romeolopezherrarte799,@JosueRamirez-ey3ih,1
UCplrIQtaPj6au60_f2-mOYw,UCtUR3_CAiE7fCoZHM6cMfyQ,@romeolopezherrarte799,@mdelcid01,1
UCplrIQtaPj6au60_f2-mOYw,UCvApqeCbLod-wejtT4CcVuA,@romeolopezherrarte799,@davidgaher9550,1
UCplrIQtaPj6au60_f2-mOYw,UCwha8rxULYMVtNwZWeSkE1A,@romeolopezherrarte799,@mariasamo8637,1
UCplrIQtaPj6au60_f2-mOYw,UCySYJU5kUh7X8gVt9la2ISA,@romeolopezherrarte799,@dantesarti4351,1
UCplrIQtaPj6au60_f2-mOYw,UCylqlpsh8ENNM1LqgQ1KbxA,@romeolopezherrarte799,@Jel.Awesh.M,1
UCplrIQtaPj6au60_f2-mOYw,UCz3gu01bmjNv0DpRq-K3XYg,@romeolopezherrarte799,@eusebiovasquez4385,1
UCql1n3Ey6ULMSOACjMe-fxQ,UC-HeUTT6_g-VoiWds2a4H-w,@RolandoGonzalez-o7g,@JorgeMunoz-gd9et,1
UCql1n3Ey6ULMSOACjMe-fxQ,UC-Iul5tDYH_oiAMXQH-KaaQ,@RolandoGonzalez-o7g,@AlbertoMancilla-p9h,1
UCql1n3Ey6ULMSOACjMe-fxQ,UC0HvfEWozTHbwl_iEmJNvVA,@RolandoGonzalez-o7g,@OttoPalencia-b7r,1
UCql1n3Ey6ULMSOACjMe-fxQ,UC14qlobYKqD-DO0j6b75lcA,@RolandoGonzalez-o7g,@megavision4488,1
UCql1n3Ey6ULMSOACjMe-fxQ,UC1NiEdJ7gk6FlDexIalWnGg,@RolandoGonzalez-o7g,@BorisTebalán,1
UCql1n3Ey6ULMSOACjMe-fxQ,UC3YpzAr7pcdKC7BVFEpYzog,@RolandoGonzalez-o7g,@carmenfigueroa1232,1
UCql1n3Ey6ULMSOACjMe-fxQ,UC63tFvbQ_hJhGDi2nbjssjw,@RolandoGonzalez-o7g,@AbigailRodas-w2r,1
UCql1n3Ey6ULMSOACjMe-fxQ,UCEHXl4VvvVpq-_4xC5tsbhg,@RolandoGonzalez-o7g,@anibalg47,1
UCql1n3Ey6ULMSOACjMe-fxQ,UCRfkkatKrNtAARnXMMYBGlA,@RolandoGonzalez-o7g,@BernerSoza-mg3vx,1
UCql1n3Ey6ULMSOACjMe-fxQ,UCZFQwqh90apuL8eFhvRBkUg,@RolandoGonzalez-o7g,@luisricardo9671,1
UCql1n3Ey6ULMSOACjMe-fxQ,UCa36MjQLoPAmgJo-R3G8WQA,@RolandoGonzalez-o7g,@elsasalguero6914,1
UCql1n3Ey6ULMSOACjMe-fxQ,UCeQk-WfEA-cJRq4EKeE7TOw,@RolandoGonzalez-o7g,@franciscojuarez9223,1
UCql1n3Ey6ULMSOACjMe-fxQ,UCfo_yUPzy1f1POwwZxhZ06Q,@RolandoGonzalez-o7g,@lara11roberto,1
UCql1n3Ey6ULMSOACjMe-fxQ,UCgGqw4aqMdMVSGkKiMgrJRQ,@RolandoGonzalez-o7g,@pattyfigueroa5609,1
UCql1n3Ey6ULMSOACjMe-fxQ,UChyps3dqY-VY1_wLeq-2lhw,@RolandoGonzalez-o7g,@maydamorales4395,1
UCql1n3Ey6ULMSOACjMe-fxQ,UCtCtts20bW6F9CSohau51Iw,@RolandoGonzalez-o7g,@carlosgranados9875,1
UCql1n3Ey6ULMSOACjMe-fxQ,UCtsxPYw8VUsH_FfnKg-0lmw,@RolandoGonzalez-o7g,@AlejandroPérez-b6r,1
UCql1n3Ey6ULMSOACjMe-fxQ,UCvDwJBBY1mHK70aTEYl6rsA,@RolandoGonzalez-o7g,@cristianescobedo8296,1
UCql1n3Ey6ULMSOACjMe-fxQ,UCyJhqmMbsvjpoarBBStA2kg,@RolandoGonzalez-o7g,@Murmullodelbarrio,1
UCql1n3Ey6ULMSOACjMe-fxQ,UCzZ6dDCEsLMXbc5pCFXIprw,@RolandoGonzalez-o7g,@josegil3813,1
UCZFQwqh90apuL8eFhvRBkUg,UC-HeUTT6_g-VoiWds2a4H-w,@luisricardo9671,@JorgeMunoz-gd9et,1
UCZFQwqh90apuL8eFhvRBkUg,UC-Iul5tDYH_oiAMXQH-KaaQ,@luisricardo9671,@AlbertoMancilla-p9h,1
UCZFQwqh90apuL8eFhvRBkUg,UC0HvfEWozTHbwl_iEmJNvVA,@luisricardo9671,@OttoPalencia-b7r,1
UCZFQwqh90apuL8eFhvRBkUg,UC14qlobYKqD-DO0j6b75lcA,@luisricardo9671,@megavision4488,1
UCZFQwqh90apuL8eFhvRBkUg,UC1NiEdJ7gk6FlDexIalWnGg,@luisricardo9671,@BorisTebalán,1
UCZFQwqh90apuL8eFhvRBkUg,UC3YpzAr7pcdKC7BVFEpYzog,@luisricardo9671,@carmenfigueroa1232,1
UCZFQwqh90apuL8eFhvRBkUg,UC63tFvbQ_hJhGDi2nbjssjw,@luisricardo9671,@AbigailRodas-w2r,1
UCZFQwqh90apuL8eFhvRBkUg,UCEHXl4VvvVpq-_4xC5tsbhg,@luisricardo9671,@anibalg47,1
UCZFQwqh90apuL8eFhvRBkUg,UCRfkkatKrNtAARnXMMYBGlA,@luisricardo9671,@BernerSoza-mg3vx,1
UCZFQwqh90apuL8eFhvRBkUg,UCa36MjQLoPAmgJo-R3G8WQA,@luisricardo9671,@elsasalguero6914,1
UCZFQwqh90apuL8eFhvRBkUg,UCeQk-WfEA-cJRq4EKeE7TOw,@luisricardo9671,@franciscojuarez9223,1
UCZFQwqh90apuL8eFhvRBkUg,UCfo_yUPzy1f1POwwZxhZ06Q,@luisricardo9671,@lara11roberto,1
UCZFQwqh90apuL8eFhvRBkUg,UCgGqw4aqMdMVSGkKiMgrJRQ,@luisricardo9671,@pattyfigueroa5609,1
UCZFQwqh90apuL8eFhvRBkUg,UChyps3dqY-VY1_wLeq-2lhw,@luisricardo9671,@maydamorales4395,1
UCZFQwqh90apuL8eFhvRBkUg,UCtCtts20bW6F9CSohau51Iw,@luisricardo9671,@carlosgranados9875,1
UCZFQwqh90apuL8eFhvRBkUg,UCtsxPYw8VUsH_FfnKg-0lmw,@luisricardo9671,@AlejandroPérez-b6r,1
UCZFQwqh90apuL8eFhvRBkUg,UCvDwJBBY1mHK70aTEYl6rsA,@luisricardo9671,@cristianescobedo8296,1
UCZFQwqh90apuL8eFhvRBkUg,UCyJhqmMbsvjpoarBBStA2kg,@luisricardo9671,@Murmullodelbarrio,1
UCZFQwqh90apuL8eFhvRBkUg,UCzZ6dDCEsLMXbc5pCFXIprw,@luisricardo9671,@josegil3813,1
UCyJhqmMbsvjpoarBBStA2kg,UC-HeUTT6_g-VoiWds2a4H-w,@Murmullodelbarrio,@JorgeMunoz-gd9et,1
UCyJhqmMbsvjpoarBBStA2kg,UC-Iul5tDYH_oiAMXQH-KaaQ,@Murmullodelbarrio,@AlbertoMancilla-p9h,1
UCyJhqmMbsvjpoarBBStA2kg,UC0HvfEWozTHbwl_iEmJNvVA,@Murmullodelbarrio,@OttoPalencia-b7r,1
UCyJhqmMbsvjpoarBBStA2kg,UC14qlobYKqD-DO0j6b75lcA,@Murmullodelbarrio,@megavision4488,1
UCyJhqmMbsvjpoarBBStA2kg,UC1NiEdJ7gk6FlDexIalWnGg,@Murmullodelbarrio,@BorisTebalán,1
UCyJhqmMbsvjpoarBBStA2kg,UC3YpzAr7pcdKC7BVFEpYzog,@Murmullodelbarrio,@carmenfigueroa1232,1
UCyJhqmMbsvjpoarBBStA2kg,UC63tFvbQ_hJhGDi2nbjssjw,@Murmullodelbarrio,@AbigailRodas-w2r,1
UCyJhqmMbsvjpoarBBStA2kg,UCEHXl4VvvVpq-_4xC5tsbhg,@Murmullodelbarrio,@anibalg47,1
UCyJhqmMbsvjpoarBBStA2kg,UCRfkkatKrNtAARnXMMYBGlA,@Murmullodelbarrio,@BernerSoza-mg3vx,1
UCyJhqmMbsvjpoarBBStA2kg,UCa36MjQLoPAmgJo-R3G8WQA,@Murmullodelbarrio,@elsasalguero6914,1
UCyJhqmMbsvjpoarBBStA2kg,UCeQk-WfEA-cJRq4EKeE7TOw,@Murmullodelbarrio,@franciscojuarez9223,1
UCyJhqmMbsvjpoarBBStA2kg,UCfo_yUPzy1f1POwwZxhZ06Q,@Murmullodelbarrio,@lara11roberto,1
UCyJhqmMbsvjpoarBBStA2kg,UCgGqw4aqMdMVSGkKiMgrJRQ,@Murmullodelbarrio,@pattyfigueroa5609,1
UCyJhqmMbsvjpoarBBStA2kg,UChyps3dqY-VY1_wLeq-2lhw,@Murmullodelbarrio,@maydamorales4395,1
UCyJhqmMbsvjpoarBBStA2kg,UCtCtts20bW6F9CSohau51Iw,@Murmullodelbarrio,@carlosgranados9875,1
UCyJhqmMbsvjpoarBBStA2kg,UCtsxPYw8VUsH_FfnKg-0lmw,@Murmullodelbarrio,@AlejandroPérez-b6r,1
UCyJhqmMbsvjpoarBBStA2kg,UCvDwJBBY1mHK70aTEYl6rsA,@Murmullodelbarrio,@cristianescobedo8296,1
UCyJhqmMbsvjpoarBBStA2kg,UCzZ6dDCEsLMXbc5pCFXIprw,@Murmullodelbarrio,@josegil3813,1
UC63tFvbQ_hJhGDi2nbjssjw,UC-HeUTT6_g-VoiWds2a4H-w,@AbigailRodas-w2r,@JorgeMunoz-gd9et,1
UC63tFvbQ_hJhGDi2nbjssjw,UC-Iul5tDYH_oiAMXQH-KaaQ,@AbigailRodas-w2r,@AlbertoMancilla-p9h,1
UC63tFvbQ_hJhGDi2nbjssjw,UC0HvfEWozTHbwl_iEmJNvVA,@AbigailRodas-w2r,@OttoPalencia-b7r,1
UC63tFvbQ_hJhGDi2nbjssjw,UC14qlobYKqD-DO0j6b75lcA,@AbigailRodas-w2r,@megavision4488,1
UC63tFvbQ_hJhGDi2nbjssjw,UC1NiEdJ7gk6FlDexIalWnGg,@AbigailRodas-w2r,@BorisTebalán,1
UC63tFvbQ_hJhGDi2nbjssjw,UC3YpzAr7pcdKC7BVFEpYzog,@AbigailRodas-w2r,@carmenfigueroa1232,1
UC63tFvbQ_hJhGDi2nbjssjw,UCEHXl4VvvVpq-_4xC5tsbhg,@AbigailRodas-w2r,@anibalg47,1
UC63tFvbQ_hJhGDi2nbjssjw,UCRfkkatKrNtAARnXMMYBGlA,@AbigailRodas-w2r,@BernerSoza-mg3vx,1
UC63tFvbQ_hJhGDi2nbjssjw,UCa36MjQLoPAmgJo-R3G8WQA,@AbigailRodas-w2r,@elsasalguero6914,1
UC63tFvbQ_hJhGDi2nbjssjw,UCeQk-WfEA-cJRq4EKeE7TOw,@AbigailRodas-w2r,@franciscojuarez9223,1
UC63tFvbQ_hJhGDi2nbjssjw,UCfo_yUPzy1f1POwwZxhZ06Q,@AbigailRodas-w2r,@lara11roberto,1
UC63tFvbQ_hJhGDi2nbjssjw,UCgGqw4aqMdMVSGkKiMgrJRQ,@AbigailRodas-w2r,@pattyfigueroa5609,1
UC63tFvbQ_hJhGDi2nbjssjw,UChyps3dqY-VY1_wLeq-2lhw,@AbigailRodas-w2r,@maydamorales4395,1
UC63tFvbQ_hJhGDi2nbjssjw,UCtCtts20bW6F9CSohau51Iw,@AbigailRodas-w2r,@carlosgranados9875,1
UC63tFvbQ_hJhGDi2nbjssjw,UCtsxPYw8VUsH_FfnKg-0lmw,@AbigailRodas-w2r,@AlejandroPérez-b6r,1
UC63tFvbQ_hJhGDi2nbjssjw,UCvDwJBBY1mHK70aTEYl6rsA,@AbigailRodas-w2r,@cristianescobedo8296,1
UC63tFvbQ_hJhGDi2nbjssjw,UCzZ6dDCEsLMXbc5pCFXIprw,@AbigailRodas-w2r,@josegil3813,1
UCtCtts20bW6F9CSohau51Iw,UC-HeUTT6_g-VoiWds2a4H-w,@carlosgranados9875,@JorgeMunoz-gd9et,1
UCtCtts20bW6F9CSohau51Iw,UC-Iul5tDYH_oiAMXQH-KaaQ,@carlosgranados9875,@AlbertoMancilla-p9h,1
UCtCtts20bW6F9CSohau51Iw,UC0HvfEWozTHbwl_iEmJNvVA,@carlosgranados9875,@OttoPalencia-b7r,1
UCtCtts20bW6F9CSohau51Iw,UC14qlobYKqD-DO0j6b75lcA,@carlosgranados9875,@megavision4488,1
UCtCtts20bW6F9CSohau51Iw,UC1NiEdJ7gk6FlDexIalWnGg,@carlosgranados9875,@BorisTebalán,1
UCtCtts20bW6F9CSohau51Iw,UC3YpzAr7pcdKC7BVFEpYzog,@carlosgranados9875,@carmenfigueroa1232,1
UCtCtts20bW6F9CSohau51Iw,UCEHXl4VvvVpq-_4xC5tsbhg,@carlosgranados9875,@anibalg47,1
UCtCtts20bW6F9CSohau51Iw,UCRfkkatKrNtAARnXMMYBGlA,@carlosgranados9875,@BernerSoza-mg3vx,1
UCtCtts20bW6F9CSohau51Iw,UCa36MjQLoPAmgJo-R3G8WQA,@carlosgranados9875,@elsasalguero6914,1
UCtCtts20bW6F9CSohau51Iw,UCeQk-WfEA-cJRq4EKeE7TOw,@carlosgranados9875,@franciscojuarez9223,1
UCtCtts20bW6F9CSohau51Iw,UCfo_yUPzy1f1POwwZxhZ06Q,@carlosgranados9875,@lara11roberto,1
UCtCtts20bW6F9CSohau51Iw,UCgGqw4aqMdMVSGkKiMgrJRQ,@carlosgranados9875,@pattyfigueroa5609,1
UCtCtts20bW6F9CSohau51Iw,UChyps3dqY-VY1_wLeq-2lhw,@carlosgranados9875,@maydamorales4395,1
UCtCtts20bW6F9CSohau51Iw,UCtsxPYw8VUsH_FfnKg-0lmw,@carlosgranados9875,@AlejandroPérez-b6r,1
UCtCtts20bW6F9CSohau51Iw,UCvDwJBBY1mHK70aTEYl6rsA,@carlosgranados9875,@cristianescobedo8296,1
UCtCtts20bW6F9CSohau51Iw,UCzZ6dDCEsLMXbc5pCFXIprw,@carlosgranados9875,@josegil3813,1
UCcfdg8crmMJwEuLUsAhV7yg,UC-hfX8J5JPJ-dfuakzegMLA,@RolandoRaguay,@normaleticiaorozcojuarez2418,1
UCcfdg8crmMJwEuLUsAhV7yg,UC-jS_kA9w-OmpupXDx156Rg,@RolandoRaguay,@simoncreyesc7579,1
UCcfdg8crmMJwEuLUsAhV7yg,UC1vr9aaMI2crB0NvwFHUeoQ,@RolandoRaguay,@JoseSimilox-p6e,1
UCcfdg8crmMJwEuLUsAhV7yg,UC2Y_EHWQKevubk4vOEBBFxw,@RolandoRaguay,@alfonsomorales2653,1
UCcfdg8crmMJwEuLUsAhV7yg,UC2weSE8rpqkGMOp6StYtVfg,@RolandoRaguay,@katerynsantiago2907,1
UCcfdg8crmMJwEuLUsAhV7yg,UC3E9mAgP7VoAE5mZoAexl5g,@RolandoRaguay,@EnnioAroche,1
UCcfdg8crmMJwEuLUsAhV7yg,UC3NMzdMYryaw82kPTnsaljg,@RolandoRaguay,@marisosa7832,1
UCcfdg8crmMJwEuLUsAhV7yg,UC4cXueR2bKGFJV0Fk76gwmA,@RolandoRaguay,@aluxdel4792,1
UCcfdg8crmMJwEuLUsAhV7yg,UC5bG9nc_JV3FsNP2KseQiYw,@RolandoRaguay,@giovannirodas4836,1
UCcfdg8crmMJwEuLUsAhV7yg,UC650pRT-OYzny3GwOH8Cgfw,@RolandoRaguay,@edvinparedesherrera7632,1
UCcfdg8crmMJwEuLUsAhV7yg,UC7VUuJr9cGh845CmTvf7TlQ,@RolandoRaguay,@LuisCastillo-oz4df,1
UCcfdg8crmMJwEuLUsAhV7yg,UC8G5cJONY8L9voMyBW8Eoug,@RolandoRaguay,@luisparedes-pw6qt,1
UCcfdg8crmMJwEuLUsAhV7yg,UC8r11yOugM2NuRfitQOxLLg,@RolandoRaguay,@cesaraugustomoralesmonroy6907,1
UCcfdg8crmMJwEuLUsAhV7yg,UC9xr9QvIcDvoZNUX5f-jaZw,@RolandoRaguay,@MariaaliciaColonmorales,1
UCcfdg8crmMJwEuLUsAhV7yg,UCA93ym2TXs_Ibyxb4Vcn-6Q,@RolandoRaguay,@oswaldosolis8728,1
UCcfdg8crmMJwEuLUsAhV7yg,UCAlzM_N6xBlMYmM8EBzX86Q,@RolandoRaguay,@carlossoto3252,1
UCcfdg8crmMJwEuLUsAhV7yg,UCAmtbUiIrUIhikru0ZoTFig,@RolandoRaguay,@Aura-vf6dm,1
UCcfdg8crmMJwEuLUsAhV7yg,UCB5p8a5gklc80jJItP6xTHg,@RolandoRaguay,@ernestogamboa8737,1
UCcfdg8crmMJwEuLUsAhV7yg,UCDPWkUX3sNNaCx-m1dV4glA,@RolandoRaguay,@hectoroliva949,1
UCcfdg8crmMJwEuLUsAhV7yg,UCDQaQv0hr2SS_PO-CMEwVHg,@RolandoRaguay,@federicosaquimux1933,1
UCcfdg8crmMJwEuLUsAhV7yg,UCDUffaruH6dyUnUGwsTKpgg,@RolandoRaguay,@luisletona2842,1
UCcfdg8crmMJwEuLUsAhV7yg,UCDftMWXQoJ6nONfY7GVOVjg,@RolandoRaguay,@luisgpacheco5858,1
UCcfdg8crmMJwEuLUsAhV7yg,UCDlr1VadSucIZgZ171pRBjQ,@RolandoRaguay,@cuabatzjj5924,1
UCcfdg8crmMJwEuLUsAhV7yg,UCEgEQmRbtL5fwr9_DqAC--g,@RolandoRaguay,@ArielRodas-g5y,1
UCcfdg8crmMJwEuLUsAhV7yg,UCFUuDARXdmmIrLppEqf-rFg,@RolandoRaguay,@allanmunoz7410,1
UCcfdg8crmMJwEuLUsAhV7yg,UCFhxtoeARHPnXXPcDrOU3Xg,@RolandoRaguay,@diegoalejandrolopezmendez205,1
UCcfdg8crmMJwEuLUsAhV7yg,UCFoIAE8k82D6AV-8gjjKaNg,@RolandoRaguay,@eddymunoz9789,1
UCcfdg8crmMJwEuLUsAhV7yg,UCFxE8GbokBrBsPEKM1xrOjQ,@RolandoRaguay,@JuanDavila-qd7qj,1
UCcfdg8crmMJwEuLUsAhV7yg,UCGzXwyCzMzGmjmCbH3Hg01Q,@RolandoRaguay,@FidelZacarias-ph7dy,1
UCcfdg8crmMJwEuLUsAhV7yg,UCHTGCgY2l-DQJIvlA_cpa_Q,@RolandoRaguay,@virgiliogarcia3039,1
UCcfdg8crmMJwEuLUsAhV7yg,UCKDR0f2fu2UzWL8mBv5-BHw,@RolandoRaguay,@mireyamorales6595,1
UCcfdg8crmMJwEuLUsAhV7yg,UCL1MT278vSaQ83ZDkVWn1gw,@RolandoRaguay,@elmorodriguez6978,1
UCcfdg8crmMJwEuLUsAhV7yg,UCOh6DaZC_x9HASnlRylEMfw,@RolandoRaguay,@AndresMedina-v1s,1
UCcfdg8crmMJwEuLUsAhV7yg,UCQtICyzWmhC5woCtbNgaSmg,@RolandoRaguay,@nestormendez6216,1
UCcfdg8crmMJwEuLUsAhV7yg,UCRETAiYdh2dL5ZxB0_N1zDA,@RolandoRaguay,@Joseroland21,1
UCcfdg8crmMJwEuLUsAhV7yg,UCRlCV9zSn7avAWh-9_XFWqQ,@RolandoRaguay,@ronyarana8849,1
UCcfdg8crmMJwEuLUsAhV7yg,UCSou6a2OuYGSvPjm5psquyA,@RolandoRaguay,@FranciscoRivera-sf7ne,1
UCcfdg8crmMJwEuLUsAhV7yg,UCTD6q1nyIe3Y7HhqjaMj72w,@RolandoRaguay,@JuanChang-r6k,1
UCcfdg8crmMJwEuLUsAhV7yg,UCTP3O0rMnc8z8v8jaDQwL0w,@RolandoRaguay,@RobertoZelaya-x1v,1
UCcfdg8crmMJwEuLUsAhV7yg,UCTylKrsqkrBKIqubMu_5N0Q,@RolandoRaguay,@edwingeovanymarroquinmarro6684,1
UCcfdg8crmMJwEuLUsAhV7yg,UCUIIIPTVDVHAXqhC_5V6lPA,@RolandoRaguay,@gorrarota,1
UCcfdg8crmMJwEuLUsAhV7yg,UCXXh7yg5KUFIWylTiKVEFKQ,@RolandoRaguay,@MrDuenderojo,1
UCcfdg8crmMJwEuLUsAhV7yg,UCXgr7vXlRrsaskPdo097kGA,@RolandoRaguay,@Rogergh-nw4oj,1
UCcfdg8crmMJwEuLUsAhV7yg,UCYN4wSQ1Sx4_LurxLlW7MPg,@RolandoRaguay,@belarminavillatoro6474,1
UCcfdg8crmMJwEuLUsAhV7yg,UCYwpX26TrCxq8TvbKGRYLXA,@RolandoRaguay,@beneficioelcaminovillacana8540,1
UCcfdg8crmMJwEuLUsAhV7yg,UCfM3nrxtTQMY5jFx1v1J4Gg,@RolandoRaguay,@edgarroldan5539,1
UCcfdg8crmMJwEuLUsAhV7yg,UChZknRmJkeGeQk0-mQuhDOg,@RolandoRaguay,@OdilioRodríguez-c5w,1
UCcfdg8crmMJwEuLUsAhV7yg,UChep9kVb5gQmpodEEl10Xlg,@RolandoRaguay,@carlosaguilar-kz7ml,1
UCcfdg8crmMJwEuLUsAhV7yg,UCiGRBf2RNF0WRKhRVT7zFoA,@RolandoRaguay,@edwinavila4876,1
UCcfdg8crmMJwEuLUsAhV7yg,UCiMythXHsw7eQEMykCdmMUA,@RolandoRaguay,@JavierBecerra-h6x,1
UCcfdg8crmMJwEuLUsAhV7yg,UCipetjeiWj4CZB6EbyYziZg,@RolandoRaguay,@OseasSamayoa-ol5rz,1
UCcfdg8crmMJwEuLUsAhV7yg,UCj-LL25XJnjxepPKCc3NGog,@RolandoRaguay,@anaaguirre8985,1
UCcfdg8crmMJwEuLUsAhV7yg,UCjSKM9j0Q7HLDr1hD6D-TUw,@RolandoRaguay,@josehidalgo4875,1
UCcfdg8crmMJwEuLUsAhV7yg,UCjmPuazZJzscrwvk0QR9RVw,@RolandoRaguay,@mynorrodas8591,1
UCcfdg8crmMJwEuLUsAhV7yg,UCkd9W714-947dEE6ZOEBATA,@RolandoRaguay,@ARGELIATELON,1
UCcfdg8crmMJwEuLUsAhV7yg,UCl0ekS9Tt0jJGtOEM18S63w,@RolandoRaguay,@monkchapin,1
UCcfdg8crmMJwEuLUsAhV7yg,UCljDbleJul41G1TzOjOZAVA,@RolandoRaguay,@hectorcarranza3777,1
UCcfdg8crmMJwEuLUsAhV7yg,UCmvOgzmmXbjUthHy-WJ52hQ,@RolandoRaguay,@mariorodas593,1
UCcfdg8crmMJwEuLUsAhV7yg,UCp4iw5_5SmV9VGTFSNVGOmQ,@RolandoRaguay,@CARLOSSTREMS51,1
UCcfdg8crmMJwEuLUsAhV7yg,UCpl8rF8uv_8uui-QRvuJaRA,@RolandoRaguay,@SergioGarcia-z9c,1
UCcfdg8crmMJwEuLUsAhV7yg,UCpsKOkt5iWTbenzeuq7dsmQ,@RolandoRaguay,@inge_vergueta,1
UCcfdg8crmMJwEuLUsAhV7yg,UCr1emrogPKkKTs_WTtx71xg,@RolandoRaguay,@domingopeneleu6457,1
UCcfdg8crmMJwEuLUsAhV7yg,UCrJn_rbo_ENAdeqneS-RmRw,@RolandoRaguay,@josecarrera9623,1
UCcfdg8crmMJwEuLUsAhV7yg,UCsJJAvrVGupdmhOqgtDp8dg,@RolandoRaguay,@nestorlorenzana1168,1
UCcfdg8crmMJwEuLUsAhV7yg,UCsSXdJct-nsS8DsABoEsaYA,@RolandoRaguay,@IvánPérez-j4j,1
UCcfdg8crmMJwEuLUsAhV7yg,UCsUCN0Yq_UyTvKjOJLmNrnQ,@RolandoRaguay,@moisesvaldez4043,1
UCcfdg8crmMJwEuLUsAhV7yg,UCsjs5Hp_r86x1xbK6FAeqaA,@RolandoRaguay,@alvaroesquivel563,1
UCcfdg8crmMJwEuLUsAhV7yg,UCtNfIBnc5S5DbbQj_yxgJTw,@RolandoRaguay,@JosueRamirez-ey3ih,1
UCcfdg8crmMJwEuLUsAhV7yg,UCtUR3_CAiE7fCoZHM6cMfyQ,@RolandoRaguay,@mdelcid01,1
UCcfdg8crmMJwEuLUsAhV7yg,UCvApqeCbLod-wejtT4CcVuA,@RolandoRaguay,@davidgaher9550,1
UCcfdg8crmMJwEuLUsAhV7yg,UCwha8rxULYMVtNwZWeSkE1A,@RolandoRaguay,@mariasamo8637,1
UCcfdg8crmMJwEuLUsAhV7yg,UCySYJU5kUh7X8gVt9la2ISA,@RolandoRaguay,@dantesarti4351,1
UCcfdg8crmMJwEuLUsAhV7yg,UCylqlpsh8ENNM1LqgQ1KbxA,@RolandoRaguay,@Jel.Awesh.M,1
UCcfdg8crmMJwEuLUsAhV7yg,UCz3gu01bmjNv0DpRq-K3XYg,@RolandoRaguay,@eusebiovasquez4385,1
UC6Uj1FT5JjDSF8vudvDxPAA,UC-fiZBS5Gp1eCJd9ucgWnCg,@alfredoortega9264,@Tommii.10,1
UC6Uj1FT5JjDSF8vudvDxPAA,UC1DpqK6vaPEkBOMNvypsKYg,@alfredoortega9264,@HectorCarranza-u4j4o,1
UC6Uj1FT5JjDSF8vudvDxPAA,UC32oozucwCF3q8d4m8fyOUg,@alfredoortega9264,@RauldejesusOlivagonzalez,1
UC6Uj1FT5JjDSF8vudvDxPAA,UC3UVO7pTbeYvZ3ILEyRDskQ,@alfredoortega9264,@rosaelenaargueta79,1
UC6Uj1FT5JjDSF8vudvDxPAA,UC4Avya4kmR4Q0FrfFdBozSQ,@alfredoortega9264,@davidlima1348,1
UC6Uj1FT5JjDSF8vudvDxPAA,UC5hvEnRUzI4Kfvwnyi4QxqQ,@alfredoortega9264,@leonelsantizo5281,1
UC6Uj1FT5JjDSF8vudvDxPAA,UC7dadZG7kkGYnsNu6td0FbA,@alfredoortega9264,@lesolorzano,1
UC6Uj1FT5JjDSF8vudvDxPAA,UCAKuKvcbfnBD3kF5njNu-IA,@alfredoortega9264,@melvinlopez7096,1
UC6Uj1FT5JjDSF8vudvDxPAA,UCCBYcToQ2dwkd6TJh0FSyDg,@alfredoortega9264,@lidiarodriguez3493,1
UC6Uj1FT5JjDSF8vudvDxPAA,UCDrmf9y9nLgFY5wnA2hTuGA,@alfredoortega9264,@laboratorio5528,1
UC6Uj1FT5JjDSF8vudvDxPAA,UCGGHbtfbbe0o68etrOf0qxw,@alfredoortega9264,@karensussetteleonvargas9794,1
UC6Uj1FT5JjDSF8vudvDxPAA,UCHbwIx9pmQuf7i-4_xO2EpA,@alfredoortega9264,@caminoseternos752,1
UC6Uj1FT5JjDSF8vudvDxPAA,UCQqlPPUGqAfWjd-FSh_qn7Q,@alfredoortega9264,@estuardoargueta137,1
UC6Uj1FT5JjDSF8vudvDxPAA,UCRvPToDkkumha7WJAfCDk1A,@alfredoortega9264,@ligiaguerra3057,1
UC6Uj1FT5JjDSF8vudvDxPAA,UCUoYsrx1oZnCZ0usbBJn4fA,@alfredoortega9264,@AnaDiaz-re9sq,1
UC6Uj1FT5JjDSF8vudvDxPAA,UCW-JC6lebVmf2P1dmY_L94g,@alfredoortega9264,@dinoraoroxon5771,1
UC6Uj1FT5JjDSF8vudvDxPAA,UCW80DaMjQlEUibC98Cot-Dg,@alfredoortega9264,@rogeraldana4289,1
UC6Uj1FT5JjDSF8vudvDxPAA,UCWoAVGVqCn4xtINCMOTM4jg,@alfredoortega9264,@OmarMartinez-vv8re,1
UC6Uj1FT5JjDSF8vudvDxPAA,UCZeIIQrGAedW8tCbKWmGY-A,@alfredoortega9264,@mariocordon8873,1
UC6Uj1FT5JjDSF8vudvDxPAA,UC_LYoGs5C3mbZKZuKuqYCvw,@alfredoortega9264,@javiercifuentesarchila6041,1
UC6Uj1FT5JjDSF8vudvDxPAA,UCe8JZoYkX5oKUZyivHYdXhw,@alfredoortega9264,@FernandoGarcia-jg1fj,1
UC6Uj1FT5JjDSF8vudvDxPAA,UCgJNFj5dnxXpcMvmuhZDPxA,@alfredoortega9264,@NataliaRodriguez-rx5mr,1
UC6Uj1FT5JjDSF8vudvDxPAA,UClhMWQ7XKWywYvbRnuf8QsA,@alfredoortega9264,@EcPerez-zz9oh,1
UC6Uj1FT5JjDSF8vudvDxPAA,UClqA491Xa5fQcXcJJa-vTWw,@alfredoortega9264,@AndresLemus-k2d,1
UC6Uj1FT5JjDSF8vudvDxPAA,UCpe5jW3MIqkgTJ-PgkzvM6Q,@alfredoortega9264,@carloslam5333,1
UC6Uj1FT5JjDSF8vudvDxPAA,UCpsKOkt5iWTbenzeuq7dsmQ,@alfredoortega9264,@inge_vergueta,1
UC6Uj1FT5JjDSF8vudvDxPAA,UCsGoJEvb-cFPZ2rWoJcXzEQ,@alfredoortega9264,@sergiohinestroza9709,1
UC6Uj1FT5JjDSF8vudvDxPAA,UCu8_3-Wg-YzNyvHYQDEscfw,@alfredoortega9264,@RolandoCastroPérez-d7y,1
UC6Uj1FT5JjDSF8vudvDxPAA,UCuXmOjxC-htcprLgeVXz6Tg,@alfredoortega9264,@jorgeaguilar-bq3uj,1
UC6Uj1FT5JjDSF8vudvDxPAA,UCylqlpsh8ENNM1LqgQ1KbxA,@alfredoortega9264,@Jel.Awesh.M,1
UCj-LL25XJnjxepPKCc3NGog,UC-hfX8J5JPJ-dfuakzegMLA,@anaaguirre8985,@normaleticiaorozcojuarez2418,1
UCj-LL25XJnjxepPKCc3NGog,UC-jS_kA9w-OmpupXDx156Rg,@anaaguirre8985,@simoncreyesc7579,1
UCj-LL25XJnjxepPKCc3NGog,UC1vr9aaMI2crB0NvwFHUeoQ,@anaaguirre8985,@JoseSimilox-p6e,1
UCj-LL25XJnjxepPKCc3NGog,UC2Y_EHWQKevubk4vOEBBFxw,@anaaguirre8985,@alfonsomorales2653,1
UCj-LL25XJnjxepPKCc3NGog,UC2weSE8rpqkGMOp6StYtVfg,@anaaguirre8985,@katerynsantiago2907,1
UCj-LL25XJnjxepPKCc3NGog,UC3E9mAgP7VoAE5mZoAexl5g,@anaaguirre8985,@EnnioAroche,1
UCj-LL25XJnjxepPKCc3NGog,UC3NMzdMYryaw82kPTnsaljg,@anaaguirre8985,@marisosa7832,1
UCj-LL25XJnjxepPKCc3NGog,UC4cXueR2bKGFJV0Fk76gwmA,@anaaguirre8985,@aluxdel4792,1
UCj-LL25XJnjxepPKCc3NGog,UC5bG9nc_JV3FsNP2KseQiYw,@anaaguirre8985,@giovannirodas4836,1
UCj-LL25XJnjxepPKCc3NGog,UC650pRT-OYzny3GwOH8Cgfw,@anaaguirre8985,@edvinparedesherrera7632,1
UCj-LL25XJnjxepPKCc3NGog,UC7VUuJr9cGh845CmTvf7TlQ,@anaaguirre8985,@LuisCastillo-oz4df,1
UCj-LL25XJnjxepPKCc3NGog,UC8G5cJONY8L9voMyBW8Eoug,@anaaguirre8985,@luisparedes-pw6qt,1
UCj-LL25XJnjxepPKCc3NGog,UC8r11yOugM2NuRfitQOxLLg,@anaaguirre8985,@cesaraugustomoralesmonroy6907,1
UCj-LL25XJnjxepPKCc3NGog,UC9xr9QvIcDvoZNUX5f-jaZw,@anaaguirre8985,@MariaaliciaColonmorales,1
UCj-LL25XJnjxepPKCc3NGog,UCA93ym2TXs_Ibyxb4Vcn-6Q,@anaaguirre8985,@oswaldosolis8728,1
UCj-LL25XJnjxepPKCc3NGog,UCAlzM_N6xBlMYmM8EBzX86Q,@anaaguirre8985,@carlossoto3252,1
UCj-LL25XJnjxepPKCc3NGog,UCAmtbUiIrUIhikru0ZoTFig,@anaaguirre8985,@Aura-vf6dm,1
UCj-LL25XJnjxepPKCc3NGog,UCB5p8a5gklc80jJItP6xTHg,@anaaguirre8985,@ernestogamboa8737,1
UCj-LL25XJnjxepPKCc3NGog,UCDPWkUX3sNNaCx-m1dV4glA,@anaaguirre8985,@hectoroliva949,1
UCj-LL25XJnjxepPKCc3NGog,UCDQaQv0hr2SS_PO-CMEwVHg,@anaaguirre8985,@federicosaquimux1933,1
UCj-LL25XJnjxepPKCc3NGog,UCDUffaruH6dyUnUGwsTKpgg,@anaaguirre8985,@luisletona2842,1
UCj-LL25XJnjxepPKCc3NGog,UCDftMWXQoJ6nONfY7GVOVjg,@anaaguirre8985,@luisgpacheco5858,1
UCj-LL25XJnjxepPKCc3NGog,UCDlr1VadSucIZgZ171pRBjQ,@anaaguirre8985,@cuabatzjj5924,1
UCj-LL25XJnjxepPKCc3NGog,UCEgEQmRbtL5fwr9_DqAC--g,@anaaguirre8985,@ArielRodas-g5y,1
UCj-LL25XJnjxepPKCc3NGog,UCFUuDARXdmmIrLppEqf-rFg,@anaaguirre8985,@allanmunoz7410,1
UCj-LL25XJnjxepPKCc3NGog,UCFhxtoeARHPnXXPcDrOU3Xg,@anaaguirre8985,@diegoalejandrolopezmendez205,1
UCj-LL25XJnjxepPKCc3NGog,UCFoIAE8k82D6AV-8gjjKaNg,@anaaguirre8985,@eddymunoz9789,1
UCj-LL25XJnjxepPKCc3NGog,UCFxE8GbokBrBsPEKM1xrOjQ,@anaaguirre8985,@JuanDavila-qd7qj,1
UCj-LL25XJnjxepPKCc3NGog,UCGzXwyCzMzGmjmCbH3Hg01Q,@anaaguirre8985,@FidelZacarias-ph7dy,1
UCj-LL25XJnjxepPKCc3NGog,UCHTGCgY2l-DQJIvlA_cpa_Q,@anaaguirre8985,@virgiliogarcia3039,1
UCj-LL25XJnjxepPKCc3NGog,UCKDR0f2fu2UzWL8mBv5-BHw,@anaaguirre8985,@mireyamorales6595,1
UCj-LL25XJnjxepPKCc3NGog,UCL1MT278vSaQ83ZDkVWn1gw,@anaaguirre8985,@elmorodriguez6978,1
UCj-LL25XJnjxepPKCc3NGog,UCOh6DaZC_x9HASnlRylEMfw,@anaaguirre8985,@AndresMedina-v1s,1
UCj-LL25XJnjxepPKCc3NGog,UCQtICyzWmhC5woCtbNgaSmg,@anaaguirre8985,@nestormendez6216,1
UCj-LL25XJnjxepPKCc3NGog,UCRETAiYdh2dL5ZxB0_N1zDA,@anaaguirre8985,@Joseroland21,1
UCj-LL25XJnjxepPKCc3NGog,UCRlCV9zSn7avAWh-9_XFWqQ,@anaaguirre8985,@ronyarana8849,1
UCj-LL25XJnjxepPKCc3NGog,UCSou6a2OuYGSvPjm5psquyA,@anaaguirre8985,@FranciscoRivera-sf7ne,1
UCj-LL25XJnjxepPKCc3NGog,UCTD6q1nyIe3Y7HhqjaMj72w,@anaaguirre8985,@JuanChang-r6k,1
UCj-LL25XJnjxepPKCc3NGog,UCTP3O0rMnc8z8v8jaDQwL0w,@anaaguirre8985,@RobertoZelaya-x1v,1
UCj-LL25XJnjxepPKCc3NGog,UCTylKrsqkrBKIqubMu_5N0Q,@anaaguirre8985,@edwingeovanymarroquinmarro6684,1
UCj-LL25XJnjxepPKCc3NGog,UCUIIIPTVDVHAXqhC_5V6lPA,@anaaguirre8985,@gorrarota,1
UCj-LL25XJnjxepPKCc3NGog,UCXXh7yg5KUFIWylTiKVEFKQ,@anaaguirre8985,@MrDuenderojo,1
UCj-LL25XJnjxepPKCc3NGog,UCXgr7vXlRrsaskPdo097kGA,@anaaguirre8985,@Rogergh-nw4oj,1
UCj-LL25XJnjxepPKCc3NGog,UCYN4wSQ1Sx4_LurxLlW7MPg,@anaaguirre8985,@belarminavillatoro6474,1
UCj-LL25XJnjxepPKCc3NGog,UCYwpX26TrCxq8TvbKGRYLXA,@anaaguirre8985,@beneficioelcaminovillacana8540,1
UCj-LL25XJnjxepPKCc3NGog,UCfM3nrxtTQMY5jFx1v1J4Gg,@anaaguirre8985,@edgarroldan5539,1
UCj-LL25XJnjxepPKCc3NGog,UChZknRmJkeGeQk0-mQuhDOg,@anaaguirre8985,@OdilioRodríguez-c5w,1
UCj-LL25XJnjxepPKCc3NGog,UChep9kVb5gQmpodEEl10Xlg,@anaaguirre8985,@carlosaguilar-kz7ml,1
UCj-LL25XJnjxepPKCc3NGog,UCiGRBf2RNF0WRKhRVT7zFoA,@anaaguirre8985,@edwinavila4876,1
UCj-LL25XJnjxepPKCc3NGog,UCiMythXHsw7eQEMykCdmMUA,@anaaguirre8985,@JavierBecerra-h6x,1
UCj-LL25XJnjxepPKCc3NGog,UCipetjeiWj4CZB6EbyYziZg,@anaaguirre8985,@OseasSamayoa-ol5rz,1
UCj-LL25XJnjxepPKCc3NGog,UCjSKM9j0Q7HLDr1hD6D-TUw,@anaaguirre8985,@josehidalgo4875,1
UCj-LL25XJnjxepPKCc3NGog,UCjmPuazZJzscrwvk0QR9RVw,@anaaguirre8985,@mynorrodas8591,1
UCj-LL25XJnjxepPKCc3NGog,UCkd9W714-947dEE6ZOEBATA,@anaaguirre8985,@ARGELIATELON,1
UCj-LL25XJnjxepPKCc3NGog,UCl0ekS9Tt0jJGtOEM18S63w,@anaaguirre8985,@monkchapin,1
UCj-LL25XJnjxepPKCc3NGog,UCljDbleJul41G1TzOjOZAVA,@anaaguirre8985,@hectorcarranza3777,1
UCj-LL25XJnjxepPKCc3NGog,UCmvOgzmmXbjUthHy-WJ52hQ,@anaaguirre8985,@mariorodas593,1
UCj-LL25XJnjxepPKCc3NGog,UCp4iw5_5SmV9VGTFSNVGOmQ,@anaaguirre8985,@CARLOSSTREMS51,1
UCj-LL25XJnjxepPKCc3NGog,UCpl8rF8uv_8uui-QRvuJaRA,@anaaguirre8985,@SergioGarcia-z9c,1
UCj-LL25XJnjxepPKCc3NGog,UCpsKOkt5iWTbenzeuq7dsmQ,@anaaguirre8985,@inge_vergueta,1
UCj-LL25XJnjxepPKCc3NGog,UCr1emrogPKkKTs_WTtx71xg,@anaaguirre8985,@domingopeneleu6457,1
UCj-LL25XJnjxepPKCc3NGog,UCrJn_rbo_ENAdeqneS-RmRw,@anaaguirre8985,@josecarrera9623,1
UCj-LL25XJnjxepPKCc3NGog,UCsJJAvrVGupdmhOqgtDp8dg,@anaaguirre8985,@nestorlorenzana1168,1
UCj-LL25XJnjxepPKCc3NGog,UCsSXdJct-nsS8DsABoEsaYA,@anaaguirre8985,@IvánPérez-j4j,1
UCj-LL25XJnjxepPKCc3NGog,UCsUCN0Yq_UyTvKjOJLmNrnQ,@anaaguirre8985,@moisesvaldez4043,1
UCj-LL25XJnjxepPKCc3NGog,UCsjs5Hp_r86x1xbK6FAeqaA,@anaaguirre8985,@alvaroesquivel563,1
UCj-LL25XJnjxepPKCc3NGog,UCtNfIBnc5S5DbbQj_yxgJTw,@anaaguirre8985,@JosueRamirez-ey3ih,1
UCj-LL25XJnjxepPKCc3NGog,UCtUR3_CAiE7fCoZHM6cMfyQ,@anaaguirre8985,@mdelcid01,1
UCj-LL25XJnjxepPKCc3NGog,UCvApqeCbLod-wejtT4CcVuA,@anaaguirre8985,@davidgaher9550,1
UCj-LL25XJnjxepPKCc3NGog,UCwha8rxULYMVtNwZWeSkE1A,@anaaguirre8985,@mariasamo8637,1
UCj-LL25XJnjxepPKCc3NGog,UCySYJU5kUh7X8gVt9la2ISA,@anaaguirre8985,@dantesarti4351,1
UCj-LL25XJnjxepPKCc3NGog,UCylqlpsh8ENNM1LqgQ1KbxA,@anaaguirre8985,@Jel.Awesh.M,1
UCj-LL25XJnjxepPKCc3NGog,UCz3gu01bmjNv0DpRq-K3XYg,@anaaguirre8985,@eusebiovasquez4385,1
UC1DpqK6vaPEkBOMNvypsKYg,UC-fiZBS5Gp1eCJd9ucgWnCg,@HectorCarranza-u4j4o,@Tommii.10,1
UC1DpqK6vaPEkBOMNvypsKYg,UC32oozucwCF3q8d4m8fyOUg,@HectorCarranza-u4j4o,@RauldejesusOlivagonzalez,1
UC1DpqK6vaPEkBOMNvypsKYg,UC3UVO7pTbeYvZ3ILEyRDskQ,@HectorCarranza-u4j4o,@rosaelenaargueta79,1
UC1DpqK6vaPEkBOMNvypsKYg,UC4Avya4kmR4Q0FrfFdBozSQ,@HectorCarranza-u4j4o,@davidlima1348,1
UC1DpqK6vaPEkBOMNvypsKYg,UC5hvEnRUzI4Kfvwnyi4QxqQ,@HectorCarranza-u4j4o,@leonelsantizo5281,1
UC1DpqK6vaPEkBOMNvypsKYg,UC7dadZG7kkGYnsNu6td0FbA,@HectorCarranza-u4j4o,@lesolorzano,1
UC1DpqK6vaPEkBOMNvypsKYg,UCAKuKvcbfnBD3kF5njNu-IA,@HectorCarranza-u4j4o,@melvinlopez7096,1
UC1DpqK6vaPEkBOMNvypsKYg,UCCBYcToQ2dwkd6TJh0FSyDg,@HectorCarranza-u4j4o,@lidiarodriguez3493,1
UC1DpqK6vaPEkBOMNvypsKYg,UCDrmf9y9nLgFY5wnA2hTuGA,@HectorCarranza-u4j4o,@laboratorio5528,1
UC1DpqK6vaPEkBOMNvypsKYg,UCGGHbtfbbe0o68etrOf0qxw,@HectorCarranza-u4j4o,@karensussetteleonvargas9794,1
UC1DpqK6vaPEkBOMNvypsKYg,UCHbwIx9pmQuf7i-4_xO2EpA,@HectorCarranza-u4j4o,@caminoseternos752,1
UC1DpqK6vaPEkBOMNvypsKYg,UCQqlPPUGqAfWjd-FSh_qn7Q,@HectorCarranza-u4j4o,@estuardoargueta137,1
UC1DpqK6vaPEkBOMNvypsKYg,UCRvPToDkkumha7WJAfCDk1A,@HectorCarranza-u4j4o,@ligiaguerra3057,1
UC1DpqK6vaPEkBOMNvypsKYg,UCUoYsrx1oZnCZ0usbBJn4fA,@HectorCarranza-u4j4o,@AnaDiaz-re9sq,1
UC1DpqK6vaPEkBOMNvypsKYg,UCW-JC6lebVmf2P1dmY_L94g,@HectorCarranza-u4j4o,@dinoraoroxon5771,1
UC1DpqK6vaPEkBOMNvypsKYg,UCW80DaMjQlEUibC98Cot-Dg,@HectorCarranza-u4j4o,@rogeraldana4289,1
UC1DpqK6vaPEkBOMNvypsKYg,UCWoAVGVqCn4xtINCMOTM4jg,@HectorCarranza-u4j4o,@OmarMartinez-vv8re,1
UC1DpqK6vaPEkBOMNvypsKYg,UCZeIIQrGAedW8tCbKWmGY-A,@HectorCarranza-u4j4o,@mariocordon8873,1
UC1DpqK6vaPEkBOMNvypsKYg,UC_LYoGs5C3mbZKZuKuqYCvw,@HectorCarranza-u4j4o,@javiercifuentesarchila6041,1
UC1DpqK6vaPEkBOMNvypsKYg,UCe8JZoYkX5oKUZyivHYdXhw,@HectorCarranza-u4j4o,@FernandoGarcia-jg1fj,1
UC1DpqK6vaPEkBOMNvypsKYg,UCgJNFj5dnxXpcMvmuhZDPxA,@HectorCarranza-u4j4o,@NataliaRodriguez-rx5mr,1
UC1DpqK6vaPEkBOMNvypsKYg,UClhMWQ7XKWywYvbRnuf8QsA,@HectorCarranza-u4j4o,@EcPerez-zz9oh,1
UC1DpqK6vaPEkBOMNvypsKYg,UClqA491Xa5fQcXcJJa-vTWw,@HectorCarranza-u4j4o,@AndresLemus-k2d,1
UC1DpqK6vaPEkBOMNvypsKYg,UCpe5jW3MIqkgTJ-PgkzvM6Q,@HectorCarranza-u4j4o,@carloslam5333,1
UC1DpqK6vaPEkBOMNvypsKYg,UCpsKOkt5iWTbenzeuq7dsmQ,@HectorCarranza-u4j4o,@inge_vergueta,1
UC1DpqK6vaPEkBOMNvypsKYg,UCsGoJEvb-cFPZ2rWoJcXzEQ,@HectorCarranza-u4j4o,@sergiohinestroza9709,1
UC1DpqK6vaPEkBOMNvypsKYg,UCu8_3-Wg-YzNyvHYQDEscfw,@HectorCarranza-u4j4o,@RolandoCastroPérez-d7y,1
UC1DpqK6vaPEkBOMNvypsKYg,UCuXmOjxC-htcprLgeVXz6Tg,@HectorCarranza-u4j4o,@jorgeaguilar-bq3uj,1
UC1DpqK6vaPEkBOMNvypsKYg,UCylqlpsh8ENNM1LqgQ1KbxA,@HectorCarranza-u4j4o,@Jel.Awesh.M,1
UCpsKOkt5iWTbenzeuq7dsmQ,UC-fiZBS5Gp1eCJd9ucgWnCg,@inge_vergueta,@Tommii.10,1
UCpsKOkt5iWTbenzeuq7dsmQ,UC32oozucwCF3q8d4m8fyOUg,@inge_vergueta,@RauldejesusOlivagonzalez,1
UCpsKOkt5iWTbenzeuq7dsmQ,UC3UVO7pTbeYvZ3ILEyRDskQ,@inge_vergueta,@rosaelenaargueta79,1
UCpsKOkt5iWTbenzeuq7dsmQ,UC4Avya4kmR4Q0FrfFdBozSQ,@inge_vergueta,@davidlima1348,1
UCpsKOkt5iWTbenzeuq7dsmQ,UC5hvEnRUzI4Kfvwnyi4QxqQ,@inge_vergueta,@leonelsantizo5281,1
UCpsKOkt5iWTbenzeuq7dsmQ,UC7dadZG7kkGYnsNu6td0FbA,@inge_vergueta,@lesolorzano,1
UCpsKOkt5iWTbenzeuq7dsmQ,UCAKuKvcbfnBD3kF5njNu-IA,@inge_vergueta,@melvinlopez7096,1
UCpsKOkt5iWTbenzeuq7dsmQ,UCCBYcToQ2dwkd6TJh0FSyDg,@inge_vergueta,@lidiarodriguez3493,1
UCpsKOkt5iWTbenzeuq7dsmQ,UCDrmf9y9nLgFY5wnA2hTuGA,@inge_vergueta,@laboratorio5528,1
UCpsKOkt5iWTbenzeuq7dsmQ,UCGGHbtfbbe0o68etrOf0qxw,@inge_vergueta,@karensussetteleonvargas9794,1
UCpsKOkt5iWTbenzeuq7dsmQ,UCHbwIx9pmQuf7i-4_xO2EpA,@inge_vergueta,@caminoseternos752,1
UCpsKOkt5iWTbenzeuq7dsmQ,UCQqlPPUGqAfWjd-FSh_qn7Q,@inge_vergueta,@estuardoargueta137,1
UCpsKOkt5iWTbenzeuq7dsmQ,UCRvPToDkkumha7WJAfCDk1A,@inge_vergueta,@ligiaguerra3057,1
UCpsKOkt5iWTbenzeuq7dsmQ,UCUoYsrx1oZnCZ0usbBJn4fA,@inge_vergueta,@AnaDiaz-re9sq,1
UCpsKOkt5iWTbenzeuq7dsmQ,UCW-JC6lebVmf2P1dmY_L94g,@inge_vergueta,@dinoraoroxon5771,1
UCpsKOkt5iWTbenzeuq7dsmQ,UCW80DaMjQlEUibC98Cot-Dg,@inge_vergueta,@rogeraldana4289,1
UCpsKOkt5iWTbenzeuq7dsmQ,UCWoAVGVqCn4xtINCMOTM4jg,@inge_vergueta,@OmarMartinez-vv8re,1
UCpsKOkt5iWTbenzeuq7dsmQ,UCZeIIQrGAedW8tCbKWmGY-A,@inge_vergueta,@mariocordon8873,1
UCpsKOkt5iWTbenzeuq7dsmQ,UC_LYoGs5C3mbZKZuKuqYCvw,@inge_vergueta,@javiercifuentesarchila6041,1
UCpsKOkt5iWTbenzeuq7dsmQ,UCe8JZoYkX5oKUZyivHYdXhw,@inge_vergueta,@FernandoGarcia-jg1fj,1
UCpsKOkt5iWTbenzeuq7dsmQ,UCgJNFj5dnxXpcMvmuhZDPxA,@inge_vergueta,@NataliaRodriguez-rx5mr,1
UCpsKOkt5iWTbenzeuq7dsmQ,UClhMWQ7XKWywYvbRnuf8QsA,@inge_vergueta,@EcPerez-zz9oh,1
UCpsKOkt5iWTbenzeuq7dsmQ,UClqA491Xa5fQcXcJJa-vTWw,@inge_vergueta,@AndresLemus-k2d,1
UCpsKOkt5iWTbenzeuq7dsmQ,UCpe5jW3MIqkgTJ-PgkzvM6Q,@inge_vergueta,@carloslam5333,1
UCpsKOkt5iWTbenzeuq7dsmQ,UCsGoJEvb-cFPZ2rWoJcXzEQ,@inge_vergueta,@sergiohinestroza9709,1
UCpsKOkt5iWTbenzeuq7dsmQ,UCu8_3-Wg-YzNyvHYQDEscfw,@inge_vergueta,@RolandoCastroPérez-d7y,1
UCpsKOkt5iWTbenzeuq7dsmQ,UCuXmOjxC-htcprLgeVXz6Tg,@inge_vergueta,@jorgeaguilar-bq3uj,1
UCdFlugHJJa4l3YqWuNRmvXw,UC4Avya4kmR4Q0FrfFdBozSQ,@MarcosCarillo-b1r,@davidlima1348,1
UCpsKOkt5iWTbenzeuq7dsmQ,UC-hfX8J5JPJ-dfuakzegMLA,@inge_vergueta,@normaleticiaorozcojuarez2418,1
UCpsKOkt5iWTbenzeuq7dsmQ,UC-jS_kA9w-OmpupXDx156Rg,@inge_vergueta,@simoncreyesc7579,1
UCpsKOkt5iWTbenzeuq7dsmQ,UC1vr9aaMI2crB0NvwFHUeoQ,@inge_vergueta,@JoseSimilox-p6e,1
UCpsKOkt5iWTbenzeuq7dsmQ,UC2Y_EHWQKevubk4vOEBBFxw,@inge_vergueta,@alfonsomorales2653,1
UCpsKOkt5iWTbenzeuq7dsmQ,UC2weSE8rpqkGMOp6StYtVfg,@inge_vergueta,@katerynsantiago2907,1
UCpsKOkt5iWTbenzeuq7dsmQ,UC3E9mAgP7VoAE5mZoAexl5g,@inge_vergueta,@EnnioAroche,1
UCpsKOkt5iWTbenzeuq7dsmQ,UC3NMzdMYryaw82kPTnsaljg,@inge_vergueta,@marisosa7832,1
UCpsKOkt5iWTbenzeuq7dsmQ,UC4cXueR2bKGFJV0Fk76gwmA,@inge_vergueta,@aluxdel4792,1
UCpsKOkt5iWTbenzeuq7dsmQ,UC5bG9nc_JV3FsNP2KseQiYw,@inge_vergueta,@giovannirodas4836,1
UCpsKOkt5iWTbenzeuq7dsmQ,UC650pRT-OYzny3GwOH8Cgfw,@inge_vergueta,@edvinparedesherrera7632,1
UCpsKOkt5iWTbenzeuq7dsmQ,UC7VUuJr9cGh845CmTvf7TlQ,@inge_vergueta,@LuisCastillo-oz4df,1
UCpsKOkt5iWTbenzeuq7dsmQ,UC8G5cJONY8L9voMyBW8Eoug,@inge_vergueta,@luisparedes-pw6qt,1
UCpsKOkt5iWTbenzeuq7dsmQ,UC8r11yOugM2NuRfitQOxLLg,@inge_vergueta,@cesaraugustomoralesmonroy6907,1
UCpsKOkt5iWTbenzeuq7dsmQ,UC9xr9QvIcDvoZNUX5f-jaZw,@inge_vergueta,@MariaaliciaColonmorales,1
UCpsKOkt5iWTbenzeuq7dsmQ,UCA93ym2TXs_Ibyxb4Vcn-6Q,@inge_vergueta,@oswaldosolis8728,1
UCpsKOkt5iWTbenzeuq7dsmQ,UCAlzM_N6xBlMYmM8EBzX86Q,@inge_vergueta,@carlossoto3252,1
UCpsKOkt5iWTbenzeuq7dsmQ,UCAmtbUiIrUIhikru0ZoTFig,@inge_vergueta,@Aura-vf6dm,1
UCpsKOkt5iWTbenzeuq7dsmQ,UCB5p8a5gklc80jJItP6xTHg,@inge_vergueta,@ernestogamboa8737,1
UCpsKOkt5iWTbenzeuq7dsmQ,UCDPWkUX3sNNaCx-m1dV4glA,@inge_vergueta,@hectoroliva949,1
UCpsKOkt5iWTbenzeuq7dsmQ,UCDQaQv0hr2SS_PO-CMEwVHg,@inge_vergueta,@federicosaquimux1933,1
UCpsKOkt5iWTbenzeuq7dsmQ,UCDUffaruH6dyUnUGwsTKpgg,@inge_vergueta,@luisletona2842,1
UCpsKOkt5iWTbenzeuq7dsmQ,UCDftMWXQoJ6nONfY7GVOVjg,@inge_vergueta,@luisgpacheco5858,1
UCpsKOkt5iWTbenzeuq7dsmQ,UCDlr1VadSucIZgZ171pRBjQ,@inge_vergueta,@cuabatzjj5924,1
UCpsKOkt5iWTbenzeuq7dsmQ,UCEgEQmRbtL5fwr9_DqAC--g,@inge_vergueta,@ArielRodas-g5y,1
UCpsKOkt5iWTbenzeuq7dsmQ,UCFUuDARXdmmIrLppEqf-rFg,@inge_vergueta,@allanmunoz7410,1
UCpsKOkt5iWTbenzeuq7dsmQ,UCFhxtoeARHPnXXPcDrOU3Xg,@inge_vergueta,@diegoalejandrolopezmendez205,1
UCpsKOkt5iWTbenzeuq7dsmQ,UCFoIAE8k82D6AV-8gjjKaNg,@inge_vergueta,@eddymunoz9789,1
UCpsKOkt5iWTbenzeuq7dsmQ,UCFxE8GbokBrBsPEKM1xrOjQ,@inge_vergueta,@JuanDavila-qd7qj,1
UCpsKOkt5iWTbenzeuq7dsmQ,UCGzXwyCzMzGmjmCbH3Hg01Q,@inge_vergueta,@FidelZacarias-ph7dy,1
UCpsKOkt5iWTbenzeuq7dsmQ,UCHTGCgY2l-DQJIvlA_cpa_Q,@inge_vergueta,@virgiliogarcia3039,1
UCpsKOkt5iWTbenzeuq7dsmQ,UCKDR0f2fu2UzWL8mBv5-BHw,@inge_vergueta,@mireyamorales6595,1
UCpsKOkt5iWTbenzeuq7dsmQ,UCL1MT278vSaQ83ZDkVWn1gw,@inge_vergueta,@elmorodriguez6978,1
UCpsKOkt5iWTbenzeuq7dsmQ,UCOh6DaZC_x9HASnlRylEMfw,@inge_vergueta,@AndresMedina-v1s,1
UCpsKOkt5iWTbenzeuq7dsmQ,UCQtICyzWmhC5woCtbNgaSmg,@inge_vergueta,@nestormendez6216,1
UCpsKOkt5iWTbenzeuq7dsmQ,UCRETAiYdh2dL5ZxB0_N1zDA,@inge_vergueta,@Joseroland21,1
UCpsKOkt5iWTbenzeuq7dsmQ,UCRlCV9zSn7avAWh-9_XFWqQ,@inge_vergueta,@ronyarana8849,1
UCpsKOkt5iWTbenzeuq7dsmQ,UCSou6a2OuYGSvPjm5psquyA,@inge_vergueta,@FranciscoRivera-sf7ne,1
UCpsKOkt5iWTbenzeuq7dsmQ,UCTD6q1nyIe3Y7HhqjaMj72w,@inge_vergueta,@JuanChang-r6k,1
UCpsKOkt5iWTbenzeuq7dsmQ,UCTP3O0rMnc8z8v8jaDQwL0w,@inge_vergueta,@RobertoZelaya-x1v,1
UCpsKOkt5iWTbenzeuq7dsmQ,UCTylKrsqkrBKIqubMu_5N0Q,@inge_vergueta,@edwingeovanymarroquinmarro6684,1
UCpsKOkt5iWTbenzeuq7dsmQ,UCUIIIPTVDVHAXqhC_5V6lPA,@inge_vergueta,@gorrarota,1
UCpsKOkt5iWTbenzeuq7dsmQ,UCXXh7yg5KUFIWylTiKVEFKQ,@inge_vergueta,@MrDuenderojo,1
UCpsKOkt5iWTbenzeuq7dsmQ,UCXgr7vXlRrsaskPdo097kGA,@inge_vergueta,@Rogergh-nw4oj,1
UCpsKOkt5iWTbenzeuq7dsmQ,UCYN4wSQ1Sx4_LurxLlW7MPg,@inge_vergueta,@belarminavillatoro6474,1
UCpsKOkt5iWTbenzeuq7dsmQ,UCYwpX26TrCxq8TvbKGRYLXA,@inge_vergueta,@beneficioelcaminovillacana8540,1
UCpsKOkt5iWTbenzeuq7dsmQ,UCfM3nrxtTQMY5jFx1v1J4Gg,@inge_vergueta,@edgarroldan5539,1
UCpsKOkt5iWTbenzeuq7dsmQ,UChZknRmJkeGeQk0-mQuhDOg,@inge_vergueta,@OdilioRodríguez-c5w,1
UCpsKOkt5iWTbenzeuq7dsmQ,UChep9kVb5gQmpodEEl10Xlg,@inge_vergueta,@carlosaguilar-kz7ml,1
UCpsKOkt5iWTbenzeuq7dsmQ,UCiGRBf2RNF0WRKhRVT7zFoA,@inge_vergueta,@edwinavila4876,1
UCpsKOkt5iWTbenzeuq7dsmQ,UCiMythXHsw7eQEMykCdmMUA,@inge_vergueta,@JavierBecerra-h6x,1
UCpsKOkt5iWTbenzeuq7dsmQ,UCipetjeiWj4CZB6EbyYziZg,@inge_vergueta,@OseasSamayoa-ol5rz,1
UCpsKOkt5iWTbenzeuq7dsmQ,UCjSKM9j0Q7HLDr1hD6D-TUw,@inge_vergueta,@josehidalgo4875,1
UCpsKOkt5iWTbenzeuq7dsmQ,UCjmPuazZJzscrwvk0QR9RVw,@inge_vergueta,@mynorrodas8591,1
UCpsKOkt5iWTbenzeuq7dsmQ,UCkd9W714-947dEE6ZOEBATA,@inge_vergueta,@ARGELIATELON,1
UCpsKOkt5iWTbenzeuq7dsmQ,UCl0ekS9Tt0jJGtOEM18S63w,@inge_vergueta,@monkchapin,1
UCpsKOkt5iWTbenzeuq7dsmQ,UCljDbleJul41G1TzOjOZAVA,@inge_vergueta,@hectorcarranza3777,1
UCpsKOkt5iWTbenzeuq7dsmQ,UCmvOgzmmXbjUthHy-WJ52hQ,@inge_vergueta,@mariorodas593,1
UCpsKOkt5iWTbenzeuq7dsmQ,UCp4iw5_5SmV9VGTFSNVGOmQ,@inge_vergueta,@CARLOSSTREMS51,1
UCpsKOkt5iWTbenzeuq7dsmQ,UCpl8rF8uv_8uui-QRvuJaRA,@inge_vergueta,@SergioGarcia-z9c,1
UCpsKOkt5iWTbenzeuq7dsmQ,UCr1emrogPKkKTs_WTtx71xg,@inge_vergueta,@domingopeneleu6457,1
UCpsKOkt5iWTbenzeuq7dsmQ,UCrJn_rbo_ENAdeqneS-RmRw,@inge_vergueta,@josecarrera9623,1
UCpsKOkt5iWTbenzeuq7dsmQ,UCsJJAvrVGupdmhOqgtDp8dg,@inge_vergueta,@nestorlorenzana1168,1
UCpsKOkt5iWTbenzeuq7dsmQ,UCsSXdJct-nsS8DsABoEsaYA,@inge_vergueta,@IvánPérez-j4j,1
UCpsKOkt5iWTbenzeuq7dsmQ,UCsUCN0Yq_UyTvKjOJLmNrnQ,@inge_vergueta,@moisesvaldez4043,1
UCpsKOkt5iWTbenzeuq7dsmQ,UCsjs5Hp_r86x1xbK6FAeqaA,@inge_vergueta,@alvaroesquivel563,1
UCpsKOkt5iWTbenzeuq7dsmQ,UCtNfIBnc5S5DbbQj_yxgJTw,@inge_vergueta,@JosueRamirez-ey3ih,1
UCpsKOkt5iWTbenzeuq7dsmQ,UCtUR3_CAiE7fCoZHM6cMfyQ,@inge_vergueta,@mdelcid01,1
UCpsKOkt5iWTbenzeuq7dsmQ,UCvApqeCbLod-wejtT4CcVuA,@inge_vergueta,@davidgaher9550,1
UCpsKOkt5iWTbenzeuq7dsmQ,UCwha8rxULYMVtNwZWeSkE1A,@inge_vergueta,@mariasamo8637,1
UCpsKOkt5iWTbenzeuq7dsmQ,UCySYJU5kUh7X8gVt9la2ISA,@inge_vergueta,@dantesarti4351,1
UCpsKOkt5iWTbenzeuq7dsmQ,UCz3gu01bmjNv0DpRq-K3XYg,@inge_vergueta,@eusebiovasquez4385,1
UCpsKOkt5iWTbenzeuq7dsmQ,UC5wuDq3U3vRAhOQI3D7gNdw,@inge_vergueta,@allanreneramirezgonzalez534,1
UCpsKOkt5iWTbenzeuq7dsmQ,UC_6KbBY1bsYXz9fwFS0eQRg,@inge_vergueta,@imrcp5694,1
UCpsKOkt5iWTbenzeuq7dsmQ,UCbrtvygfRT6QXqWDNrOf-cA,@inge_vergueta,@Alejandro00710,1
UCpsKOkt5iWTbenzeuq7dsmQ,UCjJf-AJKRFFWtiN-CSwkDmA,@inge_vergueta,@2jose82,1
UCpsKOkt5iWTbenzeuq7dsmQ,UCnU8wO1OurAmGstDw6VGjgQ,@inge_vergueta,@cmorera21,1
UCDftMWXQoJ6nONfY7GVOVjg,UC-hfX8J5JPJ-dfuakzegMLA,@luisgpacheco5858,@normaleticiaorozcojuarez2418,1
UCDftMWXQoJ6nONfY7GVOVjg,UC-jS_kA9w-OmpupXDx156Rg,@luisgpacheco5858,@simoncreyesc7579,1
UCDftMWXQoJ6nONfY7GVOVjg,UC1vr9aaMI2crB0NvwFHUeoQ,@luisgpacheco5858,@JoseSimilox-p6e,1
UCDftMWXQoJ6nONfY7GVOVjg,UC2Y_EHWQKevubk4vOEBBFxw,@luisgpacheco5858,@alfonsomorales2653,1
UCDftMWXQoJ6nONfY7GVOVjg,UC2weSE8rpqkGMOp6StYtVfg,@luisgpacheco5858,@katerynsantiago2907,1
UCDftMWXQoJ6nONfY7GVOVjg,UC3E9mAgP7VoAE5mZoAexl5g,@luisgpacheco5858,@EnnioAroche,1
UCDftMWXQoJ6nONfY7GVOVjg,UC3NMzdMYryaw82kPTnsaljg,@luisgpacheco5858,@marisosa7832,1
UCDftMWXQoJ6nONfY7GVOVjg,UC4cXueR2bKGFJV0Fk76gwmA,@luisgpacheco5858,@aluxdel4792,1
UCDftMWXQoJ6nONfY7GVOVjg,UC5bG9nc_JV3FsNP2KseQiYw,@luisgpacheco5858,@giovannirodas4836,1
UCDftMWXQoJ6nONfY7GVOVjg,UC650pRT-OYzny3GwOH8Cgfw,@luisgpacheco5858,@edvinparedesherrera7632,1
UCDftMWXQoJ6nONfY7GVOVjg,UC7VUuJr9cGh845CmTvf7TlQ,@luisgpacheco5858,@LuisCastillo-oz4df,1
UCDftMWXQoJ6nONfY7GVOVjg,UC8G5cJONY8L9voMyBW8Eoug,@luisgpacheco5858,@luisparedes-pw6qt,1
UCDftMWXQoJ6nONfY7GVOVjg,UC8r11yOugM2NuRfitQOxLLg,@luisgpacheco5858,@cesaraugustomoralesmonroy6907,1
UCDftMWXQoJ6nONfY7GVOVjg,UC9xr9QvIcDvoZNUX5f-jaZw,@luisgpacheco5858,@MariaaliciaColonmorales,1
UCDftMWXQoJ6nONfY7GVOVjg,UCA93ym2TXs_Ibyxb4Vcn-6Q,@luisgpacheco5858,@oswaldosolis8728,1
UCDftMWXQoJ6nONfY7GVOVjg,UCAlzM_N6xBlMYmM8EBzX86Q,@luisgpacheco5858,@carlossoto3252,1
UCDftMWXQoJ6nONfY7GVOVjg,UCAmtbUiIrUIhikru0ZoTFig,@luisgpacheco5858,@Aura-vf6dm,1
UCDftMWXQoJ6nONfY7GVOVjg,UCB5p8a5gklc80jJItP6xTHg,@luisgpacheco5858,@ernestogamboa8737,1
UCDftMWXQoJ6nONfY7GVOVjg,UCDPWkUX3sNNaCx-m1dV4glA,@luisgpacheco5858,@hectoroliva949,1
UCDftMWXQoJ6nONfY7GVOVjg,UCDQaQv0hr2SS_PO-CMEwVHg,@luisgpacheco5858,@federicosaquimux1933,1
UCDftMWXQoJ6nONfY7GVOVjg,UCDUffaruH6dyUnUGwsTKpgg,@luisgpacheco5858,@luisletona2842,1
UCDftMWXQoJ6nONfY7GVOVjg,UCDlr1VadSucIZgZ171pRBjQ,@luisgpacheco5858,@cuabatzjj5924,1
UCDftMWXQoJ6nONfY7GVOVjg,UCEgEQmRbtL5fwr9_DqAC--g,@luisgpacheco5858,@ArielRodas-g5y,1
UCDftMWXQoJ6nONfY7GVOVjg,UCFUuDARXdmmIrLppEqf-rFg,@luisgpacheco5858,@allanmunoz7410,1
UCDftMWXQoJ6nONfY7GVOVjg,UCFhxtoeARHPnXXPcDrOU3Xg,@luisgpacheco5858,@diegoalejandrolopezmendez205,1
UCDftMWXQoJ6nONfY7GVOVjg,UCFoIAE8k82D6AV-8gjjKaNg,@luisgpacheco5858,@eddymunoz9789,1
UCDftMWXQoJ6nONfY7GVOVjg,UCFxE8GbokBrBsPEKM1xrOjQ,@luisgpacheco5858,@JuanDavila-qd7qj,1
UCDftMWXQoJ6nONfY7GVOVjg,UCGzXwyCzMzGmjmCbH3Hg01Q,@luisgpacheco5858,@FidelZacarias-ph7dy,1
UCDftMWXQoJ6nONfY7GVOVjg,UCHTGCgY2l-DQJIvlA_cpa_Q,@luisgpacheco5858,@virgiliogarcia3039,1
UCDftMWXQoJ6nONfY7GVOVjg,UCKDR0f2fu2UzWL8mBv5-BHw,@luisgpacheco5858,@mireyamorales6595,1
UCDftMWXQoJ6nONfY7GVOVjg,UCL1MT278vSaQ83ZDkVWn1gw,@luisgpacheco5858,@elmorodriguez6978,1
UCDftMWXQoJ6nONfY7GVOVjg,UCOh6DaZC_x9HASnlRylEMfw,@luisgpacheco5858,@AndresMedina-v1s,1
UCDftMWXQoJ6nONfY7GVOVjg,UCQtICyzWmhC5woCtbNgaSmg,@luisgpacheco5858,@nestormendez6216,1
UCDftMWXQoJ6nONfY7GVOVjg,UCRETAiYdh2dL5ZxB0_N1zDA,@luisgpacheco5858,@Joseroland21,1
UCDftMWXQoJ6nONfY7GVOVjg,UCRlCV9zSn7avAWh-9_XFWqQ,@luisgpacheco5858,@ronyarana8849,1
UCDftMWXQoJ6nONfY7GVOVjg,UCSou6a2OuYGSvPjm5psquyA,@luisgpacheco5858,@FranciscoRivera-sf7ne,1
UCDftMWXQoJ6nONfY7GVOVjg,UCTD6q1nyIe3Y7HhqjaMj72w,@luisgpacheco5858,@JuanChang-r6k,1
UCDftMWXQoJ6nONfY7GVOVjg,UCTP3O0rMnc8z8v8jaDQwL0w,@luisgpacheco5858,@RobertoZelaya-x1v,1
UCDftMWXQoJ6nONfY7GVOVjg,UCTylKrsqkrBKIqubMu_5N0Q,@luisgpacheco5858,@edwingeovanymarroquinmarro6684,1
UCDftMWXQoJ6nONfY7GVOVjg,UCUIIIPTVDVHAXqhC_5V6lPA,@luisgpacheco5858,@gorrarota,1
UCDftMWXQoJ6nONfY7GVOVjg,UCXXh7yg5KUFIWylTiKVEFKQ,@luisgpacheco5858,@MrDuenderojo,1
UCDftMWXQoJ6nONfY7GVOVjg,UCXgr7vXlRrsaskPdo097kGA,@luisgpacheco5858,@Rogergh-nw4oj,1
UCDftMWXQoJ6nONfY7GVOVjg,UCYN4wSQ1Sx4_LurxLlW7MPg,@luisgpacheco5858,@belarminavillatoro6474,1
UCDftMWXQoJ6nONfY7GVOVjg,UCYwpX26TrCxq8TvbKGRYLXA,@luisgpacheco5858,@beneficioelcaminovillacana8540,1
UCDftMWXQoJ6nONfY7GVOVjg,UCfM3nrxtTQMY5jFx1v1J4Gg,@luisgpacheco5858,@edgarroldan5539,1
UCDftMWXQoJ6nONfY7GVOVjg,UChZknRmJkeGeQk0-mQuhDOg,@luisgpacheco5858,@OdilioRodríguez-c5w,1
UCDftMWXQoJ6nONfY7GVOVjg,UChep9kVb5gQmpodEEl10Xlg,@luisgpacheco5858,@carlosaguilar-kz7ml,1
UCDftMWXQoJ6nONfY7GVOVjg,UCiGRBf2RNF0WRKhRVT7zFoA,@luisgpacheco5858,@edwinavila4876,1
UCDftMWXQoJ6nONfY7GVOVjg,UCiMythXHsw7eQEMykCdmMUA,@luisgpacheco5858,@JavierBecerra-h6x,1
UCDftMWXQoJ6nONfY7GVOVjg,UCipetjeiWj4CZB6EbyYziZg,@luisgpacheco5858,@OseasSamayoa-ol5rz,1
UCDftMWXQoJ6nONfY7GVOVjg,UCjSKM9j0Q7HLDr1hD6D-TUw,@luisgpacheco5858,@josehidalgo4875,1
UCDftMWXQoJ6nONfY7GVOVjg,UCjmPuazZJzscrwvk0QR9RVw,@luisgpacheco5858,@mynorrodas8591,1
UCDftMWXQoJ6nONfY7GVOVjg,UCkd9W714-947dEE6ZOEBATA,@luisgpacheco5858,@ARGELIATELON,1
UCDftMWXQoJ6nONfY7GVOVjg,UCl0ekS9Tt0jJGtOEM18S63w,@luisgpacheco5858,@monkchapin,1
UCDftMWXQoJ6nONfY7GVOVjg,UCljDbleJul41G1TzOjOZAVA,@luisgpacheco5858,@hectorcarranza3777,1
UCDftMWXQoJ6nONfY7GVOVjg,UCmvOgzmmXbjUthHy-WJ52hQ,@luisgpacheco5858,@mariorodas593,1
UCDftMWXQoJ6nONfY7GVOVjg,UCp4iw5_5SmV9VGTFSNVGOmQ,@luisgpacheco5858,@CARLOSSTREMS51,1
UCDftMWXQoJ6nONfY7GVOVjg,UCpl8rF8uv_8uui-QRvuJaRA,@luisgpacheco5858,@SergioGarcia-z9c,1
UCDftMWXQoJ6nONfY7GVOVjg,UCr1emrogPKkKTs_WTtx71xg,@luisgpacheco5858,@domingopeneleu6457,1
UCDftMWXQoJ6nONfY7GVOVjg,UCrJn_rbo_ENAdeqneS-RmRw,@luisgpacheco5858,@josecarrera9623,1
UCDftMWXQoJ6nONfY7GVOVjg,UCsJJAvrVGupdmhOqgtDp8dg,@luisgpacheco5858,@nestorlorenzana1168,1
UCDftMWXQoJ6nONfY7GVOVjg,UCsSXdJct-nsS8DsABoEsaYA,@luisgpacheco5858,@IvánPérez-j4j,1
UCDftMWXQoJ6nONfY7GVOVjg,UCsUCN0Yq_UyTvKjOJLmNrnQ,@luisgpacheco5858,@moisesvaldez4043,1
UCDftMWXQoJ6nONfY7GVOVjg,UCsjs5Hp_r86x1xbK6FAeqaA,@luisgpacheco5858,@alvaroesquivel563,1
UCDftMWXQoJ6nONfY7GVOVjg,UCtNfIBnc5S5DbbQj_yxgJTw,@luisgpacheco5858,@JosueRamirez-ey3ih,1
UCDftMWXQoJ6nONfY7GVOVjg,UCtUR3_CAiE7fCoZHM6cMfyQ,@luisgpacheco5858,@mdelcid01,1
UCDftMWXQoJ6nONfY7GVOVjg,UCvApqeCbLod-wejtT4CcVuA,@luisgpacheco5858,@davidgaher9550,1
UCDftMWXQoJ6nONfY7GVOVjg,UCwha8rxULYMVtNwZWeSkE1A,@luisgpacheco5858,@mariasamo8637,1
UCDftMWXQoJ6nONfY7GVOVjg,UCySYJU5kUh7X8gVt9la2ISA,@luisgpacheco5858,@dantesarti4351,1
UCDftMWXQoJ6nONfY7GVOVjg,UCylqlpsh8ENNM1LqgQ1KbxA,@luisgpacheco5858,@Jel.Awesh.M,1
UCDftMWXQoJ6nONfY7GVOVjg,UCz3gu01bmjNv0DpRq-K3XYg,@luisgpacheco5858,@eusebiovasquez4385,1
UCYwpX26TrCxq8TvbKGRYLXA,UC-hfX8J5JPJ-dfuakzegMLA,@beneficioelcaminovillacana8540,@normaleticiaorozcojuarez2418,1
UCYwpX26TrCxq8TvbKGRYLXA,UC-jS_kA9w-OmpupXDx156Rg,@beneficioelcaminovillacana8540,@simoncreyesc7579,1
UCYwpX26TrCxq8TvbKGRYLXA,UC1vr9aaMI2crB0NvwFHUeoQ,@beneficioelcaminovillacana8540,@JoseSimilox-p6e,1
UCYwpX26TrCxq8TvbKGRYLXA,UC2Y_EHWQKevubk4vOEBBFxw,@beneficioelcaminovillacana8540,@alfonsomorales2653,1
UCYwpX26TrCxq8TvbKGRYLXA,UC2weSE8rpqkGMOp6StYtVfg,@beneficioelcaminovillacana8540,@katerynsantiago2907,1
UCYwpX26TrCxq8TvbKGRYLXA,UC3E9mAgP7VoAE5mZoAexl5g,@beneficioelcaminovillacana8540,@EnnioAroche,1
UCYwpX26TrCxq8TvbKGRYLXA,UC3NMzdMYryaw82kPTnsaljg,@beneficioelcaminovillacana8540,@marisosa7832,1
UCYwpX26TrCxq8TvbKGRYLXA,UC4cXueR2bKGFJV0Fk76gwmA,@beneficioelcaminovillacana8540,@aluxdel4792,1
UCYwpX26TrCxq8TvbKGRYLXA,UC5bG9nc_JV3FsNP2KseQiYw,@beneficioelcaminovillacana8540,@giovannirodas4836,1
UCYwpX26TrCxq8TvbKGRYLXA,UC650pRT-OYzny3GwOH8Cgfw,@beneficioelcaminovillacana8540,@edvinparedesherrera7632,1
UCYwpX26TrCxq8TvbKGRYLXA,UC7VUuJr9cGh845CmTvf7TlQ,@beneficioelcaminovillacana8540,@LuisCastillo-oz4df,1
UCYwpX26TrCxq8TvbKGRYLXA,UC8G5cJONY8L9voMyBW8Eoug,@beneficioelcaminovillacana8540,@luisparedes-pw6qt,1
UCYwpX26TrCxq8TvbKGRYLXA,UC8r11yOugM2NuRfitQOxLLg,@beneficioelcaminovillacana8540,@cesaraugustomoralesmonroy6907,1
UCYwpX26TrCxq8TvbKGRYLXA,UC9xr9QvIcDvoZNUX5f-jaZw,@beneficioelcaminovillacana8540,@MariaaliciaColonmorales,1
UCYwpX26TrCxq8TvbKGRYLXA,UCA93ym2TXs_Ibyxb4Vcn-6Q,@beneficioelcaminovillacana8540,@oswaldosolis8728,1
UCYwpX26TrCxq8TvbKGRYLXA,UCAlzM_N6xBlMYmM8EBzX86Q,@beneficioelcaminovillacana8540,@carlossoto3252,1
UCYwpX26TrCxq8TvbKGRYLXA,UCAmtbUiIrUIhikru0ZoTFig,@beneficioelcaminovillacana8540,@Aura-vf6dm,1
UCYwpX26TrCxq8TvbKGRYLXA,UCB5p8a5gklc80jJItP6xTHg,@beneficioelcaminovillacana8540,@ernestogamboa8737,1
UCYwpX26TrCxq8TvbKGRYLXA,UCDPWkUX3sNNaCx-m1dV4glA,@beneficioelcaminovillacana8540,@hectoroliva949,1
UCYwpX26TrCxq8TvbKGRYLXA,UCDQaQv0hr2SS_PO-CMEwVHg,@beneficioelcaminovillacana8540,@federicosaquimux1933,1
UCYwpX26TrCxq8TvbKGRYLXA,UCDUffaruH6dyUnUGwsTKpgg,@beneficioelcaminovillacana8540,@luisletona2842,1
UCYwpX26TrCxq8TvbKGRYLXA,UCDlr1VadSucIZgZ171pRBjQ,@beneficioelcaminovillacana8540,@cuabatzjj5924,1
UCYwpX26TrCxq8TvbKGRYLXA,UCEgEQmRbtL5fwr9_DqAC--g,@beneficioelcaminovillacana8540,@ArielRodas-g5y,1
UCYwpX26TrCxq8TvbKGRYLXA,UCFUuDARXdmmIrLppEqf-rFg,@beneficioelcaminovillacana8540,@allanmunoz7410,1
UCYwpX26TrCxq8TvbKGRYLXA,UCFhxtoeARHPnXXPcDrOU3Xg,@beneficioelcaminovillacana8540,@diegoalejandrolopezmendez205,1
UCYwpX26TrCxq8TvbKGRYLXA,UCFoIAE8k82D6AV-8gjjKaNg,@beneficioelcaminovillacana8540,@eddymunoz9789,1
UCYwpX26TrCxq8TvbKGRYLXA,UCFxE8GbokBrBsPEKM1xrOjQ,@beneficioelcaminovillacana8540,@JuanDavila-qd7qj,1
UCYwpX26TrCxq8TvbKGRYLXA,UCGzXwyCzMzGmjmCbH3Hg01Q,@beneficioelcaminovillacana8540,@FidelZacarias-ph7dy,1
UCYwpX26TrCxq8TvbKGRYLXA,UCHTGCgY2l-DQJIvlA_cpa_Q,@beneficioelcaminovillacana8540,@virgiliogarcia3039,1
UCYwpX26TrCxq8TvbKGRYLXA,UCKDR0f2fu2UzWL8mBv5-BHw,@beneficioelcaminovillacana8540,@mireyamorales6595,1
UCYwpX26TrCxq8TvbKGRYLXA,UCL1MT278vSaQ83ZDkVWn1gw,@beneficioelcaminovillacana8540,@elmorodriguez6978,1
UCYwpX26TrCxq8TvbKGRYLXA,UCOh6DaZC_x9HASnlRylEMfw,@beneficioelcaminovillacana8540,@AndresMedina-v1s,1
UCYwpX26TrCxq8TvbKGRYLXA,UCQtICyzWmhC5woCtbNgaSmg,@beneficioelcaminovillacana8540,@nestormendez6216,1
UCYwpX26TrCxq8TvbKGRYLXA,UCRETAiYdh2dL5ZxB0_N1zDA,@beneficioelcaminovillacana8540,@Joseroland21,1
UCYwpX26TrCxq8TvbKGRYLXA,UCRlCV9zSn7avAWh-9_XFWqQ,@beneficioelcaminovillacana8540,@ronyarana8849,1
UCYwpX26TrCxq8TvbKGRYLXA,UCSou6a2OuYGSvPjm5psquyA,@beneficioelcaminovillacana8540,@FranciscoRivera-sf7ne,1
UCYwpX26TrCxq8TvbKGRYLXA,UCTD6q1nyIe3Y7HhqjaMj72w,@beneficioelcaminovillacana8540,@JuanChang-r6k,1
UCYwpX26TrCxq8TvbKGRYLXA,UCTP3O0rMnc8z8v8jaDQwL0w,@beneficioelcaminovillacana8540,@RobertoZelaya-x1v,1
UCYwpX26TrCxq8TvbKGRYLXA,UCTylKrsqkrBKIqubMu_5N0Q,@beneficioelcaminovillacana8540,@edwingeovanymarroquinmarro6684,1
UCYwpX26TrCxq8TvbKGRYLXA,UCUIIIPTVDVHAXqhC_5V6lPA,@beneficioelcaminovillacana8540,@gorrarota,1
UCYwpX26TrCxq8TvbKGRYLXA,UCXXh7yg5KUFIWylTiKVEFKQ,@beneficioelcaminovillacana8540,@MrDuenderojo,1
UCYwpX26TrCxq8TvbKGRYLXA,UCXgr7vXlRrsaskPdo097kGA,@beneficioelcaminovillacana8540,@Rogergh-nw4oj,1
UCYwpX26TrCxq8TvbKGRYLXA,UCYN4wSQ1Sx4_LurxLlW7MPg,@beneficioelcaminovillacana8540,@belarminavillatoro6474,1
UCYwpX26TrCxq8TvbKGRYLXA,UCfM3nrxtTQMY5jFx1v1J4Gg,@beneficioelcaminovillacana8540,@edgarroldan5539,1
UCYwpX26TrCxq8TvbKGRYLXA,UChZknRmJkeGeQk0-mQuhDOg,@beneficioelcaminovillacana8540,@OdilioRodríguez-c5w,1
UCYwpX26TrCxq8TvbKGRYLXA,UChep9kVb5gQmpodEEl10Xlg,@beneficioelcaminovillacana8540,@carlosaguilar-kz7ml,1
UCYwpX26TrCxq8TvbKGRYLXA,UCiGRBf2RNF0WRKhRVT7zFoA,@beneficioelcaminovillacana8540,@edwinavila4876,1
UCYwpX26TrCxq8TvbKGRYLXA,UCiMythXHsw7eQEMykCdmMUA,@beneficioelcaminovillacana8540,@JavierBecerra-h6x,1
UCYwpX26TrCxq8TvbKGRYLXA,UCipetjeiWj4CZB6EbyYziZg,@beneficioelcaminovillacana8540,@OseasSamayoa-ol5rz,1
UCYwpX26TrCxq8TvbKGRYLXA,UCjSKM9j0Q7HLDr1hD6D-TUw,@beneficioelcaminovillacana8540,@josehidalgo4875,1
UCYwpX26TrCxq8TvbKGRYLXA,UCjmPuazZJzscrwvk0QR9RVw,@beneficioelcaminovillacana8540,@mynorrodas8591,1
UCYwpX26TrCxq8TvbKGRYLXA,UCkd9W714-947dEE6ZOEBATA,@beneficioelcaminovillacana8540,@ARGELIATELON,1
UCYwpX26TrCxq8TvbKGRYLXA,UCl0ekS9Tt0jJGtOEM18S63w,@beneficioelcaminovillacana8540,@monkchapin,1
UCYwpX26TrCxq8TvbKGRYLXA,UCljDbleJul41G1TzOjOZAVA,@beneficioelcaminovillacana8540,@hectorcarranza3777,1
UCYwpX26TrCxq8TvbKGRYLXA,UCmvOgzmmXbjUthHy-WJ52hQ,@beneficioelcaminovillacana8540,@mariorodas593,1
UCYwpX26TrCxq8TvbKGRYLXA,UCp4iw5_5SmV9VGTFSNVGOmQ,@beneficioelcaminovillacana8540,@CARLOSSTREMS51,1
UCYwpX26TrCxq8TvbKGRYLXA,UCpl8rF8uv_8uui-QRvuJaRA,@beneficioelcaminovillacana8540,@SergioGarcia-z9c,1
UCYwpX26TrCxq8TvbKGRYLXA,UCr1emrogPKkKTs_WTtx71xg,@beneficioelcaminovillacana8540,@domingopeneleu6457,1
UCYwpX26TrCxq8TvbKGRYLXA,UCrJn_rbo_ENAdeqneS-RmRw,@beneficioelcaminovillacana8540,@josecarrera9623,1
UCYwpX26TrCxq8TvbKGRYLXA,UCsJJAvrVGupdmhOqgtDp8dg,@beneficioelcaminovillacana8540,@nestorlorenzana1168,1
UCYwpX26TrCxq8TvbKGRYLXA,UCsSXdJct-nsS8DsABoEsaYA,@beneficioelcaminovillacana8540,@IvánPérez-j4j,1
UCYwpX26TrCxq8TvbKGRYLXA,UCsUCN0Yq_UyTvKjOJLmNrnQ,@beneficioelcaminovillacana8540,@moisesvaldez4043,1
UCYwpX26TrCxq8TvbKGRYLXA,UCsjs5Hp_r86x1xbK6FAeqaA,@beneficioelcaminovillacana8540,@alvaroesquivel563,1
UCYwpX26TrCxq8TvbKGRYLXA,UCtNfIBnc5S5DbbQj_yxgJTw,@beneficioelcaminovillacana8540,@JosueRamirez-ey3ih,1
UCYwpX26TrCxq8TvbKGRYLXA,UCtUR3_CAiE7fCoZHM6cMfyQ,@beneficioelcaminovillacana8540,@mdelcid01,1
UCYwpX26TrCxq8TvbKGRYLXA,UCvApqeCbLod-wejtT4CcVuA,@beneficioelcaminovillacana8540,@davidgaher9550,1
UCYwpX26TrCxq8TvbKGRYLXA,UCwha8rxULYMVtNwZWeSkE1A,@beneficioelcaminovillacana8540,@mariasamo8637,1
UCYwpX26TrCxq8TvbKGRYLXA,UCySYJU5kUh7X8gVt9la2ISA,@beneficioelcaminovillacana8540,@dantesarti4351,1
UCYwpX26TrCxq8TvbKGRYLXA,UCylqlpsh8ENNM1LqgQ1KbxA,@beneficioelcaminovillacana8540,@Jel.Awesh.M,1
UCYwpX26TrCxq8TvbKGRYLXA,UCz3gu01bmjNv0DpRq-K3XYg,@beneficioelcaminovillacana8540,@eusebiovasquez4385,1
UCUIIIPTVDVHAXqhC_5V6lPA,UC-hfX8J5JPJ-dfuakzegMLA,@gorrarota,@normaleticiaorozcojuarez2418,1
UCUIIIPTVDVHAXqhC_5V6lPA,UC-jS_kA9w-OmpupXDx156Rg,@gorrarota,@simoncreyesc7579,1
UCUIIIPTVDVHAXqhC_5V6lPA,UC1vr9aaMI2crB0NvwFHUeoQ,@gorrarota,@JoseSimilox-p6e,1
UCUIIIPTVDVHAXqhC_5V6lPA,UC2Y_EHWQKevubk4vOEBBFxw,@gorrarota,@alfonsomorales2653,1
UCUIIIPTVDVHAXqhC_5V6lPA,UC2weSE8rpqkGMOp6StYtVfg,@gorrarota,@katerynsantiago2907,1
UCUIIIPTVDVHAXqhC_5V6lPA,UC3E9mAgP7VoAE5mZoAexl5g,@gorrarota,@EnnioAroche,1
UCUIIIPTVDVHAXqhC_5V6lPA,UC3NMzdMYryaw82kPTnsaljg,@gorrarota,@marisosa7832,1
UCUIIIPTVDVHAXqhC_5V6lPA,UC4cXueR2bKGFJV0Fk76gwmA,@gorrarota,@aluxdel4792,1
UCUIIIPTVDVHAXqhC_5V6lPA,UC5bG9nc_JV3FsNP2KseQiYw,@gorrarota,@giovannirodas4836,1
UCUIIIPTVDVHAXqhC_5V6lPA,UC650pRT-OYzny3GwOH8Cgfw,@gorrarota,@edvinparedesherrera7632,1
UCUIIIPTVDVHAXqhC_5V6lPA,UC7VUuJr9cGh845CmTvf7TlQ,@gorrarota,@LuisCastillo-oz4df,1
UCUIIIPTVDVHAXqhC_5V6lPA,UC8G5cJONY8L9voMyBW8Eoug,@gorrarota,@luisparedes-pw6qt,1
UCUIIIPTVDVHAXqhC_5V6lPA,UC8r11yOugM2NuRfitQOxLLg,@gorrarota,@cesaraugustomoralesmonroy6907,1
UCUIIIPTVDVHAXqhC_5V6lPA,UC9xr9QvIcDvoZNUX5f-jaZw,@gorrarota,@MariaaliciaColonmorales,1
UCUIIIPTVDVHAXqhC_5V6lPA,UCA93ym2TXs_Ibyxb4Vcn-6Q,@gorrarota,@oswaldosolis8728,1
UCUIIIPTVDVHAXqhC_5V6lPA,UCAlzM_N6xBlMYmM8EBzX86Q,@gorrarota,@carlossoto3252,1
UCUIIIPTVDVHAXqhC_5V6lPA,UCAmtbUiIrUIhikru0ZoTFig,@gorrarota,@Aura-vf6dm,1
UCUIIIPTVDVHAXqhC_5V6lPA,UCB5p8a5gklc80jJItP6xTHg,@gorrarota,@ernestogamboa8737,1
UCUIIIPTVDVHAXqhC_5V6lPA,UCDPWkUX3sNNaCx-m1dV4glA,@gorrarota,@hectoroliva949,1
UCUIIIPTVDVHAXqhC_5V6lPA,UCDQaQv0hr2SS_PO-CMEwVHg,@gorrarota,@federicosaquimux1933,1
UCUIIIPTVDVHAXqhC_5V6lPA,UCDUffaruH6dyUnUGwsTKpgg,@gorrarota,@luisletona2842,1
UCUIIIPTVDVHAXqhC_5V6lPA,UCDlr1VadSucIZgZ171pRBjQ,@gorrarota,@cuabatzjj5924,1
UCUIIIPTVDVHAXqhC_5V6lPA,UCEgEQmRbtL5fwr9_DqAC--g,@gorrarota,@ArielRodas-g5y,1
UCUIIIPTVDVHAXqhC_5V6lPA,UCFUuDARXdmmIrLppEqf-rFg,@gorrarota,@allanmunoz7410,1
UCUIIIPTVDVHAXqhC_5V6lPA,UCFhxtoeARHPnXXPcDrOU3Xg,@gorrarota,@diegoalejandrolopezmendez205,1
UCUIIIPTVDVHAXqhC_5V6lPA,UCFoIAE8k82D6AV-8gjjKaNg,@gorrarota,@eddymunoz9789,1
UCUIIIPTVDVHAXqhC_5V6lPA,UCFxE8GbokBrBsPEKM1xrOjQ,@gorrarota,@JuanDavila-qd7qj,1
UCUIIIPTVDVHAXqhC_5V6lPA,UCGzXwyCzMzGmjmCbH3Hg01Q,@gorrarota,@FidelZacarias-ph7dy,1
UCUIIIPTVDVHAXqhC_5V6lPA,UCHTGCgY2l-DQJIvlA_cpa_Q,@gorrarota,@virgiliogarcia3039,1
UCUIIIPTVDVHAXqhC_5V6lPA,UCKDR0f2fu2UzWL8mBv5-BHw,@gorrarota,@mireyamorales6595,1
UCUIIIPTVDVHAXqhC_5V6lPA,UCL1MT278vSaQ83ZDkVWn1gw,@gorrarota,@elmorodriguez6978,1
UCUIIIPTVDVHAXqhC_5V6lPA,UCOh6DaZC_x9HASnlRylEMfw,@gorrarota,@AndresMedina-v1s,1
UCUIIIPTVDVHAXqhC_5V6lPA,UCQtICyzWmhC5woCtbNgaSmg,@gorrarota,@nestormendez6216,1
UCUIIIPTVDVHAXqhC_5V6lPA,UCRETAiYdh2dL5ZxB0_N1zDA,@gorrarota,@Joseroland21,1
UCUIIIPTVDVHAXqhC_5V6lPA,UCRlCV9zSn7avAWh-9_XFWqQ,@gorrarota,@ronyarana8849,1
UCUIIIPTVDVHAXqhC_5V6lPA,UCSou6a2OuYGSvPjm5psquyA,@gorrarota,@FranciscoRivera-sf7ne,1
UCUIIIPTVDVHAXqhC_5V6lPA,UCTD6q1nyIe3Y7HhqjaMj72w,@gorrarota,@JuanChang-r6k,1
UCUIIIPTVDVHAXqhC_5V6lPA,UCTP3O0rMnc8z8v8jaDQwL0w,@gorrarota,@RobertoZelaya-x1v,1
UCUIIIPTVDVHAXqhC_5V6lPA,UCTylKrsqkrBKIqubMu_5N0Q,@gorrarota,@edwingeovanymarroquinmarro6684,1
UCUIIIPTVDVHAXqhC_5V6lPA,UCXXh7yg5KUFIWylTiKVEFKQ,@gorrarota,@MrDuenderojo,1
UCUIIIPTVDVHAXqhC_5V6lPA,UCXgr7vXlRrsaskPdo097kGA,@gorrarota,@Rogergh-nw4oj,1
UCUIIIPTVDVHAXqhC_5V6lPA,UCYN4wSQ1Sx4_LurxLlW7MPg,@gorrarota,@belarminavillatoro6474,1
UCUIIIPTVDVHAXqhC_5V6lPA,UCfM3nrxtTQMY5jFx1v1J4Gg,@gorrarota,@edgarroldan5539,1
UCUIIIPTVDVHAXqhC_5V6lPA,UChZknRmJkeGeQk0-mQuhDOg,@gorrarota,@OdilioRodríguez-c5w,1
UCUIIIPTVDVHAXqhC_5V6lPA,UChep9kVb5gQmpodEEl10Xlg,@gorrarota,@carlosaguilar-kz7ml,1
UCUIIIPTVDVHAXqhC_5V6lPA,UCiGRBf2RNF0WRKhRVT7zFoA,@gorrarota,@edwinavila4876,1
UCUIIIPTVDVHAXqhC_5V6lPA,UCiMythXHsw7eQEMykCdmMUA,@gorrarota,@JavierBecerra-h6x,1
UCUIIIPTVDVHAXqhC_5V6lPA,UCipetjeiWj4CZB6EbyYziZg,@gorrarota,@OseasSamayoa-ol5rz,1
UCUIIIPTVDVHAXqhC_5V6lPA,UCjSKM9j0Q7HLDr1hD6D-TUw,@gorrarota,@josehidalgo4875,1
UCUIIIPTVDVHAXqhC_5V6lPA,UCjmPuazZJzscrwvk0QR9RVw,@gorrarota,@mynorrodas8591,1
UCUIIIPTVDVHAXqhC_5V6lPA,UCkd9W714-947dEE6ZOEBATA,@gorrarota,@ARGELIATELON,1
UCUIIIPTVDVHAXqhC_5V6lPA,UCl0ekS9Tt0jJGtOEM18S63w,@gorrarota,@monkchapin,1
UCUIIIPTVDVHAXqhC_5V6lPA,UCljDbleJul41G1TzOjOZAVA,@gorrarota,@hectorcarranza3777,1
UCUIIIPTVDVHAXqhC_5V6lPA,UCmvOgzmmXbjUthHy-WJ52hQ,@gorrarota,@mariorodas593,1
UCUIIIPTVDVHAXqhC_5V6lPA,UCp4iw5_5SmV9VGTFSNVGOmQ,@gorrarota,@CARLOSSTREMS51,1
UCUIIIPTVDVHAXqhC_5V6lPA,UCpl8rF8uv_8uui-QRvuJaRA,@gorrarota,@SergioGarcia-z9c,1
UCUIIIPTVDVHAXqhC_5V6lPA,UCr1emrogPKkKTs_WTtx71xg,@gorrarota,@domingopeneleu6457,1
UCUIIIPTVDVHAXqhC_5V6lPA,UCrJn_rbo_ENAdeqneS-RmRw,@gorrarota,@josecarrera9623,1
UCUIIIPTVDVHAXqhC_5V6lPA,UCsJJAvrVGupdmhOqgtDp8dg,@gorrarota,@nestorlorenzana1168,1
UCUIIIPTVDVHAXqhC_5V6lPA,UCsSXdJct-nsS8DsABoEsaYA,@gorrarota,@IvánPérez-j4j,1
UCUIIIPTVDVHAXqhC_5V6lPA,UCsUCN0Yq_UyTvKjOJLmNrnQ,@gorrarota,@moisesvaldez4043,1
UCUIIIPTVDVHAXqhC_5V6lPA,UCsjs5Hp_r86x1xbK6FAeqaA,@gorrarota,@alvaroesquivel563,1
UCUIIIPTVDVHAXqhC_5V6lPA,UCtNfIBnc5S5DbbQj_yxgJTw,@gorrarota,@JosueRamirez-ey3ih,1
UCUIIIPTVDVHAXqhC_5V6lPA,UCtUR3_CAiE7fCoZHM6cMfyQ,@gorrarota,@mdelcid01,1
UCUIIIPTVDVHAXqhC_5V6lPA,UCvApqeCbLod-wejtT4CcVuA,@gorrarota,@davidgaher9550,1
UCUIIIPTVDVHAXqhC_5V6lPA,UCwha8rxULYMVtNwZWeSkE1A,@gorrarota,@mariasamo8637,1
UCUIIIPTVDVHAXqhC_5V6lPA,UCySYJU5kUh7X8gVt9la2ISA,@gorrarota,@dantesarti4351,1
UCUIIIPTVDVHAXqhC_5V6lPA,UCylqlpsh8ENNM1LqgQ1KbxA,@gorrarota,@Jel.Awesh.M,1
UCUIIIPTVDVHAXqhC_5V6lPA,UCz3gu01bmjNv0DpRq-K3XYg,@gorrarota,@eusebiovasquez4385,1
UCzZ6dDCEsLMXbc5pCFXIprw,UC-HeUTT6_g-VoiWds2a4H-w,@josegil3813,@JorgeMunoz-gd9et,1
UCzZ6dDCEsLMXbc5pCFXIprw,UC-Iul5tDYH_oiAMXQH-KaaQ,@josegil3813,@AlbertoMancilla-p9h,1
UCzZ6dDCEsLMXbc5pCFXIprw,UC0HvfEWozTHbwl_iEmJNvVA,@josegil3813,@OttoPalencia-b7r,1
UCzZ6dDCEsLMXbc5pCFXIprw,UC14qlobYKqD-DO0j6b75lcA,@josegil3813,@megavision4488,1
UCzZ6dDCEsLMXbc5pCFXIprw,UC1NiEdJ7gk6FlDexIalWnGg,@josegil3813,@BorisTebalán,1
UCzZ6dDCEsLMXbc5pCFXIprw,UC3YpzAr7pcdKC7BVFEpYzog,@josegil3813,@carmenfigueroa1232,1
UCzZ6dDCEsLMXbc5pCFXIprw,UCEHXl4VvvVpq-_4xC5tsbhg,@josegil3813,@anibalg47,1
UCzZ6dDCEsLMXbc5pCFXIprw,UCRfkkatKrNtAARnXMMYBGlA,@josegil3813,@BernerSoza-mg3vx,1
UCzZ6dDCEsLMXbc5pCFXIprw,UCa36MjQLoPAmgJo-R3G8WQA,@josegil3813,@elsasalguero6914,1
UCzZ6dDCEsLMXbc5pCFXIprw,UCeQk-WfEA-cJRq4EKeE7TOw,@josegil3813,@franciscojuarez9223,1
UCzZ6dDCEsLMXbc5pCFXIprw,UCfo_yUPzy1f1POwwZxhZ06Q,@josegil3813,@lara11roberto,1
UCzZ6dDCEsLMXbc5pCFXIprw,UCgGqw4aqMdMVSGkKiMgrJRQ,@josegil3813,@pattyfigueroa5609,1
UCzZ6dDCEsLMXbc5pCFXIprw,UChyps3dqY-VY1_wLeq-2lhw,@josegil3813,@maydamorales4395,1
UCzZ6dDCEsLMXbc5pCFXIprw,UCtsxPYw8VUsH_FfnKg-0lmw,@josegil3813,@AlejandroPérez-b6r,1
UCzZ6dDCEsLMXbc5pCFXIprw,UCvDwJBBY1mHK70aTEYl6rsA,@josegil3813,@cristianescobedo8296,1
UCzZ6dDCEsLMXbc5pCFXIprw,UC8xlJWNHz1V_W6q3fbuQH8g,@josegil3813,@NormaLópez-v7e,1
UCzZ6dDCEsLMXbc5pCFXIprw,UCAV7QIjYhbDJaycQycM_0eQ,@josegil3813,@mariavail8998,1
UCzZ6dDCEsLMXbc5pCFXIprw,UCGX_UbAQOXGZknv5iqklwTA,@josegil3813,@ronaldgarcia8522,1
UCzZ6dDCEsLMXbc5pCFXIprw,UCHTGCgY2l-DQJIvlA_cpa_Q,@josegil3813,@virgiliogarcia3039,1
UCzZ6dDCEsLMXbc5pCFXIprw,UCNIeXbV_mEwpa412h1aqUWw,@josegil3813,@juandeleon9060,1
UCzZ6dDCEsLMXbc5pCFXIprw,UCPZueDLrCS4BmTBRMA4q0fA,@josegil3813,@kevinochoa3695,1
UCzZ6dDCEsLMXbc5pCFXIprw,UCVQf0tzL7xRzFJsABVVULpg,@josegil3813,@DennisseLopetegi,1
UCzZ6dDCEsLMXbc5pCFXIprw,UCbYoNG5J3Au5BqtbXogfEFw,@josegil3813,@Luis-gn3fj,1
UCzZ6dDCEsLMXbc5pCFXIprw,UCf5lnNZF7Qrtli9v4N_23WQ,@josegil3813,@CarlosCortez-v5r,1
UCzZ6dDCEsLMXbc5pCFXIprw,UCg3eIfd7BrsLEqS0BLkftHA,@josegil3813,@ErmePérez-q4s,1
UCzZ6dDCEsLMXbc5pCFXIprw,UCgQJgI9vu1FI2dnC9mrFthw,@josegil3813,@srms70,1
UCzZ6dDCEsLMXbc5pCFXIprw,UClsrFGJKWPxxw7MiaEdKLXw,@josegil3813,@ericapaz5406,1
UCzZ6dDCEsLMXbc5pCFXIprw,UCtNyHmRZtvGF2hSvI2dUBWw,@josegil3813,@aureliomaldonado4793,1
UCzZ6dDCEsLMXbc5pCFXIprw,UCuP4UK33HKtJE_S39ksmaTw,@josegil3813,@herbertaguilar1387,1
UCzZ6dDCEsLMXbc5pCFXIprw,UCusjriFsDHEc2AOjqk-p5ig,@josegil3813,@pablobarrios7931,1
UCNIeXbV_mEwpa412h1aqUWw,UC8xlJWNHz1V_W6q3fbuQH8g,@juandeleon9060,@NormaLópez-v7e,1
UCNIeXbV_mEwpa412h1aqUWw,UCAV7QIjYhbDJaycQycM_0eQ,@juandeleon9060,@mariavail8998,1
UCNIeXbV_mEwpa412h1aqUWw,UCGX_UbAQOXGZknv5iqklwTA,@juandeleon9060,@ronaldgarcia8522,1
UCNIeXbV_mEwpa412h1aqUWw,UCHTGCgY2l-DQJIvlA_cpa_Q,@juandeleon9060,@virgiliogarcia3039,1
UCNIeXbV_mEwpa412h1aqUWw,UCPZueDLrCS4BmTBRMA4q0fA,@juandeleon9060,@kevinochoa3695,1
UCNIeXbV_mEwpa412h1aqUWw,UCVQf0tzL7xRzFJsABVVULpg,@juandeleon9060,@DennisseLopetegi,1
UCNIeXbV_mEwpa412h1aqUWw,UCbYoNG5J3Au5BqtbXogfEFw,@juandeleon9060,@Luis-gn3fj,1
UCNIeXbV_mEwpa412h1aqUWw,UCf5lnNZF7Qrtli9v4N_23WQ,@juandeleon9060,@CarlosCortez-v5r,1
UCNIeXbV_mEwpa412h1aqUWw,UCg3eIfd7BrsLEqS0BLkftHA,@juandeleon9060,@ErmePérez-q4s,1
UCNIeXbV_mEwpa412h1aqUWw,UCgQJgI9vu1FI2dnC9mrFthw,@juandeleon9060,@srms70,1
UCNIeXbV_mEwpa412h1aqUWw,UClsrFGJKWPxxw7MiaEdKLXw,@juandeleon9060,@ericapaz5406,1
UCNIeXbV_mEwpa412h1aqUWw,UCtNyHmRZtvGF2hSvI2dUBWw,@juandeleon9060,@aureliomaldonado4793,1
UCNIeXbV_mEwpa412h1aqUWw,UCuP4UK33HKtJE_S39ksmaTw,@juandeleon9060,@herbertaguilar1387,1
UCNIeXbV_mEwpa412h1aqUWw,UCusjriFsDHEc2AOjqk-p5ig,@juandeleon9060,@pablobarrios7931,1
UC_6KbBY1bsYXz9fwFS0eQRg,UC5wuDq3U3vRAhOQI3D7gNdw,@imrcp5694,@allanreneramirezgonzalez534,1
UC_6KbBY1bsYXz9fwFS0eQRg,UCbrtvygfRT6QXqWDNrOf-cA,@imrcp5694,@Alejandro00710,1
UC_6KbBY1bsYXz9fwFS0eQRg,UCjJf-AJKRFFWtiN-CSwkDmA,@imrcp5694,@2jose82,1
UC_6KbBY1bsYXz9fwFS0eQRg,UCnU8wO1OurAmGstDw6VGjgQ,@imrcp5694,@cmorera21,1
UCDQaQv0hr2SS_PO-CMEwVHg,UC-hfX8J5JPJ-dfuakzegMLA,@federicosaquimux1933,@normaleticiaorozcojuarez2418,1
UCDQaQv0hr2SS_PO-CMEwVHg,UC-jS_kA9w-OmpupXDx156Rg,@federicosaquimux1933,@simoncreyesc7579,1
UCDQaQv0hr2SS_PO-CMEwVHg,UC1vr9aaMI2crB0NvwFHUeoQ,@federicosaquimux1933,@JoseSimilox-p6e,1
UCDQaQv0hr2SS_PO-CMEwVHg,UC2Y_EHWQKevubk4vOEBBFxw,@federicosaquimux1933,@alfonsomorales2653,1
UCDQaQv0hr2SS_PO-CMEwVHg,UC2weSE8rpqkGMOp6StYtVfg,@federicosaquimux1933,@katerynsantiago2907,1
UCDQaQv0hr2SS_PO-CMEwVHg,UC3E9mAgP7VoAE5mZoAexl5g,@federicosaquimux1933,@EnnioAroche,1
UCDQaQv0hr2SS_PO-CMEwVHg,UC3NMzdMYryaw82kPTnsaljg,@federicosaquimux1933,@marisosa7832,1
UCDQaQv0hr2SS_PO-CMEwVHg,UC4cXueR2bKGFJV0Fk76gwmA,@federicosaquimux1933,@aluxdel4792,1
UCDQaQv0hr2SS_PO-CMEwVHg,UC5bG9nc_JV3FsNP2KseQiYw,@federicosaquimux1933,@giovannirodas4836,1
UCDQaQv0hr2SS_PO-CMEwVHg,UC650pRT-OYzny3GwOH8Cgfw,@federicosaquimux1933,@edvinparedesherrera7632,1
UCDQaQv0hr2SS_PO-CMEwVHg,UC7VUuJr9cGh845CmTvf7TlQ,@federicosaquimux1933,@LuisCastillo-oz4df,1
UCDQaQv0hr2SS_PO-CMEwVHg,UC8G5cJONY8L9voMyBW8Eoug,@federicosaquimux1933,@luisparedes-pw6qt,1
UCDQaQv0hr2SS_PO-CMEwVHg,UC8r11yOugM2NuRfitQOxLLg,@federicosaquimux1933,@cesaraugustomoralesmonroy6907,1
UCDQaQv0hr2SS_PO-CMEwVHg,UC9xr9QvIcDvoZNUX5f-jaZw,@federicosaquimux1933,@MariaaliciaColonmorales,1
UCDQaQv0hr2SS_PO-CMEwVHg,UCA93ym2TXs_Ibyxb4Vcn-6Q,@federicosaquimux1933,@oswaldosolis8728,1
UCDQaQv0hr2SS_PO-CMEwVHg,UCAlzM_N6xBlMYmM8EBzX86Q,@federicosaquimux1933,@carlossoto3252,1
UCDQaQv0hr2SS_PO-CMEwVHg,UCAmtbUiIrUIhikru0ZoTFig,@federicosaquimux1933,@Aura-vf6dm,1
UCDQaQv0hr2SS_PO-CMEwVHg,UCB5p8a5gklc80jJItP6xTHg,@federicosaquimux1933,@ernestogamboa8737,1
UCDQaQv0hr2SS_PO-CMEwVHg,UCDPWkUX3sNNaCx-m1dV4glA,@federicosaquimux1933,@hectoroliva949,1
UCDQaQv0hr2SS_PO-CMEwVHg,UCDUffaruH6dyUnUGwsTKpgg,@federicosaquimux1933,@luisletona2842,1
UCDQaQv0hr2SS_PO-CMEwVHg,UCDlr1VadSucIZgZ171pRBjQ,@federicosaquimux1933,@cuabatzjj5924,1
UCDQaQv0hr2SS_PO-CMEwVHg,UCEgEQmRbtL5fwr9_DqAC--g,@federicosaquimux1933,@ArielRodas-g5y,1
UCDQaQv0hr2SS_PO-CMEwVHg,UCFUuDARXdmmIrLppEqf-rFg,@federicosaquimux1933,@allanmunoz7410,1
UCDQaQv0hr2SS_PO-CMEwVHg,UCFhxtoeARHPnXXPcDrOU3Xg,@federicosaquimux1933,@diegoalejandrolopezmendez205,1
UCDQaQv0hr2SS_PO-CMEwVHg,UCFoIAE8k82D6AV-8gjjKaNg,@federicosaquimux1933,@eddymunoz9789,1
UCDQaQv0hr2SS_PO-CMEwVHg,UCFxE8GbokBrBsPEKM1xrOjQ,@federicosaquimux1933,@JuanDavila-qd7qj,1
UCDQaQv0hr2SS_PO-CMEwVHg,UCGzXwyCzMzGmjmCbH3Hg01Q,@federicosaquimux1933,@FidelZacarias-ph7dy,1
UCDQaQv0hr2SS_PO-CMEwVHg,UCHTGCgY2l-DQJIvlA_cpa_Q,@federicosaquimux1933,@virgiliogarcia3039,1
UCDQaQv0hr2SS_PO-CMEwVHg,UCKDR0f2fu2UzWL8mBv5-BHw,@federicosaquimux1933,@mireyamorales6595,1
UCDQaQv0hr2SS_PO-CMEwVHg,UCL1MT278vSaQ83ZDkVWn1gw,@federicosaquimux1933,@elmorodriguez6978,1
UCDQaQv0hr2SS_PO-CMEwVHg,UCOh6DaZC_x9HASnlRylEMfw,@federicosaquimux1933,@AndresMedina-v1s,1
UCDQaQv0hr2SS_PO-CMEwVHg,UCQtICyzWmhC5woCtbNgaSmg,@federicosaquimux1933,@nestormendez6216,1
UCDQaQv0hr2SS_PO-CMEwVHg,UCRETAiYdh2dL5ZxB0_N1zDA,@federicosaquimux1933,@Joseroland21,1
UCDQaQv0hr2SS_PO-CMEwVHg,UCRlCV9zSn7avAWh-9_XFWqQ,@federicosaquimux1933,@ronyarana8849,1
UCDQaQv0hr2SS_PO-CMEwVHg,UCSou6a2OuYGSvPjm5psquyA,@federicosaquimux1933,@FranciscoRivera-sf7ne,1
UCDQaQv0hr2SS_PO-CMEwVHg,UCTD6q1nyIe3Y7HhqjaMj72w,@federicosaquimux1933,@JuanChang-r6k,1
UCDQaQv0hr2SS_PO-CMEwVHg,UCTP3O0rMnc8z8v8jaDQwL0w,@federicosaquimux1933,@RobertoZelaya-x1v,1
UCDQaQv0hr2SS_PO-CMEwVHg,UCTylKrsqkrBKIqubMu_5N0Q,@federicosaquimux1933,@edwingeovanymarroquinmarro6684,1
UCDQaQv0hr2SS_PO-CMEwVHg,UCXXh7yg5KUFIWylTiKVEFKQ,@federicosaquimux1933,@MrDuenderojo,1
UCDQaQv0hr2SS_PO-CMEwVHg,UCXgr7vXlRrsaskPdo097kGA,@federicosaquimux1933,@Rogergh-nw4oj,1
UCDQaQv0hr2SS_PO-CMEwVHg,UCYN4wSQ1Sx4_LurxLlW7MPg,@federicosaquimux1933,@belarminavillatoro6474,1
UCDQaQv0hr2SS_PO-CMEwVHg,UCfM3nrxtTQMY5jFx1v1J4Gg,@federicosaquimux1933,@edgarroldan5539,1
UCDQaQv0hr2SS_PO-CMEwVHg,UChZknRmJkeGeQk0-mQuhDOg,@federicosaquimux1933,@OdilioRodríguez-c5w,1
UCDQaQv0hr2SS_PO-CMEwVHg,UChep9kVb5gQmpodEEl10Xlg,@federicosaquimux1933,@carlosaguilar-kz7ml,1
UCDQaQv0hr2SS_PO-CMEwVHg,UCiGRBf2RNF0WRKhRVT7zFoA,@federicosaquimux1933,@edwinavila4876,1
UCDQaQv0hr2SS_PO-CMEwVHg,UCiMythXHsw7eQEMykCdmMUA,@federicosaquimux1933,@JavierBecerra-h6x,1
UCDQaQv0hr2SS_PO-CMEwVHg,UCipetjeiWj4CZB6EbyYziZg,@federicosaquimux1933,@OseasSamayoa-ol5rz,1
UCDQaQv0hr2SS_PO-CMEwVHg,UCjSKM9j0Q7HLDr1hD6D-TUw,@federicosaquimux1933,@josehidalgo4875,1
UCDQaQv0hr2SS_PO-CMEwVHg,UCjmPuazZJzscrwvk0QR9RVw,@federicosaquimux1933,@mynorrodas8591,1
UCDQaQv0hr2SS_PO-CMEwVHg,UCkd9W714-947dEE6ZOEBATA,@federicosaquimux1933,@ARGELIATELON,1
UCDQaQv0hr2SS_PO-CMEwVHg,UCl0ekS9Tt0jJGtOEM18S63w,@federicosaquimux1933,@monkchapin,1
UCDQaQv0hr2SS_PO-CMEwVHg,UCljDbleJul41G1TzOjOZAVA,@federicosaquimux1933,@hectorcarranza3777,1
UCDQaQv0hr2SS_PO-CMEwVHg,UCmvOgzmmXbjUthHy-WJ52hQ,@federicosaquimux1933,@mariorodas593,1
UCDQaQv0hr2SS_PO-CMEwVHg,UCp4iw5_5SmV9VGTFSNVGOmQ,@federicosaquimux1933,@CARLOSSTREMS51,1
UCDQaQv0hr2SS_PO-CMEwVHg,UCpl8rF8uv_8uui-QRvuJaRA,@federicosaquimux1933,@SergioGarcia-z9c,1
UCDQaQv0hr2SS_PO-CMEwVHg,UCr1emrogPKkKTs_WTtx71xg,@federicosaquimux1933,@domingopeneleu6457,1
UCDQaQv0hr2SS_PO-CMEwVHg,UCrJn_rbo_ENAdeqneS-RmRw,@federicosaquimux1933,@josecarrera9623,1
UCDQaQv0hr2SS_PO-CMEwVHg,UCsJJAvrVGupdmhOqgtDp8dg,@federicosaquimux1933,@nestorlorenzana1168,1
UCDQaQv0hr2SS_PO-CMEwVHg,UCsSXdJct-nsS8DsABoEsaYA,@federicosaquimux1933,@IvánPérez-j4j,1
UCDQaQv0hr2SS_PO-CMEwVHg,UCsUCN0Yq_UyTvKjOJLmNrnQ,@federicosaquimux1933,@moisesvaldez4043,1
UCDQaQv0hr2SS_PO-CMEwVHg,UCsjs5Hp_r86x1xbK6FAeqaA,@federicosaquimux1933,@alvaroesquivel563,1
UCDQaQv0hr2SS_PO-CMEwVHg,UCtNfIBnc5S5DbbQj_yxgJTw,@federicosaquimux1933,@JosueRamirez-ey3ih,1
UCDQaQv0hr2SS_PO-CMEwVHg,UCtUR3_CAiE7fCoZHM6cMfyQ,@federicosaquimux1933,@mdelcid01,1
UCDQaQv0hr2SS_PO-CMEwVHg,UCvApqeCbLod-wejtT4CcVuA,@federicosaquimux1933,@davidgaher9550,1
UCDQaQv0hr2SS_PO-CMEwVHg,UCwha8rxULYMVtNwZWeSkE1A,@federicosaquimux1933,@mariasamo8637,1
UCDQaQv0hr2SS_PO-CMEwVHg,UCySYJU5kUh7X8gVt9la2ISA,@federicosaquimux1933,@dantesarti4351,1
UCDQaQv0hr2SS_PO-CMEwVHg,UCylqlpsh8ENNM1LqgQ1KbxA,@federicosaquimux1933,@Jel.Awesh.M,1
UCDQaQv0hr2SS_PO-CMEwVHg,UCz3gu01bmjNv0DpRq-K3XYg,@federicosaquimux1933,@eusebiovasquez4385,1
UCefAH1MbvADWUjE9WVcB9EQ,UCCUmP4PlbwgikVFpYwbtRTg,@jabriz8152,@alhvi,1
UCefAH1MbvADWUjE9WVcB9EQ,UCOY3XpD9qMCRSA8AA8c4CAw,@jabriz8152,@franciscorodas9686,1
UCefAH1MbvADWUjE9WVcB9EQ,UCTTILH6QCIxbTnEWxwRqs1g,@jabriz8152,@3762Jorge,1
UCefAH1MbvADWUjE9WVcB9EQ,UCXO1BBohNWXkK9SBDAG2ySg,@jabriz8152,@JBFlute92,1
UCefAH1MbvADWUjE9WVcB9EQ,UCbrtvygfRT6QXqWDNrOf-cA,@jabriz8152,@Alejandro00710,1
UCefAH1MbvADWUjE9WVcB9EQ,UCdQAuWwyC99MB7Y02Umj26Q,@jabriz8152,@miguelbran1268,1
UCefAH1MbvADWUjE9WVcB9EQ,UChT7pzGytNd92Nmvi-zuWog,@jabriz8152,@sparkvalkov,1
UCefAH1MbvADWUjE9WVcB9EQ,UCwEe1RKlEv1UpNWmWYfSh4w,@jabriz8152,@marioramirez299,1
UCefAH1MbvADWUjE9WVcB9EQ,UCxcoDvP-g2_KTZDmVZtvb3w,@jabriz8152,@angelmartinez9523,1
UCEHXl4VvvVpq-_4xC5tsbhg,UC-HeUTT6_g-VoiWds2a4H-w,@anibalg47,@JorgeMunoz-gd9et,1
UCEHXl4VvvVpq-_4xC5tsbhg,UC-Iul5tDYH_oiAMXQH-KaaQ,@anibalg47,@AlbertoMancilla-p9h,1
UCEHXl4VvvVpq-_4xC5tsbhg,UC0HvfEWozTHbwl_iEmJNvVA,@anibalg47,@OttoPalencia-b7r,1
UCEHXl4VvvVpq-_4xC5tsbhg,UC14qlobYKqD-DO0j6b75lcA,@anibalg47,@megavision4488,1
UCEHXl4VvvVpq-_4xC5tsbhg,UC1NiEdJ7gk6FlDexIalWnGg,@anibalg47,@BorisTebalán,1
UCEHXl4VvvVpq-_4xC5tsbhg,UC3YpzAr7pcdKC7BVFEpYzog,@anibalg47,@carmenfigueroa1232,1
UCEHXl4VvvVpq-_4xC5tsbhg,UCRfkkatKrNtAARnXMMYBGlA,@anibalg47,@BernerSoza-mg3vx,1
UCEHXl4VvvVpq-_4xC5tsbhg,UCa36MjQLoPAmgJo-R3G8WQA,@anibalg47,@elsasalguero6914,1
UCEHXl4VvvVpq-_4xC5tsbhg,UCeQk-WfEA-cJRq4EKeE7TOw,@anibalg47,@franciscojuarez9223,1
UCEHXl4VvvVpq-_4xC5tsbhg,UCfo_yUPzy1f1POwwZxhZ06Q,@anibalg47,@lara11roberto,1
UCEHXl4VvvVpq-_4xC5tsbhg,UCgGqw4aqMdMVSGkKiMgrJRQ,@anibalg47,@pattyfigueroa5609,1
UCEHXl4VvvVpq-_4xC5tsbhg,UChyps3dqY-VY1_wLeq-2lhw,@anibalg47,@maydamorales4395,1
UCEHXl4VvvVpq-_4xC5tsbhg,UCtsxPYw8VUsH_FfnKg-0lmw,@anibalg47,@AlejandroPérez-b6r,1
UCEHXl4VvvVpq-_4xC5tsbhg,UCvDwJBBY1mHK70aTEYl6rsA,@anibalg47,@cristianescobedo8296,1
UCeQk-WfEA-cJRq4EKeE7TOw,UC-HeUTT6_g-VoiWds2a4H-w,@franciscojuarez9223,@JorgeMunoz-gd9et,1
UCeQk-WfEA-cJRq4EKeE7TOw,UC-Iul5tDYH_oiAMXQH-KaaQ,@franciscojuarez9223,@AlbertoMancilla-p9h,1
UCeQk-WfEA-cJRq4EKeE7TOw,UC0HvfEWozTHbwl_iEmJNvVA,@franciscojuarez9223,@OttoPalencia-b7r,1
UCeQk-WfEA-cJRq4EKeE7TOw,UC14qlobYKqD-DO0j6b75lcA,@franciscojuarez9223,@megavision4488,1
UCeQk-WfEA-cJRq4EKeE7TOw,UC1NiEdJ7gk6FlDexIalWnGg,@franciscojuarez9223,@BorisTebalán,1
UCeQk-WfEA-cJRq4EKeE7TOw,UC3YpzAr7pcdKC7BVFEpYzog,@franciscojuarez9223,@carmenfigueroa1232,1
UCeQk-WfEA-cJRq4EKeE7TOw,UCRfkkatKrNtAARnXMMYBGlA,@franciscojuarez9223,@BernerSoza-mg3vx,1
UCeQk-WfEA-cJRq4EKeE7TOw,UCa36MjQLoPAmgJo-R3G8WQA,@franciscojuarez9223,@elsasalguero6914,1
UCeQk-WfEA-cJRq4EKeE7TOw,UCfo_yUPzy1f1POwwZxhZ06Q,@franciscojuarez9223,@lara11roberto,1
UCeQk-WfEA-cJRq4EKeE7TOw,UCgGqw4aqMdMVSGkKiMgrJRQ,@franciscojuarez9223,@pattyfigueroa5609,1
UCeQk-WfEA-cJRq4EKeE7TOw,UChyps3dqY-VY1_wLeq-2lhw,@franciscojuarez9223,@maydamorales4395,1
UCeQk-WfEA-cJRq4EKeE7TOw,UCtsxPYw8VUsH_FfnKg-0lmw,@franciscojuarez9223,@AlejandroPérez-b6r,1
UCeQk-WfEA-cJRq4EKeE7TOw,UCvDwJBBY1mHK70aTEYl6rsA,@franciscojuarez9223,@cristianescobedo8296,1
UCkd9W714-947dEE6ZOEBATA,UC-hfX8J5JPJ-dfuakzegMLA,@ARGELIATELON,@normaleticiaorozcojuarez2418,1
UCkd9W714-947dEE6ZOEBATA,UC-jS_kA9w-OmpupXDx156Rg,@ARGELIATELON,@simoncreyesc7579,1
UCkd9W714-947dEE6ZOEBATA,UC1vr9aaMI2crB0NvwFHUeoQ,@ARGELIATELON,@JoseSimilox-p6e,1
UCkd9W714-947dEE6ZOEBATA,UC2Y_EHWQKevubk4vOEBBFxw,@ARGELIATELON,@alfonsomorales2653,1
UCkd9W714-947dEE6ZOEBATA,UC2weSE8rpqkGMOp6StYtVfg,@ARGELIATELON,@katerynsantiago2907,1
UCkd9W714-947dEE6ZOEBATA,UC3E9mAgP7VoAE5mZoAexl5g,@ARGELIATELON,@EnnioAroche,1
UCkd9W714-947dEE6ZOEBATA,UC3NMzdMYryaw82kPTnsaljg,@ARGELIATELON,@marisosa7832,1
UCkd9W714-947dEE6ZOEBATA,UC4cXueR2bKGFJV0Fk76gwmA,@ARGELIATELON,@aluxdel4792,1
UCkd9W714-947dEE6ZOEBATA,UC5bG9nc_JV3FsNP2KseQiYw,@ARGELIATELON,@giovannirodas4836,1
UCkd9W714-947dEE6ZOEBATA,UC650pRT-OYzny3GwOH8Cgfw,@ARGELIATELON,@edvinparedesherrera7632,1
UCkd9W714-947dEE6ZOEBATA,UC7VUuJr9cGh845CmTvf7TlQ,@ARGELIATELON,@LuisCastillo-oz4df,1
UCkd9W714-947dEE6ZOEBATA,UC8G5cJONY8L9voMyBW8Eoug,@ARGELIATELON,@luisparedes-pw6qt,1
UCkd9W714-947dEE6ZOEBATA,UC8r11yOugM2NuRfitQOxLLg,@ARGELIATELON,@cesaraugustomoralesmonroy6907,1
UCkd9W714-947dEE6ZOEBATA,UC9xr9QvIcDvoZNUX5f-jaZw,@ARGELIATELON,@MariaaliciaColonmorales,1
UCkd9W714-947dEE6ZOEBATA,UCA93ym2TXs_Ibyxb4Vcn-6Q,@ARGELIATELON,@oswaldosolis8728,1
UCkd9W714-947dEE6ZOEBATA,UCAlzM_N6xBlMYmM8EBzX86Q,@ARGELIATELON,@carlossoto3252,1
UCkd9W714-947dEE6ZOEBATA,UCAmtbUiIrUIhikru0ZoTFig,@ARGELIATELON,@Aura-vf6dm,1
UCkd9W714-947dEE6ZOEBATA,UCB5p8a5gklc80jJItP6xTHg,@ARGELIATELON,@ernestogamboa8737,1
UCkd9W714-947dEE6ZOEBATA,UCDPWkUX3sNNaCx-m1dV4glA,@ARGELIATELON,@hectoroliva949,1
UCkd9W714-947dEE6ZOEBATA,UCDUffaruH6dyUnUGwsTKpgg,@ARGELIATELON,@luisletona2842,1
UCkd9W714-947dEE6ZOEBATA,UCDlr1VadSucIZgZ171pRBjQ,@ARGELIATELON,@cuabatzjj5924,1
UCkd9W714-947dEE6ZOEBATA,UCEgEQmRbtL5fwr9_DqAC--g,@ARGELIATELON,@ArielRodas-g5y,1
UCkd9W714-947dEE6ZOEBATA,UCFUuDARXdmmIrLppEqf-rFg,@ARGELIATELON,@allanmunoz7410,1
UCkd9W714-947dEE6ZOEBATA,UCFhxtoeARHPnXXPcDrOU3Xg,@ARGELIATELON,@diegoalejandrolopezmendez205,1
UCkd9W714-947dEE6ZOEBATA,UCFoIAE8k82D6AV-8gjjKaNg,@ARGELIATELON,@eddymunoz9789,1
UCkd9W714-947dEE6ZOEBATA,UCFxE8GbokBrBsPEKM1xrOjQ,@ARGELIATELON,@JuanDavila-qd7qj,1
UCkd9W714-947dEE6ZOEBATA,UCGzXwyCzMzGmjmCbH3Hg01Q,@ARGELIATELON,@FidelZacarias-ph7dy,1
UCkd9W714-947dEE6ZOEBATA,UCHTGCgY2l-DQJIvlA_cpa_Q,@ARGELIATELON,@virgiliogarcia3039,1
UCkd9W714-947dEE6ZOEBATA,UCKDR0f2fu2UzWL8mBv5-BHw,@ARGELIATELON,@mireyamorales6595,1
UCkd9W714-947dEE6ZOEBATA,UCL1MT278vSaQ83ZDkVWn1gw,@ARGELIATELON,@elmorodriguez6978,1
UCkd9W714-947dEE6ZOEBATA,UCOh6DaZC_x9HASnlRylEMfw,@ARGELIATELON,@AndresMedina-v1s,1
UCkd9W714-947dEE6ZOEBATA,UCQtICyzWmhC5woCtbNgaSmg,@ARGELIATELON,@nestormendez6216,1
UCkd9W714-947dEE6ZOEBATA,UCRETAiYdh2dL5ZxB0_N1zDA,@ARGELIATELON,@Joseroland21,1
UCkd9W714-947dEE6ZOEBATA,UCRlCV9zSn7avAWh-9_XFWqQ,@ARGELIATELON,@ronyarana8849,1
UCkd9W714-947dEE6ZOEBATA,UCSou6a2OuYGSvPjm5psquyA,@ARGELIATELON,@FranciscoRivera-sf7ne,1
UCkd9W714-947dEE6ZOEBATA,UCTD6q1nyIe3Y7HhqjaMj72w,@ARGELIATELON,@JuanChang-r6k,1
UCkd9W714-947dEE6ZOEBATA,UCTP3O0rMnc8z8v8jaDQwL0w,@ARGELIATELON,@RobertoZelaya-x1v,1
UCkd9W714-947dEE6ZOEBATA,UCTylKrsqkrBKIqubMu_5N0Q,@ARGELIATELON,@edwingeovanymarroquinmarro6684,1
UCkd9W714-947dEE6ZOEBATA,UCXXh7yg5KUFIWylTiKVEFKQ,@ARGELIATELON,@MrDuenderojo,1
UCkd9W714-947dEE6ZOEBATA,UCXgr7vXlRrsaskPdo097kGA,@ARGELIATELON,@Rogergh-nw4oj,1
UCkd9W714-947dEE6ZOEBATA,UCYN4wSQ1Sx4_LurxLlW7MPg,@ARGELIATELON,@belarminavillatoro6474,1
UCkd9W714-947dEE6ZOEBATA,UCfM3nrxtTQMY5jFx1v1J4Gg,@ARGELIATELON,@edgarroldan5539,1
UCkd9W714-947dEE6ZOEBATA,UChZknRmJkeGeQk0-mQuhDOg,@ARGELIATELON,@OdilioRodríguez-c5w,1
UCkd9W714-947dEE6ZOEBATA,UChep9kVb5gQmpodEEl10Xlg,@ARGELIATELON,@carlosaguilar-kz7ml,1
UCkd9W714-947dEE6ZOEBATA,UCiGRBf2RNF0WRKhRVT7zFoA,@ARGELIATELON,@edwinavila4876,1
UCkd9W714-947dEE6ZOEBATA,UCiMythXHsw7eQEMykCdmMUA,@ARGELIATELON,@JavierBecerra-h6x,1
UCkd9W714-947dEE6ZOEBATA,UCipetjeiWj4CZB6EbyYziZg,@ARGELIATELON,@OseasSamayoa-ol5rz,1
UCkd9W714-947dEE6ZOEBATA,UCjSKM9j0Q7HLDr1hD6D-TUw,@ARGELIATELON,@josehidalgo4875,1
UCkd9W714-947dEE6ZOEBATA,UCjmPuazZJzscrwvk0QR9RVw,@ARGELIATELON,@mynorrodas8591,1
UCkd9W714-947dEE6ZOEBATA,UCl0ekS9Tt0jJGtOEM18S63w,@ARGELIATELON,@monkchapin,1
UCkd9W714-947dEE6ZOEBATA,UCljDbleJul41G1TzOjOZAVA,@ARGELIATELON,@hectorcarranza3777,1
UCkd9W714-947dEE6ZOEBATA,UCmvOgzmmXbjUthHy-WJ52hQ,@ARGELIATELON,@mariorodas593,1
UCkd9W714-947dEE6ZOEBATA,UCp4iw5_5SmV9VGTFSNVGOmQ,@ARGELIATELON,@CARLOSSTREMS51,1
UCkd9W714-947dEE6ZOEBATA,UCpl8rF8uv_8uui-QRvuJaRA,@ARGELIATELON,@SergioGarcia-z9c,1
UCkd9W714-947dEE6ZOEBATA,UCr1emrogPKkKTs_WTtx71xg,@ARGELIATELON,@domingopeneleu6457,1
UCkd9W714-947dEE6ZOEBATA,UCrJn_rbo_ENAdeqneS-RmRw,@ARGELIATELON,@josecarrera9623,1
UCkd9W714-947dEE6ZOEBATA,UCsJJAvrVGupdmhOqgtDp8dg,@ARGELIATELON,@nestorlorenzana1168,1
UCkd9W714-947dEE6ZOEBATA,UCsSXdJct-nsS8DsABoEsaYA,@ARGELIATELON,@IvánPérez-j4j,1
UCkd9W714-947dEE6ZOEBATA,UCsUCN0Yq_UyTvKjOJLmNrnQ,@ARGELIATELON,@moisesvaldez4043,1
UCkd9W714-947dEE6ZOEBATA,UCsjs5Hp_r86x1xbK6FAeqaA,@ARGELIATELON,@alvaroesquivel563,1
UCkd9W714-947dEE6ZOEBATA,UCtNfIBnc5S5DbbQj_yxgJTw,@ARGELIATELON,@JosueRamirez-ey3ih,1
UCkd9W714-947dEE6ZOEBATA,UCtUR3_CAiE7fCoZHM6cMfyQ,@ARGELIATELON,@mdelcid01,1
UCkd9W714-947dEE6ZOEBATA,UCvApqeCbLod-wejtT4CcVuA,@ARGELIATELON,@davidgaher9550,1
UCkd9W714-947dEE6ZOEBATA,UCwha8rxULYMVtNwZWeSkE1A,@ARGELIATELON,@mariasamo8637,1
UCkd9W714-947dEE6ZOEBATA,UCySYJU5kUh7X8gVt9la2ISA,@ARGELIATELON,@dantesarti4351,1
UCkd9W714-947dEE6ZOEBATA,UCylqlpsh8ENNM1LqgQ1KbxA,@ARGELIATELON,@Jel.Awesh.M,1
UCkd9W714-947dEE6ZOEBATA,UCz3gu01bmjNv0DpRq-K3XYg,@ARGELIATELON,@eusebiovasquez4385,1
UCljDbleJul41G1TzOjOZAVA,UC-hfX8J5JPJ-dfuakzegMLA,@hectorcarranza3777,@normaleticiaorozcojuarez2418,1
UCljDbleJul41G1TzOjOZAVA,UC-jS_kA9w-OmpupXDx156Rg,@hectorcarranza3777,@simoncreyesc7579,1
UCljDbleJul41G1TzOjOZAVA,UC1vr9aaMI2crB0NvwFHUeoQ,@hectorcarranza3777,@JoseSimilox-p6e,1
UCljDbleJul41G1TzOjOZAVA,UC2Y_EHWQKevubk4vOEBBFxw,@hectorcarranza3777,@alfonsomorales2653,1
UCljDbleJul41G1TzOjOZAVA,UC2weSE8rpqkGMOp6StYtVfg,@hectorcarranza3777,@katerynsantiago2907,1
UCljDbleJul41G1TzOjOZAVA,UC3E9mAgP7VoAE5mZoAexl5g,@hectorcarranza3777,@EnnioAroche,1
UCljDbleJul41G1TzOjOZAVA,UC3NMzdMYryaw82kPTnsaljg,@hectorcarranza3777,@marisosa7832,1
UCljDbleJul41G1TzOjOZAVA,UC4cXueR2bKGFJV0Fk76gwmA,@hectorcarranza3777,@aluxdel4792,1
UCljDbleJul41G1TzOjOZAVA,UC5bG9nc_JV3FsNP2KseQiYw,@hectorcarranza3777,@giovannirodas4836,1
UCljDbleJul41G1TzOjOZAVA,UC650pRT-OYzny3GwOH8Cgfw,@hectorcarranza3777,@edvinparedesherrera7632,1
UCljDbleJul41G1TzOjOZAVA,UC7VUuJr9cGh845CmTvf7TlQ,@hectorcarranza3777,@LuisCastillo-oz4df,1
UCljDbleJul41G1TzOjOZAVA,UC8G5cJONY8L9voMyBW8Eoug,@hectorcarranza3777,@luisparedes-pw6qt,1
UCljDbleJul41G1TzOjOZAVA,UC8r11yOugM2NuRfitQOxLLg,@hectorcarranza3777,@cesaraugustomoralesmonroy6907,1
UCljDbleJul41G1TzOjOZAVA,UC9xr9QvIcDvoZNUX5f-jaZw,@hectorcarranza3777,@MariaaliciaColonmorales,1
UCljDbleJul41G1TzOjOZAVA,UCA93ym2TXs_Ibyxb4Vcn-6Q,@hectorcarranza3777,@oswaldosolis8728,1
UCljDbleJul41G1TzOjOZAVA,UCAlzM_N6xBlMYmM8EBzX86Q,@hectorcarranza3777,@carlossoto3252,1
UCljDbleJul41G1TzOjOZAVA,UCAmtbUiIrUIhikru0ZoTFig,@hectorcarranza3777,@Aura-vf6dm,1
UCljDbleJul41G1TzOjOZAVA,UCB5p8a5gklc80jJItP6xTHg,@hectorcarranza3777,@ernestogamboa8737,1
UCljDbleJul41G1TzOjOZAVA,UCDPWkUX3sNNaCx-m1dV4glA,@hectorcarranza3777,@hectoroliva949,1
UCljDbleJul41G1TzOjOZAVA,UCDUffaruH6dyUnUGwsTKpgg,@hectorcarranza3777,@luisletona2842,1
UCljDbleJul41G1TzOjOZAVA,UCDlr1VadSucIZgZ171pRBjQ,@hectorcarranza3777,@cuabatzjj5924,1
UCljDbleJul41G1TzOjOZAVA,UCEgEQmRbtL5fwr9_DqAC--g,@hectorcarranza3777,@ArielRodas-g5y,1
UCljDbleJul41G1TzOjOZAVA,UCFUuDARXdmmIrLppEqf-rFg,@hectorcarranza3777,@allanmunoz7410,1
UCljDbleJul41G1TzOjOZAVA,UCFhxtoeARHPnXXPcDrOU3Xg,@hectorcarranza3777,@diegoalejandrolopezmendez205,1
UCljDbleJul41G1TzOjOZAVA,UCFoIAE8k82D6AV-8gjjKaNg,@hectorcarranza3777,@eddymunoz9789,1
UCljDbleJul41G1TzOjOZAVA,UCFxE8GbokBrBsPEKM1xrOjQ,@hectorcarranza3777,@JuanDavila-qd7qj,1
UCljDbleJul41G1TzOjOZAVA,UCGzXwyCzMzGmjmCbH3Hg01Q,@hectorcarranza3777,@FidelZacarias-ph7dy,1
UCljDbleJul41G1TzOjOZAVA,UCHTGCgY2l-DQJIvlA_cpa_Q,@hectorcarranza3777,@virgiliogarcia3039,1
UCljDbleJul41G1TzOjOZAVA,UCKDR0f2fu2UzWL8mBv5-BHw,@hectorcarranza3777,@mireyamorales6595,1
UCljDbleJul41G1TzOjOZAVA,UCL1MT278vSaQ83ZDkVWn1gw,@hectorcarranza3777,@elmorodriguez6978,1
UCljDbleJul41G1TzOjOZAVA,UCOh6DaZC_x9HASnlRylEMfw,@hectorcarranza3777,@AndresMedina-v1s,1
UCljDbleJul41G1TzOjOZAVA,UCQtICyzWmhC5woCtbNgaSmg,@hectorcarranza3777,@nestormendez6216,1
UCljDbleJul41G1TzOjOZAVA,UCRETAiYdh2dL5ZxB0_N1zDA,@hectorcarranza3777,@Joseroland21,1
UCljDbleJul41G1TzOjOZAVA,UCRlCV9zSn7avAWh-9_XFWqQ,@hectorcarranza3777,@ronyarana8849,1
UCljDbleJul41G1TzOjOZAVA,UCSou6a2OuYGSvPjm5psquyA,@hectorcarranza3777,@FranciscoRivera-sf7ne,1
UCljDbleJul41G1TzOjOZAVA,UCTD6q1nyIe3Y7HhqjaMj72w,@hectorcarranza3777,@JuanChang-r6k,1
UCljDbleJul41G1TzOjOZAVA,UCTP3O0rMnc8z8v8jaDQwL0w,@hectorcarranza3777,@RobertoZelaya-x1v,1
UCljDbleJul41G1TzOjOZAVA,UCTylKrsqkrBKIqubMu_5N0Q,@hectorcarranza3777,@edwingeovanymarroquinmarro6684,1
UCljDbleJul41G1TzOjOZAVA,UCXXh7yg5KUFIWylTiKVEFKQ,@hectorcarranza3777,@MrDuenderojo,1
UCljDbleJul41G1TzOjOZAVA,UCXgr7vXlRrsaskPdo097kGA,@hectorcarranza3777,@Rogergh-nw4oj,1
UCljDbleJul41G1TzOjOZAVA,UCYN4wSQ1Sx4_LurxLlW7MPg,@hectorcarranza3777,@belarminavillatoro6474,1
UCljDbleJul41G1TzOjOZAVA,UCfM3nrxtTQMY5jFx1v1J4Gg,@hectorcarranza3777,@edgarroldan5539,1
UCljDbleJul41G1TzOjOZAVA,UChZknRmJkeGeQk0-mQuhDOg,@hectorcarranza3777,@OdilioRodríguez-c5w,1
UCljDbleJul41G1TzOjOZAVA,UChep9kVb5gQmpodEEl10Xlg,@hectorcarranza3777,@carlosaguilar-kz7ml,1
UCljDbleJul41G1TzOjOZAVA,UCiGRBf2RNF0WRKhRVT7zFoA,@hectorcarranza3777,@edwinavila4876,1
UCljDbleJul41G1TzOjOZAVA,UCiMythXHsw7eQEMykCdmMUA,@hectorcarranza3777,@JavierBecerra-h6x,1
UCljDbleJul41G1TzOjOZAVA,UCipetjeiWj4CZB6EbyYziZg,@hectorcarranza3777,@OseasSamayoa-ol5rz,1
UCljDbleJul41G1TzOjOZAVA,UCjSKM9j0Q7HLDr1hD6D-TUw,@hectorcarranza3777,@josehidalgo4875,1
UCljDbleJul41G1TzOjOZAVA,UCjmPuazZJzscrwvk0QR9RVw,@hectorcarranza3777,@mynorrodas8591,1
UCljDbleJul41G1TzOjOZAVA,UCl0ekS9Tt0jJGtOEM18S63w,@hectorcarranza3777,@monkchapin,1
UCljDbleJul41G1TzOjOZAVA,UCmvOgzmmXbjUthHy-WJ52hQ,@hectorcarranza3777,@mariorodas593,1
UCljDbleJul41G1TzOjOZAVA,UCp4iw5_5SmV9VGTFSNVGOmQ,@hectorcarranza3777,@CARLOSSTREMS51,1
UCljDbleJul41G1TzOjOZAVA,UCpl8rF8uv_8uui-QRvuJaRA,@hectorcarranza3777,@SergioGarcia-z9c,1
UCljDbleJul41G1TzOjOZAVA,UCr1emrogPKkKTs_WTtx71xg,@hectorcarranza3777,@domingopeneleu6457,1
UCljDbleJul41G1TzOjOZAVA,UCrJn_rbo_ENAdeqneS-RmRw,@hectorcarranza3777,@josecarrera9623,1
UCljDbleJul41G1TzOjOZAVA,UCsJJAvrVGupdmhOqgtDp8dg,@hectorcarranza3777,@nestorlorenzana1168,1
UCljDbleJul41G1TzOjOZAVA,UCsSXdJct-nsS8DsABoEsaYA,@hectorcarranza3777,@IvánPérez-j4j,1
UCljDbleJul41G1TzOjOZAVA,UCsUCN0Yq_UyTvKjOJLmNrnQ,@hectorcarranza3777,@moisesvaldez4043,1
UCljDbleJul41G1TzOjOZAVA,UCsjs5Hp_r86x1xbK6FAeqaA,@hectorcarranza3777,@alvaroesquivel563,1
UCljDbleJul41G1TzOjOZAVA,UCtNfIBnc5S5DbbQj_yxgJTw,@hectorcarranza3777,@JosueRamirez-ey3ih,1
UCljDbleJul41G1TzOjOZAVA,UCtUR3_CAiE7fCoZHM6cMfyQ,@hectorcarranza3777,@mdelcid01,1
UCljDbleJul41G1TzOjOZAVA,UCvApqeCbLod-wejtT4CcVuA,@hectorcarranza3777,@davidgaher9550,1
UCljDbleJul41G1TzOjOZAVA,UCwha8rxULYMVtNwZWeSkE1A,@hectorcarranza3777,@mariasamo8637,1
UCljDbleJul41G1TzOjOZAVA,UCySYJU5kUh7X8gVt9la2ISA,@hectorcarranza3777,@dantesarti4351,1
UCljDbleJul41G1TzOjOZAVA,UCylqlpsh8ENNM1LqgQ1KbxA,@hectorcarranza3777,@Jel.Awesh.M,1
UCljDbleJul41G1TzOjOZAVA,UCz3gu01bmjNv0DpRq-K3XYg,@hectorcarranza3777,@eusebiovasquez4385,1
UCGGHbtfbbe0o68etrOf0qxw,UC-fiZBS5Gp1eCJd9ucgWnCg,@karensussetteleonvargas9794,@Tommii.10,1
UCGGHbtfbbe0o68etrOf0qxw,UC32oozucwCF3q8d4m8fyOUg,@karensussetteleonvargas9794,@RauldejesusOlivagonzalez,1
UCGGHbtfbbe0o68etrOf0qxw,UC3UVO7pTbeYvZ3ILEyRDskQ,@karensussetteleonvargas9794,@rosaelenaargueta79,1
UCGGHbtfbbe0o68etrOf0qxw,UC4Avya4kmR4Q0FrfFdBozSQ,@karensussetteleonvargas9794,@davidlima1348,1
UCGGHbtfbbe0o68etrOf0qxw,UC5hvEnRUzI4Kfvwnyi4QxqQ,@karensussetteleonvargas9794,@leonelsantizo5281,1
UCGGHbtfbbe0o68etrOf0qxw,UC7dadZG7kkGYnsNu6td0FbA,@karensussetteleonvargas9794,@lesolorzano,1
UCGGHbtfbbe0o68etrOf0qxw,UCAKuKvcbfnBD3kF5njNu-IA,@karensussetteleonvargas9794,@melvinlopez7096,1
UCGGHbtfbbe0o68etrOf0qxw,UCCBYcToQ2dwkd6TJh0FSyDg,@karensussetteleonvargas9794,@lidiarodriguez3493,1
UCGGHbtfbbe0o68etrOf0qxw,UCDrmf9y9nLgFY5wnA2hTuGA,@karensussetteleonvargas9794,@laboratorio5528,1
UCGGHbtfbbe0o68etrOf0qxw,UCHbwIx9pmQuf7i-4_xO2EpA,@karensussetteleonvargas9794,@caminoseternos752,1
UCGGHbtfbbe0o68etrOf0qxw,UCQqlPPUGqAfWjd-FSh_qn7Q,@karensussetteleonvargas9794,@estuardoargueta137,1
UCGGHbtfbbe0o68etrOf0qxw,UCRvPToDkkumha7WJAfCDk1A,@karensussetteleonvargas9794,@ligiaguerra3057,1
UCGGHbtfbbe0o68etrOf0qxw,UCUoYsrx1oZnCZ0usbBJn4fA,@karensussetteleonvargas9794,@AnaDiaz-re9sq,1
UCGGHbtfbbe0o68etrOf0qxw,UCW-JC6lebVmf2P1dmY_L94g,@karensussetteleonvargas9794,@dinoraoroxon5771,1
UCGGHbtfbbe0o68etrOf0qxw,UCW80DaMjQlEUibC98Cot-Dg,@karensussetteleonvargas9794,@rogeraldana4289,1
UCGGHbtfbbe0o68etrOf0qxw,UCWoAVGVqCn4xtINCMOTM4jg,@karensussetteleonvargas9794,@OmarMartinez-vv8re,1
UCGGHbtfbbe0o68etrOf0qxw,UCZeIIQrGAedW8tCbKWmGY-A,@karensussetteleonvargas9794,@mariocordon8873,1
UCGGHbtfbbe0o68etrOf0qxw,UC_LYoGs5C3mbZKZuKuqYCvw,@karensussetteleonvargas9794,@javiercifuentesarchila6041,1
UCGGHbtfbbe0o68etrOf0qxw,UCe8JZoYkX5oKUZyivHYdXhw,@karensussetteleonvargas9794,@FernandoGarcia-jg1fj,1
UCGGHbtfbbe0o68etrOf0qxw,UCgJNFj5dnxXpcMvmuhZDPxA,@karensussetteleonvargas9794,@NataliaRodriguez-rx5mr,1
UCGGHbtfbbe0o68etrOf0qxw,UClhMWQ7XKWywYvbRnuf8QsA,@karensussetteleonvargas9794,@EcPerez-zz9oh,1
UCGGHbtfbbe0o68etrOf0qxw,UClqA491Xa5fQcXcJJa-vTWw,@karensussetteleonvargas9794,@AndresLemus-k2d,1
UCGGHbtfbbe0o68etrOf0qxw,UCpe5jW3MIqkgTJ-PgkzvM6Q,@karensussetteleonvargas9794,@carloslam5333,1
UCGGHbtfbbe0o68etrOf0qxw,UCsGoJEvb-cFPZ2rWoJcXzEQ,@karensussetteleonvargas9794,@sergiohinestroza9709,1
UCGGHbtfbbe0o68etrOf0qxw,UCu8_3-Wg-YzNyvHYQDEscfw,@karensussetteleonvargas9794,@RolandoCastroPérez-d7y,1
UCGGHbtfbbe0o68etrOf0qxw,UCuXmOjxC-htcprLgeVXz6Tg,@karensussetteleonvargas9794,@jorgeaguilar-bq3uj,1
UCGGHbtfbbe0o68etrOf0qxw,UCylqlpsh8ENNM1LqgQ1KbxA,@karensussetteleonvargas9794,@Jel.Awesh.M,1
UCVdjCrh4tQoX3haNAZv-n5A,UC-QOpE7GOxlXcHZ8b7HbQKA,@aurahernandez5646,@mariaalexander427,1
UCVdjCrh4tQoX3haNAZv-n5A,UCGZMgmM92E3njyXNe9-kjAQ,@aurahernandez5646,@pasionpornada,1
UCVdjCrh4tQoX3haNAZv-n5A,UCIgoiXdIKJyUGmUoH2Lxdzg,@aurahernandez5646,@susievidal4134,1
UCVdjCrh4tQoX3haNAZv-n5A,UCPNXmbOBVeC4HS-xemvcPtQ,@aurahernandez5646,@BelkisRodriguezRamirez,1
UCVdjCrh4tQoX3haNAZv-n5A,UCQMMuADgqWUOcJpLwHOzC-g,@aurahernandez5646,@Ripped-Yoda,1
UCVdjCrh4tQoX3haNAZv-n5A,UCZjm6U576nX8WOiLhmMR3bw,@aurahernandez5646,@MariaNavarroYT,1
UCVdjCrh4tQoX3haNAZv-n5A,UCbNanjFI51cwGqMAb2rOrBw,@aurahernandez5646,@RosaMontesdeOca777,1
UCVdjCrh4tQoX3haNAZv-n5A,UCozFYHN0e_-vlQbX3wQGOug,@aurahernandez5646,@jesusguzman2321,1
UCVdjCrh4tQoX3haNAZv-n5A,UCp_dAUfv8i3LW3zWc24dLaQ,@aurahernandez5646,@MarioCortez-o6v,1
UCVdjCrh4tQoX3haNAZv-n5A,UCrqXyRsg-_hTosURZ-uvoKg,@aurahernandez5646,@flornolberto2425,1
UCZeIIQrGAedW8tCbKWmGY-A,UC-fiZBS5Gp1eCJd9ucgWnCg,@mariocordon8873,@Tommii.10,1
UCZeIIQrGAedW8tCbKWmGY-A,UC32oozucwCF3q8d4m8fyOUg,@mariocordon8873,@RauldejesusOlivagonzalez,1
UCZeIIQrGAedW8tCbKWmGY-A,UC3UVO7pTbeYvZ3ILEyRDskQ,@mariocordon8873,@rosaelenaargueta79,1
UCZeIIQrGAedW8tCbKWmGY-A,UC4Avya4kmR4Q0FrfFdBozSQ,@mariocordon8873,@davidlima1348,1
UCZeIIQrGAedW8tCbKWmGY-A,UC5hvEnRUzI4Kfvwnyi4QxqQ,@mariocordon8873,@leonelsantizo5281,1
UCZeIIQrGAedW8tCbKWmGY-A,UC7dadZG7kkGYnsNu6td0FbA,@mariocordon8873,@lesolorzano,1
UCZeIIQrGAedW8tCbKWmGY-A,UCAKuKvcbfnBD3kF5njNu-IA,@mariocordon8873,@melvinlopez7096,1
UCZeIIQrGAedW8tCbKWmGY-A,UCCBYcToQ2dwkd6TJh0FSyDg,@mariocordon8873,@lidiarodriguez3493,1
UCZeIIQrGAedW8tCbKWmGY-A,UCDrmf9y9nLgFY5wnA2hTuGA,@mariocordon8873,@laboratorio5528,1
UCZeIIQrGAedW8tCbKWmGY-A,UCHbwIx9pmQuf7i-4_xO2EpA,@mariocordon8873,@caminoseternos752,1
UCZeIIQrGAedW8tCbKWmGY-A,UCQqlPPUGqAfWjd-FSh_qn7Q,@mariocordon8873,@estuardoargueta137,1
UCZeIIQrGAedW8tCbKWmGY-A,UCRvPToDkkumha7WJAfCDk1A,@mariocordon8873,@ligiaguerra3057,1
UCZeIIQrGAedW8tCbKWmGY-A,UCUoYsrx1oZnCZ0usbBJn4fA,@mariocordon8873,@AnaDiaz-re9sq,1
UCZeIIQrGAedW8tCbKWmGY-A,UCW-JC6lebVmf2P1dmY_L94g,@mariocordon8873,@dinoraoroxon5771,1
UCZeIIQrGAedW8tCbKWmGY-A,UCW80DaMjQlEUibC98Cot-Dg,@mariocordon8873,@rogeraldana4289,1
UCZeIIQrGAedW8tCbKWmGY-A,UCWoAVGVqCn4xtINCMOTM4jg,@mariocordon8873,@OmarMartinez-vv8re,1
UCZeIIQrGAedW8tCbKWmGY-A,UC_LYoGs5C3mbZKZuKuqYCvw,@mariocordon8873,@javiercifuentesarchila6041,1
UCZeIIQrGAedW8tCbKWmGY-A,UCe8JZoYkX5oKUZyivHYdXhw,@mariocordon8873,@FernandoGarcia-jg1fj,1
UCZeIIQrGAedW8tCbKWmGY-A,UCgJNFj5dnxXpcMvmuhZDPxA,@mariocordon8873,@NataliaRodriguez-rx5mr,1
UCZeIIQrGAedW8tCbKWmGY-A,UClhMWQ7XKWywYvbRnuf8QsA,@mariocordon8873,@EcPerez-zz9oh,1
UCZeIIQrGAedW8tCbKWmGY-A,UClqA491Xa5fQcXcJJa-vTWw,@mariocordon8873,@AndresLemus-k2d,1
UCZeIIQrGAedW8tCbKWmGY-A,UCpe5jW3MIqkgTJ-PgkzvM6Q,@mariocordon8873,@carloslam5333,1
UCZeIIQrGAedW8tCbKWmGY-A,UCsGoJEvb-cFPZ2rWoJcXzEQ,@mariocordon8873,@sergiohinestroza9709,1
UCZeIIQrGAedW8tCbKWmGY-A,UCu8_3-Wg-YzNyvHYQDEscfw,@mariocordon8873,@RolandoCastroPérez-d7y,1
UCZeIIQrGAedW8tCbKWmGY-A,UCuXmOjxC-htcprLgeVXz6Tg,@mariocordon8873,@jorgeaguilar-bq3uj,1
UCZeIIQrGAedW8tCbKWmGY-A,UCylqlpsh8ENNM1LqgQ1KbxA,@mariocordon8873,@Jel.Awesh.M,1
UCFUuDARXdmmIrLppEqf-rFg,UC-hfX8J5JPJ-dfuakzegMLA,@allanmunoz7410,@normaleticiaorozcojuarez2418,1
UCFUuDARXdmmIrLppEqf-rFg,UC-jS_kA9w-OmpupXDx156Rg,@allanmunoz7410,@simoncreyesc7579,1
UCFUuDARXdmmIrLppEqf-rFg,UC1vr9aaMI2crB0NvwFHUeoQ,@allanmunoz7410,@JoseSimilox-p6e,1
UCFUuDARXdmmIrLppEqf-rFg,UC2Y_EHWQKevubk4vOEBBFxw,@allanmunoz7410,@alfonsomorales2653,1
UCFUuDARXdmmIrLppEqf-rFg,UC2weSE8rpqkGMOp6StYtVfg,@allanmunoz7410,@katerynsantiago2907,1
UCFUuDARXdmmIrLppEqf-rFg,UC3E9mAgP7VoAE5mZoAexl5g,@allanmunoz7410,@EnnioAroche,1
UCFUuDARXdmmIrLppEqf-rFg,UC3NMzdMYryaw82kPTnsaljg,@allanmunoz7410,@marisosa7832,1
UCFUuDARXdmmIrLppEqf-rFg,UC4cXueR2bKGFJV0Fk76gwmA,@allanmunoz7410,@aluxdel4792,1
UCFUuDARXdmmIrLppEqf-rFg,UC5bG9nc_JV3FsNP2KseQiYw,@allanmunoz7410,@giovannirodas4836,1
UCFUuDARXdmmIrLppEqf-rFg,UC650pRT-OYzny3GwOH8Cgfw,@allanmunoz7410,@edvinparedesherrera7632,1
UCFUuDARXdmmIrLppEqf-rFg,UC7VUuJr9cGh845CmTvf7TlQ,@allanmunoz7410,@LuisCastillo-oz4df,1
UCFUuDARXdmmIrLppEqf-rFg,UC8G5cJONY8L9voMyBW8Eoug,@allanmunoz7410,@luisparedes-pw6qt,1
UCFUuDARXdmmIrLppEqf-rFg,UC8r11yOugM2NuRfitQOxLLg,@allanmunoz7410,@cesaraugustomoralesmonroy6907,1
UCFUuDARXdmmIrLppEqf-rFg,UC9xr9QvIcDvoZNUX5f-jaZw,@allanmunoz7410,@MariaaliciaColonmorales,1
UCFUuDARXdmmIrLppEqf-rFg,UCA93ym2TXs_Ibyxb4Vcn-6Q,@allanmunoz7410,@oswaldosolis8728,1
UCFUuDARXdmmIrLppEqf-rFg,UCAlzM_N6xBlMYmM8EBzX86Q,@allanmunoz7410,@carlossoto3252,1
UCFUuDARXdmmIrLppEqf-rFg,UCAmtbUiIrUIhikru0ZoTFig,@allanmunoz7410,@Aura-vf6dm,1
UCFUuDARXdmmIrLppEqf-rFg,UCB5p8a5gklc80jJItP6xTHg,@allanmunoz7410,@ernestogamboa8737,1
UCFUuDARXdmmIrLppEqf-rFg,UCDPWkUX3sNNaCx-m1dV4glA,@allanmunoz7410,@hectoroliva949,1
UCFUuDARXdmmIrLppEqf-rFg,UCDUffaruH6dyUnUGwsTKpgg,@allanmunoz7410,@luisletona2842,1
UCFUuDARXdmmIrLppEqf-rFg,UCDlr1VadSucIZgZ171pRBjQ,@allanmunoz7410,@cuabatzjj5924,1
UCFUuDARXdmmIrLppEqf-rFg,UCEgEQmRbtL5fwr9_DqAC--g,@allanmunoz7410,@ArielRodas-g5y,1
UCFUuDARXdmmIrLppEqf-rFg,UCFhxtoeARHPnXXPcDrOU3Xg,@allanmunoz7410,@diegoalejandrolopezmendez205,1
UCFUuDARXdmmIrLppEqf-rFg,UCFoIAE8k82D6AV-8gjjKaNg,@allanmunoz7410,@eddymunoz9789,1
UCFUuDARXdmmIrLppEqf-rFg,UCFxE8GbokBrBsPEKM1xrOjQ,@allanmunoz7410,@JuanDavila-qd7qj,1
UCFUuDARXdmmIrLppEqf-rFg,UCGzXwyCzMzGmjmCbH3Hg01Q,@allanmunoz7410,@FidelZacarias-ph7dy,1
UCFUuDARXdmmIrLppEqf-rFg,UCHTGCgY2l-DQJIvlA_cpa_Q,@allanmunoz7410,@virgiliogarcia3039,1
UCFUuDARXdmmIrLppEqf-rFg,UCKDR0f2fu2UzWL8mBv5-BHw,@allanmunoz7410,@mireyamorales6595,1
UCFUuDARXdmmIrLppEqf-rFg,UCL1MT278vSaQ83ZDkVWn1gw,@allanmunoz7410,@elmorodriguez6978,1
UCFUuDARXdmmIrLppEqf-rFg,UCOh6DaZC_x9HASnlRylEMfw,@allanmunoz7410,@AndresMedina-v1s,1
UCFUuDARXdmmIrLppEqf-rFg,UCQtICyzWmhC5woCtbNgaSmg,@allanmunoz7410,@nestormendez6216,1
UCFUuDARXdmmIrLppEqf-rFg,UCRETAiYdh2dL5ZxB0_N1zDA,@allanmunoz7410,@Joseroland21,1
UCFUuDARXdmmIrLppEqf-rFg,UCRlCV9zSn7avAWh-9_XFWqQ,@allanmunoz7410,@ronyarana8849,1
UCFUuDARXdmmIrLppEqf-rFg,UCSou6a2OuYGSvPjm5psquyA,@allanmunoz7410,@FranciscoRivera-sf7ne,1
UCFUuDARXdmmIrLppEqf-rFg,UCTD6q1nyIe3Y7HhqjaMj72w,@allanmunoz7410,@JuanChang-r6k,1
UCFUuDARXdmmIrLppEqf-rFg,UCTP3O0rMnc8z8v8jaDQwL0w,@allanmunoz7410,@RobertoZelaya-x1v,1
UCFUuDARXdmmIrLppEqf-rFg,UCTylKrsqkrBKIqubMu_5N0Q,@allanmunoz7410,@edwingeovanymarroquinmarro6684,1
UCFUuDARXdmmIrLppEqf-rFg,UCXXh7yg5KUFIWylTiKVEFKQ,@allanmunoz7410,@MrDuenderojo,1
UCFUuDARXdmmIrLppEqf-rFg,UCXgr7vXlRrsaskPdo097kGA,@allanmunoz7410,@Rogergh-nw4oj,1
UCFUuDARXdmmIrLppEqf-rFg,UCYN4wSQ1Sx4_LurxLlW7MPg,@allanmunoz7410,@belarminavillatoro6474,1
UCFUuDARXdmmIrLppEqf-rFg,UCfM3nrxtTQMY5jFx1v1J4Gg,@allanmunoz7410,@edgarroldan5539,1
UCFUuDARXdmmIrLppEqf-rFg,UChZknRmJkeGeQk0-mQuhDOg,@allanmunoz7410,@OdilioRodríguez-c5w,1
UCFUuDARXdmmIrLppEqf-rFg,UChep9kVb5gQmpodEEl10Xlg,@allanmunoz7410,@carlosaguilar-kz7ml,1
UCFUuDARXdmmIrLppEqf-rFg,UCiGRBf2RNF0WRKhRVT7zFoA,@allanmunoz7410,@edwinavila4876,1
UCFUuDARXdmmIrLppEqf-rFg,UCiMythXHsw7eQEMykCdmMUA,@allanmunoz7410,@JavierBecerra-h6x,1
UCFUuDARXdmmIrLppEqf-rFg,UCipetjeiWj4CZB6EbyYziZg,@allanmunoz7410,@OseasSamayoa-ol5rz,1
UCFUuDARXdmmIrLppEqf-rFg,UCjSKM9j0Q7HLDr1hD6D-TUw,@allanmunoz7410,@josehidalgo4875,1
UCFUuDARXdmmIrLppEqf-rFg,UCjmPuazZJzscrwvk0QR9RVw,@allanmunoz7410,@mynorrodas8591,1
UCFUuDARXdmmIrLppEqf-rFg,UCl0ekS9Tt0jJGtOEM18S63w,@allanmunoz7410,@monkchapin,1
UCFUuDARXdmmIrLppEqf-rFg,UCmvOgzmmXbjUthHy-WJ52hQ,@allanmunoz7410,@mariorodas593,1
UCFUuDARXdmmIrLppEqf-rFg,UCp4iw5_5SmV9VGTFSNVGOmQ,@allanmunoz7410,@CARLOSSTREMS51,1
UCFUuDARXdmmIrLppEqf-rFg,UCpl8rF8uv_8uui-QRvuJaRA,@allanmunoz7410,@SergioGarcia-z9c,1
UCFUuDARXdmmIrLppEqf-rFg,UCr1emrogPKkKTs_WTtx71xg,@allanmunoz7410,@domingopeneleu6457,1
UCFUuDARXdmmIrLppEqf-rFg,UCrJn_rbo_ENAdeqneS-RmRw,@allanmunoz7410,@josecarrera9623,1
UCFUuDARXdmmIrLppEqf-rFg,UCsJJAvrVGupdmhOqgtDp8dg,@allanmunoz7410,@nestorlorenzana1168,1
UCFUuDARXdmmIrLppEqf-rFg,UCsSXdJct-nsS8DsABoEsaYA,@allanmunoz7410,@IvánPérez-j4j,1
UCFUuDARXdmmIrLppEqf-rFg,UCsUCN0Yq_UyTvKjOJLmNrnQ,@allanmunoz7410,@moisesvaldez4043,1
UCFUuDARXdmmIrLppEqf-rFg,UCsjs5Hp_r86x1xbK6FAeqaA,@allanmunoz7410,@alvaroesquivel563,1
UCFUuDARXdmmIrLppEqf-rFg,UCtNfIBnc5S5DbbQj_yxgJTw,@allanmunoz7410,@JosueRamirez-ey3ih,1
UCFUuDARXdmmIrLppEqf-rFg,UCtUR3_CAiE7fCoZHM6cMfyQ,@allanmunoz7410,@mdelcid01,1
UCFUuDARXdmmIrLppEqf-rFg,UCvApqeCbLod-wejtT4CcVuA,@allanmunoz7410,@davidgaher9550,1
UCFUuDARXdmmIrLppEqf-rFg,UCwha8rxULYMVtNwZWeSkE1A,@allanmunoz7410,@mariasamo8637,1
UCFUuDARXdmmIrLppEqf-rFg,UCySYJU5kUh7X8gVt9la2ISA,@allanmunoz7410,@dantesarti4351,1
UCFUuDARXdmmIrLppEqf-rFg,UCylqlpsh8ENNM1LqgQ1KbxA,@allanmunoz7410,@Jel.Awesh.M,1
UCFUuDARXdmmIrLppEqf-rFg,UCz3gu01bmjNv0DpRq-K3XYg,@allanmunoz7410,@eusebiovasquez4385,1
UCCUmP4PlbwgikVFpYwbtRTg,UCOY3XpD9qMCRSA8AA8c4CAw,@alhvi,@franciscorodas9686,1
UCCUmP4PlbwgikVFpYwbtRTg,UCTTILH6QCIxbTnEWxwRqs1g,@alhvi,@3762Jorge,1
UCCUmP4PlbwgikVFpYwbtRTg,UCXO1BBohNWXkK9SBDAG2ySg,@alhvi,@JBFlute92,1
UCCUmP4PlbwgikVFpYwbtRTg,UCbrtvygfRT6QXqWDNrOf-cA,@alhvi,@Alejandro00710,1
UCCUmP4PlbwgikVFpYwbtRTg,UCdQAuWwyC99MB7Y02Umj26Q,@alhvi,@miguelbran1268,1
UCCUmP4PlbwgikVFpYwbtRTg,UChT7pzGytNd92Nmvi-zuWog,@alhvi,@sparkvalkov,1
UCCUmP4PlbwgikVFpYwbtRTg,UCwEe1RKlEv1UpNWmWYfSh4w,@alhvi,@marioramirez299,1
UCCUmP4PlbwgikVFpYwbtRTg,UCxcoDvP-g2_KTZDmVZtvb3w,@alhvi,@angelmartinez9523,1
UCfXykdbSU97rj987LDUGfvg,UCIXLDYqR_syskKRJy_x9W9Q,@MariaSantos-c8y3h,@carlitosramirez4739,1
UCfXykdbSU97rj987LDUGfvg,UCXN2s7DwTJm33xO-pNkAdaA,@MariaSantos-c8y3h,@edithsan7688,1
UCfXykdbSU97rj987LDUGfvg,UCq3mDTTRZnUybct5M9OSXbg,@MariaSantos-c8y3h,@MacoMorales-i2i2d,1
UCfXykdbSU97rj987LDUGfvg,UCwCfs-2zbD5k0lG-UVg_JBw,@MariaSantos-c8y3h,@JessicaHuaz-96,1
UC4Avya4kmR4Q0FrfFdBozSQ,UC-fiZBS5Gp1eCJd9ucgWnCg,@davidlima1348,@Tommii.10,1
UC4Avya4kmR4Q0FrfFdBozSQ,UC32oozucwCF3q8d4m8fyOUg,@davidlima1348,@RauldejesusOlivagonzalez,1
UC4Avya4kmR4Q0FrfFdBozSQ,UC3UVO7pTbeYvZ3ILEyRDskQ,@davidlima1348,@rosaelenaargueta79,1
UC4Avya4kmR4Q0FrfFdBozSQ,UC5hvEnRUzI4Kfvwnyi4QxqQ,@davidlima1348,@leonelsantizo5281,1
UC4Avya4kmR4Q0FrfFdBozSQ,UC7dadZG7kkGYnsNu6td0FbA,@davidlima1348,@lesolorzano,1
UC4Avya4kmR4Q0FrfFdBozSQ,UCAKuKvcbfnBD3kF5njNu-IA,@davidlima1348,@melvinlopez7096,1
UC4Avya4kmR4Q0FrfFdBozSQ,UCCBYcToQ2dwkd6TJh0FSyDg,@davidlima1348,@lidiarodriguez3493,1
UC4Avya4kmR4Q0FrfFdBozSQ,UCDrmf9y9nLgFY5wnA2hTuGA,@davidlima1348,@laboratorio5528,1
UC4Avya4kmR4Q0FrfFdBozSQ,UCHbwIx9pmQuf7i-4_xO2EpA,@davidlima1348,@caminoseternos752,1
UC4Avya4kmR4Q0FrfFdBozSQ,UCQqlPPUGqAfWjd-FSh_qn7Q,@davidlima1348,@estuardoargueta137,1
UC4Avya4kmR4Q0FrfFdBozSQ,UCRvPToDkkumha7WJAfCDk1A,@davidlima1348,@ligiaguerra3057,1
UC4Avya4kmR4Q0FrfFdBozSQ,UCUoYsrx1oZnCZ0usbBJn4fA,@davidlima1348,@AnaDiaz-re9sq,1
UC4Avya4kmR4Q0FrfFdBozSQ,UCW-JC6lebVmf2P1dmY_L94g,@davidlima1348,@dinoraoroxon5771,1
UC4Avya4kmR4Q0FrfFdBozSQ,UCW80DaMjQlEUibC98Cot-Dg,@davidlima1348,@rogeraldana4289,1
UC4Avya4kmR4Q0FrfFdBozSQ,UCWoAVGVqCn4xtINCMOTM4jg,@davidlima1348,@OmarMartinez-vv8re,1
UC4Avya4kmR4Q0FrfFdBozSQ,UC_LYoGs5C3mbZKZuKuqYCvw,@davidlima1348,@javiercifuentesarchila6041,1
UC4Avya4kmR4Q0FrfFdBozSQ,UCe8JZoYkX5oKUZyivHYdXhw,@davidlima1348,@FernandoGarcia-jg1fj,1
UC4Avya4kmR4Q0FrfFdBozSQ,UCgJNFj5dnxXpcMvmuhZDPxA,@davidlima1348,@NataliaRodriguez-rx5mr,1
UC4Avya4kmR4Q0FrfFdBozSQ,UClhMWQ7XKWywYvbRnuf8QsA,@davidlima1348,@EcPerez-zz9oh,1
UC4Avya4kmR4Q0FrfFdBozSQ,UClqA491Xa5fQcXcJJa-vTWw,@davidlima1348,@AndresLemus-k2d,1
UC4Avya4kmR4Q0FrfFdBozSQ,UCpe5jW3MIqkgTJ-PgkzvM6Q,@davidlima1348,@carloslam5333,1
UC4Avya4kmR4Q0FrfFdBozSQ,UCsGoJEvb-cFPZ2rWoJcXzEQ,@davidlima1348,@sergiohinestroza9709,1
UC4Avya4kmR4Q0FrfFdBozSQ,UCu8_3-Wg-YzNyvHYQDEscfw,@davidlima1348,@RolandoCastroPérez-d7y,1
UC4Avya4kmR4Q0FrfFdBozSQ,UCuXmOjxC-htcprLgeVXz6Tg,@davidlima1348,@jorgeaguilar-bq3uj,1
UC4Avya4kmR4Q0FrfFdBozSQ,UCylqlpsh8ENNM1LqgQ1KbxA,@davidlima1348,@Jel.Awesh.M,1
UChep9kVb5gQmpodEEl10Xlg,UC-hfX8J5JPJ-dfuakzegMLA,@carlosaguilar-kz7ml,@normaleticiaorozcojuarez2418,1
UChep9kVb5gQmpodEEl10Xlg,UC-jS_kA9w-OmpupXDx156Rg,@carlosaguilar-kz7ml,@simoncreyesc7579,1
UChep9kVb5gQmpodEEl10Xlg,UC1vr9aaMI2crB0NvwFHUeoQ,@carlosaguilar-kz7ml,@JoseSimilox-p6e,1
UChep9kVb5gQmpodEEl10Xlg,UC2Y_EHWQKevubk4vOEBBFxw,@carlosaguilar-kz7ml,@alfonsomorales2653,1
UChep9kVb5gQmpodEEl10Xlg,UC2weSE8rpqkGMOp6StYtVfg,@carlosaguilar-kz7ml,@katerynsantiago2907,1
UChep9kVb5gQmpodEEl10Xlg,UC3E9mAgP7VoAE5mZoAexl5g,@carlosaguilar-kz7ml,@EnnioAroche,1
UChep9kVb5gQmpodEEl10Xlg,UC3NMzdMYryaw82kPTnsaljg,@carlosaguilar-kz7ml,@marisosa7832,1
UChep9kVb5gQmpodEEl10Xlg,UC4cXueR2bKGFJV0Fk76gwmA,@carlosaguilar-kz7ml,@aluxdel4792,1
UChep9kVb5gQmpodEEl10Xlg,UC5bG9nc_JV3FsNP2KseQiYw,@carlosaguilar-kz7ml,@giovannirodas4836,1
UChep9kVb5gQmpodEEl10Xlg,UC650pRT-OYzny3GwOH8Cgfw,@carlosaguilar-kz7ml,@edvinparedesherrera7632,1
UChep9kVb5gQmpodEEl10Xlg,UC7VUuJr9cGh845CmTvf7TlQ,@carlosaguilar-kz7ml,@LuisCastillo-oz4df,1
UChep9kVb5gQmpodEEl10Xlg,UC8G5cJONY8L9voMyBW8Eoug,@carlosaguilar-kz7ml,@luisparedes-pw6qt,1
UChep9kVb5gQmpodEEl10Xlg,UC8r11yOugM2NuRfitQOxLLg,@carlosaguilar-kz7ml,@cesaraugustomoralesmonroy6907,1
UChep9kVb5gQmpodEEl10Xlg,UC9xr9QvIcDvoZNUX5f-jaZw,@carlosaguilar-kz7ml,@MariaaliciaColonmorales,1
UChep9kVb5gQmpodEEl10Xlg,UCA93ym2TXs_Ibyxb4Vcn-6Q,@carlosaguilar-kz7ml,@oswaldosolis8728,1
UChep9kVb5gQmpodEEl10Xlg,UCAlzM_N6xBlMYmM8EBzX86Q,@carlosaguilar-kz7ml,@carlossoto3252,1
UChep9kVb5gQmpodEEl10Xlg,UCAmtbUiIrUIhikru0ZoTFig,@carlosaguilar-kz7ml,@Aura-vf6dm,1
UChep9kVb5gQmpodEEl10Xlg,UCB5p8a5gklc80jJItP6xTHg,@carlosaguilar-kz7ml,@ernestogamboa8737,1
UChep9kVb5gQmpodEEl10Xlg,UCDPWkUX3sNNaCx-m1dV4glA,@carlosaguilar-kz7ml,@hectoroliva949,1
UChep9kVb5gQmpodEEl10Xlg,UCDUffaruH6dyUnUGwsTKpgg,@carlosaguilar-kz7ml,@luisletona2842,1
UChep9kVb5gQmpodEEl10Xlg,UCDlr1VadSucIZgZ171pRBjQ,@carlosaguilar-kz7ml,@cuabatzjj5924,1
UChep9kVb5gQmpodEEl10Xlg,UCEgEQmRbtL5fwr9_DqAC--g,@carlosaguilar-kz7ml,@ArielRodas-g5y,1
UChep9kVb5gQmpodEEl10Xlg,UCFhxtoeARHPnXXPcDrOU3Xg,@carlosaguilar-kz7ml,@diegoalejandrolopezmendez205,1
UChep9kVb5gQmpodEEl10Xlg,UCFoIAE8k82D6AV-8gjjKaNg,@carlosaguilar-kz7ml,@eddymunoz9789,1
UChep9kVb5gQmpodEEl10Xlg,UCFxE8GbokBrBsPEKM1xrOjQ,@carlosaguilar-kz7ml,@JuanDavila-qd7qj,1
UChep9kVb5gQmpodEEl10Xlg,UCGzXwyCzMzGmjmCbH3Hg01Q,@carlosaguilar-kz7ml,@FidelZacarias-ph7dy,1
UChep9kVb5gQmpodEEl10Xlg,UCHTGCgY2l-DQJIvlA_cpa_Q,@carlosaguilar-kz7ml,@virgiliogarcia3039,1
UChep9kVb5gQmpodEEl10Xlg,UCKDR0f2fu2UzWL8mBv5-BHw,@carlosaguilar-kz7ml,@mireyamorales6595,1
UChep9kVb5gQmpodEEl10Xlg,UCL1MT278vSaQ83ZDkVWn1gw,@carlosaguilar-kz7ml,@elmorodriguez6978,1
UChep9kVb5gQmpodEEl10Xlg,UCOh6DaZC_x9HASnlRylEMfw,@carlosaguilar-kz7ml,@AndresMedina-v1s,1
UChep9kVb5gQmpodEEl10Xlg,UCQtICyzWmhC5woCtbNgaSmg,@carlosaguilar-kz7ml,@nestormendez6216,1
UChep9kVb5gQmpodEEl10Xlg,UCRETAiYdh2dL5ZxB0_N1zDA,@carlosaguilar-kz7ml,@Joseroland21,1
UChep9kVb5gQmpodEEl10Xlg,UCRlCV9zSn7avAWh-9_XFWqQ,@carlosaguilar-kz7ml,@ronyarana8849,1
UChep9kVb5gQmpodEEl10Xlg,UCSou6a2OuYGSvPjm5psquyA,@carlosaguilar-kz7ml,@FranciscoRivera-sf7ne,1
UChep9kVb5gQmpodEEl10Xlg,UCTD6q1nyIe3Y7HhqjaMj72w,@carlosaguilar-kz7ml,@JuanChang-r6k,1
UChep9kVb5gQmpodEEl10Xlg,UCTP3O0rMnc8z8v8jaDQwL0w,@carlosaguilar-kz7ml,@RobertoZelaya-x1v,1
UChep9kVb5gQmpodEEl10Xlg,UCTylKrsqkrBKIqubMu_5N0Q,@carlosaguilar-kz7ml,@edwingeovanymarroquinmarro6684,1
UChep9kVb5gQmpodEEl10Xlg,UCXXh7yg5KUFIWylTiKVEFKQ,@carlosaguilar-kz7ml,@MrDuenderojo,1
UChep9kVb5gQmpodEEl10Xlg,UCXgr7vXlRrsaskPdo097kGA,@carlosaguilar-kz7ml,@Rogergh-nw4oj,1
UChep9kVb5gQmpodEEl10Xlg,UCYN4wSQ1Sx4_LurxLlW7MPg,@carlosaguilar-kz7ml,@belarminavillatoro6474,1
UChep9kVb5gQmpodEEl10Xlg,UCfM3nrxtTQMY5jFx1v1J4Gg,@carlosaguilar-kz7ml,@edgarroldan5539,1
UChep9kVb5gQmpodEEl10Xlg,UChZknRmJkeGeQk0-mQuhDOg,@carlosaguilar-kz7ml,@OdilioRodríguez-c5w,1
UChep9kVb5gQmpodEEl10Xlg,UCiGRBf2RNF0WRKhRVT7zFoA,@carlosaguilar-kz7ml,@edwinavila4876,1
UChep9kVb5gQmpodEEl10Xlg,UCiMythXHsw7eQEMykCdmMUA,@carlosaguilar-kz7ml,@JavierBecerra-h6x,1
UChep9kVb5gQmpodEEl10Xlg,UCipetjeiWj4CZB6EbyYziZg,@carlosaguilar-kz7ml,@OseasSamayoa-ol5rz,1
UChep9kVb5gQmpodEEl10Xlg,UCjSKM9j0Q7HLDr1hD6D-TUw,@carlosaguilar-kz7ml,@josehidalgo4875,1
UChep9kVb5gQmpodEEl10Xlg,UCjmPuazZJzscrwvk0QR9RVw,@carlosaguilar-kz7ml,@mynorrodas8591,1
UChep9kVb5gQmpodEEl10Xlg,UCl0ekS9Tt0jJGtOEM18S63w,@carlosaguilar-kz7ml,@monkchapin,1
UChep9kVb5gQmpodEEl10Xlg,UCmvOgzmmXbjUthHy-WJ52hQ,@carlosaguilar-kz7ml,@mariorodas593,1
UChep9kVb5gQmpodEEl10Xlg,UCp4iw5_5SmV9VGTFSNVGOmQ,@carlosaguilar-kz7ml,@CARLOSSTREMS51,1
UChep9kVb5gQmpodEEl10Xlg,UCpl8rF8uv_8uui-QRvuJaRA,@carlosaguilar-kz7ml,@SergioGarcia-z9c,1
UChep9kVb5gQmpodEEl10Xlg,UCr1emrogPKkKTs_WTtx71xg,@carlosaguilar-kz7ml,@domingopeneleu6457,1
UChep9kVb5gQmpodEEl10Xlg,UCrJn_rbo_ENAdeqneS-RmRw,@carlosaguilar-kz7ml,@josecarrera9623,1
UChep9kVb5gQmpodEEl10Xlg,UCsJJAvrVGupdmhOqgtDp8dg,@carlosaguilar-kz7ml,@nestorlorenzana1168,1
UChep9kVb5gQmpodEEl10Xlg,UCsSXdJct-nsS8DsABoEsaYA,@carlosaguilar-kz7ml,@IvánPérez-j4j,1
UChep9kVb5gQmpodEEl10Xlg,UCsUCN0Yq_UyTvKjOJLmNrnQ,@carlosaguilar-kz7ml,@moisesvaldez4043,1
UChep9kVb5gQmpodEEl10Xlg,UCsjs5Hp_r86x1xbK6FAeqaA,@carlosaguilar-kz7ml,@alvaroesquivel563,1
UChep9kVb5gQmpodEEl10Xlg,UCtNfIBnc5S5DbbQj_yxgJTw,@carlosaguilar-kz7ml,@JosueRamirez-ey3ih,1
UChep9kVb5gQmpodEEl10Xlg,UCtUR3_CAiE7fCoZHM6cMfyQ,@carlosaguilar-kz7ml,@mdelcid01,1
UChep9kVb5gQmpodEEl10Xlg,UCvApqeCbLod-wejtT4CcVuA,@carlosaguilar-kz7ml,@davidgaher9550,1
UChep9kVb5gQmpodEEl10Xlg,UCwha8rxULYMVtNwZWeSkE1A,@carlosaguilar-kz7ml,@mariasamo8637,1
UChep9kVb5gQmpodEEl10Xlg,UCySYJU5kUh7X8gVt9la2ISA,@carlosaguilar-kz7ml,@dantesarti4351,1
UChep9kVb5gQmpodEEl10Xlg,UCylqlpsh8ENNM1LqgQ1KbxA,@carlosaguilar-kz7ml,@Jel.Awesh.M,1
UChep9kVb5gQmpodEEl10Xlg,UCz3gu01bmjNv0DpRq-K3XYg,@carlosaguilar-kz7ml,@eusebiovasquez4385,1
UCtsxPYw8VUsH_FfnKg-0lmw,UC-HeUTT6_g-VoiWds2a4H-w,@AlejandroPérez-b6r,@JorgeMunoz-gd9et,1
UCtsxPYw8VUsH_FfnKg-0lmw,UC-Iul5tDYH_oiAMXQH-KaaQ,@AlejandroPérez-b6r,@AlbertoMancilla-p9h,1
UCtsxPYw8VUsH_FfnKg-0lmw,UC0HvfEWozTHbwl_iEmJNvVA,@AlejandroPérez-b6r,@OttoPalencia-b7r,1
UCtsxPYw8VUsH_FfnKg-0lmw,UC14qlobYKqD-DO0j6b75lcA,@AlejandroPérez-b6r,@megavision4488,1
UCtsxPYw8VUsH_FfnKg-0lmw,UC1NiEdJ7gk6FlDexIalWnGg,@AlejandroPérez-b6r,@BorisTebalán,1
UCtsxPYw8VUsH_FfnKg-0lmw,UC3YpzAr7pcdKC7BVFEpYzog,@AlejandroPérez-b6r,@carmenfigueroa1232,1
UCtsxPYw8VUsH_FfnKg-0lmw,UCRfkkatKrNtAARnXMMYBGlA,@AlejandroPérez-b6r,@BernerSoza-mg3vx,1
UCtsxPYw8VUsH_FfnKg-0lmw,UCa36MjQLoPAmgJo-R3G8WQA,@AlejandroPérez-b6r,@elsasalguero6914,1
UCtsxPYw8VUsH_FfnKg-0lmw,UCfo_yUPzy1f1POwwZxhZ06Q,@AlejandroPérez-b6r,@lara11roberto,1
UCtsxPYw8VUsH_FfnKg-0lmw,UCgGqw4aqMdMVSGkKiMgrJRQ,@AlejandroPérez-b6r,@pattyfigueroa5609,1
UCtsxPYw8VUsH_FfnKg-0lmw,UChyps3dqY-VY1_wLeq-2lhw,@AlejandroPérez-b6r,@maydamorales4395,1
UCtsxPYw8VUsH_FfnKg-0lmw,UCvDwJBBY1mHK70aTEYl6rsA,@AlejandroPérez-b6r,@cristianescobedo8296,1
UCRlCV9zSn7avAWh-9_XFWqQ,UC-hfX8J5JPJ-dfuakzegMLA,@ronyarana8849,@normaleticiaorozcojuarez2418,1
UCRlCV9zSn7avAWh-9_XFWqQ,UC-jS_kA9w-OmpupXDx156Rg,@ronyarana8849,@simoncreyesc7579,1
UCRlCV9zSn7avAWh-9_XFWqQ,UC1vr9aaMI2crB0NvwFHUeoQ,@ronyarana8849,@JoseSimilox-p6e,1
UCRlCV9zSn7avAWh-9_XFWqQ,UC2Y_EHWQKevubk4vOEBBFxw,@ronyarana8849,@alfonsomorales2653,1
UCRlCV9zSn7avAWh-9_XFWqQ,UC2weSE8rpqkGMOp6StYtVfg,@ronyarana8849,@katerynsantiago2907,1
UCRlCV9zSn7avAWh-9_XFWqQ,UC3E9mAgP7VoAE5mZoAexl5g,@ronyarana8849,@EnnioAroche,1
UCRlCV9zSn7avAWh-9_XFWqQ,UC3NMzdMYryaw82kPTnsaljg,@ronyarana8849,@marisosa7832,1
UCRlCV9zSn7avAWh-9_XFWqQ,UC4cXueR2bKGFJV0Fk76gwmA,@ronyarana8849,@aluxdel4792,1
UCRlCV9zSn7avAWh-9_XFWqQ,UC5bG9nc_JV3FsNP2KseQiYw,@ronyarana8849,@giovannirodas4836,1
UCRlCV9zSn7avAWh-9_XFWqQ,UC650pRT-OYzny3GwOH8Cgfw,@ronyarana8849,@edvinparedesherrera7632,1
UCRlCV9zSn7avAWh-9_XFWqQ,UC7VUuJr9cGh845CmTvf7TlQ,@ronyarana8849,@LuisCastillo-oz4df,1
UCRlCV9zSn7avAWh-9_XFWqQ,UC8G5cJONY8L9voMyBW8Eoug,@ronyarana8849,@luisparedes-pw6qt,1
UCRlCV9zSn7avAWh-9_XFWqQ,UC8r11yOugM2NuRfitQOxLLg,@ronyarana8849,@cesaraugustomoralesmonroy6907,1
UCRlCV9zSn7avAWh-9_XFWqQ,UC9xr9QvIcDvoZNUX5f-jaZw,@ronyarana8849,@MariaaliciaColonmorales,1
UCRlCV9zSn7avAWh-9_XFWqQ,UCA93ym2TXs_Ibyxb4Vcn-6Q,@ronyarana8849,@oswaldosolis8728,1
UCRlCV9zSn7avAWh-9_XFWqQ,UCAlzM_N6xBlMYmM8EBzX86Q,@ronyarana8849,@carlossoto3252,1
UCRlCV9zSn7avAWh-9_XFWqQ,UCAmtbUiIrUIhikru0ZoTFig,@ronyarana8849,@Aura-vf6dm,1
UCRlCV9zSn7avAWh-9_XFWqQ,UCB5p8a5gklc80jJItP6xTHg,@ronyarana8849,@ernestogamboa8737,1
UCRlCV9zSn7avAWh-9_XFWqQ,UCDPWkUX3sNNaCx-m1dV4glA,@ronyarana8849,@hectoroliva949,1
UCRlCV9zSn7avAWh-9_XFWqQ,UCDUffaruH6dyUnUGwsTKpgg,@ronyarana8849,@luisletona2842,1
UCRlCV9zSn7avAWh-9_XFWqQ,UCDlr1VadSucIZgZ171pRBjQ,@ronyarana8849,@cuabatzjj5924,1
UCRlCV9zSn7avAWh-9_XFWqQ,UCEgEQmRbtL5fwr9_DqAC--g,@ronyarana8849,@ArielRodas-g5y,1
UCRlCV9zSn7avAWh-9_XFWqQ,UCFhxtoeARHPnXXPcDrOU3Xg,@ronyarana8849,@diegoalejandrolopezmendez205,1
UCRlCV9zSn7avAWh-9_XFWqQ,UCFoIAE8k82D6AV-8gjjKaNg,@ronyarana8849,@eddymunoz9789,1
UCRlCV9zSn7avAWh-9_XFWqQ,UCFxE8GbokBrBsPEKM1xrOjQ,@ronyarana8849,@JuanDavila-qd7qj,1
UCRlCV9zSn7avAWh-9_XFWqQ,UCGzXwyCzMzGmjmCbH3Hg01Q,@ronyarana8849,@FidelZacarias-ph7dy,1
UCRlCV9zSn7avAWh-9_XFWqQ,UCHTGCgY2l-DQJIvlA_cpa_Q,@ronyarana8849,@virgiliogarcia3039,1
UCRlCV9zSn7avAWh-9_XFWqQ,UCKDR0f2fu2UzWL8mBv5-BHw,@ronyarana8849,@mireyamorales6595,1
UCRlCV9zSn7avAWh-9_XFWqQ,UCL1MT278vSaQ83ZDkVWn1gw,@ronyarana8849,@elmorodriguez6978,1
UCRlCV9zSn7avAWh-9_XFWqQ,UCOh6DaZC_x9HASnlRylEMfw,@ronyarana8849,@AndresMedina-v1s,1
UCRlCV9zSn7avAWh-9_XFWqQ,UCQtICyzWmhC5woCtbNgaSmg,@ronyarana8849,@nestormendez6216,1
UCRlCV9zSn7avAWh-9_XFWqQ,UCRETAiYdh2dL5ZxB0_N1zDA,@ronyarana8849,@Joseroland21,1
UCRlCV9zSn7avAWh-9_XFWqQ,UCSou6a2OuYGSvPjm5psquyA,@ronyarana8849,@FranciscoRivera-sf7ne,1
UCRlCV9zSn7avAWh-9_XFWqQ,UCTD6q1nyIe3Y7HhqjaMj72w,@ronyarana8849,@JuanChang-r6k,1
UCRlCV9zSn7avAWh-9_XFWqQ,UCTP3O0rMnc8z8v8jaDQwL0w,@ronyarana8849,@RobertoZelaya-x1v,1
UCRlCV9zSn7avAWh-9_XFWqQ,UCTylKrsqkrBKIqubMu_5N0Q,@ronyarana8849,@edwingeovanymarroquinmarro6684,1
UCRlCV9zSn7avAWh-9_XFWqQ,UCXXh7yg5KUFIWylTiKVEFKQ,@ronyarana8849,@MrDuenderojo,1
UCRlCV9zSn7avAWh-9_XFWqQ,UCXgr7vXlRrsaskPdo097kGA,@ronyarana8849,@Rogergh-nw4oj,1
UCRlCV9zSn7avAWh-9_XFWqQ,UCYN4wSQ1Sx4_LurxLlW7MPg,@ronyarana8849,@belarminavillatoro6474,1
UCRlCV9zSn7avAWh-9_XFWqQ,UCfM3nrxtTQMY5jFx1v1J4Gg,@ronyarana8849,@edgarroldan5539,1
UCRlCV9zSn7avAWh-9_XFWqQ,UChZknRmJkeGeQk0-mQuhDOg,@ronyarana8849,@OdilioRodríguez-c5w,1
UCRlCV9zSn7avAWh-9_XFWqQ,UCiGRBf2RNF0WRKhRVT7zFoA,@ronyarana8849,@edwinavila4876,1
UCRlCV9zSn7avAWh-9_XFWqQ,UCiMythXHsw7eQEMykCdmMUA,@ronyarana8849,@JavierBecerra-h6x,1
UCRlCV9zSn7avAWh-9_XFWqQ,UCipetjeiWj4CZB6EbyYziZg,@ronyarana8849,@OseasSamayoa-ol5rz,1
UCRlCV9zSn7avAWh-9_XFWqQ,UCjSKM9j0Q7HLDr1hD6D-TUw,@ronyarana8849,@josehidalgo4875,1
UCRlCV9zSn7avAWh-9_XFWqQ,UCjmPuazZJzscrwvk0QR9RVw,@ronyarana8849,@mynorrodas8591,1
UCRlCV9zSn7avAWh-9_XFWqQ,UCl0ekS9Tt0jJGtOEM18S63w,@ronyarana8849,@monkchapin,1
UCRlCV9zSn7avAWh-9_XFWqQ,UCmvOgzmmXbjUthHy-WJ52hQ,@ronyarana8849,@mariorodas593,1
UCRlCV9zSn7avAWh-9_XFWqQ,UCp4iw5_5SmV9VGTFSNVGOmQ,@ronyarana8849,@CARLOSSTREMS51,1
UCRlCV9zSn7avAWh-9_XFWqQ,UCpl8rF8uv_8uui-QRvuJaRA,@ronyarana8849,@SergioGarcia-z9c,1
UCRlCV9zSn7avAWh-9_XFWqQ,UCr1emrogPKkKTs_WTtx71xg,@ronyarana8849,@domingopeneleu6457,1
UCRlCV9zSn7avAWh-9_XFWqQ,UCrJn_rbo_ENAdeqneS-RmRw,@ronyarana8849,@josecarrera9623,1
UCRlCV9zSn7avAWh-9_XFWqQ,UCsJJAvrVGupdmhOqgtDp8dg,@ronyarana8849,@nestorlorenzana1168,1
UCRlCV9zSn7avAWh-9_XFWqQ,UCsSXdJct-nsS8DsABoEsaYA,@ronyarana8849,@IvánPérez-j4j,1
UCRlCV9zSn7avAWh-9_XFWqQ,UCsUCN0Yq_UyTvKjOJLmNrnQ,@ronyarana8849,@moisesvaldez4043,1
UCRlCV9zSn7avAWh-9_XFWqQ,UCsjs5Hp_r86x1xbK6FAeqaA,@ronyarana8849,@alvaroesquivel563,1
UCRlCV9zSn7avAWh-9_XFWqQ,UCtNfIBnc5S5DbbQj_yxgJTw,@ronyarana8849,@JosueRamirez-ey3ih,1
UCRlCV9zSn7avAWh-9_XFWqQ,UCtUR3_CAiE7fCoZHM6cMfyQ,@ronyarana8849,@mdelcid01,1
UCRlCV9zSn7avAWh-9_XFWqQ,UCvApqeCbLod-wejtT4CcVuA,@ronyarana8849,@davidgaher9550,1
UCRlCV9zSn7avAWh-9_XFWqQ,UCwha8rxULYMVtNwZWeSkE1A,@ronyarana8849,@mariasamo8637,1
UCRlCV9zSn7avAWh-9_XFWqQ,UCySYJU5kUh7X8gVt9la2ISA,@ronyarana8849,@dantesarti4351,1
UCRlCV9zSn7avAWh-9_XFWqQ,UCylqlpsh8ENNM1LqgQ1KbxA,@ronyarana8849,@Jel.Awesh.M,1
UCRlCV9zSn7avAWh-9_XFWqQ,UCz3gu01bmjNv0DpRq-K3XYg,@ronyarana8849,@eusebiovasquez4385,1
UCfo_yUPzy1f1POwwZxhZ06Q,UC-HeUTT6_g-VoiWds2a4H-w,@lara11roberto,@JorgeMunoz-gd9et,1
UCfo_yUPzy1f1POwwZxhZ06Q,UC-Iul5tDYH_oiAMXQH-KaaQ,@lara11roberto,@AlbertoMancilla-p9h,1
UCfo_yUPzy1f1POwwZxhZ06Q,UC0HvfEWozTHbwl_iEmJNvVA,@lara11roberto,@OttoPalencia-b7r,1
UCfo_yUPzy1f1POwwZxhZ06Q,UC14qlobYKqD-DO0j6b75lcA,@lara11roberto,@megavision4488,1
UCfo_yUPzy1f1POwwZxhZ06Q,UC1NiEdJ7gk6FlDexIalWnGg,@lara11roberto,@BorisTebalán,1
UCfo_yUPzy1f1POwwZxhZ06Q,UC3YpzAr7pcdKC7BVFEpYzog,@lara11roberto,@carmenfigueroa1232,1
UCfo_yUPzy1f1POwwZxhZ06Q,UCRfkkatKrNtAARnXMMYBGlA,@lara11roberto,@BernerSoza-mg3vx,1
UCfo_yUPzy1f1POwwZxhZ06Q,UCa36MjQLoPAmgJo-R3G8WQA,@lara11roberto,@elsasalguero6914,1
UCfo_yUPzy1f1POwwZxhZ06Q,UCgGqw4aqMdMVSGkKiMgrJRQ,@lara11roberto,@pattyfigueroa5609,1
UCfo_yUPzy1f1POwwZxhZ06Q,UChyps3dqY-VY1_wLeq-2lhw,@lara11roberto,@maydamorales4395,1
UCfo_yUPzy1f1POwwZxhZ06Q,UCvDwJBBY1mHK70aTEYl6rsA,@lara11roberto,@cristianescobedo8296,1
UCTylKrsqkrBKIqubMu_5N0Q,UC-hfX8J5JPJ-dfuakzegMLA,@edwingeovanymarroquinmarro6684,@normaleticiaorozcojuarez2418,1
UCTylKrsqkrBKIqubMu_5N0Q,UC-jS_kA9w-OmpupXDx156Rg,@edwingeovanymarroquinmarro6684,@simoncreyesc7579,1
UCTylKrsqkrBKIqubMu_5N0Q,UC1vr9aaMI2crB0NvwFHUeoQ,@edwingeovanymarroquinmarro6684,@JoseSimilox-p6e,1
UCTylKrsqkrBKIqubMu_5N0Q,UC2Y_EHWQKevubk4vOEBBFxw,@edwingeovanymarroquinmarro6684,@alfonsomorales2653,1
UCTylKrsqkrBKIqubMu_5N0Q,UC2weSE8rpqkGMOp6StYtVfg,@edwingeovanymarroquinmarro6684,@katerynsantiago2907,1
UCTylKrsqkrBKIqubMu_5N0Q,UC3E9mAgP7VoAE5mZoAexl5g,@edwingeovanymarroquinmarro6684,@EnnioAroche,1
UCTylKrsqkrBKIqubMu_5N0Q,UC3NMzdMYryaw82kPTnsaljg,@edwingeovanymarroquinmarro6684,@marisosa7832,1
UCTylKrsqkrBKIqubMu_5N0Q,UC4cXueR2bKGFJV0Fk76gwmA,@edwingeovanymarroquinmarro6684,@aluxdel4792,1
UCTylKrsqkrBKIqubMu_5N0Q,UC5bG9nc_JV3FsNP2KseQiYw,@edwingeovanymarroquinmarro6684,@giovannirodas4836,1
UCTylKrsqkrBKIqubMu_5N0Q,UC650pRT-OYzny3GwOH8Cgfw,@edwingeovanymarroquinmarro6684,@edvinparedesherrera7632,1
UCTylKrsqkrBKIqubMu_5N0Q,UC7VUuJr9cGh845CmTvf7TlQ,@edwingeovanymarroquinmarro6684,@LuisCastillo-oz4df,1
UCTylKrsqkrBKIqubMu_5N0Q,UC8G5cJONY8L9voMyBW8Eoug,@edwingeovanymarroquinmarro6684,@luisparedes-pw6qt,1
UCTylKrsqkrBKIqubMu_5N0Q,UC8r11yOugM2NuRfitQOxLLg,@edwingeovanymarroquinmarro6684,@cesaraugustomoralesmonroy6907,1
UCTylKrsqkrBKIqubMu_5N0Q,UC9xr9QvIcDvoZNUX5f-jaZw,@edwingeovanymarroquinmarro6684,@MariaaliciaColonmorales,1
UCTylKrsqkrBKIqubMu_5N0Q,UCA93ym2TXs_Ibyxb4Vcn-6Q,@edwingeovanymarroquinmarro6684,@oswaldosolis8728,1
UCTylKrsqkrBKIqubMu_5N0Q,UCAlzM_N6xBlMYmM8EBzX86Q,@edwingeovanymarroquinmarro6684,@carlossoto3252,1
UCTylKrsqkrBKIqubMu_5N0Q,UCAmtbUiIrUIhikru0ZoTFig,@edwingeovanymarroquinmarro6684,@Aura-vf6dm,1
UCTylKrsqkrBKIqubMu_5N0Q,UCB5p8a5gklc80jJItP6xTHg,@edwingeovanymarroquinmarro6684,@ernestogamboa8737,1
UCTylKrsqkrBKIqubMu_5N0Q,UCDPWkUX3sNNaCx-m1dV4glA,@edwingeovanymarroquinmarro6684,@hectoroliva949,1
UCTylKrsqkrBKIqubMu_5N0Q,UCDUffaruH6dyUnUGwsTKpgg,@edwingeovanymarroquinmarro6684,@luisletona2842,1
UCTylKrsqkrBKIqubMu_5N0Q,UCDlr1VadSucIZgZ171pRBjQ,@edwingeovanymarroquinmarro6684,@cuabatzjj5924,1
UCTylKrsqkrBKIqubMu_5N0Q,UCEgEQmRbtL5fwr9_DqAC--g,@edwingeovanymarroquinmarro6684,@ArielRodas-g5y,1
UCTylKrsqkrBKIqubMu_5N0Q,UCFhxtoeARHPnXXPcDrOU3Xg,@edwingeovanymarroquinmarro6684,@diegoalejandrolopezmendez205,1
UCTylKrsqkrBKIqubMu_5N0Q,UCFoIAE8k82D6AV-8gjjKaNg,@edwingeovanymarroquinmarro6684,@eddymunoz9789,1
UCTylKrsqkrBKIqubMu_5N0Q,UCFxE8GbokBrBsPEKM1xrOjQ,@edwingeovanymarroquinmarro6684,@JuanDavila-qd7qj,1
UCTylKrsqkrBKIqubMu_5N0Q,UCGzXwyCzMzGmjmCbH3Hg01Q,@edwingeovanymarroquinmarro6684,@FidelZacarias-ph7dy,1
UCTylKrsqkrBKIqubMu_5N0Q,UCHTGCgY2l-DQJIvlA_cpa_Q,@edwingeovanymarroquinmarro6684,@virgiliogarcia3039,1
UCTylKrsqkrBKIqubMu_5N0Q,UCKDR0f2fu2UzWL8mBv5-BHw,@edwingeovanymarroquinmarro6684,@mireyamorales6595,1
UCTylKrsqkrBKIqubMu_5N0Q,UCL1MT278vSaQ83ZDkVWn1gw,@edwingeovanymarroquinmarro6684,@elmorodriguez6978,1
UCTylKrsqkrBKIqubMu_5N0Q,UCOh6DaZC_x9HASnlRylEMfw,@edwingeovanymarroquinmarro6684,@AndresMedina-v1s,1
UCTylKrsqkrBKIqubMu_5N0Q,UCQtICyzWmhC5woCtbNgaSmg,@edwingeovanymarroquinmarro6684,@nestormendez6216,1
UCTylKrsqkrBKIqubMu_5N0Q,UCRETAiYdh2dL5ZxB0_N1zDA,@edwingeovanymarroquinmarro6684,@Joseroland21,1
UCTylKrsqkrBKIqubMu_5N0Q,UCSou6a2OuYGSvPjm5psquyA,@edwingeovanymarroquinmarro6684,@FranciscoRivera-sf7ne,1
UCTylKrsqkrBKIqubMu_5N0Q,UCTD6q1nyIe3Y7HhqjaMj72w,@edwingeovanymarroquinmarro6684,@JuanChang-r6k,1
UCTylKrsqkrBKIqubMu_5N0Q,UCTP3O0rMnc8z8v8jaDQwL0w,@edwingeovanymarroquinmarro6684,@RobertoZelaya-x1v,1
UCTylKrsqkrBKIqubMu_5N0Q,UCXXh7yg5KUFIWylTiKVEFKQ,@edwingeovanymarroquinmarro6684,@MrDuenderojo,1
UCTylKrsqkrBKIqubMu_5N0Q,UCXgr7vXlRrsaskPdo097kGA,@edwingeovanymarroquinmarro6684,@Rogergh-nw4oj,1
UCTylKrsqkrBKIqubMu_5N0Q,UCYN4wSQ1Sx4_LurxLlW7MPg,@edwingeovanymarroquinmarro6684,@belarminavillatoro6474,1
UCTylKrsqkrBKIqubMu_5N0Q,UCfM3nrxtTQMY5jFx1v1J4Gg,@edwingeovanymarroquinmarro6684,@edgarroldan5539,1
UCTylKrsqkrBKIqubMu_5N0Q,UChZknRmJkeGeQk0-mQuhDOg,@edwingeovanymarroquinmarro6684,@OdilioRodríguez-c5w,1
UCTylKrsqkrBKIqubMu_5N0Q,UCiGRBf2RNF0WRKhRVT7zFoA,@edwingeovanymarroquinmarro6684,@edwinavila4876,1
UCTylKrsqkrBKIqubMu_5N0Q,UCiMythXHsw7eQEMykCdmMUA,@edwingeovanymarroquinmarro6684,@JavierBecerra-h6x,1
UCTylKrsqkrBKIqubMu_5N0Q,UCipetjeiWj4CZB6EbyYziZg,@edwingeovanymarroquinmarro6684,@OseasSamayoa-ol5rz,1
UCTylKrsqkrBKIqubMu_5N0Q,UCjSKM9j0Q7HLDr1hD6D-TUw,@edwingeovanymarroquinmarro6684,@josehidalgo4875,1
UCTylKrsqkrBKIqubMu_5N0Q,UCjmPuazZJzscrwvk0QR9RVw,@edwingeovanymarroquinmarro6684,@mynorrodas8591,1
UCTylKrsqkrBKIqubMu_5N0Q,UCl0ekS9Tt0jJGtOEM18S63w,@edwingeovanymarroquinmarro6684,@monkchapin,1
UCTylKrsqkrBKIqubMu_5N0Q,UCmvOgzmmXbjUthHy-WJ52hQ,@edwingeovanymarroquinmarro6684,@mariorodas593,1
UCTylKrsqkrBKIqubMu_5N0Q,UCp4iw5_5SmV9VGTFSNVGOmQ,@edwingeovanymarroquinmarro6684,@CARLOSSTREMS51,1
UCTylKrsqkrBKIqubMu_5N0Q,UCpl8rF8uv_8uui-QRvuJaRA,@edwingeovanymarroquinmarro6684,@SergioGarcia-z9c,1
UCTylKrsqkrBKIqubMu_5N0Q,UCr1emrogPKkKTs_WTtx71xg,@edwingeovanymarroquinmarro6684,@domingopeneleu6457,1
UCTylKrsqkrBKIqubMu_5N0Q,UCrJn_rbo_ENAdeqneS-RmRw,@edwingeovanymarroquinmarro6684,@josecarrera9623,1
UCTylKrsqkrBKIqubMu_5N0Q,UCsJJAvrVGupdmhOqgtDp8dg,@edwingeovanymarroquinmarro6684,@nestorlorenzana1168,1
UCTylKrsqkrBKIqubMu_5N0Q,UCsSXdJct-nsS8DsABoEsaYA,@edwingeovanymarroquinmarro6684,@IvánPérez-j4j,1
UCTylKrsqkrBKIqubMu_5N0Q,UCsUCN0Yq_UyTvKjOJLmNrnQ,@edwingeovanymarroquinmarro6684,@moisesvaldez4043,1
UCTylKrsqkrBKIqubMu_5N0Q,UCsjs5Hp_r86x1xbK6FAeqaA,@edwingeovanymarroquinmarro6684,@alvaroesquivel563,1
UCTylKrsqkrBKIqubMu_5N0Q,UCtNfIBnc5S5DbbQj_yxgJTw,@edwingeovanymarroquinmarro6684,@JosueRamirez-ey3ih,1
UCTylKrsqkrBKIqubMu_5N0Q,UCtUR3_CAiE7fCoZHM6cMfyQ,@edwingeovanymarroquinmarro6684,@mdelcid01,1
UCTylKrsqkrBKIqubMu_5N0Q,UCvApqeCbLod-wejtT4CcVuA,@edwingeovanymarroquinmarro6684,@davidgaher9550,1
UCTylKrsqkrBKIqubMu_5N0Q,UCwha8rxULYMVtNwZWeSkE1A,@edwingeovanymarroquinmarro6684,@mariasamo8637,1
UCTylKrsqkrBKIqubMu_5N0Q,UCySYJU5kUh7X8gVt9la2ISA,@edwingeovanymarroquinmarro6684,@dantesarti4351,1
UCTylKrsqkrBKIqubMu_5N0Q,UCylqlpsh8ENNM1LqgQ1KbxA,@edwingeovanymarroquinmarro6684,@Jel.Awesh.M,1
UCTylKrsqkrBKIqubMu_5N0Q,UCz3gu01bmjNv0DpRq-K3XYg,@edwingeovanymarroquinmarro6684,@eusebiovasquez4385,1
UC5hvEnRUzI4Kfvwnyi4QxqQ,UC-fiZBS5Gp1eCJd9ucgWnCg,@leonelsantizo5281,@Tommii.10,1
UC5hvEnRUzI4Kfvwnyi4QxqQ,UC32oozucwCF3q8d4m8fyOUg,@leonelsantizo5281,@RauldejesusOlivagonzalez,1
UC5hvEnRUzI4Kfvwnyi4QxqQ,UC3UVO7pTbeYvZ3ILEyRDskQ,@leonelsantizo5281,@rosaelenaargueta79,1
UC5hvEnRUzI4Kfvwnyi4QxqQ,UC7dadZG7kkGYnsNu6td0FbA,@leonelsantizo5281,@lesolorzano,1
UC5hvEnRUzI4Kfvwnyi4QxqQ,UCAKuKvcbfnBD3kF5njNu-IA,@leonelsantizo5281,@melvinlopez7096,1
UC5hvEnRUzI4Kfvwnyi4QxqQ,UCCBYcToQ2dwkd6TJh0FSyDg,@leonelsantizo5281,@lidiarodriguez3493,1
UC5hvEnRUzI4Kfvwnyi4QxqQ,UCDrmf9y9nLgFY5wnA2hTuGA,@leonelsantizo5281,@laboratorio5528,1
UC5hvEnRUzI4Kfvwnyi4QxqQ,UCHbwIx9pmQuf7i-4_xO2EpA,@leonelsantizo5281,@caminoseternos752,1
UC5hvEnRUzI4Kfvwnyi4QxqQ,UCQqlPPUGqAfWjd-FSh_qn7Q,@leonelsantizo5281,@estuardoargueta137,1
UC5hvEnRUzI4Kfvwnyi4QxqQ,UCRvPToDkkumha7WJAfCDk1A,@leonelsantizo5281,@ligiaguerra3057,1
UC5hvEnRUzI4Kfvwnyi4QxqQ,UCUoYsrx1oZnCZ0usbBJn4fA,@leonelsantizo5281,@AnaDiaz-re9sq,1
UC5hvEnRUzI4Kfvwnyi4QxqQ,UCW-JC6lebVmf2P1dmY_L94g,@leonelsantizo5281,@dinoraoroxon5771,1
UC5hvEnRUzI4Kfvwnyi4QxqQ,UCW80DaMjQlEUibC98Cot-Dg,@leonelsantizo5281,@rogeraldana4289,1
UC5hvEnRUzI4Kfvwnyi4QxqQ,UCWoAVGVqCn4xtINCMOTM4jg,@leonelsantizo5281,@OmarMartinez-vv8re,1
UC5hvEnRUzI4Kfvwnyi4QxqQ,UC_LYoGs5C3mbZKZuKuqYCvw,@leonelsantizo5281,@javiercifuentesarchila6041,1
UC5hvEnRUzI4Kfvwnyi4QxqQ,UCe8JZoYkX5oKUZyivHYdXhw,@leonelsantizo5281,@FernandoGarcia-jg1fj,1
UC5hvEnRUzI4Kfvwnyi4QxqQ,UCgJNFj5dnxXpcMvmuhZDPxA,@leonelsantizo5281,@NataliaRodriguez-rx5mr,1
UC5hvEnRUzI4Kfvwnyi4QxqQ,UClhMWQ7XKWywYvbRnuf8QsA,@leonelsantizo5281,@EcPerez-zz9oh,1
UC5hvEnRUzI4Kfvwnyi4QxqQ,UClqA491Xa5fQcXcJJa-vTWw,@leonelsantizo5281,@AndresLemus-k2d,1
UC5hvEnRUzI4Kfvwnyi4QxqQ,UCpe5jW3MIqkgTJ-PgkzvM6Q,@leonelsantizo5281,@carloslam5333,1
UC5hvEnRUzI4Kfvwnyi4QxqQ,UCsGoJEvb-cFPZ2rWoJcXzEQ,@leonelsantizo5281,@sergiohinestroza9709,1
UC5hvEnRUzI4Kfvwnyi4QxqQ,UCu8_3-Wg-YzNyvHYQDEscfw,@leonelsantizo5281,@RolandoCastroPérez-d7y,1
UC5hvEnRUzI4Kfvwnyi4QxqQ,UCuXmOjxC-htcprLgeVXz6Tg,@leonelsantizo5281,@jorgeaguilar-bq3uj,1
UC5hvEnRUzI4Kfvwnyi4QxqQ,UCylqlpsh8ENNM1LqgQ1KbxA,@leonelsantizo5281,@Jel.Awesh.M,1
UCVhif9eV0f8plICen2DnpKA,UCGj2v6Gl5bN8NSrzJMXS-CA,@blogarteplus,@juliogutierrez492,1
UCVhif9eV0f8plICen2DnpKA,UCOARn3hnfkB7-_Rwa8Hoqcw,@blogarteplus,@nicelol5241,1
UCVhif9eV0f8plICen2DnpKA,UCZIQnb1fkwe39Iw2TAu-bGA,@blogarteplus,@jorgegomez2237,1
UCVhif9eV0f8plICen2DnpKA,UCyW68EGZey4ao_Vf2cR5Ztg,@blogarteplus,@ZabalaXabier,1
UC1vr9aaMI2crB0NvwFHUeoQ,UC-hfX8J5JPJ-dfuakzegMLA,@JoseSimilox-p6e,@normaleticiaorozcojuarez2418,1
UC1vr9aaMI2crB0NvwFHUeoQ,UC-jS_kA9w-OmpupXDx156Rg,@JoseSimilox-p6e,@simoncreyesc7579,1
UC1vr9aaMI2crB0NvwFHUeoQ,UC2Y_EHWQKevubk4vOEBBFxw,@JoseSimilox-p6e,@alfonsomorales2653,1
UC1vr9aaMI2crB0NvwFHUeoQ,UC2weSE8rpqkGMOp6StYtVfg,@JoseSimilox-p6e,@katerynsantiago2907,1
UC1vr9aaMI2crB0NvwFHUeoQ,UC3E9mAgP7VoAE5mZoAexl5g,@JoseSimilox-p6e,@EnnioAroche,1
UC1vr9aaMI2crB0NvwFHUeoQ,UC3NMzdMYryaw82kPTnsaljg,@JoseSimilox-p6e,@marisosa7832,1
UC1vr9aaMI2crB0NvwFHUeoQ,UC4cXueR2bKGFJV0Fk76gwmA,@JoseSimilox-p6e,@aluxdel4792,1
UC1vr9aaMI2crB0NvwFHUeoQ,UC5bG9nc_JV3FsNP2KseQiYw,@JoseSimilox-p6e,@giovannirodas4836,1
UC1vr9aaMI2crB0NvwFHUeoQ,UC650pRT-OYzny3GwOH8Cgfw,@JoseSimilox-p6e,@edvinparedesherrera7632,1
UC1vr9aaMI2crB0NvwFHUeoQ,UC7VUuJr9cGh845CmTvf7TlQ,@JoseSimilox-p6e,@LuisCastillo-oz4df,1
UC1vr9aaMI2crB0NvwFHUeoQ,UC8G5cJONY8L9voMyBW8Eoug,@JoseSimilox-p6e,@luisparedes-pw6qt,1
UC1vr9aaMI2crB0NvwFHUeoQ,UC8r11yOugM2NuRfitQOxLLg,@JoseSimilox-p6e,@cesaraugustomoralesmonroy6907,1
UC1vr9aaMI2crB0NvwFHUeoQ,UC9xr9QvIcDvoZNUX5f-jaZw,@JoseSimilox-p6e,@MariaaliciaColonmorales,1
UC1vr9aaMI2crB0NvwFHUeoQ,UCA93ym2TXs_Ibyxb4Vcn-6Q,@JoseSimilox-p6e,@oswaldosolis8728,1
UC1vr9aaMI2crB0NvwFHUeoQ,UCAlzM_N6xBlMYmM8EBzX86Q,@JoseSimilox-p6e,@carlossoto3252,1
UC1vr9aaMI2crB0NvwFHUeoQ,UCAmtbUiIrUIhikru0ZoTFig,@JoseSimilox-p6e,@Aura-vf6dm,1
UC1vr9aaMI2crB0NvwFHUeoQ,UCB5p8a5gklc80jJItP6xTHg,@JoseSimilox-p6e,@ernestogamboa8737,1
UC1vr9aaMI2crB0NvwFHUeoQ,UCDPWkUX3sNNaCx-m1dV4glA,@JoseSimilox-p6e,@hectoroliva949,1
UC1vr9aaMI2crB0NvwFHUeoQ,UCDUffaruH6dyUnUGwsTKpgg,@JoseSimilox-p6e,@luisletona2842,1
UC1vr9aaMI2crB0NvwFHUeoQ,UCDlr1VadSucIZgZ171pRBjQ,@JoseSimilox-p6e,@cuabatzjj5924,1
UC1vr9aaMI2crB0NvwFHUeoQ,UCEgEQmRbtL5fwr9_DqAC--g,@JoseSimilox-p6e,@ArielRodas-g5y,1
UC1vr9aaMI2crB0NvwFHUeoQ,UCFhxtoeARHPnXXPcDrOU3Xg,@JoseSimilox-p6e,@diegoalejandrolopezmendez205,1
UC1vr9aaMI2crB0NvwFHUeoQ,UCFoIAE8k82D6AV-8gjjKaNg,@JoseSimilox-p6e,@eddymunoz9789,1
UC1vr9aaMI2crB0NvwFHUeoQ,UCFxE8GbokBrBsPEKM1xrOjQ,@JoseSimilox-p6e,@JuanDavila-qd7qj,1
UC1vr9aaMI2crB0NvwFHUeoQ,UCGzXwyCzMzGmjmCbH3Hg01Q,@JoseSimilox-p6e,@FidelZacarias-ph7dy,1
UC1vr9aaMI2crB0NvwFHUeoQ,UCHTGCgY2l-DQJIvlA_cpa_Q,@JoseSimilox-p6e,@virgiliogarcia3039,1
UC1vr9aaMI2crB0NvwFHUeoQ,UCKDR0f2fu2UzWL8mBv5-BHw,@JoseSimilox-p6e,@mireyamorales6595,1
UC1vr9aaMI2crB0NvwFHUeoQ,UCL1MT278vSaQ83ZDkVWn1gw,@JoseSimilox-p6e,@elmorodriguez6978,1
UC1vr9aaMI2crB0NvwFHUeoQ,UCOh6DaZC_x9HASnlRylEMfw,@JoseSimilox-p6e,@AndresMedina-v1s,1
UC1vr9aaMI2crB0NvwFHUeoQ,UCQtICyzWmhC5woCtbNgaSmg,@JoseSimilox-p6e,@nestormendez6216,1
UC1vr9aaMI2crB0NvwFHUeoQ,UCRETAiYdh2dL5ZxB0_N1zDA,@JoseSimilox-p6e,@Joseroland21,1
UC1vr9aaMI2crB0NvwFHUeoQ,UCSou6a2OuYGSvPjm5psquyA,@JoseSimilox-p6e,@FranciscoRivera-sf7ne,1
UC1vr9aaMI2crB0NvwFHUeoQ,UCTD6q1nyIe3Y7HhqjaMj72w,@JoseSimilox-p6e,@JuanChang-r6k,1
UC1vr9aaMI2crB0NvwFHUeoQ,UCTP3O0rMnc8z8v8jaDQwL0w,@JoseSimilox-p6e,@RobertoZelaya-x1v,1
UC1vr9aaMI2crB0NvwFHUeoQ,UCXXh7yg5KUFIWylTiKVEFKQ,@JoseSimilox-p6e,@MrDuenderojo,1
UC1vr9aaMI2crB0NvwFHUeoQ,UCXgr7vXlRrsaskPdo097kGA,@JoseSimilox-p6e,@Rogergh-nw4oj,1
UC1vr9aaMI2crB0NvwFHUeoQ,UCYN4wSQ1Sx4_LurxLlW7MPg,@JoseSimilox-p6e,@belarminavillatoro6474,1
UC1vr9aaMI2crB0NvwFHUeoQ,UCfM3nrxtTQMY5jFx1v1J4Gg,@JoseSimilox-p6e,@edgarroldan5539,1
UC1vr9aaMI2crB0NvwFHUeoQ,UChZknRmJkeGeQk0-mQuhDOg,@JoseSimilox-p6e,@OdilioRodríguez-c5w,1
UC1vr9aaMI2crB0NvwFHUeoQ,UCiGRBf2RNF0WRKhRVT7zFoA,@JoseSimilox-p6e,@edwinavila4876,1
UC1vr9aaMI2crB0NvwFHUeoQ,UCiMythXHsw7eQEMykCdmMUA,@JoseSimilox-p6e,@JavierBecerra-h6x,1
UC1vr9aaMI2crB0NvwFHUeoQ,UCipetjeiWj4CZB6EbyYziZg,@JoseSimilox-p6e,@OseasSamayoa-ol5rz,1
UC1vr9aaMI2crB0NvwFHUeoQ,UCjSKM9j0Q7HLDr1hD6D-TUw,@JoseSimilox-p6e,@josehidalgo4875,1
UC1vr9aaMI2crB0NvwFHUeoQ,UCjmPuazZJzscrwvk0QR9RVw,@JoseSimilox-p6e,@mynorrodas8591,1
UC1vr9aaMI2crB0NvwFHUeoQ,UCl0ekS9Tt0jJGtOEM18S63w,@JoseSimilox-p6e,@monkchapin,1
UC1vr9aaMI2crB0NvwFHUeoQ,UCmvOgzmmXbjUthHy-WJ52hQ,@JoseSimilox-p6e,@mariorodas593,1
UC1vr9aaMI2crB0NvwFHUeoQ,UCp4iw5_5SmV9VGTFSNVGOmQ,@JoseSimilox-p6e,@CARLOSSTREMS51,1
UC1vr9aaMI2crB0NvwFHUeoQ,UCpl8rF8uv_8uui-QRvuJaRA,@JoseSimilox-p6e,@SergioGarcia-z9c,1
UC1vr9aaMI2crB0NvwFHUeoQ,UCr1emrogPKkKTs_WTtx71xg,@JoseSimilox-p6e,@domingopeneleu6457,1
UC1vr9aaMI2crB0NvwFHUeoQ,UCrJn_rbo_ENAdeqneS-RmRw,@JoseSimilox-p6e,@josecarrera9623,1
UC1vr9aaMI2crB0NvwFHUeoQ,UCsJJAvrVGupdmhOqgtDp8dg,@JoseSimilox-p6e,@nestorlorenzana1168,1
UC1vr9aaMI2crB0NvwFHUeoQ,UCsSXdJct-nsS8DsABoEsaYA,@JoseSimilox-p6e,@IvánPérez-j4j,1
UC1vr9aaMI2crB0NvwFHUeoQ,UCsUCN0Yq_UyTvKjOJLmNrnQ,@JoseSimilox-p6e,@moisesvaldez4043,1
UC1vr9aaMI2crB0NvwFHUeoQ,UCsjs5Hp_r86x1xbK6FAeqaA,@JoseSimilox-p6e,@alvaroesquivel563,1
UC1vr9aaMI2crB0NvwFHUeoQ,UCtNfIBnc5S5DbbQj_yxgJTw,@JoseSimilox-p6e,@JosueRamirez-ey3ih,1
UC1vr9aaMI2crB0NvwFHUeoQ,UCtUR3_CAiE7fCoZHM6cMfyQ,@JoseSimilox-p6e,@mdelcid01,1
UC1vr9aaMI2crB0NvwFHUeoQ,UCvApqeCbLod-wejtT4CcVuA,@JoseSimilox-p6e,@davidgaher9550,1
UC1vr9aaMI2crB0NvwFHUeoQ,UCwha8rxULYMVtNwZWeSkE1A,@JoseSimilox-p6e,@mariasamo8637,1
UC1vr9aaMI2crB0NvwFHUeoQ,UCySYJU5kUh7X8gVt9la2ISA,@JoseSimilox-p6e,@dantesarti4351,1
UC1vr9aaMI2crB0NvwFHUeoQ,UCylqlpsh8ENNM1LqgQ1KbxA,@JoseSimilox-p6e,@Jel.Awesh.M,1
UC1vr9aaMI2crB0NvwFHUeoQ,UCz3gu01bmjNv0DpRq-K3XYg,@JoseSimilox-p6e,@eusebiovasquez4385,1
UCEgEQmRbtL5fwr9_DqAC--g,UC-hfX8J5JPJ-dfuakzegMLA,@ArielRodas-g5y,@normaleticiaorozcojuarez2418,1
UCEgEQmRbtL5fwr9_DqAC--g,UC-jS_kA9w-OmpupXDx156Rg,@ArielRodas-g5y,@simoncreyesc7579,1
UCEgEQmRbtL5fwr9_DqAC--g,UC2Y_EHWQKevubk4vOEBBFxw,@ArielRodas-g5y,@alfonsomorales2653,1
UCEgEQmRbtL5fwr9_DqAC--g,UC2weSE8rpqkGMOp6StYtVfg,@ArielRodas-g5y,@katerynsantiago2907,1
UCEgEQmRbtL5fwr9_DqAC--g,UC3E9mAgP7VoAE5mZoAexl5g,@ArielRodas-g5y,@EnnioAroche,1
UCEgEQmRbtL5fwr9_DqAC--g,UC3NMzdMYryaw82kPTnsaljg,@ArielRodas-g5y,@marisosa7832,1
UCEgEQmRbtL5fwr9_DqAC--g,UC4cXueR2bKGFJV0Fk76gwmA,@ArielRodas-g5y,@aluxdel4792,1
UCEgEQmRbtL5fwr9_DqAC--g,UC5bG9nc_JV3FsNP2KseQiYw,@ArielRodas-g5y,@giovannirodas4836,1
UCEgEQmRbtL5fwr9_DqAC--g,UC650pRT-OYzny3GwOH8Cgfw,@ArielRodas-g5y,@edvinparedesherrera7632,1
UCEgEQmRbtL5fwr9_DqAC--g,UC7VUuJr9cGh845CmTvf7TlQ,@ArielRodas-g5y,@LuisCastillo-oz4df,1
UCEgEQmRbtL5fwr9_DqAC--g,UC8G5cJONY8L9voMyBW8Eoug,@ArielRodas-g5y,@luisparedes-pw6qt,1
UCEgEQmRbtL5fwr9_DqAC--g,UC8r11yOugM2NuRfitQOxLLg,@ArielRodas-g5y,@cesaraugustomoralesmonroy6907,1
UCEgEQmRbtL5fwr9_DqAC--g,UC9xr9QvIcDvoZNUX5f-jaZw,@ArielRodas-g5y,@MariaaliciaColonmorales,1
UCEgEQmRbtL5fwr9_DqAC--g,UCA93ym2TXs_Ibyxb4Vcn-6Q,@ArielRodas-g5y,@oswaldosolis8728,1
UCEgEQmRbtL5fwr9_DqAC--g,UCAlzM_N6xBlMYmM8EBzX86Q,@ArielRodas-g5y,@carlossoto3252,1
UCEgEQmRbtL5fwr9_DqAC--g,UCAmtbUiIrUIhikru0ZoTFig,@ArielRodas-g5y,@Aura-vf6dm,1
UCEgEQmRbtL5fwr9_DqAC--g,UCB5p8a5gklc80jJItP6xTHg,@ArielRodas-g5y,@ernestogamboa8737,1
UCEgEQmRbtL5fwr9_DqAC--g,UCDPWkUX3sNNaCx-m1dV4glA,@ArielRodas-g5y,@hectoroliva949,1
UCEgEQmRbtL5fwr9_DqAC--g,UCDUffaruH6dyUnUGwsTKpgg,@ArielRodas-g5y,@luisletona2842,1
UCEgEQmRbtL5fwr9_DqAC--g,UCDlr1VadSucIZgZ171pRBjQ,@ArielRodas-g5y,@cuabatzjj5924,1
UCEgEQmRbtL5fwr9_DqAC--g,UCFhxtoeARHPnXXPcDrOU3Xg,@ArielRodas-g5y,@diegoalejandrolopezmendez205,1
UCEgEQmRbtL5fwr9_DqAC--g,UCFoIAE8k82D6AV-8gjjKaNg,@ArielRodas-g5y,@eddymunoz9789,1
UCEgEQmRbtL5fwr9_DqAC--g,UCFxE8GbokBrBsPEKM1xrOjQ,@ArielRodas-g5y,@JuanDavila-qd7qj,1
UCEgEQmRbtL5fwr9_DqAC--g,UCGzXwyCzMzGmjmCbH3Hg01Q,@ArielRodas-g5y,@FidelZacarias-ph7dy,1
UCEgEQmRbtL5fwr9_DqAC--g,UCHTGCgY2l-DQJIvlA_cpa_Q,@ArielRodas-g5y,@virgiliogarcia3039,1
UCEgEQmRbtL5fwr9_DqAC--g,UCKDR0f2fu2UzWL8mBv5-BHw,@ArielRodas-g5y,@mireyamorales6595,1
UCEgEQmRbtL5fwr9_DqAC--g,UCL1MT278vSaQ83ZDkVWn1gw,@ArielRodas-g5y,@elmorodriguez6978,1
UCEgEQmRbtL5fwr9_DqAC--g,UCOh6DaZC_x9HASnlRylEMfw,@ArielRodas-g5y,@AndresMedina-v1s,1
UCEgEQmRbtL5fwr9_DqAC--g,UCQtICyzWmhC5woCtbNgaSmg,@ArielRodas-g5y,@nestormendez6216,1
UCEgEQmRbtL5fwr9_DqAC--g,UCRETAiYdh2dL5ZxB0_N1zDA,@ArielRodas-g5y,@Joseroland21,1
UCEgEQmRbtL5fwr9_DqAC--g,UCSou6a2OuYGSvPjm5psquyA,@ArielRodas-g5y,@FranciscoRivera-sf7ne,1
UCEgEQmRbtL5fwr9_DqAC--g,UCTD6q1nyIe3Y7HhqjaMj72w,@ArielRodas-g5y,@JuanChang-r6k,1
UCEgEQmRbtL5fwr9_DqAC--g,UCTP3O0rMnc8z8v8jaDQwL0w,@ArielRodas-g5y,@RobertoZelaya-x1v,1
UCEgEQmRbtL5fwr9_DqAC--g,UCXXh7yg5KUFIWylTiKVEFKQ,@ArielRodas-g5y,@MrDuenderojo,1
UCEgEQmRbtL5fwr9_DqAC--g,UCXgr7vXlRrsaskPdo097kGA,@ArielRodas-g5y,@Rogergh-nw4oj,1
UCEgEQmRbtL5fwr9_DqAC--g,UCYN4wSQ1Sx4_LurxLlW7MPg,@ArielRodas-g5y,@belarminavillatoro6474,1
UCEgEQmRbtL5fwr9_DqAC--g,UCfM3nrxtTQMY5jFx1v1J4Gg,@ArielRodas-g5y,@edgarroldan5539,1
UCEgEQmRbtL5fwr9_DqAC--g,UChZknRmJkeGeQk0-mQuhDOg,@ArielRodas-g5y,@OdilioRodríguez-c5w,1
UCEgEQmRbtL5fwr9_DqAC--g,UCiGRBf2RNF0WRKhRVT7zFoA,@ArielRodas-g5y,@edwinavila4876,1
UCEgEQmRbtL5fwr9_DqAC--g,UCiMythXHsw7eQEMykCdmMUA,@ArielRodas-g5y,@JavierBecerra-h6x,1
UCEgEQmRbtL5fwr9_DqAC--g,UCipetjeiWj4CZB6EbyYziZg,@ArielRodas-g5y,@OseasSamayoa-ol5rz,1
UCEgEQmRbtL5fwr9_DqAC--g,UCjSKM9j0Q7HLDr1hD6D-TUw,@ArielRodas-g5y,@josehidalgo4875,1
UCEgEQmRbtL5fwr9_DqAC--g,UCjmPuazZJzscrwvk0QR9RVw,@ArielRodas-g5y,@mynorrodas8591,1
UCEgEQmRbtL5fwr9_DqAC--g,UCl0ekS9Tt0jJGtOEM18S63w,@ArielRodas-g5y,@monkchapin,1
UCEgEQmRbtL5fwr9_DqAC--g,UCmvOgzmmXbjUthHy-WJ52hQ,@ArielRodas-g5y,@mariorodas593,1
UCEgEQmRbtL5fwr9_DqAC--g,UCp4iw5_5SmV9VGTFSNVGOmQ,@ArielRodas-g5y,@CARLOSSTREMS51,1
UCEgEQmRbtL5fwr9_DqAC--g,UCpl8rF8uv_8uui-QRvuJaRA,@ArielRodas-g5y,@SergioGarcia-z9c,1
UCEgEQmRbtL5fwr9_DqAC--g,UCr1emrogPKkKTs_WTtx71xg,@ArielRodas-g5y,@domingopeneleu6457,1
UCEgEQmRbtL5fwr9_DqAC--g,UCrJn_rbo_ENAdeqneS-RmRw,@ArielRodas-g5y,@josecarrera9623,1
UCEgEQmRbtL5fwr9_DqAC--g,UCsJJAvrVGupdmhOqgtDp8dg,@ArielRodas-g5y,@nestorlorenzana1168,1
UCEgEQmRbtL5fwr9_DqAC--g,UCsSXdJct-nsS8DsABoEsaYA,@ArielRodas-g5y,@IvánPérez-j4j,1
UCEgEQmRbtL5fwr9_DqAC--g,UCsUCN0Yq_UyTvKjOJLmNrnQ,@ArielRodas-g5y,@moisesvaldez4043,1
UCEgEQmRbtL5fwr9_DqAC--g,UCsjs5Hp_r86x1xbK6FAeqaA,@ArielRodas-g5y,@alvaroesquivel563,1
UCEgEQmRbtL5fwr9_DqAC--g,UCtNfIBnc5S5DbbQj_yxgJTw,@ArielRodas-g5y,@JosueRamirez-ey3ih,1
UCEgEQmRbtL5fwr9_DqAC--g,UCtUR3_CAiE7fCoZHM6cMfyQ,@ArielRodas-g5y,@mdelcid01,1
UCEgEQmRbtL5fwr9_DqAC--g,UCvApqeCbLod-wejtT4CcVuA,@ArielRodas-g5y,@davidgaher9550,1
UCEgEQmRbtL5fwr9_DqAC--g,UCwha8rxULYMVtNwZWeSkE1A,@ArielRodas-g5y,@mariasamo8637,1
UCEgEQmRbtL5fwr9_DqAC--g,UCySYJU5kUh7X8gVt9la2ISA,@ArielRodas-g5y,@dantesarti4351,1
UCEgEQmRbtL5fwr9_DqAC--g,UCylqlpsh8ENNM1LqgQ1KbxA,@ArielRodas-g5y,@Jel.Awesh.M,1
UCEgEQmRbtL5fwr9_DqAC--g,UCz3gu01bmjNv0DpRq-K3XYg,@ArielRodas-g5y,@eusebiovasquez4385,1
UCIUhbSCy3-SGRe5UtqM4fzQ,UC0RpuMwkDKJYqgKHtsJRuWQ,@jeanmorales1677,@sabinamarinaguerra3248,1
UCIUhbSCy3-SGRe5UtqM4fzQ,UC0aEyakBPqcBkVJiErfSupQ,@jeanmorales1677,@jhonymanuel9891,1
UCIUhbSCy3-SGRe5UtqM4fzQ,UC5fvhAfm89JH8eDFdvc0xYw,@jeanmorales1677,@isaidiaz2388,1
UCIUhbSCy3-SGRe5UtqM4fzQ,UCGqKxQS-z3NZzZF-2w338AA,@jeanmorales1677,@samuelaguilar529,1
UCIUhbSCy3-SGRe5UtqM4fzQ,UCHMQ_lDhibZ-XZ_3fo6oxwg,@jeanmorales1677,@crislexrubi4387,1
UCIUhbSCy3-SGRe5UtqM4fzQ,UCIp19h9igblA2YKfSLPDAug,@jeanmorales1677,@JoseReyes-rn6sh,1
UCIUhbSCy3-SGRe5UtqM4fzQ,UCRcSR3Lvn9DZAmJpVPANfZQ,@jeanmorales1677,@WalksandSuch,1
UCIUhbSCy3-SGRe5UtqM4fzQ,UCRznz9-N3Qc1w-qNdLSIY2Q,@jeanmorales1677,@jimmygomez724,1
UCIUhbSCy3-SGRe5UtqM4fzQ,UCY7Hq7F9Lnucf-Yr6JkHZNw,@jeanmorales1677,@maynorcalel1442,1
UCIUhbSCy3-SGRe5UtqM4fzQ,UCaT6M2zp7X6r6Whd8Vv3kHQ,@jeanmorales1677,@alexarcos8349,1
UCIUhbSCy3-SGRe5UtqM4fzQ,UCgLrWFdYitoP-b7-PxtUr-w,@jeanmorales1677,@zetag,1
UCIUhbSCy3-SGRe5UtqM4fzQ,UCi-vPdnpQreC7BkFs40mJGA,@jeanmorales1677,@bryansicasales4280,1
UCIUhbSCy3-SGRe5UtqM4fzQ,UCqilIa8r7iek5sGYg_q6ofA,@jeanmorales1677,@rolandojuchuna484,1
UCIUhbSCy3-SGRe5UtqM4fzQ,UCs_5qeqdku9tGAq22y3OcuQ,@jeanmorales1677,@alexandrevasquez4135,1
UCIUhbSCy3-SGRe5UtqM4fzQ,UCtMBF_1O2jY2INlb_luuB_A,@jeanmorales1677,@mynorgudiel8646,1
UCIUhbSCy3-SGRe5UtqM4fzQ,UCwUAv3_LpWVtTIi7lkmTL7A,@jeanmorales1677,@kingr4706,1
UCIUhbSCy3-SGRe5UtqM4fzQ,UCxKR3RA8T-kxMgq_2WWhRcQ,@jeanmorales1677,@elenaluarca9377,1
UCIUhbSCy3-SGRe5UtqM4fzQ,UCyzf29IYjNw67gGIfsjgtxA,@jeanmorales1677,@carlosoliva9249,1
UCozFYHN0e_-vlQbX3wQGOug,UC-QOpE7GOxlXcHZ8b7HbQKA,@jesusguzman2321,@mariaalexander427,1
UCozFYHN0e_-vlQbX3wQGOug,UCGZMgmM92E3njyXNe9-kjAQ,@jesusguzman2321,@pasionpornada,1
UCozFYHN0e_-vlQbX3wQGOug,UCIgoiXdIKJyUGmUoH2Lxdzg,@jesusguzman2321,@susievidal4134,1
UCozFYHN0e_-vlQbX3wQGOug,UCPNXmbOBVeC4HS-xemvcPtQ,@jesusguzman2321,@BelkisRodriguezRamirez,1
UCozFYHN0e_-vlQbX3wQGOug,UCQMMuADgqWUOcJpLwHOzC-g,@jesusguzman2321,@Ripped-Yoda,1
UCozFYHN0e_-vlQbX3wQGOug,UCZjm6U576nX8WOiLhmMR3bw,@jesusguzman2321,@MariaNavarroYT,1
UCozFYHN0e_-vlQbX3wQGOug,UCbNanjFI51cwGqMAb2rOrBw,@jesusguzman2321,@RosaMontesdeOca777,1
UCozFYHN0e_-vlQbX3wQGOug,UCp_dAUfv8i3LW3zWc24dLaQ,@jesusguzman2321,@MarioCortez-o6v,1
UCozFYHN0e_-vlQbX3wQGOug,UCrqXyRsg-_hTosURZ-uvoKg,@jesusguzman2321,@flornolberto2425,1
UCQMMuADgqWUOcJpLwHOzC-g,UC-QOpE7GOxlXcHZ8b7HbQKA,@Ripped-Yoda,@mariaalexander427,1
UCQMMuADgqWUOcJpLwHOzC-g,UCGZMgmM92E3njyXNe9-kjAQ,@Ripped-Yoda,@pasionpornada,1
UCQMMuADgqWUOcJpLwHOzC-g,UCIgoiXdIKJyUGmUoH2Lxdzg,@Ripped-Yoda,@susievidal4134,1
UCQMMuADgqWUOcJpLwHOzC-g,UCPNXmbOBVeC4HS-xemvcPtQ,@Ripped-Yoda,@BelkisRodriguezRamirez,1
UCQMMuADgqWUOcJpLwHOzC-g,UCZjm6U576nX8WOiLhmMR3bw,@Ripped-Yoda,@MariaNavarroYT,1
UCQMMuADgqWUOcJpLwHOzC-g,UCbNanjFI51cwGqMAb2rOrBw,@Ripped-Yoda,@RosaMontesdeOca777,1
UCQMMuADgqWUOcJpLwHOzC-g,UCp_dAUfv8i3LW3zWc24dLaQ,@Ripped-Yoda,@MarioCortez-o6v,1
UCQMMuADgqWUOcJpLwHOzC-g,UCrqXyRsg-_hTosURZ-uvoKg,@Ripped-Yoda,@flornolberto2425,1
UC-QOpE7GOxlXcHZ8b7HbQKA,UCGZMgmM92E3njyXNe9-kjAQ,@mariaalexander427,@pasionpornada,1
UC-QOpE7GOxlXcHZ8b7HbQKA,UCIgoiXdIKJyUGmUoH2Lxdzg,@mariaalexander427,@susievidal4134,1
UC-QOpE7GOxlXcHZ8b7HbQKA,UCPNXmbOBVeC4HS-xemvcPtQ,@mariaalexander427,@BelkisRodriguezRamirez,1
UC-QOpE7GOxlXcHZ8b7HbQKA,UCZjm6U576nX8WOiLhmMR3bw,@mariaalexander427,@MariaNavarroYT,1
UC-QOpE7GOxlXcHZ8b7HbQKA,UCbNanjFI51cwGqMAb2rOrBw,@mariaalexander427,@RosaMontesdeOca777,1
UC-QOpE7GOxlXcHZ8b7HbQKA,UCp_dAUfv8i3LW3zWc24dLaQ,@mariaalexander427,@MarioCortez-o6v,1
UC-QOpE7GOxlXcHZ8b7HbQKA,UCrqXyRsg-_hTosURZ-uvoKg,@mariaalexander427,@flornolberto2425,1
UC0RpuMwkDKJYqgKHtsJRuWQ,UC0aEyakBPqcBkVJiErfSupQ,@sabinamarinaguerra3248,@jhonymanuel9891,1
UC0RpuMwkDKJYqgKHtsJRuWQ,UC5fvhAfm89JH8eDFdvc0xYw,@sabinamarinaguerra3248,@isaidiaz2388,1
UC0RpuMwkDKJYqgKHtsJRuWQ,UCGqKxQS-z3NZzZF-2w338AA,@sabinamarinaguerra3248,@samuelaguilar529,1
UC0RpuMwkDKJYqgKHtsJRuWQ,UCHMQ_lDhibZ-XZ_3fo6oxwg,@sabinamarinaguerra3248,@crislexrubi4387,1
UC0RpuMwkDKJYqgKHtsJRuWQ,UCIp19h9igblA2YKfSLPDAug,@sabinamarinaguerra3248,@JoseReyes-rn6sh,1
UC0RpuMwkDKJYqgKHtsJRuWQ,UCRcSR3Lvn9DZAmJpVPANfZQ,@sabinamarinaguerra3248,@WalksandSuch,1
UC0RpuMwkDKJYqgKHtsJRuWQ,UCRznz9-N3Qc1w-qNdLSIY2Q,@sabinamarinaguerra3248,@jimmygomez724,1
UC0RpuMwkDKJYqgKHtsJRuWQ,UCY7Hq7F9Lnucf-Yr6JkHZNw,@sabinamarinaguerra3248,@maynorcalel1442,1
UC0RpuMwkDKJYqgKHtsJRuWQ,UCaT6M2zp7X6r6Whd8Vv3kHQ,@sabinamarinaguerra3248,@alexarcos8349,1
UC0RpuMwkDKJYqgKHtsJRuWQ,UCgLrWFdYitoP-b7-PxtUr-w,@sabinamarinaguerra3248,@zetag,1
UC0RpuMwkDKJYqgKHtsJRuWQ,UCi-vPdnpQreC7BkFs40mJGA,@sabinamarinaguerra3248,@bryansicasales4280,1
UC0RpuMwkDKJYqgKHtsJRuWQ,UCqilIa8r7iek5sGYg_q6ofA,@sabinamarinaguerra3248,@rolandojuchuna484,1
UC0RpuMwkDKJYqgKHtsJRuWQ,UCs_5qeqdku9tGAq22y3OcuQ,@sabinamarinaguerra3248,@alexandrevasquez4135,1
UC0RpuMwkDKJYqgKHtsJRuWQ,UCtMBF_1O2jY2INlb_luuB_A,@sabinamarinaguerra3248,@mynorgudiel8646,1
UC0RpuMwkDKJYqgKHtsJRuWQ,UCwUAv3_LpWVtTIi7lkmTL7A,@sabinamarinaguerra3248,@kingr4706,1
UC0RpuMwkDKJYqgKHtsJRuWQ,UCxKR3RA8T-kxMgq_2WWhRcQ,@sabinamarinaguerra3248,@elenaluarca9377,1
UC0RpuMwkDKJYqgKHtsJRuWQ,UCyzf29IYjNw67gGIfsjgtxA,@sabinamarinaguerra3248,@carlosoliva9249,1
UC-HeUTT6_g-VoiWds2a4H-w,UC-Iul5tDYH_oiAMXQH-KaaQ,@JorgeMunoz-gd9et,@AlbertoMancilla-p9h,1
UC-HeUTT6_g-VoiWds2a4H-w,UC0HvfEWozTHbwl_iEmJNvVA,@JorgeMunoz-gd9et,@OttoPalencia-b7r,1
UC-HeUTT6_g-VoiWds2a4H-w,UC14qlobYKqD-DO0j6b75lcA,@JorgeMunoz-gd9et,@megavision4488,1
UC-HeUTT6_g-VoiWds2a4H-w,UC1NiEdJ7gk6FlDexIalWnGg,@JorgeMunoz-gd9et,@BorisTebalán,1
UC-HeUTT6_g-VoiWds2a4H-w,UC3YpzAr7pcdKC7BVFEpYzog,@JorgeMunoz-gd9et,@carmenfigueroa1232,1
UC-HeUTT6_g-VoiWds2a4H-w,UCRfkkatKrNtAARnXMMYBGlA,@JorgeMunoz-gd9et,@BernerSoza-mg3vx,1
UC-HeUTT6_g-VoiWds2a4H-w,UCa36MjQLoPAmgJo-R3G8WQA,@JorgeMunoz-gd9et,@elsasalguero6914,1
UC-HeUTT6_g-VoiWds2a4H-w,UCgGqw4aqMdMVSGkKiMgrJRQ,@JorgeMunoz-gd9et,@pattyfigueroa5609,1
UC-HeUTT6_g-VoiWds2a4H-w,UChyps3dqY-VY1_wLeq-2lhw,@JorgeMunoz-gd9et,@maydamorales4395,1
UC-HeUTT6_g-VoiWds2a4H-w,UCvDwJBBY1mHK70aTEYl6rsA,@JorgeMunoz-gd9et,@cristianescobedo8296,1
UC2Y_EHWQKevubk4vOEBBFxw,UC-hfX8J5JPJ-dfuakzegMLA,@alfonsomorales2653,@normaleticiaorozcojuarez2418,1
UC2Y_EHWQKevubk4vOEBBFxw,UC-jS_kA9w-OmpupXDx156Rg,@alfonsomorales2653,@simoncreyesc7579,1
UC2Y_EHWQKevubk4vOEBBFxw,UC2weSE8rpqkGMOp6StYtVfg,@alfonsomorales2653,@katerynsantiago2907,1
UC2Y_EHWQKevubk4vOEBBFxw,UC3E9mAgP7VoAE5mZoAexl5g,@alfonsomorales2653,@EnnioAroche,1
UC2Y_EHWQKevubk4vOEBBFxw,UC3NMzdMYryaw82kPTnsaljg,@alfonsomorales2653,@marisosa7832,1
UC2Y_EHWQKevubk4vOEBBFxw,UC4cXueR2bKGFJV0Fk76gwmA,@alfonsomorales2653,@aluxdel4792,1
UC2Y_EHWQKevubk4vOEBBFxw,UC5bG9nc_JV3FsNP2KseQiYw,@alfonsomorales2653,@giovannirodas4836,1
UC2Y_EHWQKevubk4vOEBBFxw,UC650pRT-OYzny3GwOH8Cgfw,@alfonsomorales2653,@edvinparedesherrera7632,1
UC2Y_EHWQKevubk4vOEBBFxw,UC7VUuJr9cGh845CmTvf7TlQ,@alfonsomorales2653,@LuisCastillo-oz4df,1
UC2Y_EHWQKevubk4vOEBBFxw,UC8G5cJONY8L9voMyBW8Eoug,@alfonsomorales2653,@luisparedes-pw6qt,1
UC2Y_EHWQKevubk4vOEBBFxw,UC8r11yOugM2NuRfitQOxLLg,@alfonsomorales2653,@cesaraugustomoralesmonroy6907,1
UC2Y_EHWQKevubk4vOEBBFxw,UC9xr9QvIcDvoZNUX5f-jaZw,@alfonsomorales2653,@MariaaliciaColonmorales,1
UC2Y_EHWQKevubk4vOEBBFxw,UCA93ym2TXs_Ibyxb4Vcn-6Q,@alfonsomorales2653,@oswaldosolis8728,1
UC2Y_EHWQKevubk4vOEBBFxw,UCAlzM_N6xBlMYmM8EBzX86Q,@alfonsomorales2653,@carlossoto3252,1
UC2Y_EHWQKevubk4vOEBBFxw,UCAmtbUiIrUIhikru0ZoTFig,@alfonsomorales2653,@Aura-vf6dm,1
UC2Y_EHWQKevubk4vOEBBFxw,UCB5p8a5gklc80jJItP6xTHg,@alfonsomorales2653,@ernestogamboa8737,1
UC2Y_EHWQKevubk4vOEBBFxw,UCDPWkUX3sNNaCx-m1dV4glA,@alfonsomorales2653,@hectoroliva949,1
UC2Y_EHWQKevubk4vOEBBFxw,UCDUffaruH6dyUnUGwsTKpgg,@alfonsomorales2653,@luisletona2842,1
UC2Y_EHWQKevubk4vOEBBFxw,UCDlr1VadSucIZgZ171pRBjQ,@alfonsomorales2653,@cuabatzjj5924,1
UC2Y_EHWQKevubk4vOEBBFxw,UCFhxtoeARHPnXXPcDrOU3Xg,@alfonsomorales2653,@diegoalejandrolopezmendez205,1
UC2Y_EHWQKevubk4vOEBBFxw,UCFoIAE8k82D6AV-8gjjKaNg,@alfonsomorales2653,@eddymunoz9789,1
UC2Y_EHWQKevubk4vOEBBFxw,UCFxE8GbokBrBsPEKM1xrOjQ,@alfonsomorales2653,@JuanDavila-qd7qj,1
UC2Y_EHWQKevubk4vOEBBFxw,UCGzXwyCzMzGmjmCbH3Hg01Q,@alfonsomorales2653,@FidelZacarias-ph7dy,1
UC2Y_EHWQKevubk4vOEBBFxw,UCHTGCgY2l-DQJIvlA_cpa_Q,@alfonsomorales2653,@virgiliogarcia3039,1
UC2Y_EHWQKevubk4vOEBBFxw,UCKDR0f2fu2UzWL8mBv5-BHw,@alfonsomorales2653,@mireyamorales6595,1
UC2Y_EHWQKevubk4vOEBBFxw,UCL1MT278vSaQ83ZDkVWn1gw,@alfonsomorales2653,@elmorodriguez6978,1
UC2Y_EHWQKevubk4vOEBBFxw,UCOh6DaZC_x9HASnlRylEMfw,@alfonsomorales2653,@AndresMedina-v1s,1
UC2Y_EHWQKevubk4vOEBBFxw,UCQtICyzWmhC5woCtbNgaSmg,@alfonsomorales2653,@nestormendez6216,1
UC2Y_EHWQKevubk4vOEBBFxw,UCRETAiYdh2dL5ZxB0_N1zDA,@alfonsomorales2653,@Joseroland21,1
UC2Y_EHWQKevubk4vOEBBFxw,UCSou6a2OuYGSvPjm5psquyA,@alfonsomorales2653,@FranciscoRivera-sf7ne,1
UC2Y_EHWQKevubk4vOEBBFxw,UCTD6q1nyIe3Y7HhqjaMj72w,@alfonsomorales2653,@JuanChang-r6k,1
UC2Y_EHWQKevubk4vOEBBFxw,UCTP3O0rMnc8z8v8jaDQwL0w,@alfonsomorales2653,@RobertoZelaya-x1v,1
UC2Y_EHWQKevubk4vOEBBFxw,UCXXh7yg5KUFIWylTiKVEFKQ,@alfonsomorales2653,@MrDuenderojo,1
UC2Y_EHWQKevubk4vOEBBFxw,UCXgr7vXlRrsaskPdo097kGA,@alfonsomorales2653,@Rogergh-nw4oj,1
UC2Y_EHWQKevubk4vOEBBFxw,UCYN4wSQ1Sx4_LurxLlW7MPg,@alfonsomorales2653,@belarminavillatoro6474,1
UC2Y_EHWQKevubk4vOEBBFxw,UCfM3nrxtTQMY5jFx1v1J4Gg,@alfonsomorales2653,@edgarroldan5539,1
UC2Y_EHWQKevubk4vOEBBFxw,UChZknRmJkeGeQk0-mQuhDOg,@alfonsomorales2653,@OdilioRodríguez-c5w,1
UC2Y_EHWQKevubk4vOEBBFxw,UCiGRBf2RNF0WRKhRVT7zFoA,@alfonsomorales2653,@edwinavila4876,1
UC2Y_EHWQKevubk4vOEBBFxw,UCiMythXHsw7eQEMykCdmMUA,@alfonsomorales2653,@JavierBecerra-h6x,1
UC2Y_EHWQKevubk4vOEBBFxw,UCipetjeiWj4CZB6EbyYziZg,@alfonsomorales2653,@OseasSamayoa-ol5rz,1
UC2Y_EHWQKevubk4vOEBBFxw,UCjSKM9j0Q7HLDr1hD6D-TUw,@alfonsomorales2653,@josehidalgo4875,1
UC2Y_EHWQKevubk4vOEBBFxw,UCjmPuazZJzscrwvk0QR9RVw,@alfonsomorales2653,@mynorrodas8591,1
UC2Y_EHWQKevubk4vOEBBFxw,UCl0ekS9Tt0jJGtOEM18S63w,@alfonsomorales2653,@monkchapin,1
UC2Y_EHWQKevubk4vOEBBFxw,UCmvOgzmmXbjUthHy-WJ52hQ,@alfonsomorales2653,@mariorodas593,1
UC2Y_EHWQKevubk4vOEBBFxw,UCp4iw5_5SmV9VGTFSNVGOmQ,@alfonsomorales2653,@CARLOSSTREMS51,1
UC2Y_EHWQKevubk4vOEBBFxw,UCpl8rF8uv_8uui-QRvuJaRA,@alfonsomorales2653,@SergioGarcia-z9c,1
UC2Y_EHWQKevubk4vOEBBFxw,UCr1emrogPKkKTs_WTtx71xg,@alfonsomorales2653,@domingopeneleu6457,1
UC2Y_EHWQKevubk4vOEBBFxw,UCrJn_rbo_ENAdeqneS-RmRw,@alfonsomorales2653,@josecarrera9623,1
UC2Y_EHWQKevubk4vOEBBFxw,UCsJJAvrVGupdmhOqgtDp8dg,@alfonsomorales2653,@nestorlorenzana1168,1
UC2Y_EHWQKevubk4vOEBBFxw,UCsSXdJct-nsS8DsABoEsaYA,@alfonsomorales2653,@IvánPérez-j4j,1
UC2Y_EHWQKevubk4vOEBBFxw,UCsUCN0Yq_UyTvKjOJLmNrnQ,@alfonsomorales2653,@moisesvaldez4043,1
UC2Y_EHWQKevubk4vOEBBFxw,UCsjs5Hp_r86x1xbK6FAeqaA,@alfonsomorales2653,@alvaroesquivel563,1
UC2Y_EHWQKevubk4vOEBBFxw,UCtNfIBnc5S5DbbQj_yxgJTw,@alfonsomorales2653,@JosueRamirez-ey3ih,1
UC2Y_EHWQKevubk4vOEBBFxw,UCtUR3_CAiE7fCoZHM6cMfyQ,@alfonsomorales2653,@mdelcid01,1
UC2Y_EHWQKevubk4vOEBBFxw,UCvApqeCbLod-wejtT4CcVuA,@alfonsomorales2653,@davidgaher9550,1
UC2Y_EHWQKevubk4vOEBBFxw,UCwha8rxULYMVtNwZWeSkE1A,@alfonsomorales2653,@mariasamo8637,1
UC2Y_EHWQKevubk4vOEBBFxw,UCySYJU5kUh7X8gVt9la2ISA,@alfonsomorales2653,@dantesarti4351,1
UC2Y_EHWQKevubk4vOEBBFxw,UCylqlpsh8ENNM1LqgQ1KbxA,@alfonsomorales2653,@Jel.Awesh.M,1
UC2Y_EHWQKevubk4vOEBBFxw,UCz3gu01bmjNv0DpRq-K3XYg,@alfonsomorales2653,@eusebiovasquez4385,1
UCwEe1RKlEv1UpNWmWYfSh4w,UCOY3XpD9qMCRSA8AA8c4CAw,@marioramirez299,@franciscorodas9686,1
UCwEe1RKlEv1UpNWmWYfSh4w,UCTTILH6QCIxbTnEWxwRqs1g,@marioramirez299,@3762Jorge,1
UCwEe1RKlEv1UpNWmWYfSh4w,UCXO1BBohNWXkK9SBDAG2ySg,@marioramirez299,@JBFlute92,1
UCwEe1RKlEv1UpNWmWYfSh4w,UCbrtvygfRT6QXqWDNrOf-cA,@marioramirez299,@Alejandro00710,1
UCwEe1RKlEv1UpNWmWYfSh4w,UCdQAuWwyC99MB7Y02Umj26Q,@marioramirez299,@miguelbran1268,1
UCwEe1RKlEv1UpNWmWYfSh4w,UChT7pzGytNd92Nmvi-zuWog,@marioramirez299,@sparkvalkov,1
UCwEe1RKlEv1UpNWmWYfSh4w,UCxcoDvP-g2_KTZDmVZtvb3w,@marioramirez299,@angelmartinez9523,1
UCQtICyzWmhC5woCtbNgaSmg,UC-hfX8J5JPJ-dfuakzegMLA,@nestormendez6216,@normaleticiaorozcojuarez2418,1
UCQtICyzWmhC5woCtbNgaSmg,UC-jS_kA9w-OmpupXDx156Rg,@nestormendez6216,@simoncreyesc7579,1
UCQtICyzWmhC5woCtbNgaSmg,UC2weSE8rpqkGMOp6StYtVfg,@nestormendez6216,@katerynsantiago2907,1
UCQtICyzWmhC5woCtbNgaSmg,UC3E9mAgP7VoAE5mZoAexl5g,@nestormendez6216,@EnnioAroche,1
UCQtICyzWmhC5woCtbNgaSmg,UC3NMzdMYryaw82kPTnsaljg,@nestormendez6216,@marisosa7832,1
UCQtICyzWmhC5woCtbNgaSmg,UC4cXueR2bKGFJV0Fk76gwmA,@nestormendez6216,@aluxdel4792,1
UCQtICyzWmhC5woCtbNgaSmg,UC5bG9nc_JV3FsNP2KseQiYw,@nestormendez6216,@giovannirodas4836,1
UCQtICyzWmhC5woCtbNgaSmg,UC650pRT-OYzny3GwOH8Cgfw,@nestormendez6216,@edvinparedesherrera7632,1
UCQtICyzWmhC5woCtbNgaSmg,UC7VUuJr9cGh845CmTvf7TlQ,@nestormendez6216,@LuisCastillo-oz4df,1
UCQtICyzWmhC5woCtbNgaSmg,UC8G5cJONY8L9voMyBW8Eoug,@nestormendez6216,@luisparedes-pw6qt,1
UCQtICyzWmhC5woCtbNgaSmg,UC8r11yOugM2NuRfitQOxLLg,@nestormendez6216,@cesaraugustomoralesmonroy6907,1
UCQtICyzWmhC5woCtbNgaSmg,UC9xr9QvIcDvoZNUX5f-jaZw,@nestormendez6216,@MariaaliciaColonmorales,1
UCQtICyzWmhC5woCtbNgaSmg,UCA93ym2TXs_Ibyxb4Vcn-6Q,@nestormendez6216,@oswaldosolis8728,1
UCQtICyzWmhC5woCtbNgaSmg,UCAlzM_N6xBlMYmM8EBzX86Q,@nestormendez6216,@carlossoto3252,1
UCQtICyzWmhC5woCtbNgaSmg,UCAmtbUiIrUIhikru0ZoTFig,@nestormendez6216,@Aura-vf6dm,1
UCQtICyzWmhC5woCtbNgaSmg,UCB5p8a5gklc80jJItP6xTHg,@nestormendez6216,@ernestogamboa8737,1
UCQtICyzWmhC5woCtbNgaSmg,UCDPWkUX3sNNaCx-m1dV4glA,@nestormendez6216,@hectoroliva949,1
UCQtICyzWmhC5woCtbNgaSmg,UCDUffaruH6dyUnUGwsTKpgg,@nestormendez6216,@luisletona2842,1
UCQtICyzWmhC5woCtbNgaSmg,UCDlr1VadSucIZgZ171pRBjQ,@nestormendez6216,@cuabatzjj5924,1
UCQtICyzWmhC5woCtbNgaSmg,UCFhxtoeARHPnXXPcDrOU3Xg,@nestormendez6216,@diegoalejandrolopezmendez205,1
UCQtICyzWmhC5woCtbNgaSmg,UCFoIAE8k82D6AV-8gjjKaNg,@nestormendez6216,@eddymunoz9789,1
UCQtICyzWmhC5woCtbNgaSmg,UCFxE8GbokBrBsPEKM1xrOjQ,@nestormendez6216,@JuanDavila-qd7qj,1
UCQtICyzWmhC5woCtbNgaSmg,UCGzXwyCzMzGmjmCbH3Hg01Q,@nestormendez6216,@FidelZacarias-ph7dy,1
UCQtICyzWmhC5woCtbNgaSmg,UCHTGCgY2l-DQJIvlA_cpa_Q,@nestormendez6216,@virgiliogarcia3039,1
UCQtICyzWmhC5woCtbNgaSmg,UCKDR0f2fu2UzWL8mBv5-BHw,@nestormendez6216,@mireyamorales6595,1
UCQtICyzWmhC5woCtbNgaSmg,UCL1MT278vSaQ83ZDkVWn1gw,@nestormendez6216,@elmorodriguez6978,1
UCQtICyzWmhC5woCtbNgaSmg,UCOh6DaZC_x9HASnlRylEMfw,@nestormendez6216,@AndresMedina-v1s,1
UCQtICyzWmhC5woCtbNgaSmg,UCRETAiYdh2dL5ZxB0_N1zDA,@nestormendez6216,@Joseroland21,1
UCQtICyzWmhC5woCtbNgaSmg,UCSou6a2OuYGSvPjm5psquyA,@nestormendez6216,@FranciscoRivera-sf7ne,1
UCQtICyzWmhC5woCtbNgaSmg,UCTD6q1nyIe3Y7HhqjaMj72w,@nestormendez6216,@JuanChang-r6k,1
UCQtICyzWmhC5woCtbNgaSmg,UCTP3O0rMnc8z8v8jaDQwL0w,@nestormendez6216,@RobertoZelaya-x1v,1
UCQtICyzWmhC5woCtbNgaSmg,UCXXh7yg5KUFIWylTiKVEFKQ,@nestormendez6216,@MrDuenderojo,1
UCQtICyzWmhC5woCtbNgaSmg,UCXgr7vXlRrsaskPdo097kGA,@nestormendez6216,@Rogergh-nw4oj,1
UCQtICyzWmhC5woCtbNgaSmg,UCYN4wSQ1Sx4_LurxLlW7MPg,@nestormendez6216,@belarminavillatoro6474,1
UCQtICyzWmhC5woCtbNgaSmg,UCfM3nrxtTQMY5jFx1v1J4Gg,@nestormendez6216,@edgarroldan5539,1
UCQtICyzWmhC5woCtbNgaSmg,UChZknRmJkeGeQk0-mQuhDOg,@nestormendez6216,@OdilioRodríguez-c5w,1
UCQtICyzWmhC5woCtbNgaSmg,UCiGRBf2RNF0WRKhRVT7zFoA,@nestormendez6216,@edwinavila4876,1
UCQtICyzWmhC5woCtbNgaSmg,UCiMythXHsw7eQEMykCdmMUA,@nestormendez6216,@JavierBecerra-h6x,1
UCQtICyzWmhC5woCtbNgaSmg,UCipetjeiWj4CZB6EbyYziZg,@nestormendez6216,@OseasSamayoa-ol5rz,1
UCQtICyzWmhC5woCtbNgaSmg,UCjSKM9j0Q7HLDr1hD6D-TUw,@nestormendez6216,@josehidalgo4875,1
UCQtICyzWmhC5woCtbNgaSmg,UCjmPuazZJzscrwvk0QR9RVw,@nestormendez6216,@mynorrodas8591,1
UCQtICyzWmhC5woCtbNgaSmg,UCl0ekS9Tt0jJGtOEM18S63w,@nestormendez6216,@monkchapin,1
UCQtICyzWmhC5woCtbNgaSmg,UCmvOgzmmXbjUthHy-WJ52hQ,@nestormendez6216,@mariorodas593,1
UCQtICyzWmhC5woCtbNgaSmg,UCp4iw5_5SmV9VGTFSNVGOmQ,@nestormendez6216,@CARLOSSTREMS51,1
UCQtICyzWmhC5woCtbNgaSmg,UCpl8rF8uv_8uui-QRvuJaRA,@nestormendez6216,@SergioGarcia-z9c,1
UCQtICyzWmhC5woCtbNgaSmg,UCr1emrogPKkKTs_WTtx71xg,@nestormendez6216,@domingopeneleu6457,1
UCQtICyzWmhC5woCtbNgaSmg,UCrJn_rbo_ENAdeqneS-RmRw,@nestormendez6216,@josecarrera9623,1
UCQtICyzWmhC5woCtbNgaSmg,UCsJJAvrVGupdmhOqgtDp8dg,@nestormendez6216,@nestorlorenzana1168,1
UCQtICyzWmhC5woCtbNgaSmg,UCsSXdJct-nsS8DsABoEsaYA,@nestormendez6216,@IvánPérez-j4j,1
UCQtICyzWmhC5woCtbNgaSmg,UCsUCN0Yq_UyTvKjOJLmNrnQ,@nestormendez6216,@moisesvaldez4043,1
UCQtICyzWmhC5woCtbNgaSmg,UCsjs5Hp_r86x1xbK6FAeqaA,@nestormendez6216,@alvaroesquivel563,1
UCQtICyzWmhC5woCtbNgaSmg,UCtNfIBnc5S5DbbQj_yxgJTw,@nestormendez6216,@JosueRamirez-ey3ih,1
UCQtICyzWmhC5woCtbNgaSmg,UCtUR3_CAiE7fCoZHM6cMfyQ,@nestormendez6216,@mdelcid01,1
UCQtICyzWmhC5woCtbNgaSmg,UCvApqeCbLod-wejtT4CcVuA,@nestormendez6216,@davidgaher9550,1
UCQtICyzWmhC5woCtbNgaSmg,UCwha8rxULYMVtNwZWeSkE1A,@nestormendez6216,@mariasamo8637,1
UCQtICyzWmhC5woCtbNgaSmg,UCySYJU5kUh7X8gVt9la2ISA,@nestormendez6216,@dantesarti4351,1
UCQtICyzWmhC5woCtbNgaSmg,UCylqlpsh8ENNM1LqgQ1KbxA,@nestormendez6216,@Jel.Awesh.M,1
UCQtICyzWmhC5woCtbNgaSmg,UCz3gu01bmjNv0DpRq-K3XYg,@nestormendez6216,@eusebiovasquez4385,1
UCDlr1VadSucIZgZ171pRBjQ,UC-hfX8J5JPJ-dfuakzegMLA,@cuabatzjj5924,@normaleticiaorozcojuarez2418,1
UCDlr1VadSucIZgZ171pRBjQ,UC-jS_kA9w-OmpupXDx156Rg,@cuabatzjj5924,@simoncreyesc7579,1
UCDlr1VadSucIZgZ171pRBjQ,UC2weSE8rpqkGMOp6StYtVfg,@cuabatzjj5924,@katerynsantiago2907,1
UCDlr1VadSucIZgZ171pRBjQ,UC3E9mAgP7VoAE5mZoAexl5g,@cuabatzjj5924,@EnnioAroche,1
UCDlr1VadSucIZgZ171pRBjQ,UC3NMzdMYryaw82kPTnsaljg,@cuabatzjj5924,@marisosa7832,1
UCDlr1VadSucIZgZ171pRBjQ,UC4cXueR2bKGFJV0Fk76gwmA,@cuabatzjj5924,@aluxdel4792,1
UCDlr1VadSucIZgZ171pRBjQ,UC5bG9nc_JV3FsNP2KseQiYw,@cuabatzjj5924,@giovannirodas4836,1
UCDlr1VadSucIZgZ171pRBjQ,UC650pRT-OYzny3GwOH8Cgfw,@cuabatzjj5924,@edvinparedesherrera7632,1
UCDlr1VadSucIZgZ171pRBjQ,UC7VUuJr9cGh845CmTvf7TlQ,@cuabatzjj5924,@LuisCastillo-oz4df,1
UCDlr1VadSucIZgZ171pRBjQ,UC8G5cJONY8L9voMyBW8Eoug,@cuabatzjj5924,@luisparedes-pw6qt,1
UCDlr1VadSucIZgZ171pRBjQ,UC8r11yOugM2NuRfitQOxLLg,@cuabatzjj5924,@cesaraugustomoralesmonroy6907,1
UCDlr1VadSucIZgZ171pRBjQ,UC9xr9QvIcDvoZNUX5f-jaZw,@cuabatzjj5924,@MariaaliciaColonmorales,1
UCDlr1VadSucIZgZ171pRBjQ,UCA93ym2TXs_Ibyxb4Vcn-6Q,@cuabatzjj5924,@oswaldosolis8728,1
UCDlr1VadSucIZgZ171pRBjQ,UCAlzM_N6xBlMYmM8EBzX86Q,@cuabatzjj5924,@carlossoto3252,1
UCDlr1VadSucIZgZ171pRBjQ,UCAmtbUiIrUIhikru0ZoTFig,@cuabatzjj5924,@Aura-vf6dm,1
UCDlr1VadSucIZgZ171pRBjQ,UCB5p8a5gklc80jJItP6xTHg,@cuabatzjj5924,@ernestogamboa8737,1
UCDlr1VadSucIZgZ171pRBjQ,UCDPWkUX3sNNaCx-m1dV4glA,@cuabatzjj5924,@hectoroliva949,1
UCDlr1VadSucIZgZ171pRBjQ,UCDUffaruH6dyUnUGwsTKpgg,@cuabatzjj5924,@luisletona2842,1
UCDlr1VadSucIZgZ171pRBjQ,UCFhxtoeARHPnXXPcDrOU3Xg,@cuabatzjj5924,@diegoalejandrolopezmendez205,1
UCDlr1VadSucIZgZ171pRBjQ,UCFoIAE8k82D6AV-8gjjKaNg,@cuabatzjj5924,@eddymunoz9789,1
UCDlr1VadSucIZgZ171pRBjQ,UCFxE8GbokBrBsPEKM1xrOjQ,@cuabatzjj5924,@JuanDavila-qd7qj,1
UCDlr1VadSucIZgZ171pRBjQ,UCGzXwyCzMzGmjmCbH3Hg01Q,@cuabatzjj5924,@FidelZacarias-ph7dy,1
UCDlr1VadSucIZgZ171pRBjQ,UCHTGCgY2l-DQJIvlA_cpa_Q,@cuabatzjj5924,@virgiliogarcia3039,1
UCDlr1VadSucIZgZ171pRBjQ,UCKDR0f2fu2UzWL8mBv5-BHw,@cuabatzjj5924,@mireyamorales6595,1
UCDlr1VadSucIZgZ171pRBjQ,UCL1MT278vSaQ83ZDkVWn1gw,@cuabatzjj5924,@elmorodriguez6978,1
UCDlr1VadSucIZgZ171pRBjQ,UCOh6DaZC_x9HASnlRylEMfw,@cuabatzjj5924,@AndresMedina-v1s,1
UCDlr1VadSucIZgZ171pRBjQ,UCRETAiYdh2dL5ZxB0_N1zDA,@cuabatzjj5924,@Joseroland21,1
UCDlr1VadSucIZgZ171pRBjQ,UCSou6a2OuYGSvPjm5psquyA,@cuabatzjj5924,@FranciscoRivera-sf7ne,1
UCDlr1VadSucIZgZ171pRBjQ,UCTD6q1nyIe3Y7HhqjaMj72w,@cuabatzjj5924,@JuanChang-r6k,1
UCDlr1VadSucIZgZ171pRBjQ,UCTP3O0rMnc8z8v8jaDQwL0w,@cuabatzjj5924,@RobertoZelaya-x1v,1
UCDlr1VadSucIZgZ171pRBjQ,UCXXh7yg5KUFIWylTiKVEFKQ,@cuabatzjj5924,@MrDuenderojo,1
UCDlr1VadSucIZgZ171pRBjQ,UCXgr7vXlRrsaskPdo097kGA,@cuabatzjj5924,@Rogergh-nw4oj,1
UCDlr1VadSucIZgZ171pRBjQ,UCYN4wSQ1Sx4_LurxLlW7MPg,@cuabatzjj5924,@belarminavillatoro6474,1
UCDlr1VadSucIZgZ171pRBjQ,UCfM3nrxtTQMY5jFx1v1J4Gg,@cuabatzjj5924,@edgarroldan5539,1
UCDlr1VadSucIZgZ171pRBjQ,UChZknRmJkeGeQk0-mQuhDOg,@cuabatzjj5924,@OdilioRodríguez-c5w,1
UCDlr1VadSucIZgZ171pRBjQ,UCiGRBf2RNF0WRKhRVT7zFoA,@cuabatzjj5924,@edwinavila4876,1
UCDlr1VadSucIZgZ171pRBjQ,UCiMythXHsw7eQEMykCdmMUA,@cuabatzjj5924,@JavierBecerra-h6x,1
UCDlr1VadSucIZgZ171pRBjQ,UCipetjeiWj4CZB6EbyYziZg,@cuabatzjj5924,@OseasSamayoa-ol5rz,1
UCDlr1VadSucIZgZ171pRBjQ,UCjSKM9j0Q7HLDr1hD6D-TUw,@cuabatzjj5924,@josehidalgo4875,1
UCDlr1VadSucIZgZ171pRBjQ,UCjmPuazZJzscrwvk0QR9RVw,@cuabatzjj5924,@mynorrodas8591,1
UCDlr1VadSucIZgZ171pRBjQ,UCl0ekS9Tt0jJGtOEM18S63w,@cuabatzjj5924,@monkchapin,1
UCDlr1VadSucIZgZ171pRBjQ,UCmvOgzmmXbjUthHy-WJ52hQ,@cuabatzjj5924,@mariorodas593,1
UCDlr1VadSucIZgZ171pRBjQ,UCp4iw5_5SmV9VGTFSNVGOmQ,@cuabatzjj5924,@CARLOSSTREMS51,1
UCDlr1VadSucIZgZ171pRBjQ,UCpl8rF8uv_8uui-QRvuJaRA,@cuabatzjj5924,@SergioGarcia-z9c,1
UCDlr1VadSucIZgZ171pRBjQ,UCr1emrogPKkKTs_WTtx71xg,@cuabatzjj5924,@domingopeneleu6457,1
UCDlr1VadSucIZgZ171pRBjQ,UCrJn_rbo_ENAdeqneS-RmRw,@cuabatzjj5924,@josecarrera9623,1
UCDlr1VadSucIZgZ171pRBjQ,UCsJJAvrVGupdmhOqgtDp8dg,@cuabatzjj5924,@nestorlorenzana1168,1
UCDlr1VadSucIZgZ171pRBjQ,UCsSXdJct-nsS8DsABoEsaYA,@cuabatzjj5924,@IvánPérez-j4j,1
UCDlr1VadSucIZgZ171pRBjQ,UCsUCN0Yq_UyTvKjOJLmNrnQ,@cuabatzjj5924,@moisesvaldez4043,1
UCDlr1VadSucIZgZ171pRBjQ,UCsjs5Hp_r86x1xbK6FAeqaA,@cuabatzjj5924,@alvaroesquivel563,1
UCDlr1VadSucIZgZ171pRBjQ,UCtNfIBnc5S5DbbQj_yxgJTw,@cuabatzjj5924,@JosueRamirez-ey3ih,1
UCDlr1VadSucIZgZ171pRBjQ,UCtUR3_CAiE7fCoZHM6cMfyQ,@cuabatzjj5924,@mdelcid01,1
UCDlr1VadSucIZgZ171pRBjQ,UCvApqeCbLod-wejtT4CcVuA,@cuabatzjj5924,@davidgaher9550,1
UCDlr1VadSucIZgZ171pRBjQ,UCwha8rxULYMVtNwZWeSkE1A,@cuabatzjj5924,@mariasamo8637,1
UCDlr1VadSucIZgZ171pRBjQ,UCySYJU5kUh7X8gVt9la2ISA,@cuabatzjj5924,@dantesarti4351,1
UCDlr1VadSucIZgZ171pRBjQ,UCylqlpsh8ENNM1LqgQ1KbxA,@cuabatzjj5924,@Jel.Awesh.M,1
UCDlr1VadSucIZgZ171pRBjQ,UCz3gu01bmjNv0DpRq-K3XYg,@cuabatzjj5924,@eusebiovasquez4385,1
UCxKR3RA8T-kxMgq_2WWhRcQ,UC0aEyakBPqcBkVJiErfSupQ,@elenaluarca9377,@jhonymanuel9891,1
UCxKR3RA8T-kxMgq_2WWhRcQ,UC5fvhAfm89JH8eDFdvc0xYw,@elenaluarca9377,@isaidiaz2388,1
UCxKR3RA8T-kxMgq_2WWhRcQ,UCGqKxQS-z3NZzZF-2w338AA,@elenaluarca9377,@samuelaguilar529,1
UCxKR3RA8T-kxMgq_2WWhRcQ,UCHMQ_lDhibZ-XZ_3fo6oxwg,@elenaluarca9377,@crislexrubi4387,1
UCxKR3RA8T-kxMgq_2WWhRcQ,UCIp19h9igblA2YKfSLPDAug,@elenaluarca9377,@JoseReyes-rn6sh,1
UCxKR3RA8T-kxMgq_2WWhRcQ,UCRcSR3Lvn9DZAmJpVPANfZQ,@elenaluarca9377,@WalksandSuch,1
UCxKR3RA8T-kxMgq_2WWhRcQ,UCRznz9-N3Qc1w-qNdLSIY2Q,@elenaluarca9377,@jimmygomez724,1
UCxKR3RA8T-kxMgq_2WWhRcQ,UCY7Hq7F9Lnucf-Yr6JkHZNw,@elenaluarca9377,@maynorcalel1442,1
UCxKR3RA8T-kxMgq_2WWhRcQ,UCaT6M2zp7X6r6Whd8Vv3kHQ,@elenaluarca9377,@alexarcos8349,1
UCxKR3RA8T-kxMgq_2WWhRcQ,UCgLrWFdYitoP-b7-PxtUr-w,@elenaluarca9377,@zetag,1
UCxKR3RA8T-kxMgq_2WWhRcQ,UCi-vPdnpQreC7BkFs40mJGA,@elenaluarca9377,@bryansicasales4280,1
UCxKR3RA8T-kxMgq_2WWhRcQ,UCqilIa8r7iek5sGYg_q6ofA,@elenaluarca9377,@rolandojuchuna484,1
UCxKR3RA8T-kxMgq_2WWhRcQ,UCs_5qeqdku9tGAq22y3OcuQ,@elenaluarca9377,@alexandrevasquez4135,1
UCxKR3RA8T-kxMgq_2WWhRcQ,UCtMBF_1O2jY2INlb_luuB_A,@elenaluarca9377,@mynorgudiel8646,1
UCxKR3RA8T-kxMgq_2WWhRcQ,UCwUAv3_LpWVtTIi7lkmTL7A,@elenaluarca9377,@kingr4706,1
UCxKR3RA8T-kxMgq_2WWhRcQ,UCyzf29IYjNw67gGIfsjgtxA,@elenaluarca9377,@carlosoliva9249,1
UCJxJC56BSAX-ArD0NAb9qnQ,UCyor0Mmm0ivLX2jIdyGp84Q,@alfonsowilian9157,@MiguelJordan-n3g,1
UCqilIa8r7iek5sGYg_q6ofA,UC0aEyakBPqcBkVJiErfSupQ,@rolandojuchuna484,@jhonymanuel9891,1
UCqilIa8r7iek5sGYg_q6ofA,UC5fvhAfm89JH8eDFdvc0xYw,@rolandojuchuna484,@isaidiaz2388,1
UCqilIa8r7iek5sGYg_q6ofA,UCGqKxQS-z3NZzZF-2w338AA,@rolandojuchuna484,@samuelaguilar529,1
UCqilIa8r7iek5sGYg_q6ofA,UCHMQ_lDhibZ-XZ_3fo6oxwg,@rolandojuchuna484,@crislexrubi4387,1
UCqilIa8r7iek5sGYg_q6ofA,UCIp19h9igblA2YKfSLPDAug,@rolandojuchuna484,@JoseReyes-rn6sh,1
UCqilIa8r7iek5sGYg_q6ofA,UCRcSR3Lvn9DZAmJpVPANfZQ,@rolandojuchuna484,@WalksandSuch,1
UCqilIa8r7iek5sGYg_q6ofA,UCRznz9-N3Qc1w-qNdLSIY2Q,@rolandojuchuna484,@jimmygomez724,1
UCqilIa8r7iek5sGYg_q6ofA,UCY7Hq7F9Lnucf-Yr6JkHZNw,@rolandojuchuna484,@maynorcalel1442,1
UCqilIa8r7iek5sGYg_q6ofA,UCaT6M2zp7X6r6Whd8Vv3kHQ,@rolandojuchuna484,@alexarcos8349,1
UCqilIa8r7iek5sGYg_q6ofA,UCgLrWFdYitoP-b7-PxtUr-w,@rolandojuchuna484,@zetag,1
UCqilIa8r7iek5sGYg_q6ofA,UCi-vPdnpQreC7BkFs40mJGA,@rolandojuchuna484,@bryansicasales4280,1
UCqilIa8r7iek5sGYg_q6ofA,UCs_5qeqdku9tGAq22y3OcuQ,@rolandojuchuna484,@alexandrevasquez4135,1
UCqilIa8r7iek5sGYg_q6ofA,UCtMBF_1O2jY2INlb_luuB_A,@rolandojuchuna484,@mynorgudiel8646,1
UCqilIa8r7iek5sGYg_q6ofA,UCwUAv3_LpWVtTIi7lkmTL7A,@rolandojuchuna484,@kingr4706,1
UCqilIa8r7iek5sGYg_q6ofA,UCyzf29IYjNw67gGIfsjgtxA,@rolandojuchuna484,@carlosoliva9249,1
UCpe5jW3MIqkgTJ-PgkzvM6Q,UC-fiZBS5Gp1eCJd9ucgWnCg,@carloslam5333,@Tommii.10,1
UCpe5jW3MIqkgTJ-PgkzvM6Q,UC32oozucwCF3q8d4m8fyOUg,@carloslam5333,@RauldejesusOlivagonzalez,1
UCpe5jW3MIqkgTJ-PgkzvM6Q,UC3UVO7pTbeYvZ3ILEyRDskQ,@carloslam5333,@rosaelenaargueta79,1
UCpe5jW3MIqkgTJ-PgkzvM6Q,UC7dadZG7kkGYnsNu6td0FbA,@carloslam5333,@lesolorzano,1
UCpe5jW3MIqkgTJ-PgkzvM6Q,UCAKuKvcbfnBD3kF5njNu-IA,@carloslam5333,@melvinlopez7096,1
UCpe5jW3MIqkgTJ-PgkzvM6Q,UCCBYcToQ2dwkd6TJh0FSyDg,@carloslam5333,@lidiarodriguez3493,1
UCpe5jW3MIqkgTJ-PgkzvM6Q,UCDrmf9y9nLgFY5wnA2hTuGA,@carloslam5333,@laboratorio5528,1
UCpe5jW3MIqkgTJ-PgkzvM6Q,UCHbwIx9pmQuf7i-4_xO2EpA,@carloslam5333,@caminoseternos752,1
UCpe5jW3MIqkgTJ-PgkzvM6Q,UCQqlPPUGqAfWjd-FSh_qn7Q,@carloslam5333,@estuardoargueta137,1
UCpe5jW3MIqkgTJ-PgkzvM6Q,UCRvPToDkkumha7WJAfCDk1A,@carloslam5333,@ligiaguerra3057,1
UCpe5jW3MIqkgTJ-PgkzvM6Q,UCUoYsrx1oZnCZ0usbBJn4fA,@carloslam5333,@AnaDiaz-re9sq,1
UCpe5jW3MIqkgTJ-PgkzvM6Q,UCW-JC6lebVmf2P1dmY_L94g,@carloslam5333,@dinoraoroxon5771,1
UCpe5jW3MIqkgTJ-PgkzvM6Q,UCW80DaMjQlEUibC98Cot-Dg,@carloslam5333,@rogeraldana4289,1
UCpe5jW3MIqkgTJ-PgkzvM6Q,UCWoAVGVqCn4xtINCMOTM4jg,@carloslam5333,@OmarMartinez-vv8re,1
UCpe5jW3MIqkgTJ-PgkzvM6Q,UC_LYoGs5C3mbZKZuKuqYCvw,@carloslam5333,@javiercifuentesarchila6041,1
UCpe5jW3MIqkgTJ-PgkzvM6Q,UCe8JZoYkX5oKUZyivHYdXhw,@carloslam5333,@FernandoGarcia-jg1fj,1
UCpe5jW3MIqkgTJ-PgkzvM6Q,UCgJNFj5dnxXpcMvmuhZDPxA,@carloslam5333,@NataliaRodriguez-rx5mr,1
UCpe5jW3MIqkgTJ-PgkzvM6Q,UClhMWQ7XKWywYvbRnuf8QsA,@carloslam5333,@EcPerez-zz9oh,1
UCpe5jW3MIqkgTJ-PgkzvM6Q,UClqA491Xa5fQcXcJJa-vTWw,@carloslam5333,@AndresLemus-k2d,1
UCpe5jW3MIqkgTJ-PgkzvM6Q,UCsGoJEvb-cFPZ2rWoJcXzEQ,@carloslam5333,@sergiohinestroza9709,1
UCpe5jW3MIqkgTJ-PgkzvM6Q,UCu8_3-Wg-YzNyvHYQDEscfw,@carloslam5333,@RolandoCastroPérez-d7y,1
UCpe5jW3MIqkgTJ-PgkzvM6Q,UCuXmOjxC-htcprLgeVXz6Tg,@carloslam5333,@jorgeaguilar-bq3uj,1
UCpe5jW3MIqkgTJ-PgkzvM6Q,UCylqlpsh8ENNM1LqgQ1KbxA,@carloslam5333,@Jel.Awesh.M,1
UCz3gu01bmjNv0DpRq-K3XYg,UC-hfX8J5JPJ-dfuakzegMLA,@eusebiovasquez4385,@normaleticiaorozcojuarez2418,1
UCz3gu01bmjNv0DpRq-K3XYg,UC-jS_kA9w-OmpupXDx156Rg,@eusebiovasquez4385,@simoncreyesc7579,1
UCz3gu01bmjNv0DpRq-K3XYg,UC2weSE8rpqkGMOp6StYtVfg,@eusebiovasquez4385,@katerynsantiago2907,1
UCz3gu01bmjNv0DpRq-K3XYg,UC3E9mAgP7VoAE5mZoAexl5g,@eusebiovasquez4385,@EnnioAroche,1
UCz3gu01bmjNv0DpRq-K3XYg,UC3NMzdMYryaw82kPTnsaljg,@eusebiovasquez4385,@marisosa7832,1
UCz3gu01bmjNv0DpRq-K3XYg,UC4cXueR2bKGFJV0Fk76gwmA,@eusebiovasquez4385,@aluxdel4792,1
UCz3gu01bmjNv0DpRq-K3XYg,UC5bG9nc_JV3FsNP2KseQiYw,@eusebiovasquez4385,@giovannirodas4836,1
UCz3gu01bmjNv0DpRq-K3XYg,UC650pRT-OYzny3GwOH8Cgfw,@eusebiovasquez4385,@edvinparedesherrera7632,1
UCz3gu01bmjNv0DpRq-K3XYg,UC7VUuJr9cGh845CmTvf7TlQ,@eusebiovasquez4385,@LuisCastillo-oz4df,1
UCz3gu01bmjNv0DpRq-K3XYg,UC8G5cJONY8L9voMyBW8Eoug,@eusebiovasquez4385,@luisparedes-pw6qt,1
UCz3gu01bmjNv0DpRq-K3XYg,UC8r11yOugM2NuRfitQOxLLg,@eusebiovasquez4385,@cesaraugustomoralesmonroy6907,1
UCz3gu01bmjNv0DpRq-K3XYg,UC9xr9QvIcDvoZNUX5f-jaZw,@eusebiovasquez4385,@MariaaliciaColonmorales,1
UCz3gu01bmjNv0DpRq-K3XYg,UCA93ym2TXs_Ibyxb4Vcn-6Q,@eusebiovasquez4385,@oswaldosolis8728,1
UCz3gu01bmjNv0DpRq-K3XYg,UCAlzM_N6xBlMYmM8EBzX86Q,@eusebiovasquez4385,@carlossoto3252,1
UCz3gu01bmjNv0DpRq-K3XYg,UCAmtbUiIrUIhikru0ZoTFig,@eusebiovasquez4385,@Aura-vf6dm,1
UCz3gu01bmjNv0DpRq-K3XYg,UCB5p8a5gklc80jJItP6xTHg,@eusebiovasquez4385,@ernestogamboa8737,1
UCz3gu01bmjNv0DpRq-K3XYg,UCDPWkUX3sNNaCx-m1dV4glA,@eusebiovasquez4385,@hectoroliva949,1
UCz3gu01bmjNv0DpRq-K3XYg,UCDUffaruH6dyUnUGwsTKpgg,@eusebiovasquez4385,@luisletona2842,1
UCz3gu01bmjNv0DpRq-K3XYg,UCFhxtoeARHPnXXPcDrOU3Xg,@eusebiovasquez4385,@diegoalejandrolopezmendez205,1
UCz3gu01bmjNv0DpRq-K3XYg,UCFoIAE8k82D6AV-8gjjKaNg,@eusebiovasquez4385,@eddymunoz9789,1
UCz3gu01bmjNv0DpRq-K3XYg,UCFxE8GbokBrBsPEKM1xrOjQ,@eusebiovasquez4385,@JuanDavila-qd7qj,1
UCz3gu01bmjNv0DpRq-K3XYg,UCGzXwyCzMzGmjmCbH3Hg01Q,@eusebiovasquez4385,@FidelZacarias-ph7dy,1
UCz3gu01bmjNv0DpRq-K3XYg,UCHTGCgY2l-DQJIvlA_cpa_Q,@eusebiovasquez4385,@virgiliogarcia3039,1
UCz3gu01bmjNv0DpRq-K3XYg,UCKDR0f2fu2UzWL8mBv5-BHw,@eusebiovasquez4385,@mireyamorales6595,1
UCz3gu01bmjNv0DpRq-K3XYg,UCL1MT278vSaQ83ZDkVWn1gw,@eusebiovasquez4385,@elmorodriguez6978,1
UCz3gu01bmjNv0DpRq-K3XYg,UCOh6DaZC_x9HASnlRylEMfw,@eusebiovasquez4385,@AndresMedina-v1s,1
UCz3gu01bmjNv0DpRq-K3XYg,UCRETAiYdh2dL5ZxB0_N1zDA,@eusebiovasquez4385,@Joseroland21,1
UCz3gu01bmjNv0DpRq-K3XYg,UCSou6a2OuYGSvPjm5psquyA,@eusebiovasquez4385,@FranciscoRivera-sf7ne,1
UCz3gu01bmjNv0DpRq-K3XYg,UCTD6q1nyIe3Y7HhqjaMj72w,@eusebiovasquez4385,@JuanChang-r6k,1
UCz3gu01bmjNv0DpRq-K3XYg,UCTP3O0rMnc8z8v8jaDQwL0w,@eusebiovasquez4385,@RobertoZelaya-x1v,1
UCz3gu01bmjNv0DpRq-K3XYg,UCXXh7yg5KUFIWylTiKVEFKQ,@eusebiovasquez4385,@MrDuenderojo,1
UCz3gu01bmjNv0DpRq-K3XYg,UCXgr7vXlRrsaskPdo097kGA,@eusebiovasquez4385,@Rogergh-nw4oj,1
UCz3gu01bmjNv0DpRq-K3XYg,UCYN4wSQ1Sx4_LurxLlW7MPg,@eusebiovasquez4385,@belarminavillatoro6474,1
UCz3gu01bmjNv0DpRq-K3XYg,UCfM3nrxtTQMY5jFx1v1J4Gg,@eusebiovasquez4385,@edgarroldan5539,1
UCz3gu01bmjNv0DpRq-K3XYg,UChZknRmJkeGeQk0-mQuhDOg,@eusebiovasquez4385,@OdilioRodríguez-c5w,1
UCz3gu01bmjNv0DpRq-K3XYg,UCiGRBf2RNF0WRKhRVT7zFoA,@eusebiovasquez4385,@edwinavila4876,1
UCz3gu01bmjNv0DpRq-K3XYg,UCiMythXHsw7eQEMykCdmMUA,@eusebiovasquez4385,@JavierBecerra-h6x,1
UCz3gu01bmjNv0DpRq-K3XYg,UCipetjeiWj4CZB6EbyYziZg,@eusebiovasquez4385,@OseasSamayoa-ol5rz,1
UCz3gu01bmjNv0DpRq-K3XYg,UCjSKM9j0Q7HLDr1hD6D-TUw,@eusebiovasquez4385,@josehidalgo4875,1
UCz3gu01bmjNv0DpRq-K3XYg,UCjmPuazZJzscrwvk0QR9RVw,@eusebiovasquez4385,@mynorrodas8591,1
UCz3gu01bmjNv0DpRq-K3XYg,UCl0ekS9Tt0jJGtOEM18S63w,@eusebiovasquez4385,@monkchapin,1
UCz3gu01bmjNv0DpRq-K3XYg,UCmvOgzmmXbjUthHy-WJ52hQ,@eusebiovasquez4385,@mariorodas593,1
UCz3gu01bmjNv0DpRq-K3XYg,UCp4iw5_5SmV9VGTFSNVGOmQ,@eusebiovasquez4385,@CARLOSSTREMS51,1
UCz3gu01bmjNv0DpRq-K3XYg,UCpl8rF8uv_8uui-QRvuJaRA,@eusebiovasquez4385,@SergioGarcia-z9c,1
UCz3gu01bmjNv0DpRq-K3XYg,UCr1emrogPKkKTs_WTtx71xg,@eusebiovasquez4385,@domingopeneleu6457,1
UCz3gu01bmjNv0DpRq-K3XYg,UCrJn_rbo_ENAdeqneS-RmRw,@eusebiovasquez4385,@josecarrera9623,1
UCz3gu01bmjNv0DpRq-K3XYg,UCsJJAvrVGupdmhOqgtDp8dg,@eusebiovasquez4385,@nestorlorenzana1168,1
UCz3gu01bmjNv0DpRq-K3XYg,UCsSXdJct-nsS8DsABoEsaYA,@eusebiovasquez4385,@IvánPérez-j4j,1
UCz3gu01bmjNv0DpRq-K3XYg,UCsUCN0Yq_UyTvKjOJLmNrnQ,@eusebiovasquez4385,@moisesvaldez4043,1
UCz3gu01bmjNv0DpRq-K3XYg,UCsjs5Hp_r86x1xbK6FAeqaA,@eusebiovasquez4385,@alvaroesquivel563,1
UCz3gu01bmjNv0DpRq-K3XYg,UCtNfIBnc5S5DbbQj_yxgJTw,@eusebiovasquez4385,@JosueRamirez-ey3ih,1
UCz3gu01bmjNv0DpRq-K3XYg,UCtUR3_CAiE7fCoZHM6cMfyQ,@eusebiovasquez4385,@mdelcid01,1
UCz3gu01bmjNv0DpRq-K3XYg,UCvApqeCbLod-wejtT4CcVuA,@eusebiovasquez4385,@davidgaher9550,1
UCz3gu01bmjNv0DpRq-K3XYg,UCwha8rxULYMVtNwZWeSkE1A,@eusebiovasquez4385,@mariasamo8637,1
UCz3gu01bmjNv0DpRq-K3XYg,UCySYJU5kUh7X8gVt9la2ISA,@eusebiovasquez4385,@dantesarti4351,1
UCz3gu01bmjNv0DpRq-K3XYg,UCylqlpsh8ENNM1LqgQ1KbxA,@eusebiovasquez4385,@Jel.Awesh.M,1
UCuXmOjxC-htcprLgeVXz6Tg,UC-fiZBS5Gp1eCJd9ucgWnCg,@jorgeaguilar-bq3uj,@Tommii.10,1
UCuXmOjxC-htcprLgeVXz6Tg,UC32oozucwCF3q8d4m8fyOUg,@jorgeaguilar-bq3uj,@RauldejesusOlivagonzalez,1
UCuXmOjxC-htcprLgeVXz6Tg,UC3UVO7pTbeYvZ3ILEyRDskQ,@jorgeaguilar-bq3uj,@rosaelenaargueta79,1
UCuXmOjxC-htcprLgeVXz6Tg,UC7dadZG7kkGYnsNu6td0FbA,@jorgeaguilar-bq3uj,@lesolorzano,1
UCuXmOjxC-htcprLgeVXz6Tg,UCAKuKvcbfnBD3kF5njNu-IA,@jorgeaguilar-bq3uj,@melvinlopez7096,1
UCuXmOjxC-htcprLgeVXz6Tg,UCCBYcToQ2dwkd6TJh0FSyDg,@jorgeaguilar-bq3uj,@lidiarodriguez3493,1
UCuXmOjxC-htcprLgeVXz6Tg,UCDrmf9y9nLgFY5wnA2hTuGA,@jorgeaguilar-bq3uj,@laboratorio5528,1
UCuXmOjxC-htcprLgeVXz6Tg,UCHbwIx9pmQuf7i-4_xO2EpA,@jorgeaguilar-bq3uj,@caminoseternos752,1
UCuXmOjxC-htcprLgeVXz6Tg,UCQqlPPUGqAfWjd-FSh_qn7Q,@jorgeaguilar-bq3uj,@estuardoargueta137,1
UCuXmOjxC-htcprLgeVXz6Tg,UCRvPToDkkumha7WJAfCDk1A,@jorgeaguilar-bq3uj,@ligiaguerra3057,1
UCuXmOjxC-htcprLgeVXz6Tg,UCUoYsrx1oZnCZ0usbBJn4fA,@jorgeaguilar-bq3uj,@AnaDiaz-re9sq,1
UCuXmOjxC-htcprLgeVXz6Tg,UCW-JC6lebVmf2P1dmY_L94g,@jorgeaguilar-bq3uj,@dinoraoroxon5771,1
UCuXmOjxC-htcprLgeVXz6Tg,UCW80DaMjQlEUibC98Cot-Dg,@jorgeaguilar-bq3uj,@rogeraldana4289,1
UCuXmOjxC-htcprLgeVXz6Tg,UCWoAVGVqCn4xtINCMOTM4jg,@jorgeaguilar-bq3uj,@OmarMartinez-vv8re,1
UCuXmOjxC-htcprLgeVXz6Tg,UC_LYoGs5C3mbZKZuKuqYCvw,@jorgeaguilar-bq3uj,@javiercifuentesarchila6041,1
UCuXmOjxC-htcprLgeVXz6Tg,UCe8JZoYkX5oKUZyivHYdXhw,@jorgeaguilar-bq3uj,@FernandoGarcia-jg1fj,1
UCuXmOjxC-htcprLgeVXz6Tg,UCgJNFj5dnxXpcMvmuhZDPxA,@jorgeaguilar-bq3uj,@NataliaRodriguez-rx5mr,1
UCuXmOjxC-htcprLgeVXz6Tg,UClhMWQ7XKWywYvbRnuf8QsA,@jorgeaguilar-bq3uj,@EcPerez-zz9oh,1
UCuXmOjxC-htcprLgeVXz6Tg,UClqA491Xa5fQcXcJJa-vTWw,@jorgeaguilar-bq3uj,@AndresLemus-k2d,1
UCuXmOjxC-htcprLgeVXz6Tg,UCsGoJEvb-cFPZ2rWoJcXzEQ,@jorgeaguilar-bq3uj,@sergiohinestroza9709,1
UCuXmOjxC-htcprLgeVXz6Tg,UCu8_3-Wg-YzNyvHYQDEscfw,@jorgeaguilar-bq3uj,@RolandoCastroPérez-d7y,1
UCuXmOjxC-htcprLgeVXz6Tg,UCylqlpsh8ENNM1LqgQ1KbxA,@jorgeaguilar-bq3uj,@Jel.Awesh.M,1
UCySYJU5kUh7X8gVt9la2ISA,UC-hfX8J5JPJ-dfuakzegMLA,@dantesarti4351,@normaleticiaorozcojuarez2418,1
UCySYJU5kUh7X8gVt9la2ISA,UC-jS_kA9w-OmpupXDx156Rg,@dantesarti4351,@simoncreyesc7579,1
UCySYJU5kUh7X8gVt9la2ISA,UC2weSE8rpqkGMOp6StYtVfg,@dantesarti4351,@katerynsantiago2907,1
UCySYJU5kUh7X8gVt9la2ISA,UC3E9mAgP7VoAE5mZoAexl5g,@dantesarti4351,@EnnioAroche,1
UCySYJU5kUh7X8gVt9la2ISA,UC3NMzdMYryaw82kPTnsaljg,@dantesarti4351,@marisosa7832,1
UCySYJU5kUh7X8gVt9la2ISA,UC4cXueR2bKGFJV0Fk76gwmA,@dantesarti4351,@aluxdel4792,1
UCySYJU5kUh7X8gVt9la2ISA,UC5bG9nc_JV3FsNP2KseQiYw,@dantesarti4351,@giovannirodas4836,1
UCySYJU5kUh7X8gVt9la2ISA,UC650pRT-OYzny3GwOH8Cgfw,@dantesarti4351,@edvinparedesherrera7632,1
UCySYJU5kUh7X8gVt9la2ISA,UC7VUuJr9cGh845CmTvf7TlQ,@dantesarti4351,@LuisCastillo-oz4df,1
UCySYJU5kUh7X8gVt9la2ISA,UC8G5cJONY8L9voMyBW8Eoug,@dantesarti4351,@luisparedes-pw6qt,1
UCySYJU5kUh7X8gVt9la2ISA,UC8r11yOugM2NuRfitQOxLLg,@dantesarti4351,@cesaraugustomoralesmonroy6907,1
UCySYJU5kUh7X8gVt9la2ISA,UC9xr9QvIcDvoZNUX5f-jaZw,@dantesarti4351,@MariaaliciaColonmorales,1
UCySYJU5kUh7X8gVt9la2ISA,UCA93ym2TXs_Ibyxb4Vcn-6Q,@dantesarti4351,@oswaldosolis8728,1
UCySYJU5kUh7X8gVt9la2ISA,UCAlzM_N6xBlMYmM8EBzX86Q,@dantesarti4351,@carlossoto3252,1
UCySYJU5kUh7X8gVt9la2ISA,UCAmtbUiIrUIhikru0ZoTFig,@dantesarti4351,@Aura-vf6dm,1
UCySYJU5kUh7X8gVt9la2ISA,UCB5p8a5gklc80jJItP6xTHg,@dantesarti4351,@ernestogamboa8737,1
UCySYJU5kUh7X8gVt9la2ISA,UCDPWkUX3sNNaCx-m1dV4glA,@dantesarti4351,@hectoroliva949,1
UCySYJU5kUh7X8gVt9la2ISA,UCDUffaruH6dyUnUGwsTKpgg,@dantesarti4351,@luisletona2842,1
UCySYJU5kUh7X8gVt9la2ISA,UCFhxtoeARHPnXXPcDrOU3Xg,@dantesarti4351,@diegoalejandrolopezmendez205,1
UCySYJU5kUh7X8gVt9la2ISA,UCFoIAE8k82D6AV-8gjjKaNg,@dantesarti4351,@eddymunoz9789,1
UCySYJU5kUh7X8gVt9la2ISA,UCFxE8GbokBrBsPEKM1xrOjQ,@dantesarti4351,@JuanDavila-qd7qj,1
UCySYJU5kUh7X8gVt9la2ISA,UCGzXwyCzMzGmjmCbH3Hg01Q,@dantesarti4351,@FidelZacarias-ph7dy,1
UCySYJU5kUh7X8gVt9la2ISA,UCHTGCgY2l-DQJIvlA_cpa_Q,@dantesarti4351,@virgiliogarcia3039,1
UCySYJU5kUh7X8gVt9la2ISA,UCKDR0f2fu2UzWL8mBv5-BHw,@dantesarti4351,@mireyamorales6595,1
UCySYJU5kUh7X8gVt9la2ISA,UCL1MT278vSaQ83ZDkVWn1gw,@dantesarti4351,@elmorodriguez6978,1
UCySYJU5kUh7X8gVt9la2ISA,UCOh6DaZC_x9HASnlRylEMfw,@dantesarti4351,@AndresMedina-v1s,1
UCySYJU5kUh7X8gVt9la2ISA,UCRETAiYdh2dL5ZxB0_N1zDA,@dantesarti4351,@Joseroland21,1
UCySYJU5kUh7X8gVt9la2ISA,UCSou6a2OuYGSvPjm5psquyA,@dantesarti4351,@FranciscoRivera-sf7ne,1
UCySYJU5kUh7X8gVt9la2ISA,UCTD6q1nyIe3Y7HhqjaMj72w,@dantesarti4351,@JuanChang-r6k,1
UCySYJU5kUh7X8gVt9la2ISA,UCTP3O0rMnc8z8v8jaDQwL0w,@dantesarti4351,@RobertoZelaya-x1v,1
UCySYJU5kUh7X8gVt9la2ISA,UCXXh7yg5KUFIWylTiKVEFKQ,@dantesarti4351,@MrDuenderojo,1
UCySYJU5kUh7X8gVt9la2ISA,UCXgr7vXlRrsaskPdo097kGA,@dantesarti4351,@Rogergh-nw4oj,1
UCySYJU5kUh7X8gVt9la2ISA,UCYN4wSQ1Sx4_LurxLlW7MPg,@dantesarti4351,@belarminavillatoro6474,1
UCySYJU5kUh7X8gVt9la2ISA,UCfM3nrxtTQMY5jFx1v1J4Gg,@dantesarti4351,@edgarroldan5539,1
UCySYJU5kUh7X8gVt9la2ISA,UChZknRmJkeGeQk0-mQuhDOg,@dantesarti4351,@OdilioRodríguez-c5w,1
UCySYJU5kUh7X8gVt9la2ISA,UCiGRBf2RNF0WRKhRVT7zFoA,@dantesarti4351,@edwinavila4876,1
UCySYJU5kUh7X8gVt9la2ISA,UCiMythXHsw7eQEMykCdmMUA,@dantesarti4351,@JavierBecerra-h6x,1
UCySYJU5kUh7X8gVt9la2ISA,UCipetjeiWj4CZB6EbyYziZg,@dantesarti4351,@OseasSamayoa-ol5rz,1
UCySYJU5kUh7X8gVt9la2ISA,UCjSKM9j0Q7HLDr1hD6D-TUw,@dantesarti4351,@josehidalgo4875,1
UCySYJU5kUh7X8gVt9la2ISA,UCjmPuazZJzscrwvk0QR9RVw,@dantesarti4351,@mynorrodas8591,1
UCySYJU5kUh7X8gVt9la2ISA,UCl0ekS9Tt0jJGtOEM18S63w,@dantesarti4351,@monkchapin,1
UCySYJU5kUh7X8gVt9la2ISA,UCmvOgzmmXbjUthHy-WJ52hQ,@dantesarti4351,@mariorodas593,1
UCySYJU5kUh7X8gVt9la2ISA,UCp4iw5_5SmV9VGTFSNVGOmQ,@dantesarti4351,@CARLOSSTREMS51,1
UCySYJU5kUh7X8gVt9la2ISA,UCpl8rF8uv_8uui-QRvuJaRA,@dantesarti4351,@SergioGarcia-z9c,1
UCySYJU5kUh7X8gVt9la2ISA,UCr1emrogPKkKTs_WTtx71xg,@dantesarti4351,@domingopeneleu6457,1
UCySYJU5kUh7X8gVt9la2ISA,UCrJn_rbo_ENAdeqneS-RmRw,@dantesarti4351,@josecarrera9623,1
UCySYJU5kUh7X8gVt9la2ISA,UCsJJAvrVGupdmhOqgtDp8dg,@dantesarti4351,@nestorlorenzana1168,1
UCySYJU5kUh7X8gVt9la2ISA,UCsSXdJct-nsS8DsABoEsaYA,@dantesarti4351,@IvánPérez-j4j,1
UCySYJU5kUh7X8gVt9la2ISA,UCsUCN0Yq_UyTvKjOJLmNrnQ,@dantesarti4351,@moisesvaldez4043,1
UCySYJU5kUh7X8gVt9la2ISA,UCsjs5Hp_r86x1xbK6FAeqaA,@dantesarti4351,@alvaroesquivel563,1
UCySYJU5kUh7X8gVt9la2ISA,UCtNfIBnc5S5DbbQj_yxgJTw,@dantesarti4351,@JosueRamirez-ey3ih,1
UCySYJU5kUh7X8gVt9la2ISA,UCtUR3_CAiE7fCoZHM6cMfyQ,@dantesarti4351,@mdelcid01,1
UCySYJU5kUh7X8gVt9la2ISA,UCvApqeCbLod-wejtT4CcVuA,@dantesarti4351,@davidgaher9550,1
UCySYJU5kUh7X8gVt9la2ISA,UCwha8rxULYMVtNwZWeSkE1A,@dantesarti4351,@mariasamo8637,1
UCySYJU5kUh7X8gVt9la2ISA,UCylqlpsh8ENNM1LqgQ1KbxA,@dantesarti4351,@Jel.Awesh.M,1
UCHTGCgY2l-DQJIvlA_cpa_Q,UC8xlJWNHz1V_W6q3fbuQH8g,@virgiliogarcia3039,@NormaLópez-v7e,1
UCHTGCgY2l-DQJIvlA_cpa_Q,UCAV7QIjYhbDJaycQycM_0eQ,@virgiliogarcia3039,@mariavail8998,1
UCHTGCgY2l-DQJIvlA_cpa_Q,UCGX_UbAQOXGZknv5iqklwTA,@virgiliogarcia3039,@ronaldgarcia8522,1
UCHTGCgY2l-DQJIvlA_cpa_Q,UCPZueDLrCS4BmTBRMA4q0fA,@virgiliogarcia3039,@kevinochoa3695,1
UCHTGCgY2l-DQJIvlA_cpa_Q,UCVQf0tzL7xRzFJsABVVULpg,@virgiliogarcia3039,@DennisseLopetegi,1
UCHTGCgY2l-DQJIvlA_cpa_Q,UCbYoNG5J3Au5BqtbXogfEFw,@virgiliogarcia3039,@Luis-gn3fj,1
UCHTGCgY2l-DQJIvlA_cpa_Q,UCf5lnNZF7Qrtli9v4N_23WQ,@virgiliogarcia3039,@CarlosCortez-v5r,1
UCHTGCgY2l-DQJIvlA_cpa_Q,UCg3eIfd7BrsLEqS0BLkftHA,@virgiliogarcia3039,@ErmePérez-q4s,1
UCHTGCgY2l-DQJIvlA_cpa_Q,UCgQJgI9vu1FI2dnC9mrFthw,@virgiliogarcia3039,@srms70,1
UCHTGCgY2l-DQJIvlA_cpa_Q,UClsrFGJKWPxxw7MiaEdKLXw,@virgiliogarcia3039,@ericapaz5406,1
UCHTGCgY2l-DQJIvlA_cpa_Q,UCtNyHmRZtvGF2hSvI2dUBWw,@virgiliogarcia3039,@aureliomaldonado4793,1
UCHTGCgY2l-DQJIvlA_cpa_Q,UCuP4UK33HKtJE_S39ksmaTw,@virgiliogarcia3039,@herbertaguilar1387,1
UCHTGCgY2l-DQJIvlA_cpa_Q,UCusjriFsDHEc2AOjqk-p5ig,@virgiliogarcia3039,@pablobarrios7931,1
UCHTGCgY2l-DQJIvlA_cpa_Q,UC-hfX8J5JPJ-dfuakzegMLA,@virgiliogarcia3039,@normaleticiaorozcojuarez2418,1
UCHTGCgY2l-DQJIvlA_cpa_Q,UC-jS_kA9w-OmpupXDx156Rg,@virgiliogarcia3039,@simoncreyesc7579,1
UCHTGCgY2l-DQJIvlA_cpa_Q,UC2weSE8rpqkGMOp6StYtVfg,@virgiliogarcia3039,@katerynsantiago2907,1
UCHTGCgY2l-DQJIvlA_cpa_Q,UC3E9mAgP7VoAE5mZoAexl5g,@virgiliogarcia3039,@EnnioAroche,1
UCHTGCgY2l-DQJIvlA_cpa_Q,UC3NMzdMYryaw82kPTnsaljg,@virgiliogarcia3039,@marisosa7832,1
UCHTGCgY2l-DQJIvlA_cpa_Q,UC4cXueR2bKGFJV0Fk76gwmA,@virgiliogarcia3039,@aluxdel4792,1
UCHTGCgY2l-DQJIvlA_cpa_Q,UC5bG9nc_JV3FsNP2KseQiYw,@virgiliogarcia3039,@giovannirodas4836,1
UCHTGCgY2l-DQJIvlA_cpa_Q,UC650pRT-OYzny3GwOH8Cgfw,@virgiliogarcia3039,@edvinparedesherrera7632,1
UCHTGCgY2l-DQJIvlA_cpa_Q,UC7VUuJr9cGh845CmTvf7TlQ,@virgiliogarcia3039,@LuisCastillo-oz4df,1
UCHTGCgY2l-DQJIvlA_cpa_Q,UC8G5cJONY8L9voMyBW8Eoug,@virgiliogarcia3039,@luisparedes-pw6qt,1
UCHTGCgY2l-DQJIvlA_cpa_Q,UC8r11yOugM2NuRfitQOxLLg,@virgiliogarcia3039,@cesaraugustomoralesmonroy6907,1
UCHTGCgY2l-DQJIvlA_cpa_Q,UC9xr9QvIcDvoZNUX5f-jaZw,@virgiliogarcia3039,@MariaaliciaColonmorales,1
UCHTGCgY2l-DQJIvlA_cpa_Q,UCA93ym2TXs_Ibyxb4Vcn-6Q,@virgiliogarcia3039,@oswaldosolis8728,1
UCHTGCgY2l-DQJIvlA_cpa_Q,UCAlzM_N6xBlMYmM8EBzX86Q,@virgiliogarcia3039,@carlossoto3252,1
UCHTGCgY2l-DQJIvlA_cpa_Q,UCAmtbUiIrUIhikru0ZoTFig,@virgiliogarcia3039,@Aura-vf6dm,1
UCHTGCgY2l-DQJIvlA_cpa_Q,UCB5p8a5gklc80jJItP6xTHg,@virgiliogarcia3039,@ernestogamboa8737,1
UCHTGCgY2l-DQJIvlA_cpa_Q,UCDPWkUX3sNNaCx-m1dV4glA,@virgiliogarcia3039,@hectoroliva949,1
UCHTGCgY2l-DQJIvlA_cpa_Q,UCDUffaruH6dyUnUGwsTKpgg,@virgiliogarcia3039,@luisletona2842,1
UCHTGCgY2l-DQJIvlA_cpa_Q,UCFhxtoeARHPnXXPcDrOU3Xg,@virgiliogarcia3039,@diegoalejandrolopezmendez205,1
UCHTGCgY2l-DQJIvlA_cpa_Q,UCFoIAE8k82D6AV-8gjjKaNg,@virgiliogarcia3039,@eddymunoz9789,1
UCHTGCgY2l-DQJIvlA_cpa_Q,UCFxE8GbokBrBsPEKM1xrOjQ,@virgiliogarcia3039,@JuanDavila-qd7qj,1
UCHTGCgY2l-DQJIvlA_cpa_Q,UCGzXwyCzMzGmjmCbH3Hg01Q,@virgiliogarcia3039,@FidelZacarias-ph7dy,1
UCHTGCgY2l-DQJIvlA_cpa_Q,UCKDR0f2fu2UzWL8mBv5-BHw,@virgiliogarcia3039,@mireyamorales6595,1
UCHTGCgY2l-DQJIvlA_cpa_Q,UCL1MT278vSaQ83ZDkVWn1gw,@virgiliogarcia3039,@elmorodriguez6978,1
UCHTGCgY2l-DQJIvlA_cpa_Q,UCOh6DaZC_x9HASnlRylEMfw,@virgiliogarcia3039,@AndresMedina-v1s,1
UCHTGCgY2l-DQJIvlA_cpa_Q,UCRETAiYdh2dL5ZxB0_N1zDA,@virgiliogarcia3039,@Joseroland21,1
UCHTGCgY2l-DQJIvlA_cpa_Q,UCSou6a2OuYGSvPjm5psquyA,@virgiliogarcia3039,@FranciscoRivera-sf7ne,1
UCHTGCgY2l-DQJIvlA_cpa_Q,UCTD6q1nyIe3Y7HhqjaMj72w,@virgiliogarcia3039,@JuanChang-r6k,1
UCHTGCgY2l-DQJIvlA_cpa_Q,UCTP3O0rMnc8z8v8jaDQwL0w,@virgiliogarcia3039,@RobertoZelaya-x1v,1
UCHTGCgY2l-DQJIvlA_cpa_Q,UCXXh7yg5KUFIWylTiKVEFKQ,@virgiliogarcia3039,@MrDuenderojo,1
UCHTGCgY2l-DQJIvlA_cpa_Q,UCXgr7vXlRrsaskPdo097kGA,@virgiliogarcia3039,@Rogergh-nw4oj,1
UCHTGCgY2l-DQJIvlA_cpa_Q,UCYN4wSQ1Sx4_LurxLlW7MPg,@virgiliogarcia3039,@belarminavillatoro6474,1
UCHTGCgY2l-DQJIvlA_cpa_Q,UCfM3nrxtTQMY5jFx1v1J4Gg,@virgiliogarcia3039,@edgarroldan5539,1
UCHTGCgY2l-DQJIvlA_cpa_Q,UChZknRmJkeGeQk0-mQuhDOg,@virgiliogarcia3039,@OdilioRodríguez-c5w,1
UCHTGCgY2l-DQJIvlA_cpa_Q,UCiGRBf2RNF0WRKhRVT7zFoA,@virgiliogarcia3039,@edwinavila4876,1
UCHTGCgY2l-DQJIvlA_cpa_Q,UCiMythXHsw7eQEMykCdmMUA,@virgiliogarcia3039,@JavierBecerra-h6x,1
UCHTGCgY2l-DQJIvlA_cpa_Q,UCipetjeiWj4CZB6EbyYziZg,@virgiliogarcia3039,@OseasSamayoa-ol5rz,1
UCHTGCgY2l-DQJIvlA_cpa_Q,UCjSKM9j0Q7HLDr1hD6D-TUw,@virgiliogarcia3039,@josehidalgo4875,1
UCHTGCgY2l-DQJIvlA_cpa_Q,UCjmPuazZJzscrwvk0QR9RVw,@virgiliogarcia3039,@mynorrodas8591,1
UCHTGCgY2l-DQJIvlA_cpa_Q,UCl0ekS9Tt0jJGtOEM18S63w,@virgiliogarcia3039,@monkchapin,1
UCHTGCgY2l-DQJIvlA_cpa_Q,UCmvOgzmmXbjUthHy-WJ52hQ,@virgiliogarcia3039,@mariorodas593,1
UCHTGCgY2l-DQJIvlA_cpa_Q,UCp4iw5_5SmV9VGTFSNVGOmQ,@virgiliogarcia3039,@CARLOSSTREMS51,1
UCHTGCgY2l-DQJIvlA_cpa_Q,UCpl8rF8uv_8uui-QRvuJaRA,@virgiliogarcia3039,@SergioGarcia-z9c,1
UCHTGCgY2l-DQJIvlA_cpa_Q,UCr1emrogPKkKTs_WTtx71xg,@virgiliogarcia3039,@domingopeneleu6457,1
UCHTGCgY2l-DQJIvlA_cpa_Q,UCrJn_rbo_ENAdeqneS-RmRw,@virgiliogarcia3039,@josecarrera9623,1
UCHTGCgY2l-DQJIvlA_cpa_Q,UCsJJAvrVGupdmhOqgtDp8dg,@virgiliogarcia3039,@nestorlorenzana1168,1
UCHTGCgY2l-DQJIvlA_cpa_Q,UCsSXdJct-nsS8DsABoEsaYA,@virgiliogarcia3039,@IvánPérez-j4j,1
UCHTGCgY2l-DQJIvlA_cpa_Q,UCsUCN0Yq_UyTvKjOJLmNrnQ,@virgiliogarcia3039,@moisesvaldez4043,1
UCHTGCgY2l-DQJIvlA_cpa_Q,UCsjs5Hp_r86x1xbK6FAeqaA,@virgiliogarcia3039,@alvaroesquivel563,1
UCHTGCgY2l-DQJIvlA_cpa_Q,UCtNfIBnc5S5DbbQj_yxgJTw,@virgiliogarcia3039,@JosueRamirez-ey3ih,1
UCHTGCgY2l-DQJIvlA_cpa_Q,UCtUR3_CAiE7fCoZHM6cMfyQ,@virgiliogarcia3039,@mdelcid01,1
UCHTGCgY2l-DQJIvlA_cpa_Q,UCvApqeCbLod-wejtT4CcVuA,@virgiliogarcia3039,@davidgaher9550,1
UCHTGCgY2l-DQJIvlA_cpa_Q,UCwha8rxULYMVtNwZWeSkE1A,@virgiliogarcia3039,@mariasamo8637,1
UCHTGCgY2l-DQJIvlA_cpa_Q,UCylqlpsh8ENNM1LqgQ1KbxA,@virgiliogarcia3039,@Jel.Awesh.M,1
UCPNXmbOBVeC4HS-xemvcPtQ,UCGZMgmM92E3njyXNe9-kjAQ,@BelkisRodriguezRamirez,@pasionpornada,1
UCPNXmbOBVeC4HS-xemvcPtQ,UCIgoiXdIKJyUGmUoH2Lxdzg,@BelkisRodriguezRamirez,@susievidal4134,1
UCPNXmbOBVeC4HS-xemvcPtQ,UCZjm6U576nX8WOiLhmMR3bw,@BelkisRodriguezRamirez,@MariaNavarroYT,1
UCPNXmbOBVeC4HS-xemvcPtQ,UCbNanjFI51cwGqMAb2rOrBw,@BelkisRodriguezRamirez,@RosaMontesdeOca777,1
UCPNXmbOBVeC4HS-xemvcPtQ,UCp_dAUfv8i3LW3zWc24dLaQ,@BelkisRodriguezRamirez,@MarioCortez-o6v,1
UCPNXmbOBVeC4HS-xemvcPtQ,UCrqXyRsg-_hTosURZ-uvoKg,@BelkisRodriguezRamirez,@flornolberto2425,1
UCtUR3_CAiE7fCoZHM6cMfyQ,UC-hfX8J5JPJ-dfuakzegMLA,@mdelcid01,@normaleticiaorozcojuarez2418,1
UCtUR3_CAiE7fCoZHM6cMfyQ,UC-jS_kA9w-OmpupXDx156Rg,@mdelcid01,@simoncreyesc7579,1
UCtUR3_CAiE7fCoZHM6cMfyQ,UC2weSE8rpqkGMOp6StYtVfg,@mdelcid01,@katerynsantiago2907,1
UCtUR3_CAiE7fCoZHM6cMfyQ,UC3E9mAgP7VoAE5mZoAexl5g,@mdelcid01,@EnnioAroche,1
UCtUR3_CAiE7fCoZHM6cMfyQ,UC3NMzdMYryaw82kPTnsaljg,@mdelcid01,@marisosa7832,1
UCtUR3_CAiE7fCoZHM6cMfyQ,UC4cXueR2bKGFJV0Fk76gwmA,@mdelcid01,@aluxdel4792,1
UCtUR3_CAiE7fCoZHM6cMfyQ,UC5bG9nc_JV3FsNP2KseQiYw,@mdelcid01,@giovannirodas4836,1
UCtUR3_CAiE7fCoZHM6cMfyQ,UC650pRT-OYzny3GwOH8Cgfw,@mdelcid01,@edvinparedesherrera7632,1
UCtUR3_CAiE7fCoZHM6cMfyQ,UC7VUuJr9cGh845CmTvf7TlQ,@mdelcid01,@LuisCastillo-oz4df,1
UCtUR3_CAiE7fCoZHM6cMfyQ,UC8G5cJONY8L9voMyBW8Eoug,@mdelcid01,@luisparedes-pw6qt,1
UCtUR3_CAiE7fCoZHM6cMfyQ,UC8r11yOugM2NuRfitQOxLLg,@mdelcid01,@cesaraugustomoralesmonroy6907,1
UCtUR3_CAiE7fCoZHM6cMfyQ,UC9xr9QvIcDvoZNUX5f-jaZw,@mdelcid01,@MariaaliciaColonmorales,1
UCtUR3_CAiE7fCoZHM6cMfyQ,UCA93ym2TXs_Ibyxb4Vcn-6Q,@mdelcid01,@oswaldosolis8728,1
UCtUR3_CAiE7fCoZHM6cMfyQ,UCAlzM_N6xBlMYmM8EBzX86Q,@mdelcid01,@carlossoto3252,1
UCtUR3_CAiE7fCoZHM6cMfyQ,UCAmtbUiIrUIhikru0ZoTFig,@mdelcid01,@Aura-vf6dm,1
UCtUR3_CAiE7fCoZHM6cMfyQ,UCB5p8a5gklc80jJItP6xTHg,@mdelcid01,@ernestogamboa8737,1
UCtUR3_CAiE7fCoZHM6cMfyQ,UCDPWkUX3sNNaCx-m1dV4glA,@mdelcid01,@hectoroliva949,1
UCtUR3_CAiE7fCoZHM6cMfyQ,UCDUffaruH6dyUnUGwsTKpgg,@mdelcid01,@luisletona2842,1
UCtUR3_CAiE7fCoZHM6cMfyQ,UCFhxtoeARHPnXXPcDrOU3Xg,@mdelcid01,@diegoalejandrolopezmendez205,1
UCtUR3_CAiE7fCoZHM6cMfyQ,UCFoIAE8k82D6AV-8gjjKaNg,@mdelcid01,@eddymunoz9789,1
UCtUR3_CAiE7fCoZHM6cMfyQ,UCFxE8GbokBrBsPEKM1xrOjQ,@mdelcid01,@JuanDavila-qd7qj,1
UCtUR3_CAiE7fCoZHM6cMfyQ,UCGzXwyCzMzGmjmCbH3Hg01Q,@mdelcid01,@FidelZacarias-ph7dy,1
UCtUR3_CAiE7fCoZHM6cMfyQ,UCKDR0f2fu2UzWL8mBv5-BHw,@mdelcid01,@mireyamorales6595,1
UCtUR3_CAiE7fCoZHM6cMfyQ,UCL1MT278vSaQ83ZDkVWn1gw,@mdelcid01,@elmorodriguez6978,1
UCtUR3_CAiE7fCoZHM6cMfyQ,UCOh6DaZC_x9HASnlRylEMfw,@mdelcid01,@AndresMedina-v1s,1
UCtUR3_CAiE7fCoZHM6cMfyQ,UCRETAiYdh2dL5ZxB0_N1zDA,@mdelcid01,@Joseroland21,1
UCtUR3_CAiE7fCoZHM6cMfyQ,UCSou6a2OuYGSvPjm5psquyA,@mdelcid01,@FranciscoRivera-sf7ne,1
UCtUR3_CAiE7fCoZHM6cMfyQ,UCTD6q1nyIe3Y7HhqjaMj72w,@mdelcid01,@JuanChang-r6k,1
UCtUR3_CAiE7fCoZHM6cMfyQ,UCTP3O0rMnc8z8v8jaDQwL0w,@mdelcid01,@RobertoZelaya-x1v,1
UCtUR3_CAiE7fCoZHM6cMfyQ,UCXXh7yg5KUFIWylTiKVEFKQ,@mdelcid01,@MrDuenderojo,1
UCtUR3_CAiE7fCoZHM6cMfyQ,UCXgr7vXlRrsaskPdo097kGA,@mdelcid01,@Rogergh-nw4oj,1
UCtUR3_CAiE7fCoZHM6cMfyQ,UCYN4wSQ1Sx4_LurxLlW7MPg,@mdelcid01,@belarminavillatoro6474,1
UCtUR3_CAiE7fCoZHM6cMfyQ,UCfM3nrxtTQMY5jFx1v1J4Gg,@mdelcid01,@edgarroldan5539,1
UCtUR3_CAiE7fCoZHM6cMfyQ,UChZknRmJkeGeQk0-mQuhDOg,@mdelcid01,@OdilioRodríguez-c5w,1
UCtUR3_CAiE7fCoZHM6cMfyQ,UCiGRBf2RNF0WRKhRVT7zFoA,@mdelcid01,@edwinavila4876,1
UCtUR3_CAiE7fCoZHM6cMfyQ,UCiMythXHsw7eQEMykCdmMUA,@mdelcid01,@JavierBecerra-h6x,1
UCtUR3_CAiE7fCoZHM6cMfyQ,UCipetjeiWj4CZB6EbyYziZg,@mdelcid01,@OseasSamayoa-ol5rz,1
UCtUR3_CAiE7fCoZHM6cMfyQ,UCjSKM9j0Q7HLDr1hD6D-TUw,@mdelcid01,@josehidalgo4875,1
UCtUR3_CAiE7fCoZHM6cMfyQ,UCjmPuazZJzscrwvk0QR9RVw,@mdelcid01,@mynorrodas8591,1
UCtUR3_CAiE7fCoZHM6cMfyQ,UCl0ekS9Tt0jJGtOEM18S63w,@mdelcid01,@monkchapin,1
UCtUR3_CAiE7fCoZHM6cMfyQ,UCmvOgzmmXbjUthHy-WJ52hQ,@mdelcid01,@mariorodas593,1
UCtUR3_CAiE7fCoZHM6cMfyQ,UCp4iw5_5SmV9VGTFSNVGOmQ,@mdelcid01,@CARLOSSTREMS51,1
UCtUR3_CAiE7fCoZHM6cMfyQ,UCpl8rF8uv_8uui-QRvuJaRA,@mdelcid01,@SergioGarcia-z9c,1
UCtUR3_CAiE7fCoZHM6cMfyQ,UCr1emrogPKkKTs_WTtx71xg,@mdelcid01,@domingopeneleu6457,1
UCtUR3_CAiE7fCoZHM6cMfyQ,UCrJn_rbo_ENAdeqneS-RmRw,@mdelcid01,@josecarrera9623,1
UCtUR3_CAiE7fCoZHM6cMfyQ,UCsJJAvrVGupdmhOqgtDp8dg,@mdelcid01,@nestorlorenzana1168,1
UCtUR3_CAiE7fCoZHM6cMfyQ,UCsSXdJct-nsS8DsABoEsaYA,@mdelcid01,@IvánPérez-j4j,1
UCtUR3_CAiE7fCoZHM6cMfyQ,UCsUCN0Yq_UyTvKjOJLmNrnQ,@mdelcid01,@moisesvaldez4043,1
UCtUR3_CAiE7fCoZHM6cMfyQ,UCsjs5Hp_r86x1xbK6FAeqaA,@mdelcid01,@alvaroesquivel563,1
UCtUR3_CAiE7fCoZHM6cMfyQ,UCtNfIBnc5S5DbbQj_yxgJTw,@mdelcid01,@JosueRamirez-ey3ih,1
UCtUR3_CAiE7fCoZHM6cMfyQ,UCvApqeCbLod-wejtT4CcVuA,@mdelcid01,@davidgaher9550,1
UCtUR3_CAiE7fCoZHM6cMfyQ,UCwha8rxULYMVtNwZWeSkE1A,@mdelcid01,@mariasamo8637,1
UCtUR3_CAiE7fCoZHM6cMfyQ,UCylqlpsh8ENNM1LqgQ1KbxA,@mdelcid01,@Jel.Awesh.M,1
UCGj2v6Gl5bN8NSrzJMXS-CA,UCOARn3hnfkB7-_Rwa8Hoqcw,@juliogutierrez492,@nicelol5241,1
UCGj2v6Gl5bN8NSrzJMXS-CA,UCZIQnb1fkwe39Iw2TAu-bGA,@juliogutierrez492,@jorgegomez2237,1
UCGj2v6Gl5bN8NSrzJMXS-CA,UCyW68EGZey4ao_Vf2cR5Ztg,@juliogutierrez492,@ZabalaXabier,1
UCbrtvygfRT6QXqWDNrOf-cA,UC5wuDq3U3vRAhOQI3D7gNdw,@Alejandro00710,@allanreneramirezgonzalez534,1
UCbrtvygfRT6QXqWDNrOf-cA,UCjJf-AJKRFFWtiN-CSwkDmA,@Alejandro00710,@2jose82,1
UCbrtvygfRT6QXqWDNrOf-cA,UCnU8wO1OurAmGstDw6VGjgQ,@Alejandro00710,@cmorera21,1
UCbrtvygfRT6QXqWDNrOf-cA,UCOY3XpD9qMCRSA8AA8c4CAw,@Alejandro00710,@franciscorodas9686,1
UCbrtvygfRT6QXqWDNrOf-cA,UCTTILH6QCIxbTnEWxwRqs1g,@Alejandro00710,@3762Jorge,1
UCbrtvygfRT6QXqWDNrOf-cA,UCXO1BBohNWXkK9SBDAG2ySg,@Alejandro00710,@JBFlute92,1
UCbrtvygfRT6QXqWDNrOf-cA,UCdQAuWwyC99MB7Y02Umj26Q,@Alejandro00710,@miguelbran1268,1
UCbrtvygfRT6QXqWDNrOf-cA,UChT7pzGytNd92Nmvi-zuWog,@Alejandro00710,@sparkvalkov,1
UCbrtvygfRT6QXqWDNrOf-cA,UCxcoDvP-g2_KTZDmVZtvb3w,@Alejandro00710,@angelmartinez9523,1
UCOh6DaZC_x9HASnlRylEMfw,UC-hfX8J5JPJ-dfuakzegMLA,@AndresMedina-v1s,@normaleticiaorozcojuarez2418,1
UCOh6DaZC_x9HASnlRylEMfw,UC-jS_kA9w-OmpupXDx156Rg,@AndresMedina-v1s,@simoncreyesc7579,1
UCOh6DaZC_x9HASnlRylEMfw,UC2weSE8rpqkGMOp6StYtVfg,@AndresMedina-v1s,@katerynsantiago2907,1
UCOh6DaZC_x9HASnlRylEMfw,UC3E9mAgP7VoAE5mZoAexl5g,@AndresMedina-v1s,@EnnioAroche,1
UCOh6DaZC_x9HASnlRylEMfw,UC3NMzdMYryaw82kPTnsaljg,@AndresMedina-v1s,@marisosa7832,1
UCOh6DaZC_x9HASnlRylEMfw,UC4cXueR2bKGFJV0Fk76gwmA,@AndresMedina-v1s,@aluxdel4792,1
UCOh6DaZC_x9HASnlRylEMfw,UC5bG9nc_JV3FsNP2KseQiYw,@AndresMedina-v1s,@giovannirodas4836,1
UCOh6DaZC_x9HASnlRylEMfw,UC650pRT-OYzny3GwOH8Cgfw,@AndresMedina-v1s,@edvinparedesherrera7632,1
UCOh6DaZC_x9HASnlRylEMfw,UC7VUuJr9cGh845CmTvf7TlQ,@AndresMedina-v1s,@LuisCastillo-oz4df,1
UCOh6DaZC_x9HASnlRylEMfw,UC8G5cJONY8L9voMyBW8Eoug,@AndresMedina-v1s,@luisparedes-pw6qt,1
UCOh6DaZC_x9HASnlRylEMfw,UC8r11yOugM2NuRfitQOxLLg,@AndresMedina-v1s,@cesaraugustomoralesmonroy6907,1
UCOh6DaZC_x9HASnlRylEMfw,UC9xr9QvIcDvoZNUX5f-jaZw,@AndresMedina-v1s,@MariaaliciaColonmorales,1
UCOh6DaZC_x9HASnlRylEMfw,UCA93ym2TXs_Ibyxb4Vcn-6Q,@AndresMedina-v1s,@oswaldosolis8728,1
UCOh6DaZC_x9HASnlRylEMfw,UCAlzM_N6xBlMYmM8EBzX86Q,@AndresMedina-v1s,@carlossoto3252,1
UCOh6DaZC_x9HASnlRylEMfw,UCAmtbUiIrUIhikru0ZoTFig,@AndresMedina-v1s,@Aura-vf6dm,1
UCOh6DaZC_x9HASnlRylEMfw,UCB5p8a5gklc80jJItP6xTHg,@AndresMedina-v1s,@ernestogamboa8737,1
UCOh6DaZC_x9HASnlRylEMfw,UCDPWkUX3sNNaCx-m1dV4glA,@AndresMedina-v1s,@hectoroliva949,1
UCOh6DaZC_x9HASnlRylEMfw,UCDUffaruH6dyUnUGwsTKpgg,@AndresMedina-v1s,@luisletona2842,1
UCOh6DaZC_x9HASnlRylEMfw,UCFhxtoeARHPnXXPcDrOU3Xg,@AndresMedina-v1s,@diegoalejandrolopezmendez205,1
UCOh6DaZC_x9HASnlRylEMfw,UCFoIAE8k82D6AV-8gjjKaNg,@AndresMedina-v1s,@eddymunoz9789,1
UCOh6DaZC_x9HASnlRylEMfw,UCFxE8GbokBrBsPEKM1xrOjQ,@AndresMedina-v1s,@JuanDavila-qd7qj,1
UCOh6DaZC_x9HASnlRylEMfw,UCGzXwyCzMzGmjmCbH3Hg01Q,@AndresMedina-v1s,@FidelZacarias-ph7dy,1
UCOh6DaZC_x9HASnlRylEMfw,UCKDR0f2fu2UzWL8mBv5-BHw,@AndresMedina-v1s,@mireyamorales6595,1
UCOh6DaZC_x9HASnlRylEMfw,UCL1MT278vSaQ83ZDkVWn1gw,@AndresMedina-v1s,@elmorodriguez6978,1
UCOh6DaZC_x9HASnlRylEMfw,UCRETAiYdh2dL5ZxB0_N1zDA,@AndresMedina-v1s,@Joseroland21,1
UCOh6DaZC_x9HASnlRylEMfw,UCSou6a2OuYGSvPjm5psquyA,@AndresMedina-v1s,@FranciscoRivera-sf7ne,1
UCOh6DaZC_x9HASnlRylEMfw,UCTD6q1nyIe3Y7HhqjaMj72w,@AndresMedina-v1s,@JuanChang-r6k,1
UCOh6DaZC_x9HASnlRylEMfw,UCTP3O0rMnc8z8v8jaDQwL0w,@AndresMedina-v1s,@RobertoZelaya-x1v,1
UCOh6DaZC_x9HASnlRylEMfw,UCXXh7yg5KUFIWylTiKVEFKQ,@AndresMedina-v1s,@MrDuenderojo,1
UCOh6DaZC_x9HASnlRylEMfw,UCXgr7vXlRrsaskPdo097kGA,@AndresMedina-v1s,@Rogergh-nw4oj,1
UCOh6DaZC_x9HASnlRylEMfw,UCYN4wSQ1Sx4_LurxLlW7MPg,@AndresMedina-v1s,@belarminavillatoro6474,1
UCOh6DaZC_x9HASnlRylEMfw,UCfM3nrxtTQMY5jFx1v1J4Gg,@AndresMedina-v1s,@edgarroldan5539,1
UCOh6DaZC_x9HASnlRylEMfw,UChZknRmJkeGeQk0-mQuhDOg,@AndresMedina-v1s,@OdilioRodríguez-c5w,1
UCOh6DaZC_x9HASnlRylEMfw,UCiGRBf2RNF0WRKhRVT7zFoA,@AndresMedina-v1s,@edwinavila4876,1
UCOh6DaZC_x9HASnlRylEMfw,UCiMythXHsw7eQEMykCdmMUA,@AndresMedina-v1s,@JavierBecerra-h6x,1
UCOh6DaZC_x9HASnlRylEMfw,UCipetjeiWj4CZB6EbyYziZg,@AndresMedina-v1s,@OseasSamayoa-ol5rz,1
UCOh6DaZC_x9HASnlRylEMfw,UCjSKM9j0Q7HLDr1hD6D-TUw,@AndresMedina-v1s,@josehidalgo4875,1
UCOh6DaZC_x9HASnlRylEMfw,UCjmPuazZJzscrwvk0QR9RVw,@AndresMedina-v1s,@mynorrodas8591,1
UCOh6DaZC_x9HASnlRylEMfw,UCl0ekS9Tt0jJGtOEM18S63w,@AndresMedina-v1s,@monkchapin,1
UCOh6DaZC_x9HASnlRylEMfw,UCmvOgzmmXbjUthHy-WJ52hQ,@AndresMedina-v1s,@mariorodas593,1
UCOh6DaZC_x9HASnlRylEMfw,UCp4iw5_5SmV9VGTFSNVGOmQ,@AndresMedina-v1s,@CARLOSSTREMS51,1
UCOh6DaZC_x9HASnlRylEMfw,UCpl8rF8uv_8uui-QRvuJaRA,@AndresMedina-v1s,@SergioGarcia-z9c,1
UCOh6DaZC_x9HASnlRylEMfw,UCr1emrogPKkKTs_WTtx71xg,@AndresMedina-v1s,@domingopeneleu6457,1
UCOh6DaZC_x9HASnlRylEMfw,UCrJn_rbo_ENAdeqneS-RmRw,@AndresMedina-v1s,@josecarrera9623,1
UCOh6DaZC_x9HASnlRylEMfw,UCsJJAvrVGupdmhOqgtDp8dg,@AndresMedina-v1s,@nestorlorenzana1168,1
UCOh6DaZC_x9HASnlRylEMfw,UCsSXdJct-nsS8DsABoEsaYA,@AndresMedina-v1s,@IvánPérez-j4j,1
UCOh6DaZC_x9HASnlRylEMfw,UCsUCN0Yq_UyTvKjOJLmNrnQ,@AndresMedina-v1s,@moisesvaldez4043,1
UCOh6DaZC_x9HASnlRylEMfw,UCsjs5Hp_r86x1xbK6FAeqaA,@AndresMedina-v1s,@alvaroesquivel563,1
UCOh6DaZC_x9HASnlRylEMfw,UCtNfIBnc5S5DbbQj_yxgJTw,@AndresMedina-v1s,@JosueRamirez-ey3ih,1
UCOh6DaZC_x9HASnlRylEMfw,UCvApqeCbLod-wejtT4CcVuA,@AndresMedina-v1s,@davidgaher9550,1
UCOh6DaZC_x9HASnlRylEMfw,UCwha8rxULYMVtNwZWeSkE1A,@AndresMedina-v1s,@mariasamo8637,1
UCOh6DaZC_x9HASnlRylEMfw,UCylqlpsh8ENNM1LqgQ1KbxA,@AndresMedina-v1s,@Jel.Awesh.M,1
UCL1MT278vSaQ83ZDkVWn1gw,UC-hfX8J5JPJ-dfuakzegMLA,@elmorodriguez6978,@normaleticiaorozcojuarez2418,1
UCL1MT278vSaQ83ZDkVWn1gw,UC-jS_kA9w-OmpupXDx156Rg,@elmorodriguez6978,@simoncreyesc7579,1
UCL1MT278vSaQ83ZDkVWn1gw,UC2weSE8rpqkGMOp6StYtVfg,@elmorodriguez6978,@katerynsantiago2907,1
UCL1MT278vSaQ83ZDkVWn1gw,UC3E9mAgP7VoAE5mZoAexl5g,@elmorodriguez6978,@EnnioAroche,1
UCL1MT278vSaQ83ZDkVWn1gw,UC3NMzdMYryaw82kPTnsaljg,@elmorodriguez6978,@marisosa7832,1
UCL1MT278vSaQ83ZDkVWn1gw,UC4cXueR2bKGFJV0Fk76gwmA,@elmorodriguez6978,@aluxdel4792,1
UCL1MT278vSaQ83ZDkVWn1gw,UC5bG9nc_JV3FsNP2KseQiYw,@elmorodriguez6978,@giovannirodas4836,1
UCL1MT278vSaQ83ZDkVWn1gw,UC650pRT-OYzny3GwOH8Cgfw,@elmorodriguez6978,@edvinparedesherrera7632,1
UCL1MT278vSaQ83ZDkVWn1gw,UC7VUuJr9cGh845CmTvf7TlQ,@elmorodriguez6978,@LuisCastillo-oz4df,1
UCL1MT278vSaQ83ZDkVWn1gw,UC8G5cJONY8L9voMyBW8Eoug,@elmorodriguez6978,@luisparedes-pw6qt,1
UCL1MT278vSaQ83ZDkVWn1gw,UC8r11yOugM2NuRfitQOxLLg,@elmorodriguez6978,@cesaraugustomoralesmonroy6907,1
UCL1MT278vSaQ83ZDkVWn1gw,UC9xr9QvIcDvoZNUX5f-jaZw,@elmorodriguez6978,@MariaaliciaColonmorales,1
UCL1MT278vSaQ83ZDkVWn1gw,UCA93ym2TXs_Ibyxb4Vcn-6Q,@elmorodriguez6978,@oswaldosolis8728,1
UCL1MT278vSaQ83ZDkVWn1gw,UCAlzM_N6xBlMYmM8EBzX86Q,@elmorodriguez6978,@carlossoto3252,1
UCL1MT278vSaQ83ZDkVWn1gw,UCAmtbUiIrUIhikru0ZoTFig,@elmorodriguez6978,@Aura-vf6dm,1
UCL1MT278vSaQ83ZDkVWn1gw,UCB5p8a5gklc80jJItP6xTHg,@elmorodriguez6978,@ernestogamboa8737,1
UCL1MT278vSaQ83ZDkVWn1gw,UCDPWkUX3sNNaCx-m1dV4glA,@elmorodriguez6978,@hectoroliva949,1
UCL1MT278vSaQ83ZDkVWn1gw,UCDUffaruH6dyUnUGwsTKpgg,@elmorodriguez6978,@luisletona2842,1
UCL1MT278vSaQ83ZDkVWn1gw,UCFhxtoeARHPnXXPcDrOU3Xg,@elmorodriguez6978,@diegoalejandrolopezmendez205,1
UCL1MT278vSaQ83ZDkVWn1gw,UCFoIAE8k82D6AV-8gjjKaNg,@elmorodriguez6978,@eddymunoz9789,1
UCL1MT278vSaQ83ZDkVWn1gw,UCFxE8GbokBrBsPEKM1xrOjQ,@elmorodriguez6978,@JuanDavila-qd7qj,1
UCL1MT278vSaQ83ZDkVWn1gw,UCGzXwyCzMzGmjmCbH3Hg01Q,@elmorodriguez6978,@FidelZacarias-ph7dy,1
UCL1MT278vSaQ83ZDkVWn1gw,UCKDR0f2fu2UzWL8mBv5-BHw,@elmorodriguez6978,@mireyamorales6595,1
UCL1MT278vSaQ83ZDkVWn1gw,UCRETAiYdh2dL5ZxB0_N1zDA,@elmorodriguez6978,@Joseroland21,1
UCL1MT278vSaQ83ZDkVWn1gw,UCSou6a2OuYGSvPjm5psquyA,@elmorodriguez6978,@FranciscoRivera-sf7ne,1
UCL1MT278vSaQ83ZDkVWn1gw,UCTD6q1nyIe3Y7HhqjaMj72w,@elmorodriguez6978,@JuanChang-r6k,1
UCL1MT278vSaQ83ZDkVWn1gw,UCTP3O0rMnc8z8v8jaDQwL0w,@elmorodriguez6978,@RobertoZelaya-x1v,1
UCL1MT278vSaQ83ZDkVWn1gw,UCXXh7yg5KUFIWylTiKVEFKQ,@elmorodriguez6978,@MrDuenderojo,1
UCL1MT278vSaQ83ZDkVWn1gw,UCXgr7vXlRrsaskPdo097kGA,@elmorodriguez6978,@Rogergh-nw4oj,1
UCL1MT278vSaQ83ZDkVWn1gw,UCYN4wSQ1Sx4_LurxLlW7MPg,@elmorodriguez6978,@belarminavillatoro6474,1
UCL1MT278vSaQ83ZDkVWn1gw,UCfM3nrxtTQMY5jFx1v1J4Gg,@elmorodriguez6978,@edgarroldan5539,1
UCL1MT278vSaQ83ZDkVWn1gw,UChZknRmJkeGeQk0-mQuhDOg,@elmorodriguez6978,@OdilioRodríguez-c5w,1
UCL1MT278vSaQ83ZDkVWn1gw,UCiGRBf2RNF0WRKhRVT7zFoA,@elmorodriguez6978,@edwinavila4876,1
UCL1MT278vSaQ83ZDkVWn1gw,UCiMythXHsw7eQEMykCdmMUA,@elmorodriguez6978,@JavierBecerra-h6x,1
UCL1MT278vSaQ83ZDkVWn1gw,UCipetjeiWj4CZB6EbyYziZg,@elmorodriguez6978,@OseasSamayoa-ol5rz,1
UCL1MT278vSaQ83ZDkVWn1gw,UCjSKM9j0Q7HLDr1hD6D-TUw,@elmorodriguez6978,@josehidalgo4875,1
UCL1MT278vSaQ83ZDkVWn1gw,UCjmPuazZJzscrwvk0QR9RVw,@elmorodriguez6978,@mynorrodas8591,1
UCL1MT278vSaQ83ZDkVWn1gw,UCl0ekS9Tt0jJGtOEM18S63w,@elmorodriguez6978,@monkchapin,1
UCL1MT278vSaQ83ZDkVWn1gw,UCmvOgzmmXbjUthHy-WJ52hQ,@elmorodriguez6978,@mariorodas593,1
UCL1MT278vSaQ83ZDkVWn1gw,UCp4iw5_5SmV9VGTFSNVGOmQ,@elmorodriguez6978,@CARLOSSTREMS51,1
UCL1MT278vSaQ83ZDkVWn1gw,UCpl8rF8uv_8uui-QRvuJaRA,@elmorodriguez6978,@SergioGarcia-z9c,1
UCL1MT278vSaQ83ZDkVWn1gw,UCr1emrogPKkKTs_WTtx71xg,@elmorodriguez6978,@domingopeneleu6457,1
UCL1MT278vSaQ83ZDkVWn1gw,UCrJn_rbo_ENAdeqneS-RmRw,@elmorodriguez6978,@josecarrera9623,1
UCL1MT278vSaQ83ZDkVWn1gw,UCsJJAvrVGupdmhOqgtDp8dg,@elmorodriguez6978,@nestorlorenzana1168,1
UCL1MT278vSaQ83ZDkVWn1gw,UCsSXdJct-nsS8DsABoEsaYA,@elmorodriguez6978,@IvánPérez-j4j,1
UCL1MT278vSaQ83ZDkVWn1gw,UCsUCN0Yq_UyTvKjOJLmNrnQ,@elmorodriguez6978,@moisesvaldez4043,1
UCL1MT278vSaQ83ZDkVWn1gw,UCsjs5Hp_r86x1xbK6FAeqaA,@elmorodriguez6978,@alvaroesquivel563,1
UCL1MT278vSaQ83ZDkVWn1gw,UCtNfIBnc5S5DbbQj_yxgJTw,@elmorodriguez6978,@JosueRamirez-ey3ih,1
UCL1MT278vSaQ83ZDkVWn1gw,UCvApqeCbLod-wejtT4CcVuA,@elmorodriguez6978,@davidgaher9550,1
UCL1MT278vSaQ83ZDkVWn1gw,UCwha8rxULYMVtNwZWeSkE1A,@elmorodriguez6978,@mariasamo8637,1
UCL1MT278vSaQ83ZDkVWn1gw,UCylqlpsh8ENNM1LqgQ1KbxA,@elmorodriguez6978,@Jel.Awesh.M,1
UC8G5cJONY8L9voMyBW8Eoug,UC-hfX8J5JPJ-dfuakzegMLA,@luisparedes-pw6qt,@normaleticiaorozcojuarez2418,1
UC8G5cJONY8L9voMyBW8Eoug,UC-jS_kA9w-OmpupXDx156Rg,@luisparedes-pw6qt,@simoncreyesc7579,1
UC8G5cJONY8L9voMyBW8Eoug,UC2weSE8rpqkGMOp6StYtVfg,@luisparedes-pw6qt,@katerynsantiago2907,1
UC8G5cJONY8L9voMyBW8Eoug,UC3E9mAgP7VoAE5mZoAexl5g,@luisparedes-pw6qt,@EnnioAroche,1
UC8G5cJONY8L9voMyBW8Eoug,UC3NMzdMYryaw82kPTnsaljg,@luisparedes-pw6qt,@marisosa7832,1
UC8G5cJONY8L9voMyBW8Eoug,UC4cXueR2bKGFJV0Fk76gwmA,@luisparedes-pw6qt,@aluxdel4792,1
UC8G5cJONY8L9voMyBW8Eoug,UC5bG9nc_JV3FsNP2KseQiYw,@luisparedes-pw6qt,@giovannirodas4836,1
UC8G5cJONY8L9voMyBW8Eoug,UC650pRT-OYzny3GwOH8Cgfw,@luisparedes-pw6qt,@edvinparedesherrera7632,1
UC8G5cJONY8L9voMyBW8Eoug,UC7VUuJr9cGh845CmTvf7TlQ,@luisparedes-pw6qt,@LuisCastillo-oz4df,1
UC8G5cJONY8L9voMyBW8Eoug,UC8r11yOugM2NuRfitQOxLLg,@luisparedes-pw6qt,@cesaraugustomoralesmonroy6907,1
UC8G5cJONY8L9voMyBW8Eoug,UC9xr9QvIcDvoZNUX5f-jaZw,@luisparedes-pw6qt,@MariaaliciaColonmorales,1
UC8G5cJONY8L9voMyBW8Eoug,UCA93ym2TXs_Ibyxb4Vcn-6Q,@luisparedes-pw6qt,@oswaldosolis8728,1
UC8G5cJONY8L9voMyBW8Eoug,UCAlzM_N6xBlMYmM8EBzX86Q,@luisparedes-pw6qt,@carlossoto3252,1
UC8G5cJONY8L9voMyBW8Eoug,UCAmtbUiIrUIhikru0ZoTFig,@luisparedes-pw6qt,@Aura-vf6dm,1
UC8G5cJONY8L9voMyBW8Eoug,UCB5p8a5gklc80jJItP6xTHg,@luisparedes-pw6qt,@ernestogamboa8737,1
UC8G5cJONY8L9voMyBW8Eoug,UCDPWkUX3sNNaCx-m1dV4glA,@luisparedes-pw6qt,@hectoroliva949,1
UC8G5cJONY8L9voMyBW8Eoug,UCDUffaruH6dyUnUGwsTKpgg,@luisparedes-pw6qt,@luisletona2842,1
UC8G5cJONY8L9voMyBW8Eoug,UCFhxtoeARHPnXXPcDrOU3Xg,@luisparedes-pw6qt,@diegoalejandrolopezmendez205,1
UC8G5cJONY8L9voMyBW8Eoug,UCFoIAE8k82D6AV-8gjjKaNg,@luisparedes-pw6qt,@eddymunoz9789,1
UC8G5cJONY8L9voMyBW8Eoug,UCFxE8GbokBrBsPEKM1xrOjQ,@luisparedes-pw6qt,@JuanDavila-qd7qj,1
UC8G5cJONY8L9voMyBW8Eoug,UCGzXwyCzMzGmjmCbH3Hg01Q,@luisparedes-pw6qt,@FidelZacarias-ph7dy,1
UC8G5cJONY8L9voMyBW8Eoug,UCKDR0f2fu2UzWL8mBv5-BHw,@luisparedes-pw6qt,@mireyamorales6595,1
UC8G5cJONY8L9voMyBW8Eoug,UCRETAiYdh2dL5ZxB0_N1zDA,@luisparedes-pw6qt,@Joseroland21,1
UC8G5cJONY8L9voMyBW8Eoug,UCSou6a2OuYGSvPjm5psquyA,@luisparedes-pw6qt,@FranciscoRivera-sf7ne,1
UC8G5cJONY8L9voMyBW8Eoug,UCTD6q1nyIe3Y7HhqjaMj72w,@luisparedes-pw6qt,@JuanChang-r6k,1
UC8G5cJONY8L9voMyBW8Eoug,UCTP3O0rMnc8z8v8jaDQwL0w,@luisparedes-pw6qt,@RobertoZelaya-x1v,1
UC8G5cJONY8L9voMyBW8Eoug,UCXXh7yg5KUFIWylTiKVEFKQ,@luisparedes-pw6qt,@MrDuenderojo,1
UC8G5cJONY8L9voMyBW8Eoug,UCXgr7vXlRrsaskPdo097kGA,@luisparedes-pw6qt,@Rogergh-nw4oj,1
UC8G5cJONY8L9voMyBW8Eoug,UCYN4wSQ1Sx4_LurxLlW7MPg,@luisparedes-pw6qt,@belarminavillatoro6474,1
UC8G5cJONY8L9voMyBW8Eoug,UCfM3nrxtTQMY5jFx1v1J4Gg,@luisparedes-pw6qt,@edgarroldan5539,1
UC8G5cJONY8L9voMyBW8Eoug,UChZknRmJkeGeQk0-mQuhDOg,@luisparedes-pw6qt,@OdilioRodríguez-c5w,1
UC8G5cJONY8L9voMyBW8Eoug,UCiGRBf2RNF0WRKhRVT7zFoA,@luisparedes-pw6qt,@edwinavila4876,1
UC8G5cJONY8L9voMyBW8Eoug,UCiMythXHsw7eQEMykCdmMUA,@luisparedes-pw6qt,@JavierBecerra-h6x,1
UC8G5cJONY8L9voMyBW8Eoug,UCipetjeiWj4CZB6EbyYziZg,@luisparedes-pw6qt,@OseasSamayoa-ol5rz,1
UC8G5cJONY8L9voMyBW8Eoug,UCjSKM9j0Q7HLDr1hD6D-TUw,@luisparedes-pw6qt,@josehidalgo4875,1
UC8G5cJONY8L9voMyBW8Eoug,UCjmPuazZJzscrwvk0QR9RVw,@luisparedes-pw6qt,@mynorrodas8591,1
UC8G5cJONY8L9voMyBW8Eoug,UCl0ekS9Tt0jJGtOEM18S63w,@luisparedes-pw6qt,@monkchapin,1
UC8G5cJONY8L9voMyBW8Eoug,UCmvOgzmmXbjUthHy-WJ52hQ,@luisparedes-pw6qt,@mariorodas593,1
UC8G5cJONY8L9voMyBW8Eoug,UCp4iw5_5SmV9VGTFSNVGOmQ,@luisparedes-pw6qt,@CARLOSSTREMS51,1
UC8G5cJONY8L9voMyBW8Eoug,UCpl8rF8uv_8uui-QRvuJaRA,@luisparedes-pw6qt,@SergioGarcia-z9c,1
UC8G5cJONY8L9voMyBW8Eoug,UCr1emrogPKkKTs_WTtx71xg,@luisparedes-pw6qt,@domingopeneleu6457,1
UC8G5cJONY8L9voMyBW8Eoug,UCrJn_rbo_ENAdeqneS-RmRw,@luisparedes-pw6qt,@josecarrera9623,1
UC8G5cJONY8L9voMyBW8Eoug,UCsJJAvrVGupdmhOqgtDp8dg,@luisparedes-pw6qt,@nestorlorenzana1168,1
UC8G5cJONY8L9voMyBW8Eoug,UCsSXdJct-nsS8DsABoEsaYA,@luisparedes-pw6qt,@IvánPérez-j4j,1
UC8G5cJONY8L9voMyBW8Eoug,UCsUCN0Yq_UyTvKjOJLmNrnQ,@luisparedes-pw6qt,@moisesvaldez4043,1
UC8G5cJONY8L9voMyBW8Eoug,UCsjs5Hp_r86x1xbK6FAeqaA,@luisparedes-pw6qt,@alvaroesquivel563,1
UC8G5cJONY8L9voMyBW8Eoug,UCtNfIBnc5S5DbbQj_yxgJTw,@luisparedes-pw6qt,@JosueRamirez-ey3ih,1
UC8G5cJONY8L9voMyBW8Eoug,UCvApqeCbLod-wejtT4CcVuA,@luisparedes-pw6qt,@davidgaher9550,1
UC8G5cJONY8L9voMyBW8Eoug,UCwha8rxULYMVtNwZWeSkE1A,@luisparedes-pw6qt,@mariasamo8637,1
UC8G5cJONY8L9voMyBW8Eoug,UCylqlpsh8ENNM1LqgQ1KbxA,@luisparedes-pw6qt,@Jel.Awesh.M,1
UC7VUuJr9cGh845CmTvf7TlQ,UC-hfX8J5JPJ-dfuakzegMLA,@LuisCastillo-oz4df,@normaleticiaorozcojuarez2418,1
UC7VUuJr9cGh845CmTvf7TlQ,UC-jS_kA9w-OmpupXDx156Rg,@LuisCastillo-oz4df,@simoncreyesc7579,1
UC7VUuJr9cGh845CmTvf7TlQ,UC2weSE8rpqkGMOp6StYtVfg,@LuisCastillo-oz4df,@katerynsantiago2907,1
UC7VUuJr9cGh845CmTvf7TlQ,UC3E9mAgP7VoAE5mZoAexl5g,@LuisCastillo-oz4df,@EnnioAroche,1
UC7VUuJr9cGh845CmTvf7TlQ,UC3NMzdMYryaw82kPTnsaljg,@LuisCastillo-oz4df,@marisosa7832,1
UC7VUuJr9cGh845CmTvf7TlQ,UC4cXueR2bKGFJV0Fk76gwmA,@LuisCastillo-oz4df,@aluxdel4792,1
UC7VUuJr9cGh845CmTvf7TlQ,UC5bG9nc_JV3FsNP2KseQiYw,@LuisCastillo-oz4df,@giovannirodas4836,1
UC7VUuJr9cGh845CmTvf7TlQ,UC650pRT-OYzny3GwOH8Cgfw,@LuisCastillo-oz4df,@edvinparedesherrera7632,1
UC7VUuJr9cGh845CmTvf7TlQ,UC8r11yOugM2NuRfitQOxLLg,@LuisCastillo-oz4df,@cesaraugustomoralesmonroy6907,1
UC7VUuJr9cGh845CmTvf7TlQ,UC9xr9QvIcDvoZNUX5f-jaZw,@LuisCastillo-oz4df,@MariaaliciaColonmorales,1
UC7VUuJr9cGh845CmTvf7TlQ,UCA93ym2TXs_Ibyxb4Vcn-6Q,@LuisCastillo-oz4df,@oswaldosolis8728,1
UC7VUuJr9cGh845CmTvf7TlQ,UCAlzM_N6xBlMYmM8EBzX86Q,@LuisCastillo-oz4df,@carlossoto3252,1
UC7VUuJr9cGh845CmTvf7TlQ,UCAmtbUiIrUIhikru0ZoTFig,@LuisCastillo-oz4df,@Aura-vf6dm,1
UC7VUuJr9cGh845CmTvf7TlQ,UCB5p8a5gklc80jJItP6xTHg,@LuisCastillo-oz4df,@ernestogamboa8737,1
UC7VUuJr9cGh845CmTvf7TlQ,UCDPWkUX3sNNaCx-m1dV4glA,@LuisCastillo-oz4df,@hectoroliva949,1
UC7VUuJr9cGh845CmTvf7TlQ,UCDUffaruH6dyUnUGwsTKpgg,@LuisCastillo-oz4df,@luisletona2842,1
UC7VUuJr9cGh845CmTvf7TlQ,UCFhxtoeARHPnXXPcDrOU3Xg,@LuisCastillo-oz4df,@diegoalejandrolopezmendez205,1
UC7VUuJr9cGh845CmTvf7TlQ,UCFoIAE8k82D6AV-8gjjKaNg,@LuisCastillo-oz4df,@eddymunoz9789,1
UC7VUuJr9cGh845CmTvf7TlQ,UCFxE8GbokBrBsPEKM1xrOjQ,@LuisCastillo-oz4df,@JuanDavila-qd7qj,1
UC7VUuJr9cGh845CmTvf7TlQ,UCGzXwyCzMzGmjmCbH3Hg01Q,@LuisCastillo-oz4df,@FidelZacarias-ph7dy,1
UC7VUuJr9cGh845CmTvf7TlQ,UCKDR0f2fu2UzWL8mBv5-BHw,@LuisCastillo-oz4df,@mireyamorales6595,1
UC7VUuJr9cGh845CmTvf7TlQ,UCRETAiYdh2dL5ZxB0_N1zDA,@LuisCastillo-oz4df,@Joseroland21,1
UC7VUuJr9cGh845CmTvf7TlQ,UCSou6a2OuYGSvPjm5psquyA,@LuisCastillo-oz4df,@FranciscoRivera-sf7ne,1
UC7VUuJr9cGh845CmTvf7TlQ,UCTD6q1nyIe3Y7HhqjaMj72w,@LuisCastillo-oz4df,@JuanChang-r6k,1
UC7VUuJr9cGh845CmTvf7TlQ,UCTP3O0rMnc8z8v8jaDQwL0w,@LuisCastillo-oz4df,@RobertoZelaya-x1v,1
UC7VUuJr9cGh845CmTvf7TlQ,UCXXh7yg5KUFIWylTiKVEFKQ,@LuisCastillo-oz4df,@MrDuenderojo,1
UC7VUuJr9cGh845CmTvf7TlQ,UCXgr7vXlRrsaskPdo097kGA,@LuisCastillo-oz4df,@Rogergh-nw4oj,1
UC7VUuJr9cGh845CmTvf7TlQ,UCYN4wSQ1Sx4_LurxLlW7MPg,@LuisCastillo-oz4df,@belarminavillatoro6474,1
UC7VUuJr9cGh845CmTvf7TlQ,UCfM3nrxtTQMY5jFx1v1J4Gg,@LuisCastillo-oz4df,@edgarroldan5539,1
UC7VUuJr9cGh845CmTvf7TlQ,UChZknRmJkeGeQk0-mQuhDOg,@LuisCastillo-oz4df,@OdilioRodríguez-c5w,1
UC7VUuJr9cGh845CmTvf7TlQ,UCiGRBf2RNF0WRKhRVT7zFoA,@LuisCastillo-oz4df,@edwinavila4876,1
UC7VUuJr9cGh845CmTvf7TlQ,UCiMythXHsw7eQEMykCdmMUA,@LuisCastillo-oz4df,@JavierBecerra-h6x,1
UC7VUuJr9cGh845CmTvf7TlQ,UCipetjeiWj4CZB6EbyYziZg,@LuisCastillo-oz4df,@OseasSamayoa-ol5rz,1
UC7VUuJr9cGh845CmTvf7TlQ,UCjSKM9j0Q7HLDr1hD6D-TUw,@LuisCastillo-oz4df,@josehidalgo4875,1
UC7VUuJr9cGh845CmTvf7TlQ,UCjmPuazZJzscrwvk0QR9RVw,@LuisCastillo-oz4df,@mynorrodas8591,1
UC7VUuJr9cGh845CmTvf7TlQ,UCl0ekS9Tt0jJGtOEM18S63w,@LuisCastillo-oz4df,@monkchapin,1
UC7VUuJr9cGh845CmTvf7TlQ,UCmvOgzmmXbjUthHy-WJ52hQ,@LuisCastillo-oz4df,@mariorodas593,1
UC7VUuJr9cGh845CmTvf7TlQ,UCp4iw5_5SmV9VGTFSNVGOmQ,@LuisCastillo-oz4df,@CARLOSSTREMS51,1
UC7VUuJr9cGh845CmTvf7TlQ,UCpl8rF8uv_8uui-QRvuJaRA,@LuisCastillo-oz4df,@SergioGarcia-z9c,1
UC7VUuJr9cGh845CmTvf7TlQ,UCr1emrogPKkKTs_WTtx71xg,@LuisCastillo-oz4df,@domingopeneleu6457,1
UC7VUuJr9cGh845CmTvf7TlQ,UCrJn_rbo_ENAdeqneS-RmRw,@LuisCastillo-oz4df,@josecarrera9623,1
UC7VUuJr9cGh845CmTvf7TlQ,UCsJJAvrVGupdmhOqgtDp8dg,@LuisCastillo-oz4df,@nestorlorenzana1168,1
UC7VUuJr9cGh845CmTvf7TlQ,UCsSXdJct-nsS8DsABoEsaYA,@LuisCastillo-oz4df,@IvánPérez-j4j,1
UC7VUuJr9cGh845CmTvf7TlQ,UCsUCN0Yq_UyTvKjOJLmNrnQ,@LuisCastillo-oz4df,@moisesvaldez4043,1
UC7VUuJr9cGh845CmTvf7TlQ,UCsjs5Hp_r86x1xbK6FAeqaA,@LuisCastillo-oz4df,@alvaroesquivel563,1
UC7VUuJr9cGh845CmTvf7TlQ,UCtNfIBnc5S5DbbQj_yxgJTw,@LuisCastillo-oz4df,@JosueRamirez-ey3ih,1
UC7VUuJr9cGh845CmTvf7TlQ,UCvApqeCbLod-wejtT4CcVuA,@LuisCastillo-oz4df,@davidgaher9550,1
UC7VUuJr9cGh845CmTvf7TlQ,UCwha8rxULYMVtNwZWeSkE1A,@LuisCastillo-oz4df,@mariasamo8637,1
UC7VUuJr9cGh845CmTvf7TlQ,UCylqlpsh8ENNM1LqgQ1KbxA,@LuisCastillo-oz4df,@Jel.Awesh.M,1
UCFhxtoeARHPnXXPcDrOU3Xg,UC-hfX8J5JPJ-dfuakzegMLA,@diegoalejandrolopezmendez205,@normaleticiaorozcojuarez2418,1
UCFhxtoeARHPnXXPcDrOU3Xg,UC-jS_kA9w-OmpupXDx156Rg,@diegoalejandrolopezmendez205,@simoncreyesc7579,1
UCFhxtoeARHPnXXPcDrOU3Xg,UC2weSE8rpqkGMOp6StYtVfg,@diegoalejandrolopezmendez205,@katerynsantiago2907,1
UCFhxtoeARHPnXXPcDrOU3Xg,UC3E9mAgP7VoAE5mZoAexl5g,@diegoalejandrolopezmendez205,@EnnioAroche,1
UCFhxtoeARHPnXXPcDrOU3Xg,UC3NMzdMYryaw82kPTnsaljg,@diegoalejandrolopezmendez205,@marisosa7832,1
UCFhxtoeARHPnXXPcDrOU3Xg,UC4cXueR2bKGFJV0Fk76gwmA,@diegoalejandrolopezmendez205,@aluxdel4792,1
UCFhxtoeARHPnXXPcDrOU3Xg,UC5bG9nc_JV3FsNP2KseQiYw,@diegoalejandrolopezmendez205,@giovannirodas4836,1
UCFhxtoeARHPnXXPcDrOU3Xg,UC650pRT-OYzny3GwOH8Cgfw,@diegoalejandrolopezmendez205,@edvinparedesherrera7632,1
UCFhxtoeARHPnXXPcDrOU3Xg,UC8r11yOugM2NuRfitQOxLLg,@diegoalejandrolopezmendez205,@cesaraugustomoralesmonroy6907,1
UCFhxtoeARHPnXXPcDrOU3Xg,UC9xr9QvIcDvoZNUX5f-jaZw,@diegoalejandrolopezmendez205,@MariaaliciaColonmorales,1
UCFhxtoeARHPnXXPcDrOU3Xg,UCA93ym2TXs_Ibyxb4Vcn-6Q,@diegoalejandrolopezmendez205,@oswaldosolis8728,1
UCFhxtoeARHPnXXPcDrOU3Xg,UCAlzM_N6xBlMYmM8EBzX86Q,@diegoalejandrolopezmendez205,@carlossoto3252,1
UCFhxtoeARHPnXXPcDrOU3Xg,UCAmtbUiIrUIhikru0ZoTFig,@diegoalejandrolopezmendez205,@Aura-vf6dm,1
UCFhxtoeARHPnXXPcDrOU3Xg,UCB5p8a5gklc80jJItP6xTHg,@diegoalejandrolopezmendez205,@ernestogamboa8737,1
UCFhxtoeARHPnXXPcDrOU3Xg,UCDPWkUX3sNNaCx-m1dV4glA,@diegoalejandrolopezmendez205,@hectoroliva949,1
UCFhxtoeARHPnXXPcDrOU3Xg,UCDUffaruH6dyUnUGwsTKpgg,@diegoalejandrolopezmendez205,@luisletona2842,1
UCFhxtoeARHPnXXPcDrOU3Xg,UCFoIAE8k82D6AV-8gjjKaNg,@diegoalejandrolopezmendez205,@eddymunoz9789,1
UCFhxtoeARHPnXXPcDrOU3Xg,UCFxE8GbokBrBsPEKM1xrOjQ,@diegoalejandrolopezmendez205,@JuanDavila-qd7qj,1
UCFhxtoeARHPnXXPcDrOU3Xg,UCGzXwyCzMzGmjmCbH3Hg01Q,@diegoalejandrolopezmendez205,@FidelZacarias-ph7dy,1
UCFhxtoeARHPnXXPcDrOU3Xg,UCKDR0f2fu2UzWL8mBv5-BHw,@diegoalejandrolopezmendez205,@mireyamorales6595,1
UCFhxtoeARHPnXXPcDrOU3Xg,UCRETAiYdh2dL5ZxB0_N1zDA,@diegoalejandrolopezmendez205,@Joseroland21,1
UCFhxtoeARHPnXXPcDrOU3Xg,UCSou6a2OuYGSvPjm5psquyA,@diegoalejandrolopezmendez205,@FranciscoRivera-sf7ne,1
UCFhxtoeARHPnXXPcDrOU3Xg,UCTD6q1nyIe3Y7HhqjaMj72w,@diegoalejandrolopezmendez205,@JuanChang-r6k,1
UCFhxtoeARHPnXXPcDrOU3Xg,UCTP3O0rMnc8z8v8jaDQwL0w,@diegoalejandrolopezmendez205,@RobertoZelaya-x1v,1
UCFhxtoeARHPnXXPcDrOU3Xg,UCXXh7yg5KUFIWylTiKVEFKQ,@diegoalejandrolopezmendez205,@MrDuenderojo,1
UCFhxtoeARHPnXXPcDrOU3Xg,UCXgr7vXlRrsaskPdo097kGA,@diegoalejandrolopezmendez205,@Rogergh-nw4oj,1
UCFhxtoeARHPnXXPcDrOU3Xg,UCYN4wSQ1Sx4_LurxLlW7MPg,@diegoalejandrolopezmendez205,@belarminavillatoro6474,1
UCFhxtoeARHPnXXPcDrOU3Xg,UCfM3nrxtTQMY5jFx1v1J4Gg,@diegoalejandrolopezmendez205,@edgarroldan5539,1
UCFhxtoeARHPnXXPcDrOU3Xg,UChZknRmJkeGeQk0-mQuhDOg,@diegoalejandrolopezmendez205,@OdilioRodríguez-c5w,1
UCFhxtoeARHPnXXPcDrOU3Xg,UCiGRBf2RNF0WRKhRVT7zFoA,@diegoalejandrolopezmendez205,@edwinavila4876,1
UCFhxtoeARHPnXXPcDrOU3Xg,UCiMythXHsw7eQEMykCdmMUA,@diegoalejandrolopezmendez205,@JavierBecerra-h6x,1
UCFhxtoeARHPnXXPcDrOU3Xg,UCipetjeiWj4CZB6EbyYziZg,@diegoalejandrolopezmendez205,@OseasSamayoa-ol5rz,1
UCFhxtoeARHPnXXPcDrOU3Xg,UCjSKM9j0Q7HLDr1hD6D-TUw,@diegoalejandrolopezmendez205,@josehidalgo4875,1
UCFhxtoeARHPnXXPcDrOU3Xg,UCjmPuazZJzscrwvk0QR9RVw,@diegoalejandrolopezmendez205,@mynorrodas8591,1
UCFhxtoeARHPnXXPcDrOU3Xg,UCl0ekS9Tt0jJGtOEM18S63w,@diegoalejandrolopezmendez205,@monkchapin,1
UCFhxtoeARHPnXXPcDrOU3Xg,UCmvOgzmmXbjUthHy-WJ52hQ,@diegoalejandrolopezmendez205,@mariorodas593,1
UCFhxtoeARHPnXXPcDrOU3Xg,UCp4iw5_5SmV9VGTFSNVGOmQ,@diegoalejandrolopezmendez205,@CARLOSSTREMS51,1
UCFhxtoeARHPnXXPcDrOU3Xg,UCpl8rF8uv_8uui-QRvuJaRA,@diegoalejandrolopezmendez205,@SergioGarcia-z9c,1
UCFhxtoeARHPnXXPcDrOU3Xg,UCr1emrogPKkKTs_WTtx71xg,@diegoalejandrolopezmendez205,@domingopeneleu6457,1
UCFhxtoeARHPnXXPcDrOU3Xg,UCrJn_rbo_ENAdeqneS-RmRw,@diegoalejandrolopezmendez205,@josecarrera9623,1
UCFhxtoeARHPnXXPcDrOU3Xg,UCsJJAvrVGupdmhOqgtDp8dg,@diegoalejandrolopezmendez205,@nestorlorenzana1168,1
UCFhxtoeARHPnXXPcDrOU3Xg,UCsSXdJct-nsS8DsABoEsaYA,@diegoalejandrolopezmendez205,@IvánPérez-j4j,1
UCFhxtoeARHPnXXPcDrOU3Xg,UCsUCN0Yq_UyTvKjOJLmNrnQ,@diegoalejandrolopezmendez205,@moisesvaldez4043,1
UCFhxtoeARHPnXXPcDrOU3Xg,UCsjs5Hp_r86x1xbK6FAeqaA,@diegoalejandrolopezmendez205,@alvaroesquivel563,1
UCFhxtoeARHPnXXPcDrOU3Xg,UCtNfIBnc5S5DbbQj_yxgJTw,@diegoalejandrolopezmendez205,@JosueRamirez-ey3ih,1
UCFhxtoeARHPnXXPcDrOU3Xg,UCvApqeCbLod-wejtT4CcVuA,@diegoalejandrolopezmendez205,@davidgaher9550,1
UCFhxtoeARHPnXXPcDrOU3Xg,UCwha8rxULYMVtNwZWeSkE1A,@diegoalejandrolopezmendez205,@mariasamo8637,1
UCFhxtoeARHPnXXPcDrOU3Xg,UCylqlpsh8ENNM1LqgQ1KbxA,@diegoalejandrolopezmendez205,@Jel.Awesh.M,1
UCAlzM_N6xBlMYmM8EBzX86Q,UC-hfX8J5JPJ-dfuakzegMLA,@carlossoto3252,@normaleticiaorozcojuarez2418,1
UCAlzM_N6xBlMYmM8EBzX86Q,UC-jS_kA9w-OmpupXDx156Rg,@carlossoto3252,@simoncreyesc7579,1
UCAlzM_N6xBlMYmM8EBzX86Q,UC2weSE8rpqkGMOp6StYtVfg,@carlossoto3252,@katerynsantiago2907,1
UCAlzM_N6xBlMYmM8EBzX86Q,UC3E9mAgP7VoAE5mZoAexl5g,@carlossoto3252,@EnnioAroche,1
UCAlzM_N6xBlMYmM8EBzX86Q,UC3NMzdMYryaw82kPTnsaljg,@carlossoto3252,@marisosa7832,1
UCAlzM_N6xBlMYmM8EBzX86Q,UC4cXueR2bKGFJV0Fk76gwmA,@carlossoto3252,@aluxdel4792,1
UCAlzM_N6xBlMYmM8EBzX86Q,UC5bG9nc_JV3FsNP2KseQiYw,@carlossoto3252,@giovannirodas4836,1
UCAlzM_N6xBlMYmM8EBzX86Q,UC650pRT-OYzny3GwOH8Cgfw,@carlossoto3252,@edvinparedesherrera7632,1
UCAlzM_N6xBlMYmM8EBzX86Q,UC8r11yOugM2NuRfitQOxLLg,@carlossoto3252,@cesaraugustomoralesmonroy6907,1
UCAlzM_N6xBlMYmM8EBzX86Q,UC9xr9QvIcDvoZNUX5f-jaZw,@carlossoto3252,@MariaaliciaColonmorales,1
UCAlzM_N6xBlMYmM8EBzX86Q,UCA93ym2TXs_Ibyxb4Vcn-6Q,@carlossoto3252,@oswaldosolis8728,1
UCAlzM_N6xBlMYmM8EBzX86Q,UCAmtbUiIrUIhikru0ZoTFig,@carlossoto3252,@Aura-vf6dm,1
UCAlzM_N6xBlMYmM8EBzX86Q,UCB5p8a5gklc80jJItP6xTHg,@carlossoto3252,@ernestogamboa8737,1
UCAlzM_N6xBlMYmM8EBzX86Q,UCDPWkUX3sNNaCx-m1dV4glA,@carlossoto3252,@hectoroliva949,1
UCAlzM_N6xBlMYmM8EBzX86Q,UCDUffaruH6dyUnUGwsTKpgg,@carlossoto3252,@luisletona2842,1
UCAlzM_N6xBlMYmM8EBzX86Q,UCFoIAE8k82D6AV-8gjjKaNg,@carlossoto3252,@eddymunoz9789,1
UCAlzM_N6xBlMYmM8EBzX86Q,UCFxE8GbokBrBsPEKM1xrOjQ,@carlossoto3252,@JuanDavila-qd7qj,1
UCAlzM_N6xBlMYmM8EBzX86Q,UCGzXwyCzMzGmjmCbH3Hg01Q,@carlossoto3252,@FidelZacarias-ph7dy,1
UCAlzM_N6xBlMYmM8EBzX86Q,UCKDR0f2fu2UzWL8mBv5-BHw,@carlossoto3252,@mireyamorales6595,1
UCAlzM_N6xBlMYmM8EBzX86Q,UCRETAiYdh2dL5ZxB0_N1zDA,@carlossoto3252,@Joseroland21,1
UCAlzM_N6xBlMYmM8EBzX86Q,UCSou6a2OuYGSvPjm5psquyA,@carlossoto3252,@FranciscoRivera-sf7ne,1
UCAlzM_N6xBlMYmM8EBzX86Q,UCTD6q1nyIe3Y7HhqjaMj72w,@carlossoto3252,@JuanChang-r6k,1
UCAlzM_N6xBlMYmM8EBzX86Q,UCTP3O0rMnc8z8v8jaDQwL0w,@carlossoto3252,@RobertoZelaya-x1v,1
UCAlzM_N6xBlMYmM8EBzX86Q,UCXXh7yg5KUFIWylTiKVEFKQ,@carlossoto3252,@MrDuenderojo,1
UCAlzM_N6xBlMYmM8EBzX86Q,UCXgr7vXlRrsaskPdo097kGA,@carlossoto3252,@Rogergh-nw4oj,1
UCAlzM_N6xBlMYmM8EBzX86Q,UCYN4wSQ1Sx4_LurxLlW7MPg,@carlossoto3252,@belarminavillatoro6474,1
UCAlzM_N6xBlMYmM8EBzX86Q,UCfM3nrxtTQMY5jFx1v1J4Gg,@carlossoto3252,@edgarroldan5539,1
UCAlzM_N6xBlMYmM8EBzX86Q,UChZknRmJkeGeQk0-mQuhDOg,@carlossoto3252,@OdilioRodríguez-c5w,1
UCAlzM_N6xBlMYmM8EBzX86Q,UCiGRBf2RNF0WRKhRVT7zFoA,@carlossoto3252,@edwinavila4876,1
UCAlzM_N6xBlMYmM8EBzX86Q,UCiMythXHsw7eQEMykCdmMUA,@carlossoto3252,@JavierBecerra-h6x,1
UCAlzM_N6xBlMYmM8EBzX86Q,UCipetjeiWj4CZB6EbyYziZg,@carlossoto3252,@OseasSamayoa-ol5rz,1
UCAlzM_N6xBlMYmM8EBzX86Q,UCjSKM9j0Q7HLDr1hD6D-TUw,@carlossoto3252,@josehidalgo4875,1
UCAlzM_N6xBlMYmM8EBzX86Q,UCjmPuazZJzscrwvk0QR9RVw,@carlossoto3252,@mynorrodas8591,1
UCAlzM_N6xBlMYmM8EBzX86Q,UCl0ekS9Tt0jJGtOEM18S63w,@carlossoto3252,@monkchapin,1
UCAlzM_N6xBlMYmM8EBzX86Q,UCmvOgzmmXbjUthHy-WJ52hQ,@carlossoto3252,@mariorodas593,1
UCAlzM_N6xBlMYmM8EBzX86Q,UCp4iw5_5SmV9VGTFSNVGOmQ,@carlossoto3252,@CARLOSSTREMS51,1
UCAlzM_N6xBlMYmM8EBzX86Q,UCpl8rF8uv_8uui-QRvuJaRA,@carlossoto3252,@SergioGarcia-z9c,1
UCAlzM_N6xBlMYmM8EBzX86Q,UCr1emrogPKkKTs_WTtx71xg,@carlossoto3252,@domingopeneleu6457,1
UCAlzM_N6xBlMYmM8EBzX86Q,UCrJn_rbo_ENAdeqneS-RmRw,@carlossoto3252,@josecarrera9623,1
UCAlzM_N6xBlMYmM8EBzX86Q,UCsJJAvrVGupdmhOqgtDp8dg,@carlossoto3252,@nestorlorenzana1168,1
UCAlzM_N6xBlMYmM8EBzX86Q,UCsSXdJct-nsS8DsABoEsaYA,@carlossoto3252,@IvánPérez-j4j,1
UCAlzM_N6xBlMYmM8EBzX86Q,UCsUCN0Yq_UyTvKjOJLmNrnQ,@carlossoto3252,@moisesvaldez4043,1
UCAlzM_N6xBlMYmM8EBzX86Q,UCsjs5Hp_r86x1xbK6FAeqaA,@carlossoto3252,@alvaroesquivel563,1
UCAlzM_N6xBlMYmM8EBzX86Q,UCtNfIBnc5S5DbbQj_yxgJTw,@carlossoto3252,@JosueRamirez-ey3ih,1
UCAlzM_N6xBlMYmM8EBzX86Q,UCvApqeCbLod-wejtT4CcVuA,@carlossoto3252,@davidgaher9550,1
UCAlzM_N6xBlMYmM8EBzX86Q,UCwha8rxULYMVtNwZWeSkE1A,@carlossoto3252,@mariasamo8637,1
UCAlzM_N6xBlMYmM8EBzX86Q,UCylqlpsh8ENNM1LqgQ1KbxA,@carlossoto3252,@Jel.Awesh.M,1
UClqA491Xa5fQcXcJJa-vTWw,UC-fiZBS5Gp1eCJd9ucgWnCg,@AndresLemus-k2d,@Tommii.10,1
UClqA491Xa5fQcXcJJa-vTWw,UC32oozucwCF3q8d4m8fyOUg,@AndresLemus-k2d,@RauldejesusOlivagonzalez,1
UClqA491Xa5fQcXcJJa-vTWw,UC3UVO7pTbeYvZ3ILEyRDskQ,@AndresLemus-k2d,@rosaelenaargueta79,1
UClqA491Xa5fQcXcJJa-vTWw,UC7dadZG7kkGYnsNu6td0FbA,@AndresLemus-k2d,@lesolorzano,1
UClqA491Xa5fQcXcJJa-vTWw,UCAKuKvcbfnBD3kF5njNu-IA,@AndresLemus-k2d,@melvinlopez7096,1
UClqA491Xa5fQcXcJJa-vTWw,UCCBYcToQ2dwkd6TJh0FSyDg,@AndresLemus-k2d,@lidiarodriguez3493,1
UClqA491Xa5fQcXcJJa-vTWw,UCDrmf9y9nLgFY5wnA2hTuGA,@AndresLemus-k2d,@laboratorio5528,1
UClqA491Xa5fQcXcJJa-vTWw,UCHbwIx9pmQuf7i-4_xO2EpA,@AndresLemus-k2d,@caminoseternos752,1
UClqA491Xa5fQcXcJJa-vTWw,UCQqlPPUGqAfWjd-FSh_qn7Q,@AndresLemus-k2d,@estuardoargueta137,1
UClqA491Xa5fQcXcJJa-vTWw,UCRvPToDkkumha7WJAfCDk1A,@AndresLemus-k2d,@ligiaguerra3057,1
UClqA491Xa5fQcXcJJa-vTWw,UCUoYsrx1oZnCZ0usbBJn4fA,@AndresLemus-k2d,@AnaDiaz-re9sq,1
UClqA491Xa5fQcXcJJa-vTWw,UCW-JC6lebVmf2P1dmY_L94g,@AndresLemus-k2d,@dinoraoroxon5771,1
UClqA491Xa5fQcXcJJa-vTWw,UCW80DaMjQlEUibC98Cot-Dg,@AndresLemus-k2d,@rogeraldana4289,1
UClqA491Xa5fQcXcJJa-vTWw,UCWoAVGVqCn4xtINCMOTM4jg,@AndresLemus-k2d,@OmarMartinez-vv8re,1
UClqA491Xa5fQcXcJJa-vTWw,UC_LYoGs5C3mbZKZuKuqYCvw,@AndresLemus-k2d,@javiercifuentesarchila6041,1
UClqA491Xa5fQcXcJJa-vTWw,UCe8JZoYkX5oKUZyivHYdXhw,@AndresLemus-k2d,@FernandoGarcia-jg1fj,1
UClqA491Xa5fQcXcJJa-vTWw,UCgJNFj5dnxXpcMvmuhZDPxA,@AndresLemus-k2d,@NataliaRodriguez-rx5mr,1
UClqA491Xa5fQcXcJJa-vTWw,UClhMWQ7XKWywYvbRnuf8QsA,@AndresLemus-k2d,@EcPerez-zz9oh,1
UClqA491Xa5fQcXcJJa-vTWw,UCsGoJEvb-cFPZ2rWoJcXzEQ,@AndresLemus-k2d,@sergiohinestroza9709,1
UClqA491Xa5fQcXcJJa-vTWw,UCu8_3-Wg-YzNyvHYQDEscfw,@AndresLemus-k2d,@RolandoCastroPérez-d7y,1
UClqA491Xa5fQcXcJJa-vTWw,UCylqlpsh8ENNM1LqgQ1KbxA,@AndresLemus-k2d,@Jel.Awesh.M,1
UCvDwJBBY1mHK70aTEYl6rsA,UC-Iul5tDYH_oiAMXQH-KaaQ,@cristianescobedo8296,@AlbertoMancilla-p9h,1
UCvDwJBBY1mHK70aTEYl6rsA,UC0HvfEWozTHbwl_iEmJNvVA,@cristianescobedo8296,@OttoPalencia-b7r,1
UCvDwJBBY1mHK70aTEYl6rsA,UC14qlobYKqD-DO0j6b75lcA,@cristianescobedo8296,@megavision4488,1
UCvDwJBBY1mHK70aTEYl6rsA,UC1NiEdJ7gk6FlDexIalWnGg,@cristianescobedo8296,@BorisTebalán,1
UCvDwJBBY1mHK70aTEYl6rsA,UC3YpzAr7pcdKC7BVFEpYzog,@cristianescobedo8296,@carmenfigueroa1232,1
UCvDwJBBY1mHK70aTEYl6rsA,UCRfkkatKrNtAARnXMMYBGlA,@cristianescobedo8296,@BernerSoza-mg3vx,1
UCvDwJBBY1mHK70aTEYl6rsA,UCa36MjQLoPAmgJo-R3G8WQA,@cristianescobedo8296,@elsasalguero6914,1
UCvDwJBBY1mHK70aTEYl6rsA,UCgGqw4aqMdMVSGkKiMgrJRQ,@cristianescobedo8296,@pattyfigueroa5609,1
UCvDwJBBY1mHK70aTEYl6rsA,UChyps3dqY-VY1_wLeq-2lhw,@cristianescobedo8296,@maydamorales4395,1
UCWWkebAekppaL5b5CNlppuw,UCHGd14aYuZZShLD73dkk6mg,@ninettmartinez425,@noemiherrera3152,1
UCjmPuazZJzscrwvk0QR9RVw,UC-hfX8J5JPJ-dfuakzegMLA,@mynorrodas8591,@normaleticiaorozcojuarez2418,1
UCjmPuazZJzscrwvk0QR9RVw,UC-jS_kA9w-OmpupXDx156Rg,@mynorrodas8591,@simoncreyesc7579,1
UCjmPuazZJzscrwvk0QR9RVw,UC2weSE8rpqkGMOp6StYtVfg,@mynorrodas8591,@katerynsantiago2907,1
UCjmPuazZJzscrwvk0QR9RVw,UC3E9mAgP7VoAE5mZoAexl5g,@mynorrodas8591,@EnnioAroche,1
UCjmPuazZJzscrwvk0QR9RVw,UC3NMzdMYryaw82kPTnsaljg,@mynorrodas8591,@marisosa7832,1
UCjmPuazZJzscrwvk0QR9RVw,UC4cXueR2bKGFJV0Fk76gwmA,@mynorrodas8591,@aluxdel4792,1
UCjmPuazZJzscrwvk0QR9RVw,UC5bG9nc_JV3FsNP2KseQiYw,@mynorrodas8591,@giovannirodas4836,1
UCjmPuazZJzscrwvk0QR9RVw,UC650pRT-OYzny3GwOH8Cgfw,@mynorrodas8591,@edvinparedesherrera7632,1
UCjmPuazZJzscrwvk0QR9RVw,UC8r11yOugM2NuRfitQOxLLg,@mynorrodas8591,@cesaraugustomoralesmonroy6907,1
UCjmPuazZJzscrwvk0QR9RVw,UC9xr9QvIcDvoZNUX5f-jaZw,@mynorrodas8591,@MariaaliciaColonmorales,1
UCjmPuazZJzscrwvk0QR9RVw,UCA93ym2TXs_Ibyxb4Vcn-6Q,@mynorrodas8591,@oswaldosolis8728,1
UCjmPuazZJzscrwvk0QR9RVw,UCAmtbUiIrUIhikru0ZoTFig,@mynorrodas8591,@Aura-vf6dm,1
UCjmPuazZJzscrwvk0QR9RVw,UCB5p8a5gklc80jJItP6xTHg,@mynorrodas8591,@ernestogamboa8737,1
UCjmPuazZJzscrwvk0QR9RVw,UCDPWkUX3sNNaCx-m1dV4glA,@mynorrodas8591,@hectoroliva949,1
UCjmPuazZJzscrwvk0QR9RVw,UCDUffaruH6dyUnUGwsTKpgg,@mynorrodas8591,@luisletona2842,1
UCjmPuazZJzscrwvk0QR9RVw,UCFoIAE8k82D6AV-8gjjKaNg,@mynorrodas8591,@eddymunoz9789,1
UCjmPuazZJzscrwvk0QR9RVw,UCFxE8GbokBrBsPEKM1xrOjQ,@mynorrodas8591,@JuanDavila-qd7qj,1
UCjmPuazZJzscrwvk0QR9RVw,UCGzXwyCzMzGmjmCbH3Hg01Q,@mynorrodas8591,@FidelZacarias-ph7dy,1
UCjmPuazZJzscrwvk0QR9RVw,UCKDR0f2fu2UzWL8mBv5-BHw,@mynorrodas8591,@mireyamorales6595,1
UCjmPuazZJzscrwvk0QR9RVw,UCRETAiYdh2dL5ZxB0_N1zDA,@mynorrodas8591,@Joseroland21,1
UCjmPuazZJzscrwvk0QR9RVw,UCSou6a2OuYGSvPjm5psquyA,@mynorrodas8591,@FranciscoRivera-sf7ne,1
UCjmPuazZJzscrwvk0QR9RVw,UCTD6q1nyIe3Y7HhqjaMj72w,@mynorrodas8591,@JuanChang-r6k,1
UCjmPuazZJzscrwvk0QR9RVw,UCTP3O0rMnc8z8v8jaDQwL0w,@mynorrodas8591,@RobertoZelaya-x1v,1
UCjmPuazZJzscrwvk0QR9RVw,UCXXh7yg5KUFIWylTiKVEFKQ,@mynorrodas8591,@MrDuenderojo,1
UCjmPuazZJzscrwvk0QR9RVw,UCXgr7vXlRrsaskPdo097kGA,@mynorrodas8591,@Rogergh-nw4oj,1
UCjmPuazZJzscrwvk0QR9RVw,UCYN4wSQ1Sx4_LurxLlW7MPg,@mynorrodas8591,@belarminavillatoro6474,1
UCjmPuazZJzscrwvk0QR9RVw,UCfM3nrxtTQMY5jFx1v1J4Gg,@mynorrodas8591,@edgarroldan5539,1
UCjmPuazZJzscrwvk0QR9RVw,UChZknRmJkeGeQk0-mQuhDOg,@mynorrodas8591,@OdilioRodríguez-c5w,1
UCjmPuazZJzscrwvk0QR9RVw,UCiGRBf2RNF0WRKhRVT7zFoA,@mynorrodas8591,@edwinavila4876,1
UCjmPuazZJzscrwvk0QR9RVw,UCiMythXHsw7eQEMykCdmMUA,@mynorrodas8591,@JavierBecerra-h6x,1
UCjmPuazZJzscrwvk0QR9RVw,UCipetjeiWj4CZB6EbyYziZg,@mynorrodas8591,@OseasSamayoa-ol5rz,1
UCjmPuazZJzscrwvk0QR9RVw,UCjSKM9j0Q7HLDr1hD6D-TUw,@mynorrodas8591,@josehidalgo4875,1
UCjmPuazZJzscrwvk0QR9RVw,UCl0ekS9Tt0jJGtOEM18S63w,@mynorrodas8591,@monkchapin,1
UCjmPuazZJzscrwvk0QR9RVw,UCmvOgzmmXbjUthHy-WJ52hQ,@mynorrodas8591,@mariorodas593,1
UCjmPuazZJzscrwvk0QR9RVw,UCp4iw5_5SmV9VGTFSNVGOmQ,@mynorrodas8591,@CARLOSSTREMS51,1
UCjmPuazZJzscrwvk0QR9RVw,UCpl8rF8uv_8uui-QRvuJaRA,@mynorrodas8591,@SergioGarcia-z9c,1
UCjmPuazZJzscrwvk0QR9RVw,UCr1emrogPKkKTs_WTtx71xg,@mynorrodas8591,@domingopeneleu6457,1
UCjmPuazZJzscrwvk0QR9RVw,UCrJn_rbo_ENAdeqneS-RmRw,@mynorrodas8591,@josecarrera9623,1
UCjmPuazZJzscrwvk0QR9RVw,UCsJJAvrVGupdmhOqgtDp8dg,@mynorrodas8591,@nestorlorenzana1168,1
UCjmPuazZJzscrwvk0QR9RVw,UCsSXdJct-nsS8DsABoEsaYA,@mynorrodas8591,@IvánPérez-j4j,1
UCjmPuazZJzscrwvk0QR9RVw,UCsUCN0Yq_UyTvKjOJLmNrnQ,@mynorrodas8591,@moisesvaldez4043,1
UCjmPuazZJzscrwvk0QR9RVw,UCsjs5Hp_r86x1xbK6FAeqaA,@mynorrodas8591,@alvaroesquivel563,1
UCjmPuazZJzscrwvk0QR9RVw,UCtNfIBnc5S5DbbQj_yxgJTw,@mynorrodas8591,@JosueRamirez-ey3ih,1
UCjmPuazZJzscrwvk0QR9RVw,UCvApqeCbLod-wejtT4CcVuA,@mynorrodas8591,@davidgaher9550,1
UCjmPuazZJzscrwvk0QR9RVw,UCwha8rxULYMVtNwZWeSkE1A,@mynorrodas8591,@mariasamo8637,1
UCjmPuazZJzscrwvk0QR9RVw,UCylqlpsh8ENNM1LqgQ1KbxA,@mynorrodas8591,@Jel.Awesh.M,1
UCipetjeiWj4CZB6EbyYziZg,UC-hfX8J5JPJ-dfuakzegMLA,@OseasSamayoa-ol5rz,@normaleticiaorozcojuarez2418,1
UCipetjeiWj4CZB6EbyYziZg,UC-jS_kA9w-OmpupXDx156Rg,@OseasSamayoa-ol5rz,@simoncreyesc7579,1
UCipetjeiWj4CZB6EbyYziZg,UC2weSE8rpqkGMOp6StYtVfg,@OseasSamayoa-ol5rz,@katerynsantiago2907,1
UCipetjeiWj4CZB6EbyYziZg,UC3E9mAgP7VoAE5mZoAexl5g,@OseasSamayoa-ol5rz,@EnnioAroche,1
UCipetjeiWj4CZB6EbyYziZg,UC3NMzdMYryaw82kPTnsaljg,@OseasSamayoa-ol5rz,@marisosa7832,1
UCipetjeiWj4CZB6EbyYziZg,UC4cXueR2bKGFJV0Fk76gwmA,@OseasSamayoa-ol5rz,@aluxdel4792,1
UCipetjeiWj4CZB6EbyYziZg,UC5bG9nc_JV3FsNP2KseQiYw,@OseasSamayoa-ol5rz,@giovannirodas4836,1
UCipetjeiWj4CZB6EbyYziZg,UC650pRT-OYzny3GwOH8Cgfw,@OseasSamayoa-ol5rz,@edvinparedesherrera7632,1
UCipetjeiWj4CZB6EbyYziZg,UC8r11yOugM2NuRfitQOxLLg,@OseasSamayoa-ol5rz,@cesaraugustomoralesmonroy6907,1
UCipetjeiWj4CZB6EbyYziZg,UC9xr9QvIcDvoZNUX5f-jaZw,@OseasSamayoa-ol5rz,@MariaaliciaColonmorales,1
UCipetjeiWj4CZB6EbyYziZg,UCA93ym2TXs_Ibyxb4Vcn-6Q,@OseasSamayoa-ol5rz,@oswaldosolis8728,1
UCipetjeiWj4CZB6EbyYziZg,UCAmtbUiIrUIhikru0ZoTFig,@OseasSamayoa-ol5rz,@Aura-vf6dm,1
UCipetjeiWj4CZB6EbyYziZg,UCB5p8a5gklc80jJItP6xTHg,@OseasSamayoa-ol5rz,@ernestogamboa8737,1
UCipetjeiWj4CZB6EbyYziZg,UCDPWkUX3sNNaCx-m1dV4glA,@OseasSamayoa-ol5rz,@hectoroliva949,1
UCipetjeiWj4CZB6EbyYziZg,UCDUffaruH6dyUnUGwsTKpgg,@OseasSamayoa-ol5rz,@luisletona2842,1
UCipetjeiWj4CZB6EbyYziZg,UCFoIAE8k82D6AV-8gjjKaNg,@OseasSamayoa-ol5rz,@eddymunoz9789,1
UCipetjeiWj4CZB6EbyYziZg,UCFxE8GbokBrBsPEKM1xrOjQ,@OseasSamayoa-ol5rz,@JuanDavila-qd7qj,1
UCipetjeiWj4CZB6EbyYziZg,UCGzXwyCzMzGmjmCbH3Hg01Q,@OseasSamayoa-ol5rz,@FidelZacarias-ph7dy,1
UCipetjeiWj4CZB6EbyYziZg,UCKDR0f2fu2UzWL8mBv5-BHw,@OseasSamayoa-ol5rz,@mireyamorales6595,1
UCipetjeiWj4CZB6EbyYziZg,UCRETAiYdh2dL5ZxB0_N1zDA,@OseasSamayoa-ol5rz,@Joseroland21,1
UCipetjeiWj4CZB6EbyYziZg,UCSou6a2OuYGSvPjm5psquyA,@OseasSamayoa-ol5rz,@FranciscoRivera-sf7ne,1
UCipetjeiWj4CZB6EbyYziZg,UCTD6q1nyIe3Y7HhqjaMj72w,@OseasSamayoa-ol5rz,@JuanChang-r6k,1
UCipetjeiWj4CZB6EbyYziZg,UCTP3O0rMnc8z8v8jaDQwL0w,@OseasSamayoa-ol5rz,@RobertoZelaya-x1v,1
UCipetjeiWj4CZB6EbyYziZg,UCXXh7yg5KUFIWylTiKVEFKQ,@OseasSamayoa-ol5rz,@MrDuenderojo,1
UCipetjeiWj4CZB6EbyYziZg,UCXgr7vXlRrsaskPdo097kGA,@OseasSamayoa-ol5rz,@Rogergh-nw4oj,1
UCipetjeiWj4CZB6EbyYziZg,UCYN4wSQ1Sx4_LurxLlW7MPg,@OseasSamayoa-ol5rz,@belarminavillatoro6474,1
UCipetjeiWj4CZB6EbyYziZg,UCfM3nrxtTQMY5jFx1v1J4Gg,@OseasSamayoa-ol5rz,@edgarroldan5539,1
UCipetjeiWj4CZB6EbyYziZg,UChZknRmJkeGeQk0-mQuhDOg,@OseasSamayoa-ol5rz,@OdilioRodríguez-c5w,1
UCipetjeiWj4CZB6EbyYziZg,UCiGRBf2RNF0WRKhRVT7zFoA,@OseasSamayoa-ol5rz,@edwinavila4876,1
UCipetjeiWj4CZB6EbyYziZg,UCiMythXHsw7eQEMykCdmMUA,@OseasSamayoa-ol5rz,@JavierBecerra-h6x,1
UCipetjeiWj4CZB6EbyYziZg,UCjSKM9j0Q7HLDr1hD6D-TUw,@OseasSamayoa-ol5rz,@josehidalgo4875,1
UCipetjeiWj4CZB6EbyYziZg,UCl0ekS9Tt0jJGtOEM18S63w,@OseasSamayoa-ol5rz,@monkchapin,1
UCipetjeiWj4CZB6EbyYziZg,UCmvOgzmmXbjUthHy-WJ52hQ,@OseasSamayoa-ol5rz,@mariorodas593,1
UCipetjeiWj4CZB6EbyYziZg,UCp4iw5_5SmV9VGTFSNVGOmQ,@OseasSamayoa-ol5rz,@CARLOSSTREMS51,1
UCipetjeiWj4CZB6EbyYziZg,UCpl8rF8uv_8uui-QRvuJaRA,@OseasSamayoa-ol5rz,@SergioGarcia-z9c,1
UCipetjeiWj4CZB6EbyYziZg,UCr1emrogPKkKTs_WTtx71xg,@OseasSamayoa-ol5rz,@domingopeneleu6457,1
UCipetjeiWj4CZB6EbyYziZg,UCrJn_rbo_ENAdeqneS-RmRw,@OseasSamayoa-ol5rz,@josecarrera9623,1
UCipetjeiWj4CZB6EbyYziZg,UCsJJAvrVGupdmhOqgtDp8dg,@OseasSamayoa-ol5rz,@nestorlorenzana1168,1
UCipetjeiWj4CZB6EbyYziZg,UCsSXdJct-nsS8DsABoEsaYA,@OseasSamayoa-ol5rz,@IvánPérez-j4j,1
UCipetjeiWj4CZB6EbyYziZg,UCsUCN0Yq_UyTvKjOJLmNrnQ,@OseasSamayoa-ol5rz,@moisesvaldez4043,1
UCipetjeiWj4CZB6EbyYziZg,UCsjs5Hp_r86x1xbK6FAeqaA,@OseasSamayoa-ol5rz,@alvaroesquivel563,1
UCipetjeiWj4CZB6EbyYziZg,UCtNfIBnc5S5DbbQj_yxgJTw,@OseasSamayoa-ol5rz,@JosueRamirez-ey3ih,1
UCipetjeiWj4CZB6EbyYziZg,UCvApqeCbLod-wejtT4CcVuA,@OseasSamayoa-ol5rz,@davidgaher9550,1
UCipetjeiWj4CZB6EbyYziZg,UCwha8rxULYMVtNwZWeSkE1A,@OseasSamayoa-ol5rz,@mariasamo8637,1
UCipetjeiWj4CZB6EbyYziZg,UCylqlpsh8ENNM1LqgQ1KbxA,@OseasSamayoa-ol5rz,@Jel.Awesh.M,1
UCZIQnb1fkwe39Iw2TAu-bGA,UCOARn3hnfkB7-_Rwa8Hoqcw,@jorgegomez2237,@nicelol5241,1
UCZIQnb1fkwe39Iw2TAu-bGA,UCyW68EGZey4ao_Vf2cR5Ztg,@jorgegomez2237,@ZabalaXabier,1
UCTP3O0rMnc8z8v8jaDQwL0w,UC-hfX8J5JPJ-dfuakzegMLA,@RobertoZelaya-x1v,@normaleticiaorozcojuarez2418,1
UCTP3O0rMnc8z8v8jaDQwL0w,UC-jS_kA9w-OmpupXDx156Rg,@RobertoZelaya-x1v,@simoncreyesc7579,1
UCTP3O0rMnc8z8v8jaDQwL0w,UC2weSE8rpqkGMOp6StYtVfg,@RobertoZelaya-x1v,@katerynsantiago2907,1
UCTP3O0rMnc8z8v8jaDQwL0w,UC3E9mAgP7VoAE5mZoAexl5g,@RobertoZelaya-x1v,@EnnioAroche,1
UCTP3O0rMnc8z8v8jaDQwL0w,UC3NMzdMYryaw82kPTnsaljg,@RobertoZelaya-x1v,@marisosa7832,1
UCTP3O0rMnc8z8v8jaDQwL0w,UC4cXueR2bKGFJV0Fk76gwmA,@RobertoZelaya-x1v,@aluxdel4792,1
UCTP3O0rMnc8z8v8jaDQwL0w,UC5bG9nc_JV3FsNP2KseQiYw,@RobertoZelaya-x1v,@giovannirodas4836,1
UCTP3O0rMnc8z8v8jaDQwL0w,UC650pRT-OYzny3GwOH8Cgfw,@RobertoZelaya-x1v,@edvinparedesherrera7632,1
UCTP3O0rMnc8z8v8jaDQwL0w,UC8r11yOugM2NuRfitQOxLLg,@RobertoZelaya-x1v,@cesaraugustomoralesmonroy6907,1
UCTP3O0rMnc8z8v8jaDQwL0w,UC9xr9QvIcDvoZNUX5f-jaZw,@RobertoZelaya-x1v,@MariaaliciaColonmorales,1
UCTP3O0rMnc8z8v8jaDQwL0w,UCA93ym2TXs_Ibyxb4Vcn-6Q,@RobertoZelaya-x1v,@oswaldosolis8728,1
UCTP3O0rMnc8z8v8jaDQwL0w,UCAmtbUiIrUIhikru0ZoTFig,@RobertoZelaya-x1v,@Aura-vf6dm,1
UCTP3O0rMnc8z8v8jaDQwL0w,UCB5p8a5gklc80jJItP6xTHg,@RobertoZelaya-x1v,@ernestogamboa8737,1
UCTP3O0rMnc8z8v8jaDQwL0w,UCDPWkUX3sNNaCx-m1dV4glA,@RobertoZelaya-x1v,@hectoroliva949,1
UCTP3O0rMnc8z8v8jaDQwL0w,UCDUffaruH6dyUnUGwsTKpgg,@RobertoZelaya-x1v,@luisletona2842,1
UCTP3O0rMnc8z8v8jaDQwL0w,UCFoIAE8k82D6AV-8gjjKaNg,@RobertoZelaya-x1v,@eddymunoz9789,1
UCTP3O0rMnc8z8v8jaDQwL0w,UCFxE8GbokBrBsPEKM1xrOjQ,@RobertoZelaya-x1v,@JuanDavila-qd7qj,1
UCTP3O0rMnc8z8v8jaDQwL0w,UCGzXwyCzMzGmjmCbH3Hg01Q,@RobertoZelaya-x1v,@FidelZacarias-ph7dy,1
UCTP3O0rMnc8z8v8jaDQwL0w,UCKDR0f2fu2UzWL8mBv5-BHw,@RobertoZelaya-x1v,@mireyamorales6595,1
UCTP3O0rMnc8z8v8jaDQwL0w,UCRETAiYdh2dL5ZxB0_N1zDA,@RobertoZelaya-x1v,@Joseroland21,1
UCTP3O0rMnc8z8v8jaDQwL0w,UCSou6a2OuYGSvPjm5psquyA,@RobertoZelaya-x1v,@FranciscoRivera-sf7ne,1
UCTP3O0rMnc8z8v8jaDQwL0w,UCTD6q1nyIe3Y7HhqjaMj72w,@RobertoZelaya-x1v,@JuanChang-r6k,1
UCTP3O0rMnc8z8v8jaDQwL0w,UCXXh7yg5KUFIWylTiKVEFKQ,@RobertoZelaya-x1v,@MrDuenderojo,1
UCTP3O0rMnc8z8v8jaDQwL0w,UCXgr7vXlRrsaskPdo097kGA,@RobertoZelaya-x1v,@Rogergh-nw4oj,1
UCTP3O0rMnc8z8v8jaDQwL0w,UCYN4wSQ1Sx4_LurxLlW7MPg,@RobertoZelaya-x1v,@belarminavillatoro6474,1
UCTP3O0rMnc8z8v8jaDQwL0w,UCfM3nrxtTQMY5jFx1v1J4Gg,@RobertoZelaya-x1v,@edgarroldan5539,1
UCTP3O0rMnc8z8v8jaDQwL0w,UChZknRmJkeGeQk0-mQuhDOg,@RobertoZelaya-x1v,@OdilioRodríguez-c5w,1
UCTP3O0rMnc8z8v8jaDQwL0w,UCiGRBf2RNF0WRKhRVT7zFoA,@RobertoZelaya-x1v,@edwinavila4876,1
UCTP3O0rMnc8z8v8jaDQwL0w,UCiMythXHsw7eQEMykCdmMUA,@RobertoZelaya-x1v,@JavierBecerra-h6x,1
UCTP3O0rMnc8z8v8jaDQwL0w,UCjSKM9j0Q7HLDr1hD6D-TUw,@RobertoZelaya-x1v,@josehidalgo4875,1
UCTP3O0rMnc8z8v8jaDQwL0w,UCl0ekS9Tt0jJGtOEM18S63w,@RobertoZelaya-x1v,@monkchapin,1
UCTP3O0rMnc8z8v8jaDQwL0w,UCmvOgzmmXbjUthHy-WJ52hQ,@RobertoZelaya-x1v,@mariorodas593,1
UCTP3O0rMnc8z8v8jaDQwL0w,UCp4iw5_5SmV9VGTFSNVGOmQ,@RobertoZelaya-x1v,@CARLOSSTREMS51,1
UCTP3O0rMnc8z8v8jaDQwL0w,UCpl8rF8uv_8uui-QRvuJaRA,@RobertoZelaya-x1v,@SergioGarcia-z9c,1
UCTP3O0rMnc8z8v8jaDQwL0w,UCr1emrogPKkKTs_WTtx71xg,@RobertoZelaya-x1v,@domingopeneleu6457,1
UCTP3O0rMnc8z8v8jaDQwL0w,UCrJn_rbo_ENAdeqneS-RmRw,@RobertoZelaya-x1v,@josecarrera9623,1
UCTP3O0rMnc8z8v8jaDQwL0w,UCsJJAvrVGupdmhOqgtDp8dg,@RobertoZelaya-x1v,@nestorlorenzana1168,1
UCTP3O0rMnc8z8v8jaDQwL0w,UCsSXdJct-nsS8DsABoEsaYA,@RobertoZelaya-x1v,@IvánPérez-j4j,1
UCTP3O0rMnc8z8v8jaDQwL0w,UCsUCN0Yq_UyTvKjOJLmNrnQ,@RobertoZelaya-x1v,@moisesvaldez4043,1
UCTP3O0rMnc8z8v8jaDQwL0w,UCsjs5Hp_r86x1xbK6FAeqaA,@RobertoZelaya-x1v,@alvaroesquivel563,1
UCTP3O0rMnc8z8v8jaDQwL0w,UCtNfIBnc5S5DbbQj_yxgJTw,@RobertoZelaya-x1v,@JosueRamirez-ey3ih,1
UCTP3O0rMnc8z8v8jaDQwL0w,UCvApqeCbLod-wejtT4CcVuA,@RobertoZelaya-x1v,@davidgaher9550,1
UCTP3O0rMnc8z8v8jaDQwL0w,UCwha8rxULYMVtNwZWeSkE1A,@RobertoZelaya-x1v,@mariasamo8637,1
UCTP3O0rMnc8z8v8jaDQwL0w,UCylqlpsh8ENNM1LqgQ1KbxA,@RobertoZelaya-x1v,@Jel.Awesh.M,1
UCsUCN0Yq_UyTvKjOJLmNrnQ,UC094EFEmMSdwVa8NQjjYBXg,@moisesvaldez4043,@CelestinoQuej-j7k,1
UCsUCN0Yq_UyTvKjOJLmNrnQ,UC5PrBbmUlQolwqmiru7yZhw,@moisesvaldez4043,@lazarochavez8269,1
UCsUCN0Yq_UyTvKjOJLmNrnQ,UC9Wp6vL5oCU37qC3Aj94WZA,@moisesvaldez4043,@ManuelSanchez-b8q2z,1
UCsUCN0Yq_UyTvKjOJLmNrnQ,UCGm3gRBEHGRJYmtCryZLtDw,@moisesvaldez4043,@JoséLopez-g6k,1
UCsUCN0Yq_UyTvKjOJLmNrnQ,UCHu8x4MVkayU6VgwVKd--MQ,@moisesvaldez4043,@Hernandez-i1o,1
UCsUCN0Yq_UyTvKjOJLmNrnQ,UC-hfX8J5JPJ-dfuakzegMLA,@moisesvaldez4043,@normaleticiaorozcojuarez2418,1
UCsUCN0Yq_UyTvKjOJLmNrnQ,UC-jS_kA9w-OmpupXDx156Rg,@moisesvaldez4043,@simoncreyesc7579,1
UCsUCN0Yq_UyTvKjOJLmNrnQ,UC2weSE8rpqkGMOp6StYtVfg,@moisesvaldez4043,@katerynsantiago2907,1
UCsUCN0Yq_UyTvKjOJLmNrnQ,UC3E9mAgP7VoAE5mZoAexl5g,@moisesvaldez4043,@EnnioAroche,1
UCsUCN0Yq_UyTvKjOJLmNrnQ,UC3NMzdMYryaw82kPTnsaljg,@moisesvaldez4043,@marisosa7832,1
UCsUCN0Yq_UyTvKjOJLmNrnQ,UC4cXueR2bKGFJV0Fk76gwmA,@moisesvaldez4043,@aluxdel4792,1
UCsUCN0Yq_UyTvKjOJLmNrnQ,UC5bG9nc_JV3FsNP2KseQiYw,@moisesvaldez4043,@giovannirodas4836,1
UCsUCN0Yq_UyTvKjOJLmNrnQ,UC650pRT-OYzny3GwOH8Cgfw,@moisesvaldez4043,@edvinparedesherrera7632,1
UCsUCN0Yq_UyTvKjOJLmNrnQ,UC8r11yOugM2NuRfitQOxLLg,@moisesvaldez4043,@cesaraugustomoralesmonroy6907,1
UCsUCN0Yq_UyTvKjOJLmNrnQ,UC9xr9QvIcDvoZNUX5f-jaZw,@moisesvaldez4043,@MariaaliciaColonmorales,1
UCsUCN0Yq_UyTvKjOJLmNrnQ,UCA93ym2TXs_Ibyxb4Vcn-6Q,@moisesvaldez4043,@oswaldosolis8728,1
UCsUCN0Yq_UyTvKjOJLmNrnQ,UCAmtbUiIrUIhikru0ZoTFig,@moisesvaldez4043,@Aura-vf6dm,1
UCsUCN0Yq_UyTvKjOJLmNrnQ,UCB5p8a5gklc80jJItP6xTHg,@moisesvaldez4043,@ernestogamboa8737,1
UCsUCN0Yq_UyTvKjOJLmNrnQ,UCDPWkUX3sNNaCx-m1dV4glA,@moisesvaldez4043,@hectoroliva949,1
UCsUCN0Yq_UyTvKjOJLmNrnQ,UCDUffaruH6dyUnUGwsTKpgg,@moisesvaldez4043,@luisletona2842,1
UCsUCN0Yq_UyTvKjOJLmNrnQ,UCFoIAE8k82D6AV-8gjjKaNg,@moisesvaldez4043,@eddymunoz9789,1
UCsUCN0Yq_UyTvKjOJLmNrnQ,UCFxE8GbokBrBsPEKM1xrOjQ,@moisesvaldez4043,@JuanDavila-qd7qj,1
UCsUCN0Yq_UyTvKjOJLmNrnQ,UCGzXwyCzMzGmjmCbH3Hg01Q,@moisesvaldez4043,@FidelZacarias-ph7dy,1
UCsUCN0Yq_UyTvKjOJLmNrnQ,UCKDR0f2fu2UzWL8mBv5-BHw,@moisesvaldez4043,@mireyamorales6595,1
UCsUCN0Yq_UyTvKjOJLmNrnQ,UCRETAiYdh2dL5ZxB0_N1zDA,@moisesvaldez4043,@Joseroland21,1
UCsUCN0Yq_UyTvKjOJLmNrnQ,UCSou6a2OuYGSvPjm5psquyA,@moisesvaldez4043,@FranciscoRivera-sf7ne,1
UCsUCN0Yq_UyTvKjOJLmNrnQ,UCTD6q1nyIe3Y7HhqjaMj72w,@moisesvaldez4043,@JuanChang-r6k,1
UCsUCN0Yq_UyTvKjOJLmNrnQ,UCXXh7yg5KUFIWylTiKVEFKQ,@moisesvaldez4043,@MrDuenderojo,1
UCsUCN0Yq_UyTvKjOJLmNrnQ,UCXgr7vXlRrsaskPdo097kGA,@moisesvaldez4043,@Rogergh-nw4oj,1
UCsUCN0Yq_UyTvKjOJLmNrnQ,UCYN4wSQ1Sx4_LurxLlW7MPg,@moisesvaldez4043,@belarminavillatoro6474,1
UCsUCN0Yq_UyTvKjOJLmNrnQ,UCfM3nrxtTQMY5jFx1v1J4Gg,@moisesvaldez4043,@edgarroldan5539,1
UCsUCN0Yq_UyTvKjOJLmNrnQ,UChZknRmJkeGeQk0-mQuhDOg,@moisesvaldez4043,@OdilioRodríguez-c5w,1
UCsUCN0Yq_UyTvKjOJLmNrnQ,UCiGRBf2RNF0WRKhRVT7zFoA,@moisesvaldez4043,@edwinavila4876,1
UCsUCN0Yq_UyTvKjOJLmNrnQ,UCiMythXHsw7eQEMykCdmMUA,@moisesvaldez4043,@JavierBecerra-h6x,1
UCsUCN0Yq_UyTvKjOJLmNrnQ,UCjSKM9j0Q7HLDr1hD6D-TUw,@moisesvaldez4043,@josehidalgo4875,1
UCsUCN0Yq_UyTvKjOJLmNrnQ,UCl0ekS9Tt0jJGtOEM18S63w,@moisesvaldez4043,@monkchapin,1
UCsUCN0Yq_UyTvKjOJLmNrnQ,UCmvOgzmmXbjUthHy-WJ52hQ,@moisesvaldez4043,@mariorodas593,1
UCsUCN0Yq_UyTvKjOJLmNrnQ,UCp4iw5_5SmV9VGTFSNVGOmQ,@moisesvaldez4043,@CARLOSSTREMS51,1
UCsUCN0Yq_UyTvKjOJLmNrnQ,UCpl8rF8uv_8uui-QRvuJaRA,@moisesvaldez4043,@SergioGarcia-z9c,1
UCsUCN0Yq_UyTvKjOJLmNrnQ,UCr1emrogPKkKTs_WTtx71xg,@moisesvaldez4043,@domingopeneleu6457,1
UCsUCN0Yq_UyTvKjOJLmNrnQ,UCrJn_rbo_ENAdeqneS-RmRw,@moisesvaldez4043,@josecarrera9623,1
UCsUCN0Yq_UyTvKjOJLmNrnQ,UCsJJAvrVGupdmhOqgtDp8dg,@moisesvaldez4043,@nestorlorenzana1168,1
UCsUCN0Yq_UyTvKjOJLmNrnQ,UCsSXdJct-nsS8DsABoEsaYA,@moisesvaldez4043,@IvánPérez-j4j,1
UCsUCN0Yq_UyTvKjOJLmNrnQ,UCsjs5Hp_r86x1xbK6FAeqaA,@moisesvaldez4043,@alvaroesquivel563,1
UCsUCN0Yq_UyTvKjOJLmNrnQ,UCtNfIBnc5S5DbbQj_yxgJTw,@moisesvaldez4043,@JosueRamirez-ey3ih,1
UCsUCN0Yq_UyTvKjOJLmNrnQ,UCvApqeCbLod-wejtT4CcVuA,@moisesvaldez4043,@davidgaher9550,1
UCsUCN0Yq_UyTvKjOJLmNrnQ,UCwha8rxULYMVtNwZWeSkE1A,@moisesvaldez4043,@mariasamo8637,1
UCsUCN0Yq_UyTvKjOJLmNrnQ,UCylqlpsh8ENNM1LqgQ1KbxA,@moisesvaldez4043,@Jel.Awesh.M,1
UC3UVO7pTbeYvZ3ILEyRDskQ,UC-fiZBS5Gp1eCJd9ucgWnCg,@rosaelenaargueta79,@Tommii.10,1
UC3UVO7pTbeYvZ3ILEyRDskQ,UC32oozucwCF3q8d4m8fyOUg,@rosaelenaargueta79,@RauldejesusOlivagonzalez,1
UC3UVO7pTbeYvZ3ILEyRDskQ,UC7dadZG7kkGYnsNu6td0FbA,@rosaelenaargueta79,@lesolorzano,1
UC3UVO7pTbeYvZ3ILEyRDskQ,UCAKuKvcbfnBD3kF5njNu-IA,@rosaelenaargueta79,@melvinlopez7096,1
UC3UVO7pTbeYvZ3ILEyRDskQ,UCCBYcToQ2dwkd6TJh0FSyDg,@rosaelenaargueta79,@lidiarodriguez3493,1
UC3UVO7pTbeYvZ3ILEyRDskQ,UCDrmf9y9nLgFY5wnA2hTuGA,@rosaelenaargueta79,@laboratorio5528,1
UC3UVO7pTbeYvZ3ILEyRDskQ,UCHbwIx9pmQuf7i-4_xO2EpA,@rosaelenaargueta79,@caminoseternos752,1
UC3UVO7pTbeYvZ3ILEyRDskQ,UCQqlPPUGqAfWjd-FSh_qn7Q,@rosaelenaargueta79,@estuardoargueta137,1
UC3UVO7pTbeYvZ3ILEyRDskQ,UCRvPToDkkumha7WJAfCDk1A,@rosaelenaargueta79,@ligiaguerra3057,1
UC3UVO7pTbeYvZ3ILEyRDskQ,UCUoYsrx1oZnCZ0usbBJn4fA,@rosaelenaargueta79,@AnaDiaz-re9sq,1
UC3UVO7pTbeYvZ3ILEyRDskQ,UCW-JC6lebVmf2P1dmY_L94g,@rosaelenaargueta79,@dinoraoroxon5771,1
UC3UVO7pTbeYvZ3ILEyRDskQ,UCW80DaMjQlEUibC98Cot-Dg,@rosaelenaargueta79,@rogeraldana4289,1
UC3UVO7pTbeYvZ3ILEyRDskQ,UCWoAVGVqCn4xtINCMOTM4jg,@rosaelenaargueta79,@OmarMartinez-vv8re,1
UC3UVO7pTbeYvZ3ILEyRDskQ,UC_LYoGs5C3mbZKZuKuqYCvw,@rosaelenaargueta79,@javiercifuentesarchila6041,1
UC3UVO7pTbeYvZ3ILEyRDskQ,UCe8JZoYkX5oKUZyivHYdXhw,@rosaelenaargueta79,@FernandoGarcia-jg1fj,1
UC3UVO7pTbeYvZ3ILEyRDskQ,UCgJNFj5dnxXpcMvmuhZDPxA,@rosaelenaargueta79,@NataliaRodriguez-rx5mr,1
UC3UVO7pTbeYvZ3ILEyRDskQ,UClhMWQ7XKWywYvbRnuf8QsA,@rosaelenaargueta79,@EcPerez-zz9oh,1
UC3UVO7pTbeYvZ3ILEyRDskQ,UCsGoJEvb-cFPZ2rWoJcXzEQ,@rosaelenaargueta79,@sergiohinestroza9709,1
UC3UVO7pTbeYvZ3ILEyRDskQ,UCu8_3-Wg-YzNyvHYQDEscfw,@rosaelenaargueta79,@RolandoCastroPérez-d7y,1
UC3UVO7pTbeYvZ3ILEyRDskQ,UCylqlpsh8ENNM1LqgQ1KbxA,@rosaelenaargueta79,@Jel.Awesh.M,1
UCuP4UK33HKtJE_S39ksmaTw,UC8xlJWNHz1V_W6q3fbuQH8g,@herbertaguilar1387,@NormaLópez-v7e,1
UCuP4UK33HKtJE_S39ksmaTw,UCAV7QIjYhbDJaycQycM_0eQ,@herbertaguilar1387,@mariavail8998,1
UCuP4UK33HKtJE_S39ksmaTw,UCGX_UbAQOXGZknv5iqklwTA,@herbertaguilar1387,@ronaldgarcia8522,1
UCuP4UK33HKtJE_S39ksmaTw,UCPZueDLrCS4BmTBRMA4q0fA,@herbertaguilar1387,@kevinochoa3695,1
UCuP4UK33HKtJE_S39ksmaTw,UCVQf0tzL7xRzFJsABVVULpg,@herbertaguilar1387,@DennisseLopetegi,1
UCuP4UK33HKtJE_S39ksmaTw,UCbYoNG5J3Au5BqtbXogfEFw,@herbertaguilar1387,@Luis-gn3fj,1
UCuP4UK33HKtJE_S39ksmaTw,UCf5lnNZF7Qrtli9v4N_23WQ,@herbertaguilar1387,@CarlosCortez-v5r,1
UCuP4UK33HKtJE_S39ksmaTw,UCg3eIfd7BrsLEqS0BLkftHA,@herbertaguilar1387,@ErmePérez-q4s,1
UCuP4UK33HKtJE_S39ksmaTw,UCgQJgI9vu1FI2dnC9mrFthw,@herbertaguilar1387,@srms70,1
UCuP4UK33HKtJE_S39ksmaTw,UClsrFGJKWPxxw7MiaEdKLXw,@herbertaguilar1387,@ericapaz5406,1
UCuP4UK33HKtJE_S39ksmaTw,UCtNyHmRZtvGF2hSvI2dUBWw,@herbertaguilar1387,@aureliomaldonado4793,1
UCuP4UK33HKtJE_S39ksmaTw,UCusjriFsDHEc2AOjqk-p5ig,@herbertaguilar1387,@pablobarrios7931,1
UClsrFGJKWPxxw7MiaEdKLXw,UC8xlJWNHz1V_W6q3fbuQH8g,@ericapaz5406,@NormaLópez-v7e,1
UClsrFGJKWPxxw7MiaEdKLXw,UCAV7QIjYhbDJaycQycM_0eQ,@ericapaz5406,@mariavail8998,1
UClsrFGJKWPxxw7MiaEdKLXw,UCGX_UbAQOXGZknv5iqklwTA,@ericapaz5406,@ronaldgarcia8522,1
UClsrFGJKWPxxw7MiaEdKLXw,UCPZueDLrCS4BmTBRMA4q0fA,@ericapaz5406,@kevinochoa3695,1
UClsrFGJKWPxxw7MiaEdKLXw,UCVQf0tzL7xRzFJsABVVULpg,@ericapaz5406,@DennisseLopetegi,1
UClsrFGJKWPxxw7MiaEdKLXw,UCbYoNG5J3Au5BqtbXogfEFw,@ericapaz5406,@Luis-gn3fj,1
UClsrFGJKWPxxw7MiaEdKLXw,UCf5lnNZF7Qrtli9v4N_23WQ,@ericapaz5406,@CarlosCortez-v5r,1
UClsrFGJKWPxxw7MiaEdKLXw,UCg3eIfd7BrsLEqS0BLkftHA,@ericapaz5406,@ErmePérez-q4s,1
UClsrFGJKWPxxw7MiaEdKLXw,UCgQJgI9vu1FI2dnC9mrFthw,@ericapaz5406,@srms70,1
UClsrFGJKWPxxw7MiaEdKLXw,UCtNyHmRZtvGF2hSvI2dUBWw,@ericapaz5406,@aureliomaldonado4793,1
UClsrFGJKWPxxw7MiaEdKLXw,UCusjriFsDHEc2AOjqk-p5ig,@ericapaz5406,@pablobarrios7931,1
UCg3eIfd7BrsLEqS0BLkftHA,UC8xlJWNHz1V_W6q3fbuQH8g,@ErmePérez-q4s,@NormaLópez-v7e,1
UCg3eIfd7BrsLEqS0BLkftHA,UCAV7QIjYhbDJaycQycM_0eQ,@ErmePérez-q4s,@mariavail8998,1
UCg3eIfd7BrsLEqS0BLkftHA,UCGX_UbAQOXGZknv5iqklwTA,@ErmePérez-q4s,@ronaldgarcia8522,1
UCg3eIfd7BrsLEqS0BLkftHA,UCPZueDLrCS4BmTBRMA4q0fA,@ErmePérez-q4s,@kevinochoa3695,1
UCg3eIfd7BrsLEqS0BLkftHA,UCVQf0tzL7xRzFJsABVVULpg,@ErmePérez-q4s,@DennisseLopetegi,1
UCg3eIfd7BrsLEqS0BLkftHA,UCbYoNG5J3Au5BqtbXogfEFw,@ErmePérez-q4s,@Luis-gn3fj,1
UCg3eIfd7BrsLEqS0BLkftHA,UCf5lnNZF7Qrtli9v4N_23WQ,@ErmePérez-q4s,@CarlosCortez-v5r,1
UCg3eIfd7BrsLEqS0BLkftHA,UCgQJgI9vu1FI2dnC9mrFthw,@ErmePérez-q4s,@srms70,1
UCg3eIfd7BrsLEqS0BLkftHA,UCtNyHmRZtvGF2hSvI2dUBWw,@ErmePérez-q4s,@aureliomaldonado4793,1
UCg3eIfd7BrsLEqS0BLkftHA,UCusjriFsDHEc2AOjqk-p5ig,@ErmePérez-q4s,@pablobarrios7931,1
UCq3mDTTRZnUybct5M9OSXbg,UCIXLDYqR_syskKRJy_x9W9Q,@MacoMorales-i2i2d,@carlitosramirez4739,1
UCq3mDTTRZnUybct5M9OSXbg,UCXN2s7DwTJm33xO-pNkAdaA,@MacoMorales-i2i2d,@edithsan7688,1
UCq3mDTTRZnUybct5M9OSXbg,UCwCfs-2zbD5k0lG-UVg_JBw,@MacoMorales-i2i2d,@JessicaHuaz-96,1
UCGzXwyCzMzGmjmCbH3Hg01Q,UC-hfX8J5JPJ-dfuakzegMLA,@FidelZacarias-ph7dy,@normaleticiaorozcojuarez2418,1
UCGzXwyCzMzGmjmCbH3Hg01Q,UC-jS_kA9w-OmpupXDx156Rg,@FidelZacarias-ph7dy,@simoncreyesc7579,1
UCGzXwyCzMzGmjmCbH3Hg01Q,UC2weSE8rpqkGMOp6StYtVfg,@FidelZacarias-ph7dy,@katerynsantiago2907,1
UCGzXwyCzMzGmjmCbH3Hg01Q,UC3E9mAgP7VoAE5mZoAexl5g,@FidelZacarias-ph7dy,@EnnioAroche,1
UCGzXwyCzMzGmjmCbH3Hg01Q,UC3NMzdMYryaw82kPTnsaljg,@FidelZacarias-ph7dy,@marisosa7832,1
UCGzXwyCzMzGmjmCbH3Hg01Q,UC4cXueR2bKGFJV0Fk76gwmA,@FidelZacarias-ph7dy,@aluxdel4792,1
UCGzXwyCzMzGmjmCbH3Hg01Q,UC5bG9nc_JV3FsNP2KseQiYw,@FidelZacarias-ph7dy,@giovannirodas4836,1
UCGzXwyCzMzGmjmCbH3Hg01Q,UC650pRT-OYzny3GwOH8Cgfw,@FidelZacarias-ph7dy,@edvinparedesherrera7632,1
UCGzXwyCzMzGmjmCbH3Hg01Q,UC8r11yOugM2NuRfitQOxLLg,@FidelZacarias-ph7dy,@cesaraugustomoralesmonroy6907,1
UCGzXwyCzMzGmjmCbH3Hg01Q,UC9xr9QvIcDvoZNUX5f-jaZw,@FidelZacarias-ph7dy,@MariaaliciaColonmorales,1
UCGzXwyCzMzGmjmCbH3Hg01Q,UCA93ym2TXs_Ibyxb4Vcn-6Q,@FidelZacarias-ph7dy,@oswaldosolis8728,1
UCGzXwyCzMzGmjmCbH3Hg01Q,UCAmtbUiIrUIhikru0ZoTFig,@FidelZacarias-ph7dy,@Aura-vf6dm,1
UCGzXwyCzMzGmjmCbH3Hg01Q,UCB5p8a5gklc80jJItP6xTHg,@FidelZacarias-ph7dy,@ernestogamboa8737,1
UCGzXwyCzMzGmjmCbH3Hg01Q,UCDPWkUX3sNNaCx-m1dV4glA,@FidelZacarias-ph7dy,@hectoroliva949,1
UCGzXwyCzMzGmjmCbH3Hg01Q,UCDUffaruH6dyUnUGwsTKpgg,@FidelZacarias-ph7dy,@luisletona2842,1
UCGzXwyCzMzGmjmCbH3Hg01Q,UCFoIAE8k82D6AV-8gjjKaNg,@FidelZacarias-ph7dy,@eddymunoz9789,1
UCGzXwyCzMzGmjmCbH3Hg01Q,UCFxE8GbokBrBsPEKM1xrOjQ,@FidelZacarias-ph7dy,@JuanDavila-qd7qj,1
UCGzXwyCzMzGmjmCbH3Hg01Q,UCKDR0f2fu2UzWL8mBv5-BHw,@FidelZacarias-ph7dy,@mireyamorales6595,1
UCGzXwyCzMzGmjmCbH3Hg01Q,UCRETAiYdh2dL5ZxB0_N1zDA,@FidelZacarias-ph7dy,@Joseroland21,1
UCGzXwyCzMzGmjmCbH3Hg01Q,UCSou6a2OuYGSvPjm5psquyA,@FidelZacarias-ph7dy,@FranciscoRivera-sf7ne,1
UCGzXwyCzMzGmjmCbH3Hg01Q,UCTD6q1nyIe3Y7HhqjaMj72w,@FidelZacarias-ph7dy,@JuanChang-r6k,1
UCGzXwyCzMzGmjmCbH3Hg01Q,UCXXh7yg5KUFIWylTiKVEFKQ,@FidelZacarias-ph7dy,@MrDuenderojo,1
UCGzXwyCzMzGmjmCbH3Hg01Q,UCXgr7vXlRrsaskPdo097kGA,@FidelZacarias-ph7dy,@Rogergh-nw4oj,1
UCGzXwyCzMzGmjmCbH3Hg01Q,UCYN4wSQ1Sx4_LurxLlW7MPg,@FidelZacarias-ph7dy,@belarminavillatoro6474,1
UCGzXwyCzMzGmjmCbH3Hg01Q,UCfM3nrxtTQMY5jFx1v1J4Gg,@FidelZacarias-ph7dy,@edgarroldan5539,1
UCGzXwyCzMzGmjmCbH3Hg01Q,UChZknRmJkeGeQk0-mQuhDOg,@FidelZacarias-ph7dy,@OdilioRodríguez-c5w,1
UCGzXwyCzMzGmjmCbH3Hg01Q,UCiGRBf2RNF0WRKhRVT7zFoA,@FidelZacarias-ph7dy,@edwinavila4876,1
UCGzXwyCzMzGmjmCbH3Hg01Q,UCiMythXHsw7eQEMykCdmMUA,@FidelZacarias-ph7dy,@JavierBecerra-h6x,1
UCGzXwyCzMzGmjmCbH3Hg01Q,UCjSKM9j0Q7HLDr1hD6D-TUw,@FidelZacarias-ph7dy,@josehidalgo4875,1
UCGzXwyCzMzGmjmCbH3Hg01Q,UCl0ekS9Tt0jJGtOEM18S63w,@FidelZacarias-ph7dy,@monkchapin,1
UCGzXwyCzMzGmjmCbH3Hg01Q,UCmvOgzmmXbjUthHy-WJ52hQ,@FidelZacarias-ph7dy,@mariorodas593,1
UCGzXwyCzMzGmjmCbH3Hg01Q,UCp4iw5_5SmV9VGTFSNVGOmQ,@FidelZacarias-ph7dy,@CARLOSSTREMS51,1
UCGzXwyCzMzGmjmCbH3Hg01Q,UCpl8rF8uv_8uui-QRvuJaRA,@FidelZacarias-ph7dy,@SergioGarcia-z9c,1
UCGzXwyCzMzGmjmCbH3Hg01Q,UCr1emrogPKkKTs_WTtx71xg,@FidelZacarias-ph7dy,@domingopeneleu6457,1
UCGzXwyCzMzGmjmCbH3Hg01Q,UCrJn_rbo_ENAdeqneS-RmRw,@FidelZacarias-ph7dy,@josecarrera9623,1
UCGzXwyCzMzGmjmCbH3Hg01Q,UCsJJAvrVGupdmhOqgtDp8dg,@FidelZacarias-ph7dy,@nestorlorenzana1168,1
UCGzXwyCzMzGmjmCbH3Hg01Q,UCsSXdJct-nsS8DsABoEsaYA,@FidelZacarias-ph7dy,@IvánPérez-j4j,1
UCGzXwyCzMzGmjmCbH3Hg01Q,UCsjs5Hp_r86x1xbK6FAeqaA,@FidelZacarias-ph7dy,@alvaroesquivel563,1
UCGzXwyCzMzGmjmCbH3Hg01Q,UCtNfIBnc5S5DbbQj_yxgJTw,@FidelZacarias-ph7dy,@JosueRamirez-ey3ih,1
UCGzXwyCzMzGmjmCbH3Hg01Q,UCvApqeCbLod-wejtT4CcVuA,@FidelZacarias-ph7dy,@davidgaher9550,1
UCGzXwyCzMzGmjmCbH3Hg01Q,UCwha8rxULYMVtNwZWeSkE1A,@FidelZacarias-ph7dy,@mariasamo8637,1
UCGzXwyCzMzGmjmCbH3Hg01Q,UCylqlpsh8ENNM1LqgQ1KbxA,@FidelZacarias-ph7dy,@Jel.Awesh.M,1
UC0HvfEWozTHbwl_iEmJNvVA,UC-Iul5tDYH_oiAMXQH-KaaQ,@OttoPalencia-b7r,@AlbertoMancilla-p9h,1
UC0HvfEWozTHbwl_iEmJNvVA,UC14qlobYKqD-DO0j6b75lcA,@OttoPalencia-b7r,@megavision4488,1
UC0HvfEWozTHbwl_iEmJNvVA,UC1NiEdJ7gk6FlDexIalWnGg,@OttoPalencia-b7r,@BorisTebalán,1
UC0HvfEWozTHbwl_iEmJNvVA,UC3YpzAr7pcdKC7BVFEpYzog,@OttoPalencia-b7r,@carmenfigueroa1232,1
UC0HvfEWozTHbwl_iEmJNvVA,UCRfkkatKrNtAARnXMMYBGlA,@OttoPalencia-b7r,@BernerSoza-mg3vx,1
UC0HvfEWozTHbwl_iEmJNvVA,UCa36MjQLoPAmgJo-R3G8WQA,@OttoPalencia-b7r,@elsasalguero6914,1
UC0HvfEWozTHbwl_iEmJNvVA,UCgGqw4aqMdMVSGkKiMgrJRQ,@OttoPalencia-b7r,@pattyfigueroa5609,1
UC0HvfEWozTHbwl_iEmJNvVA,UChyps3dqY-VY1_wLeq-2lhw,@OttoPalencia-b7r,@maydamorales4395,1
UC14qlobYKqD-DO0j6b75lcA,UC-Iul5tDYH_oiAMXQH-KaaQ,@megavision4488,@AlbertoMancilla-p9h,1
UC14qlobYKqD-DO0j6b75lcA,UC1NiEdJ7gk6FlDexIalWnGg,@megavision4488,@BorisTebalán,1
UC14qlobYKqD-DO0j6b75lcA,UC3YpzAr7pcdKC7BVFEpYzog,@megavision4488,@carmenfigueroa1232,1
UC14qlobYKqD-DO0j6b75lcA,UCRfkkatKrNtAARnXMMYBGlA,@megavision4488,@BernerSoza-mg3vx,1
UC14qlobYKqD-DO0j6b75lcA,UCa36MjQLoPAmgJo-R3G8WQA,@megavision4488,@elsasalguero6914,1
UC14qlobYKqD-DO0j6b75lcA,UCgGqw4aqMdMVSGkKiMgrJRQ,@megavision4488,@pattyfigueroa5609,1
UC14qlobYKqD-DO0j6b75lcA,UChyps3dqY-VY1_wLeq-2lhw,@megavision4488,@maydamorales4395,1
UCiGRBf2RNF0WRKhRVT7zFoA,UC-hfX8J5JPJ-dfuakzegMLA,@edwinavila4876,@normaleticiaorozcojuarez2418,1
UCiGRBf2RNF0WRKhRVT7zFoA,UC-jS_kA9w-OmpupXDx156Rg,@edwinavila4876,@simoncreyesc7579,1
UCiGRBf2RNF0WRKhRVT7zFoA,UC2weSE8rpqkGMOp6StYtVfg,@edwinavila4876,@katerynsantiago2907,1
UCiGRBf2RNF0WRKhRVT7zFoA,UC3E9mAgP7VoAE5mZoAexl5g,@edwinavila4876,@EnnioAroche,1
UCiGRBf2RNF0WRKhRVT7zFoA,UC3NMzdMYryaw82kPTnsaljg,@edwinavila4876,@marisosa7832,1
UCiGRBf2RNF0WRKhRVT7zFoA,UC4cXueR2bKGFJV0Fk76gwmA,@edwinavila4876,@aluxdel4792,1
UCiGRBf2RNF0WRKhRVT7zFoA,UC5bG9nc_JV3FsNP2KseQiYw,@edwinavila4876,@giovannirodas4836,1
UCiGRBf2RNF0WRKhRVT7zFoA,UC650pRT-OYzny3GwOH8Cgfw,@edwinavila4876,@edvinparedesherrera7632,1
UCiGRBf2RNF0WRKhRVT7zFoA,UC8r11yOugM2NuRfitQOxLLg,@edwinavila4876,@cesaraugustomoralesmonroy6907,1
UCiGRBf2RNF0WRKhRVT7zFoA,UC9xr9QvIcDvoZNUX5f-jaZw,@edwinavila4876,@MariaaliciaColonmorales,1
UCiGRBf2RNF0WRKhRVT7zFoA,UCA93ym2TXs_Ibyxb4Vcn-6Q,@edwinavila4876,@oswaldosolis8728,1
UCiGRBf2RNF0WRKhRVT7zFoA,UCAmtbUiIrUIhikru0ZoTFig,@edwinavila4876,@Aura-vf6dm,1
UCiGRBf2RNF0WRKhRVT7zFoA,UCB5p8a5gklc80jJItP6xTHg,@edwinavila4876,@ernestogamboa8737,1
UCiGRBf2RNF0WRKhRVT7zFoA,UCDPWkUX3sNNaCx-m1dV4glA,@edwinavila4876,@hectoroliva949,1
UCiGRBf2RNF0WRKhRVT7zFoA,UCDUffaruH6dyUnUGwsTKpgg,@edwinavila4876,@luisletona2842,1
UCiGRBf2RNF0WRKhRVT7zFoA,UCFoIAE8k82D6AV-8gjjKaNg,@edwinavila4876,@eddymunoz9789,1
UCiGRBf2RNF0WRKhRVT7zFoA,UCFxE8GbokBrBsPEKM1xrOjQ,@edwinavila4876,@JuanDavila-qd7qj,1
UCiGRBf2RNF0WRKhRVT7zFoA,UCKDR0f2fu2UzWL8mBv5-BHw,@edwinavila4876,@mireyamorales6595,1
UCiGRBf2RNF0WRKhRVT7zFoA,UCRETAiYdh2dL5ZxB0_N1zDA,@edwinavila4876,@Joseroland21,1
UCiGRBf2RNF0WRKhRVT7zFoA,UCSou6a2OuYGSvPjm5psquyA,@edwinavila4876,@FranciscoRivera-sf7ne,1
UCiGRBf2RNF0WRKhRVT7zFoA,UCTD6q1nyIe3Y7HhqjaMj72w,@edwinavila4876,@JuanChang-r6k,1
UCiGRBf2RNF0WRKhRVT7zFoA,UCXXh7yg5KUFIWylTiKVEFKQ,@edwinavila4876,@MrDuenderojo,1
UCiGRBf2RNF0WRKhRVT7zFoA,UCXgr7vXlRrsaskPdo097kGA,@edwinavila4876,@Rogergh-nw4oj,1
UCiGRBf2RNF0WRKhRVT7zFoA,UCYN4wSQ1Sx4_LurxLlW7MPg,@edwinavila4876,@belarminavillatoro6474,1
UCiGRBf2RNF0WRKhRVT7zFoA,UCfM3nrxtTQMY5jFx1v1J4Gg,@edwinavila4876,@edgarroldan5539,1
UCiGRBf2RNF0WRKhRVT7zFoA,UChZknRmJkeGeQk0-mQuhDOg,@edwinavila4876,@OdilioRodríguez-c5w,1
UCiGRBf2RNF0WRKhRVT7zFoA,UCiMythXHsw7eQEMykCdmMUA,@edwinavila4876,@JavierBecerra-h6x,1
UCiGRBf2RNF0WRKhRVT7zFoA,UCjSKM9j0Q7HLDr1hD6D-TUw,@edwinavila4876,@josehidalgo4875,1
UCiGRBf2RNF0WRKhRVT7zFoA,UCl0ekS9Tt0jJGtOEM18S63w,@edwinavila4876,@monkchapin,1
UCiGRBf2RNF0WRKhRVT7zFoA,UCmvOgzmmXbjUthHy-WJ52hQ,@edwinavila4876,@mariorodas593,1
UCiGRBf2RNF0WRKhRVT7zFoA,UCp4iw5_5SmV9VGTFSNVGOmQ,@edwinavila4876,@CARLOSSTREMS51,1
UCiGRBf2RNF0WRKhRVT7zFoA,UCpl8rF8uv_8uui-QRvuJaRA,@edwinavila4876,@SergioGarcia-z9c,1
UCiGRBf2RNF0WRKhRVT7zFoA,UCr1emrogPKkKTs_WTtx71xg,@edwinavila4876,@domingopeneleu6457,1
UCiGRBf2RNF0WRKhRVT7zFoA,UCrJn_rbo_ENAdeqneS-RmRw,@edwinavila4876,@josecarrera9623,1
UCiGRBf2RNF0WRKhRVT7zFoA,UCsJJAvrVGupdmhOqgtDp8dg,@edwinavila4876,@nestorlorenzana1168,1
UCiGRBf2RNF0WRKhRVT7zFoA,UCsSXdJct-nsS8DsABoEsaYA,@edwinavila4876,@IvánPérez-j4j,1
UCiGRBf2RNF0WRKhRVT7zFoA,UCsjs5Hp_r86x1xbK6FAeqaA,@edwinavila4876,@alvaroesquivel563,1
UCiGRBf2RNF0WRKhRVT7zFoA,UCtNfIBnc5S5DbbQj_yxgJTw,@edwinavila4876,@JosueRamirez-ey3ih,1
UCiGRBf2RNF0WRKhRVT7zFoA,UCvApqeCbLod-wejtT4CcVuA,@edwinavila4876,@davidgaher9550,1
UCiGRBf2RNF0WRKhRVT7zFoA,UCwha8rxULYMVtNwZWeSkE1A,@edwinavila4876,@mariasamo8637,1
UCiGRBf2RNF0WRKhRVT7zFoA,UCylqlpsh8ENNM1LqgQ1KbxA,@edwinavila4876,@Jel.Awesh.M,1
UCa36MjQLoPAmgJo-R3G8WQA,UC-Iul5tDYH_oiAMXQH-KaaQ,@elsasalguero6914,@AlbertoMancilla-p9h,1
UCa36MjQLoPAmgJo-R3G8WQA,UC1NiEdJ7gk6FlDexIalWnGg,@elsasalguero6914,@BorisTebalán,1
UCa36MjQLoPAmgJo-R3G8WQA,UC3YpzAr7pcdKC7BVFEpYzog,@elsasalguero6914,@carmenfigueroa1232,1
UCa36MjQLoPAmgJo-R3G8WQA,UCRfkkatKrNtAARnXMMYBGlA,@elsasalguero6914,@BernerSoza-mg3vx,1
UCa36MjQLoPAmgJo-R3G8WQA,UCgGqw4aqMdMVSGkKiMgrJRQ,@elsasalguero6914,@pattyfigueroa5609,1
UCa36MjQLoPAmgJo-R3G8WQA,UChyps3dqY-VY1_wLeq-2lhw,@elsasalguero6914,@maydamorales4395,1
UC3YpzAr7pcdKC7BVFEpYzog,UC-Iul5tDYH_oiAMXQH-KaaQ,@carmenfigueroa1232,@AlbertoMancilla-p9h,1
UC3YpzAr7pcdKC7BVFEpYzog,UC1NiEdJ7gk6FlDexIalWnGg,@carmenfigueroa1232,@BorisTebalán,1
UC3YpzAr7pcdKC7BVFEpYzog,UCRfkkatKrNtAARnXMMYBGlA,@carmenfigueroa1232,@BernerSoza-mg3vx,1
UC3YpzAr7pcdKC7BVFEpYzog,UCgGqw4aqMdMVSGkKiMgrJRQ,@carmenfigueroa1232,@pattyfigueroa5609,1
UC3YpzAr7pcdKC7BVFEpYzog,UChyps3dqY-VY1_wLeq-2lhw,@carmenfigueroa1232,@maydamorales4395,1
UCQqlPPUGqAfWjd-FSh_qn7Q,UC-fiZBS5Gp1eCJd9ucgWnCg,@estuardoargueta137,@Tommii.10,1
UCQqlPPUGqAfWjd-FSh_qn7Q,UC32oozucwCF3q8d4m8fyOUg,@estuardoargueta137,@RauldejesusOlivagonzalez,1
UCQqlPPUGqAfWjd-FSh_qn7Q,UC7dadZG7kkGYnsNu6td0FbA,@estuardoargueta137,@lesolorzano,1
UCQqlPPUGqAfWjd-FSh_qn7Q,UCAKuKvcbfnBD3kF5njNu-IA,@estuardoargueta137,@melvinlopez7096,1
UCQqlPPUGqAfWjd-FSh_qn7Q,UCCBYcToQ2dwkd6TJh0FSyDg,@estuardoargueta137,@lidiarodriguez3493,1
UCQqlPPUGqAfWjd-FSh_qn7Q,UCDrmf9y9nLgFY5wnA2hTuGA,@estuardoargueta137,@laboratorio5528,1
UCQqlPPUGqAfWjd-FSh_qn7Q,UCHbwIx9pmQuf7i-4_xO2EpA,@estuardoargueta137,@caminoseternos752,1
UCQqlPPUGqAfWjd-FSh_qn7Q,UCRvPToDkkumha7WJAfCDk1A,@estuardoargueta137,@ligiaguerra3057,1
UCQqlPPUGqAfWjd-FSh_qn7Q,UCUoYsrx1oZnCZ0usbBJn4fA,@estuardoargueta137,@AnaDiaz-re9sq,1
UCQqlPPUGqAfWjd-FSh_qn7Q,UCW-JC6lebVmf2P1dmY_L94g,@estuardoargueta137,@dinoraoroxon5771,1
UCQqlPPUGqAfWjd-FSh_qn7Q,UCW80DaMjQlEUibC98Cot-Dg,@estuardoargueta137,@rogeraldana4289,1
UCQqlPPUGqAfWjd-FSh_qn7Q,UCWoAVGVqCn4xtINCMOTM4jg,@estuardoargueta137,@OmarMartinez-vv8re,1
UCQqlPPUGqAfWjd-FSh_qn7Q,UC_LYoGs5C3mbZKZuKuqYCvw,@estuardoargueta137,@javiercifuentesarchila6041,1
UCQqlPPUGqAfWjd-FSh_qn7Q,UCe8JZoYkX5oKUZyivHYdXhw,@estuardoargueta137,@FernandoGarcia-jg1fj,1
UCQqlPPUGqAfWjd-FSh_qn7Q,UCgJNFj5dnxXpcMvmuhZDPxA,@estuardoargueta137,@NataliaRodriguez-rx5mr,1
UCQqlPPUGqAfWjd-FSh_qn7Q,UClhMWQ7XKWywYvbRnuf8QsA,@estuardoargueta137,@EcPerez-zz9oh,1
UCQqlPPUGqAfWjd-FSh_qn7Q,UCsGoJEvb-cFPZ2rWoJcXzEQ,@estuardoargueta137,@sergiohinestroza9709,1
UCQqlPPUGqAfWjd-FSh_qn7Q,UCu8_3-Wg-YzNyvHYQDEscfw,@estuardoargueta137,@RolandoCastroPérez-d7y,1
UCQqlPPUGqAfWjd-FSh_qn7Q,UCylqlpsh8ENNM1LqgQ1KbxA,@estuardoargueta137,@Jel.Awesh.M,1
UC8r11yOugM2NuRfitQOxLLg,UC-hfX8J5JPJ-dfuakzegMLA,@cesaraugustomoralesmonroy6907,@normaleticiaorozcojuarez2418,1
UC8r11yOugM2NuRfitQOxLLg,UC-jS_kA9w-OmpupXDx156Rg,@cesaraugustomoralesmonroy6907,@simoncreyesc7579,1
UC8r11yOugM2NuRfitQOxLLg,UC2weSE8rpqkGMOp6StYtVfg,@cesaraugustomoralesmonroy6907,@katerynsantiago2907,1
UC8r11yOugM2NuRfitQOxLLg,UC3E9mAgP7VoAE5mZoAexl5g,@cesaraugustomoralesmonroy6907,@EnnioAroche,1
UC8r11yOugM2NuRfitQOxLLg,UC3NMzdMYryaw82kPTnsaljg,@cesaraugustomoralesmonroy6907,@marisosa7832,1
UC8r11yOugM2NuRfitQOxLLg,UC4cXueR2bKGFJV0Fk76gwmA,@cesaraugustomoralesmonroy6907,@aluxdel4792,1
UC8r11yOugM2NuRfitQOxLLg,UC5bG9nc_JV3FsNP2KseQiYw,@cesaraugustomoralesmonroy6907,@giovannirodas4836,1
UC8r11yOugM2NuRfitQOxLLg,UC650pRT-OYzny3GwOH8Cgfw,@cesaraugustomoralesmonroy6907,@edvinparedesherrera7632,1
UC8r11yOugM2NuRfitQOxLLg,UC9xr9QvIcDvoZNUX5f-jaZw,@cesaraugustomoralesmonroy6907,@MariaaliciaColonmorales,1
UC8r11yOugM2NuRfitQOxLLg,UCA93ym2TXs_Ibyxb4Vcn-6Q,@cesaraugustomoralesmonroy6907,@oswaldosolis8728,1
UC8r11yOugM2NuRfitQOxLLg,UCAmtbUiIrUIhikru0ZoTFig,@cesaraugustomoralesmonroy6907,@Aura-vf6dm,1
UC8r11yOugM2NuRfitQOxLLg,UCB5p8a5gklc80jJItP6xTHg,@cesaraugustomoralesmonroy6907,@ernestogamboa8737,1
UC8r11yOugM2NuRfitQOxLLg,UCDPWkUX3sNNaCx-m1dV4glA,@cesaraugustomoralesmonroy6907,@hectoroliva949,1
UC8r11yOugM2NuRfitQOxLLg,UCDUffaruH6dyUnUGwsTKpgg,@cesaraugustomoralesmonroy6907,@luisletona2842,1
UC8r11yOugM2NuRfitQOxLLg,UCFoIAE8k82D6AV-8gjjKaNg,@cesaraugustomoralesmonroy6907,@eddymunoz9789,1
UC8r11yOugM2NuRfitQOxLLg,UCFxE8GbokBrBsPEKM1xrOjQ,@cesaraugustomoralesmonroy6907,@JuanDavila-qd7qj,1
UC8r11yOugM2NuRfitQOxLLg,UCKDR0f2fu2UzWL8mBv5-BHw,@cesaraugustomoralesmonroy6907,@mireyamorales6595,1
UC8r11yOugM2NuRfitQOxLLg,UCRETAiYdh2dL5ZxB0_N1zDA,@cesaraugustomoralesmonroy6907,@Joseroland21,1
UC8r11yOugM2NuRfitQOxLLg,UCSou6a2OuYGSvPjm5psquyA,@cesaraugustomoralesmonroy6907,@FranciscoRivera-sf7ne,1
UC8r11yOugM2NuRfitQOxLLg,UCTD6q1nyIe3Y7HhqjaMj72w,@cesaraugustomoralesmonroy6907,@JuanChang-r6k,1
UC8r11yOugM2NuRfitQOxLLg,UCXXh7yg5KUFIWylTiKVEFKQ,@cesaraugustomoralesmonroy6907,@MrDuenderojo,1
UC8r11yOugM2NuRfitQOxLLg,UCXgr7vXlRrsaskPdo097kGA,@cesaraugustomoralesmonroy6907,@Rogergh-nw4oj,1
UC8r11yOugM2NuRfitQOxLLg,UCYN4wSQ1Sx4_LurxLlW7MPg,@cesaraugustomoralesmonroy6907,@belarminavillatoro6474,1
UC8r11yOugM2NuRfitQOxLLg,UCfM3nrxtTQMY5jFx1v1J4Gg,@cesaraugustomoralesmonroy6907,@edgarroldan5539,1
UC8r11yOugM2NuRfitQOxLLg,UChZknRmJkeGeQk0-mQuhDOg,@cesaraugustomoralesmonroy6907,@OdilioRodríguez-c5w,1
UC8r11yOugM2NuRfitQOxLLg,UCiMythXHsw7eQEMykCdmMUA,@cesaraugustomoralesmonroy6907,@JavierBecerra-h6x,1
UC8r11yOugM2NuRfitQOxLLg,UCjSKM9j0Q7HLDr1hD6D-TUw,@cesaraugustomoralesmonroy6907,@josehidalgo4875,1
UC8r11yOugM2NuRfitQOxLLg,UCl0ekS9Tt0jJGtOEM18S63w,@cesaraugustomoralesmonroy6907,@monkchapin,1
UC8r11yOugM2NuRfitQOxLLg,UCmvOgzmmXbjUthHy-WJ52hQ,@cesaraugustomoralesmonroy6907,@mariorodas593,1
UC8r11yOugM2NuRfitQOxLLg,UCp4iw5_5SmV9VGTFSNVGOmQ,@cesaraugustomoralesmonroy6907,@CARLOSSTREMS51,1
UC8r11yOugM2NuRfitQOxLLg,UCpl8rF8uv_8uui-QRvuJaRA,@cesaraugustomoralesmonroy6907,@SergioGarcia-z9c,1
UC8r11yOugM2NuRfitQOxLLg,UCr1emrogPKkKTs_WTtx71xg,@cesaraugustomoralesmonroy6907,@domingopeneleu6457,1
UC8r11yOugM2NuRfitQOxLLg,UCrJn_rbo_ENAdeqneS-RmRw,@cesaraugustomoralesmonroy6907,@josecarrera9623,1
UC8r11yOugM2NuRfitQOxLLg,UCsJJAvrVGupdmhOqgtDp8dg,@cesaraugustomoralesmonroy6907,@nestorlorenzana1168,1
UC8r11yOugM2NuRfitQOxLLg,UCsSXdJct-nsS8DsABoEsaYA,@cesaraugustomoralesmonroy6907,@IvánPérez-j4j,1
UC8r11yOugM2NuRfitQOxLLg,UCsjs5Hp_r86x1xbK6FAeqaA,@cesaraugustomoralesmonroy6907,@alvaroesquivel563,1
UC8r11yOugM2NuRfitQOxLLg,UCtNfIBnc5S5DbbQj_yxgJTw,@cesaraugustomoralesmonroy6907,@JosueRamirez-ey3ih,1
UC8r11yOugM2NuRfitQOxLLg,UCvApqeCbLod-wejtT4CcVuA,@cesaraugustomoralesmonroy6907,@davidgaher9550,1
UC8r11yOugM2NuRfitQOxLLg,UCwha8rxULYMVtNwZWeSkE1A,@cesaraugustomoralesmonroy6907,@mariasamo8637,1
UC8r11yOugM2NuRfitQOxLLg,UCylqlpsh8ENNM1LqgQ1KbxA,@cesaraugustomoralesmonroy6907,@Jel.Awesh.M,1
UCusjriFsDHEc2AOjqk-p5ig,UC8xlJWNHz1V_W6q3fbuQH8g,@pablobarrios7931,@NormaLópez-v7e,1
UCusjriFsDHEc2AOjqk-p5ig,UCAV7QIjYhbDJaycQycM_0eQ,@pablobarrios7931,@mariavail8998,1
UCusjriFsDHEc2AOjqk-p5ig,UCGX_UbAQOXGZknv5iqklwTA,@pablobarrios7931,@ronaldgarcia8522,1
UCusjriFsDHEc2AOjqk-p5ig,UCPZueDLrCS4BmTBRMA4q0fA,@pablobarrios7931,@kevinochoa3695,1
UCusjriFsDHEc2AOjqk-p5ig,UCVQf0tzL7xRzFJsABVVULpg,@pablobarrios7931,@DennisseLopetegi,1
UCusjriFsDHEc2AOjqk-p5ig,UCbYoNG5J3Au5BqtbXogfEFw,@pablobarrios7931,@Luis-gn3fj,1
UCusjriFsDHEc2AOjqk-p5ig,UCf5lnNZF7Qrtli9v4N_23WQ,@pablobarrios7931,@CarlosCortez-v5r,1
UCusjriFsDHEc2AOjqk-p5ig,UCgQJgI9vu1FI2dnC9mrFthw,@pablobarrios7931,@srms70,1
UCusjriFsDHEc2AOjqk-p5ig,UCtNyHmRZtvGF2hSvI2dUBWw,@pablobarrios7931,@aureliomaldonado4793,1
UC5fvhAfm89JH8eDFdvc0xYw,UC0aEyakBPqcBkVJiErfSupQ,@isaidiaz2388,@jhonymanuel9891,1
UC5fvhAfm89JH8eDFdvc0xYw,UCGqKxQS-z3NZzZF-2w338AA,@isaidiaz2388,@samuelaguilar529,1
UC5fvhAfm89JH8eDFdvc0xYw,UCHMQ_lDhibZ-XZ_3fo6oxwg,@isaidiaz2388,@crislexrubi4387,1
UC5fvhAfm89JH8eDFdvc0xYw,UCIp19h9igblA2YKfSLPDAug,@isaidiaz2388,@JoseReyes-rn6sh,1
UC5fvhAfm89JH8eDFdvc0xYw,UCRcSR3Lvn9DZAmJpVPANfZQ,@isaidiaz2388,@WalksandSuch,1
UC5fvhAfm89JH8eDFdvc0xYw,UCRznz9-N3Qc1w-qNdLSIY2Q,@isaidiaz2388,@jimmygomez724,1
UC5fvhAfm89JH8eDFdvc0xYw,UCY7Hq7F9Lnucf-Yr6JkHZNw,@isaidiaz2388,@maynorcalel1442,1
UC5fvhAfm89JH8eDFdvc0xYw,UCaT6M2zp7X6r6Whd8Vv3kHQ,@isaidiaz2388,@alexarcos8349,1
UC5fvhAfm89JH8eDFdvc0xYw,UCgLrWFdYitoP-b7-PxtUr-w,@isaidiaz2388,@zetag,1
UC5fvhAfm89JH8eDFdvc0xYw,UCi-vPdnpQreC7BkFs40mJGA,@isaidiaz2388,@bryansicasales4280,1
UC5fvhAfm89JH8eDFdvc0xYw,UCs_5qeqdku9tGAq22y3OcuQ,@isaidiaz2388,@alexandrevasquez4135,1
UC5fvhAfm89JH8eDFdvc0xYw,UCtMBF_1O2jY2INlb_luuB_A,@isaidiaz2388,@mynorgudiel8646,1
UC5fvhAfm89JH8eDFdvc0xYw,UCwUAv3_LpWVtTIi7lkmTL7A,@isaidiaz2388,@kingr4706,1
UC5fvhAfm89JH8eDFdvc0xYw,UCyzf29IYjNw67gGIfsjgtxA,@isaidiaz2388,@carlosoliva9249,1
UCAV7QIjYhbDJaycQycM_0eQ,UC8xlJWNHz1V_W6q3fbuQH8g,@mariavail8998,@NormaLópez-v7e,1
UCAV7QIjYhbDJaycQycM_0eQ,UCGX_UbAQOXGZknv5iqklwTA,@mariavail8998,@ronaldgarcia8522,1
UCAV7QIjYhbDJaycQycM_0eQ,UCPZueDLrCS4BmTBRMA4q0fA,@mariavail8998,@kevinochoa3695,1
UCAV7QIjYhbDJaycQycM_0eQ,UCVQf0tzL7xRzFJsABVVULpg,@mariavail8998,@DennisseLopetegi,1
UCAV7QIjYhbDJaycQycM_0eQ,UCbYoNG5J3Au5BqtbXogfEFw,@mariavail8998,@Luis-gn3fj,1
UCAV7QIjYhbDJaycQycM_0eQ,UCf5lnNZF7Qrtli9v4N_23WQ,@mariavail8998,@CarlosCortez-v5r,1
UCAV7QIjYhbDJaycQycM_0eQ,UCgQJgI9vu1FI2dnC9mrFthw,@mariavail8998,@srms70,1
UCAV7QIjYhbDJaycQycM_0eQ,UCtNyHmRZtvGF2hSvI2dUBWw,@mariavail8998,@aureliomaldonado4793,1
UC3E9mAgP7VoAE5mZoAexl5g,UC-hfX8J5JPJ-dfuakzegMLA,@EnnioAroche,@normaleticiaorozcojuarez2418,1
UC3E9mAgP7VoAE5mZoAexl5g,UC-jS_kA9w-OmpupXDx156Rg,@EnnioAroche,@simoncreyesc7579,1
UC3E9mAgP7VoAE5mZoAexl5g,UC2weSE8rpqkGMOp6StYtVfg,@EnnioAroche,@katerynsantiago2907,1
UC3E9mAgP7VoAE5mZoAexl5g,UC3NMzdMYryaw82kPTnsaljg,@EnnioAroche,@marisosa7832,1
UC3E9mAgP7VoAE5mZoAexl5g,UC4cXueR2bKGFJV0Fk76gwmA,@EnnioAroche,@aluxdel4792,1
UC3E9mAgP7VoAE5mZoAexl5g,UC5bG9nc_JV3FsNP2KseQiYw,@EnnioAroche,@giovannirodas4836,1
UC3E9mAgP7VoAE5mZoAexl5g,UC650pRT-OYzny3GwOH8Cgfw,@EnnioAroche,@edvinparedesherrera7632,1
UC3E9mAgP7VoAE5mZoAexl5g,UC9xr9QvIcDvoZNUX5f-jaZw,@EnnioAroche,@MariaaliciaColonmorales,1
UC3E9mAgP7VoAE5mZoAexl5g,UCA93ym2TXs_Ibyxb4Vcn-6Q,@EnnioAroche,@oswaldosolis8728,1
UC3E9mAgP7VoAE5mZoAexl5g,UCAmtbUiIrUIhikru0ZoTFig,@EnnioAroche,@Aura-vf6dm,1
UC3E9mAgP7VoAE5mZoAexl5g,UCB5p8a5gklc80jJItP6xTHg,@EnnioAroche,@ernestogamboa8737,1
UC3E9mAgP7VoAE5mZoAexl5g,UCDPWkUX3sNNaCx-m1dV4glA,@EnnioAroche,@hectoroliva949,1
UC3E9mAgP7VoAE5mZoAexl5g,UCDUffaruH6dyUnUGwsTKpgg,@EnnioAroche,@luisletona2842,1
UC3E9mAgP7VoAE5mZoAexl5g,UCFoIAE8k82D6AV-8gjjKaNg,@EnnioAroche,@eddymunoz9789,1
UC3E9mAgP7VoAE5mZoAexl5g,UCFxE8GbokBrBsPEKM1xrOjQ,@EnnioAroche,@JuanDavila-qd7qj,1
UC3E9mAgP7VoAE5mZoAexl5g,UCKDR0f2fu2UzWL8mBv5-BHw,@EnnioAroche,@mireyamorales6595,1
UC3E9mAgP7VoAE5mZoAexl5g,UCRETAiYdh2dL5ZxB0_N1zDA,@EnnioAroche,@Joseroland21,1
UC3E9mAgP7VoAE5mZoAexl5g,UCSou6a2OuYGSvPjm5psquyA,@EnnioAroche,@FranciscoRivera-sf7ne,1
UC3E9mAgP7VoAE5mZoAexl5g,UCTD6q1nyIe3Y7HhqjaMj72w,@EnnioAroche,@JuanChang-r6k,1
UC3E9mAgP7VoAE5mZoAexl5g,UCXXh7yg5KUFIWylTiKVEFKQ,@EnnioAroche,@MrDuenderojo,1
UC3E9mAgP7VoAE5mZoAexl5g,UCXgr7vXlRrsaskPdo097kGA,@EnnioAroche,@Rogergh-nw4oj,1
UC3E9mAgP7VoAE5mZoAexl5g,UCYN4wSQ1Sx4_LurxLlW7MPg,@EnnioAroche,@belarminavillatoro6474,1
UC3E9mAgP7VoAE5mZoAexl5g,UCfM3nrxtTQMY5jFx1v1J4Gg,@EnnioAroche,@edgarroldan5539,1
UC3E9mAgP7VoAE5mZoAexl5g,UChZknRmJkeGeQk0-mQuhDOg,@EnnioAroche,@OdilioRodríguez-c5w,1
UC3E9mAgP7VoAE5mZoAexl5g,UCiMythXHsw7eQEMykCdmMUA,@EnnioAroche,@JavierBecerra-h6x,1
UC3E9mAgP7VoAE5mZoAexl5g,UCjSKM9j0Q7HLDr1hD6D-TUw,@EnnioAroche,@josehidalgo4875,1
UC3E9mAgP7VoAE5mZoAexl5g,UCl0ekS9Tt0jJGtOEM18S63w,@EnnioAroche,@monkchapin,1
UC3E9mAgP7VoAE5mZoAexl5g,UCmvOgzmmXbjUthHy-WJ52hQ,@EnnioAroche,@mariorodas593,1
UC3E9mAgP7VoAE5mZoAexl5g,UCp4iw5_5SmV9VGTFSNVGOmQ,@EnnioAroche,@CARLOSSTREMS51,1
UC3E9mAgP7VoAE5mZoAexl5g,UCpl8rF8uv_8uui-QRvuJaRA,@EnnioAroche,@SergioGarcia-z9c,1
UC3E9mAgP7VoAE5mZoAexl5g,UCr1emrogPKkKTs_WTtx71xg,@EnnioAroche,@domingopeneleu6457,1
UC3E9mAgP7VoAE5mZoAexl5g,UCrJn_rbo_ENAdeqneS-RmRw,@EnnioAroche,@josecarrera9623,1
UC3E9mAgP7VoAE5mZoAexl5g,UCsJJAvrVGupdmhOqgtDp8dg,@EnnioAroche,@nestorlorenzana1168,1
UC3E9mAgP7VoAE5mZoAexl5g,UCsSXdJct-nsS8DsABoEsaYA,@EnnioAroche,@IvánPérez-j4j,1
UC3E9mAgP7VoAE5mZoAexl5g,UCsjs5Hp_r86x1xbK6FAeqaA,@EnnioAroche,@alvaroesquivel563,1
UC3E9mAgP7VoAE5mZoAexl5g,UCtNfIBnc5S5DbbQj_yxgJTw,@EnnioAroche,@JosueRamirez-ey3ih,1
UC3E9mAgP7VoAE5mZoAexl5g,UCvApqeCbLod-wejtT4CcVuA,@EnnioAroche,@davidgaher9550,1
UC3E9mAgP7VoAE5mZoAexl5g,UCwha8rxULYMVtNwZWeSkE1A,@EnnioAroche,@mariasamo8637,1
UC3E9mAgP7VoAE5mZoAexl5g,UCylqlpsh8ENNM1LqgQ1KbxA,@EnnioAroche,@Jel.Awesh.M,1
UCB5p8a5gklc80jJItP6xTHg,UC-hfX8J5JPJ-dfuakzegMLA,@ernestogamboa8737,@normaleticiaorozcojuarez2418,1
UCB5p8a5gklc80jJItP6xTHg,UC-jS_kA9w-OmpupXDx156Rg,@ernestogamboa8737,@simoncreyesc7579,1
UCB5p8a5gklc80jJItP6xTHg,UC2weSE8rpqkGMOp6StYtVfg,@ernestogamboa8737,@katerynsantiago2907,1
UCB5p8a5gklc80jJItP6xTHg,UC3NMzdMYryaw82kPTnsaljg,@ernestogamboa8737,@marisosa7832,1
UCB5p8a5gklc80jJItP6xTHg,UC4cXueR2bKGFJV0Fk76gwmA,@ernestogamboa8737,@aluxdel4792,1
UCB5p8a5gklc80jJItP6xTHg,UC5bG9nc_JV3FsNP2KseQiYw,@ernestogamboa8737,@giovannirodas4836,1
UCB5p8a5gklc80jJItP6xTHg,UC650pRT-OYzny3GwOH8Cgfw,@ernestogamboa8737,@edvinparedesherrera7632,1
UCB5p8a5gklc80jJItP6xTHg,UC9xr9QvIcDvoZNUX5f-jaZw,@ernestogamboa8737,@MariaaliciaColonmorales,1
UCB5p8a5gklc80jJItP6xTHg,UCA93ym2TXs_Ibyxb4Vcn-6Q,@ernestogamboa8737,@oswaldosolis8728,1
UCB5p8a5gklc80jJItP6xTHg,UCAmtbUiIrUIhikru0ZoTFig,@ernestogamboa8737,@Aura-vf6dm,1
UCB5p8a5gklc80jJItP6xTHg,UCDPWkUX3sNNaCx-m1dV4glA,@ernestogamboa8737,@hectoroliva949,1
UCB5p8a5gklc80jJItP6xTHg,UCDUffaruH6dyUnUGwsTKpgg,@ernestogamboa8737,@luisletona2842,1
UCB5p8a5gklc80jJItP6xTHg,UCFoIAE8k82D6AV-8gjjKaNg,@ernestogamboa8737,@eddymunoz9789,1
UCB5p8a5gklc80jJItP6xTHg,UCFxE8GbokBrBsPEKM1xrOjQ,@ernestogamboa8737,@JuanDavila-qd7qj,1
UCB5p8a5gklc80jJItP6xTHg,UCKDR0f2fu2UzWL8mBv5-BHw,@ernestogamboa8737,@mireyamorales6595,1
UCB5p8a5gklc80jJItP6xTHg,UCRETAiYdh2dL5ZxB0_N1zDA,@ernestogamboa8737,@Joseroland21,1
UCB5p8a5gklc80jJItP6xTHg,UCSou6a2OuYGSvPjm5psquyA,@ernestogamboa8737,@FranciscoRivera-sf7ne,1
UCB5p8a5gklc80jJItP6xTHg,UCTD6q1nyIe3Y7HhqjaMj72w,@ernestogamboa8737,@JuanChang-r6k,1
UCB5p8a5gklc80jJItP6xTHg,UCXXh7yg5KUFIWylTiKVEFKQ,@ernestogamboa8737,@MrDuenderojo,1
UCB5p8a5gklc80jJItP6xTHg,UCXgr7vXlRrsaskPdo097kGA,@ernestogamboa8737,@Rogergh-nw4oj,1
UCB5p8a5gklc80jJItP6xTHg,UCYN4wSQ1Sx4_LurxLlW7MPg,@ernestogamboa8737,@belarminavillatoro6474,1
UCB5p8a5gklc80jJItP6xTHg,UCfM3nrxtTQMY5jFx1v1J4Gg,@ernestogamboa8737,@edgarroldan5539,1
UCB5p8a5gklc80jJItP6xTHg,UChZknRmJkeGeQk0-mQuhDOg,@ernestogamboa8737,@OdilioRodríguez-c5w,1
UCB5p8a5gklc80jJItP6xTHg,UCiMythXHsw7eQEMykCdmMUA,@ernestogamboa8737,@JavierBecerra-h6x,1
UCB5p8a5gklc80jJItP6xTHg,UCjSKM9j0Q7HLDr1hD6D-TUw,@ernestogamboa8737,@josehidalgo4875,1
UCB5p8a5gklc80jJItP6xTHg,UCl0ekS9Tt0jJGtOEM18S63w,@ernestogamboa8737,@monkchapin,1
UCB5p8a5gklc80jJItP6xTHg,UCmvOgzmmXbjUthHy-WJ52hQ,@ernestogamboa8737,@mariorodas593,1
UCB5p8a5gklc80jJItP6xTHg,UCp4iw5_5SmV9VGTFSNVGOmQ,@ernestogamboa8737,@CARLOSSTREMS51,1
UCB5p8a5gklc80jJItP6xTHg,UCpl8rF8uv_8uui-QRvuJaRA,@ernestogamboa8737,@SergioGarcia-z9c,1
UCB5p8a5gklc80jJItP6xTHg,UCr1emrogPKkKTs_WTtx71xg,@ernestogamboa8737,@domingopeneleu6457,1
UCB5p8a5gklc80jJItP6xTHg,UCrJn_rbo_ENAdeqneS-RmRw,@ernestogamboa8737,@josecarrera9623,1
UCB5p8a5gklc80jJItP6xTHg,UCsJJAvrVGupdmhOqgtDp8dg,@ernestogamboa8737,@nestorlorenzana1168,1
UCB5p8a5gklc80jJItP6xTHg,UCsSXdJct-nsS8DsABoEsaYA,@ernestogamboa8737,@IvánPérez-j4j,1
UCB5p8a5gklc80jJItP6xTHg,UCsjs5Hp_r86x1xbK6FAeqaA,@ernestogamboa8737,@alvaroesquivel563,1
UCB5p8a5gklc80jJItP6xTHg,UCtNfIBnc5S5DbbQj_yxgJTw,@ernestogamboa8737,@JosueRamirez-ey3ih,1
UCB5p8a5gklc80jJItP6xTHg,UCvApqeCbLod-wejtT4CcVuA,@ernestogamboa8737,@davidgaher9550,1
UCB5p8a5gklc80jJItP6xTHg,UCwha8rxULYMVtNwZWeSkE1A,@ernestogamboa8737,@mariasamo8637,1
UCB5p8a5gklc80jJItP6xTHg,UCylqlpsh8ENNM1LqgQ1KbxA,@ernestogamboa8737,@Jel.Awesh.M,1
UC1NiEdJ7gk6FlDexIalWnGg,UC-Iul5tDYH_oiAMXQH-KaaQ,@BorisTebalán,@AlbertoMancilla-p9h,1
UC1NiEdJ7gk6FlDexIalWnGg,UCRfkkatKrNtAARnXMMYBGlA,@BorisTebalán,@BernerSoza-mg3vx,1
UC1NiEdJ7gk6FlDexIalWnGg,UCgGqw4aqMdMVSGkKiMgrJRQ,@BorisTebalán,@pattyfigueroa5609,1
UC1NiEdJ7gk6FlDexIalWnGg,UChyps3dqY-VY1_wLeq-2lhw,@BorisTebalán,@maydamorales4395,1
UCdQAuWwyC99MB7Y02Umj26Q,UCOY3XpD9qMCRSA8AA8c4CAw,@miguelbran1268,@franciscorodas9686,1
UCdQAuWwyC99MB7Y02Umj26Q,UCTTILH6QCIxbTnEWxwRqs1g,@miguelbran1268,@3762Jorge,1
UCdQAuWwyC99MB7Y02Umj26Q,UCXO1BBohNWXkK9SBDAG2ySg,@miguelbran1268,@JBFlute92,1
UCdQAuWwyC99MB7Y02Umj26Q,UChT7pzGytNd92Nmvi-zuWog,@miguelbran1268,@sparkvalkov,1
UCdQAuWwyC99MB7Y02Umj26Q,UCxcoDvP-g2_KTZDmVZtvb3w,@miguelbran1268,@angelmartinez9523,1
UCtowGNY2lnlg6O2CkwDgkLg,UCNiMNUJvaRJb0_QLClqwVnA,@taniagabrielacelis8434,@Santiago.Nolasco,1
UCp_dAUfv8i3LW3zWc24dLaQ,UCGZMgmM92E3njyXNe9-kjAQ,@MarioCortez-o6v,@pasionpornada,1
UCp_dAUfv8i3LW3zWc24dLaQ,UCIgoiXdIKJyUGmUoH2Lxdzg,@MarioCortez-o6v,@susievidal4134,1
UCp_dAUfv8i3LW3zWc24dLaQ,UCZjm6U576nX8WOiLhmMR3bw,@MarioCortez-o6v,@MariaNavarroYT,1
UCp_dAUfv8i3LW3zWc24dLaQ,UCbNanjFI51cwGqMAb2rOrBw,@MarioCortez-o6v,@RosaMontesdeOca777,1
UCp_dAUfv8i3LW3zWc24dLaQ,UCrqXyRsg-_hTosURZ-uvoKg,@MarioCortez-o6v,@flornolberto2425,1
UCylqlpsh8ENNM1LqgQ1KbxA,UC-fiZBS5Gp1eCJd9ucgWnCg,@Jel.Awesh.M,@Tommii.10,1
UCylqlpsh8ENNM1LqgQ1KbxA,UC32oozucwCF3q8d4m8fyOUg,@Jel.Awesh.M,@RauldejesusOlivagonzalez,1
UCylqlpsh8ENNM1LqgQ1KbxA,UC7dadZG7kkGYnsNu6td0FbA,@Jel.Awesh.M,@lesolorzano,1
UCylqlpsh8ENNM1LqgQ1KbxA,UCAKuKvcbfnBD3kF5njNu-IA,@Jel.Awesh.M,@melvinlopez7096,1
UCylqlpsh8ENNM1LqgQ1KbxA,UCCBYcToQ2dwkd6TJh0FSyDg,@Jel.Awesh.M,@lidiarodriguez3493,1
UCylqlpsh8ENNM1LqgQ1KbxA,UCDrmf9y9nLgFY5wnA2hTuGA,@Jel.Awesh.M,@laboratorio5528,1
UCylqlpsh8ENNM1LqgQ1KbxA,UCHbwIx9pmQuf7i-4_xO2EpA,@Jel.Awesh.M,@caminoseternos752,1
UCylqlpsh8ENNM1LqgQ1KbxA,UCRvPToDkkumha7WJAfCDk1A,@Jel.Awesh.M,@ligiaguerra3057,1
UCylqlpsh8ENNM1LqgQ1KbxA,UCUoYsrx1oZnCZ0usbBJn4fA,@Jel.Awesh.M,@AnaDiaz-re9sq,1
UCylqlpsh8ENNM1LqgQ1KbxA,UCW-JC6lebVmf2P1dmY_L94g,@Jel.Awesh.M,@dinoraoroxon5771,1
UCylqlpsh8ENNM1LqgQ1KbxA,UCW80DaMjQlEUibC98Cot-Dg,@Jel.Awesh.M,@rogeraldana4289,1
UCylqlpsh8ENNM1LqgQ1KbxA,UCWoAVGVqCn4xtINCMOTM4jg,@Jel.Awesh.M,@OmarMartinez-vv8re,1
UCylqlpsh8ENNM1LqgQ1KbxA,UC_LYoGs5C3mbZKZuKuqYCvw,@Jel.Awesh.M,@javiercifuentesarchila6041,1
UCylqlpsh8ENNM1LqgQ1KbxA,UCe8JZoYkX5oKUZyivHYdXhw,@Jel.Awesh.M,@FernandoGarcia-jg1fj,1
UCylqlpsh8ENNM1LqgQ1KbxA,UCgJNFj5dnxXpcMvmuhZDPxA,@Jel.Awesh.M,@NataliaRodriguez-rx5mr,1
UCylqlpsh8ENNM1LqgQ1KbxA,UClhMWQ7XKWywYvbRnuf8QsA,@Jel.Awesh.M,@EcPerez-zz9oh,1
UCylqlpsh8ENNM1LqgQ1KbxA,UCsGoJEvb-cFPZ2rWoJcXzEQ,@Jel.Awesh.M,@sergiohinestroza9709,1
UCylqlpsh8ENNM1LqgQ1KbxA,UCu8_3-Wg-YzNyvHYQDEscfw,@Jel.Awesh.M,@RolandoCastroPérez-d7y,1
UCylqlpsh8ENNM1LqgQ1KbxA,UC-hfX8J5JPJ-dfuakzegMLA,@Jel.Awesh.M,@normaleticiaorozcojuarez2418,1
UCylqlpsh8ENNM1LqgQ1KbxA,UC-jS_kA9w-OmpupXDx156Rg,@Jel.Awesh.M,@simoncreyesc7579,1
UCylqlpsh8ENNM1LqgQ1KbxA,UC2weSE8rpqkGMOp6StYtVfg,@Jel.Awesh.M,@katerynsantiago2907,1
UCylqlpsh8ENNM1LqgQ1KbxA,UC3NMzdMYryaw82kPTnsaljg,@Jel.Awesh.M,@marisosa7832,1
UCylqlpsh8ENNM1LqgQ1KbxA,UC4cXueR2bKGFJV0Fk76gwmA,@Jel.Awesh.M,@aluxdel4792,1
UCylqlpsh8ENNM1LqgQ1KbxA,UC5bG9nc_JV3FsNP2KseQiYw,@Jel.Awesh.M,@giovannirodas4836,1
UCylqlpsh8ENNM1LqgQ1KbxA,UC650pRT-OYzny3GwOH8Cgfw,@Jel.Awesh.M,@edvinparedesherrera7632,1
UCylqlpsh8ENNM1LqgQ1KbxA,UC9xr9QvIcDvoZNUX5f-jaZw,@Jel.Awesh.M,@MariaaliciaColonmorales,1
UCylqlpsh8ENNM1LqgQ1KbxA,UCA93ym2TXs_Ibyxb4Vcn-6Q,@Jel.Awesh.M,@oswaldosolis8728,1
UCylqlpsh8ENNM1LqgQ1KbxA,UCAmtbUiIrUIhikru0ZoTFig,@Jel.Awesh.M,@Aura-vf6dm,1
UCylqlpsh8ENNM1LqgQ1KbxA,UCDPWkUX3sNNaCx-m1dV4glA,@Jel.Awesh.M,@hectoroliva949,1
UCylqlpsh8ENNM1LqgQ1KbxA,UCDUffaruH6dyUnUGwsTKpgg,@Jel.Awesh.M,@luisletona2842,1
UCylqlpsh8ENNM1LqgQ1KbxA,UCFoIAE8k82D6AV-8gjjKaNg,@Jel.Awesh.M,@eddymunoz9789,1
UCylqlpsh8ENNM1LqgQ1KbxA,UCFxE8GbokBrBsPEKM1xrOjQ,@Jel.Awesh.M,@JuanDavila-qd7qj,1
UCylqlpsh8ENNM1LqgQ1KbxA,UCKDR0f2fu2UzWL8mBv5-BHw,@Jel.Awesh.M,@mireyamorales6595,1
UCylqlpsh8ENNM1LqgQ1KbxA,UCRETAiYdh2dL5ZxB0_N1zDA,@Jel.Awesh.M,@Joseroland21,1
UCylqlpsh8ENNM1LqgQ1KbxA,UCSou6a2OuYGSvPjm5psquyA,@Jel.Awesh.M,@FranciscoRivera-sf7ne,1
UCylqlpsh8ENNM1LqgQ1KbxA,UCTD6q1nyIe3Y7HhqjaMj72w,@Jel.Awesh.M,@JuanChang-r6k,1
UCylqlpsh8ENNM1LqgQ1KbxA,UCXXh7yg5KUFIWylTiKVEFKQ,@Jel.Awesh.M,@MrDuenderojo,1
UCylqlpsh8ENNM1LqgQ1KbxA,UCXgr7vXlRrsaskPdo097kGA,@Jel.Awesh.M,@Rogergh-nw4oj,1
UCylqlpsh8ENNM1LqgQ1KbxA,UCYN4wSQ1Sx4_LurxLlW7MPg,@Jel.Awesh.M,@belarminavillatoro6474,1
UCylqlpsh8ENNM1LqgQ1KbxA,UCfM3nrxtTQMY5jFx1v1J4Gg,@Jel.Awesh.M,@edgarroldan5539,1
UCylqlpsh8ENNM1LqgQ1KbxA,UChZknRmJkeGeQk0-mQuhDOg,@Jel.Awesh.M,@OdilioRodríguez-c5w,1
UCylqlpsh8ENNM1LqgQ1KbxA,UCiMythXHsw7eQEMykCdmMUA,@Jel.Awesh.M,@JavierBecerra-h6x,1
UCylqlpsh8ENNM1LqgQ1KbxA,UCjSKM9j0Q7HLDr1hD6D-TUw,@Jel.Awesh.M,@josehidalgo4875,1
UCylqlpsh8ENNM1LqgQ1KbxA,UCl0ekS9Tt0jJGtOEM18S63w,@Jel.Awesh.M,@monkchapin,1
UCylqlpsh8ENNM1LqgQ1KbxA,UCmvOgzmmXbjUthHy-WJ52hQ,@Jel.Awesh.M,@mariorodas593,1
UCylqlpsh8ENNM1LqgQ1KbxA,UCp4iw5_5SmV9VGTFSNVGOmQ,@Jel.Awesh.M,@CARLOSSTREMS51,1
UCylqlpsh8ENNM1LqgQ1KbxA,UCpl8rF8uv_8uui-QRvuJaRA,@Jel.Awesh.M,@SergioGarcia-z9c,1
UCylqlpsh8ENNM1LqgQ1KbxA,UCr1emrogPKkKTs_WTtx71xg,@Jel.Awesh.M,@domingopeneleu6457,1
UCylqlpsh8ENNM1LqgQ1KbxA,UCrJn_rbo_ENAdeqneS-RmRw,@Jel.Awesh.M,@josecarrera9623,1
UCylqlpsh8ENNM1LqgQ1KbxA,UCsJJAvrVGupdmhOqgtDp8dg,@Jel.Awesh.M,@nestorlorenzana1168,1
UCylqlpsh8ENNM1LqgQ1KbxA,UCsSXdJct-nsS8DsABoEsaYA,@Jel.Awesh.M,@IvánPérez-j4j,1
UCylqlpsh8ENNM1LqgQ1KbxA,UCsjs5Hp_r86x1xbK6FAeqaA,@Jel.Awesh.M,@alvaroesquivel563,1
UCylqlpsh8ENNM1LqgQ1KbxA,UCtNfIBnc5S5DbbQj_yxgJTw,@Jel.Awesh.M,@JosueRamirez-ey3ih,1
UCylqlpsh8ENNM1LqgQ1KbxA,UCvApqeCbLod-wejtT4CcVuA,@Jel.Awesh.M,@davidgaher9550,1
UCylqlpsh8ENNM1LqgQ1KbxA,UCwha8rxULYMVtNwZWeSkE1A,@Jel.Awesh.M,@mariasamo8637,1
UCRvPToDkkumha7WJAfCDk1A,UC-fiZBS5Gp1eCJd9ucgWnCg,@ligiaguerra3057,@Tommii.10,1
UCRvPToDkkumha7WJAfCDk1A,UC32oozucwCF3q8d4m8fyOUg,@ligiaguerra3057,@RauldejesusOlivagonzalez,1
UCRvPToDkkumha7WJAfCDk1A,UC7dadZG7kkGYnsNu6td0FbA,@ligiaguerra3057,@lesolorzano,1
UCRvPToDkkumha7WJAfCDk1A,UCAKuKvcbfnBD3kF5njNu-IA,@ligiaguerra3057,@melvinlopez7096,1
UCRvPToDkkumha7WJAfCDk1A,UCCBYcToQ2dwkd6TJh0FSyDg,@ligiaguerra3057,@lidiarodriguez3493,1
UCRvPToDkkumha7WJAfCDk1A,UCDrmf9y9nLgFY5wnA2hTuGA,@ligiaguerra3057,@laboratorio5528,1
UCRvPToDkkumha7WJAfCDk1A,UCHbwIx9pmQuf7i-4_xO2EpA,@ligiaguerra3057,@caminoseternos752,1
UCRvPToDkkumha7WJAfCDk1A,UCUoYsrx1oZnCZ0usbBJn4fA,@ligiaguerra3057,@AnaDiaz-re9sq,1
UCRvPToDkkumha7WJAfCDk1A,UCW-JC6lebVmf2P1dmY_L94g,@ligiaguerra3057,@dinoraoroxon5771,1
UCRvPToDkkumha7WJAfCDk1A,UCW80DaMjQlEUibC98Cot-Dg,@ligiaguerra3057,@rogeraldana4289,1
UCRvPToDkkumha7WJAfCDk1A,UCWoAVGVqCn4xtINCMOTM4jg,@ligiaguerra3057,@OmarMartinez-vv8re,1
UCRvPToDkkumha7WJAfCDk1A,UC_LYoGs5C3mbZKZuKuqYCvw,@ligiaguerra3057,@javiercifuentesarchila6041,1
UCRvPToDkkumha7WJAfCDk1A,UCe8JZoYkX5oKUZyivHYdXhw,@ligiaguerra3057,@FernandoGarcia-jg1fj,1
UCRvPToDkkumha7WJAfCDk1A,UCgJNFj5dnxXpcMvmuhZDPxA,@ligiaguerra3057,@NataliaRodriguez-rx5mr,1
UCRvPToDkkumha7WJAfCDk1A,UClhMWQ7XKWywYvbRnuf8QsA,@ligiaguerra3057,@EcPerez-zz9oh,1
UCRvPToDkkumha7WJAfCDk1A,UCsGoJEvb-cFPZ2rWoJcXzEQ,@ligiaguerra3057,@sergiohinestroza9709,1
UCRvPToDkkumha7WJAfCDk1A,UCu8_3-Wg-YzNyvHYQDEscfw,@ligiaguerra3057,@RolandoCastroPérez-d7y,1
UCPZueDLrCS4BmTBRMA4q0fA,UC8xlJWNHz1V_W6q3fbuQH8g,@kevinochoa3695,@NormaLópez-v7e,1
UCPZueDLrCS4BmTBRMA4q0fA,UCGX_UbAQOXGZknv5iqklwTA,@kevinochoa3695,@ronaldgarcia8522,1
UCPZueDLrCS4BmTBRMA4q0fA,UCVQf0tzL7xRzFJsABVVULpg,@kevinochoa3695,@DennisseLopetegi,1
UCPZueDLrCS4BmTBRMA4q0fA,UCbYoNG5J3Au5BqtbXogfEFw,@kevinochoa3695,@Luis-gn3fj,1
UCPZueDLrCS4BmTBRMA4q0fA,UCf5lnNZF7Qrtli9v4N_23WQ,@kevinochoa3695,@CarlosCortez-v5r,1
UCPZueDLrCS4BmTBRMA4q0fA,UCgQJgI9vu1FI2dnC9mrFthw,@kevinochoa3695,@srms70,1
UCPZueDLrCS4BmTBRMA4q0fA,UCtNyHmRZtvGF2hSvI2dUBWw,@kevinochoa3695,@aureliomaldonado4793,1
UCHMQ_lDhibZ-XZ_3fo6oxwg,UC0aEyakBPqcBkVJiErfSupQ,@crislexrubi4387,@jhonymanuel9891,1
UCHMQ_lDhibZ-XZ_3fo6oxwg,UCGqKxQS-z3NZzZF-2w338AA,@crislexrubi4387,@samuelaguilar529,1
UCHMQ_lDhibZ-XZ_3fo6oxwg,UCIp19h9igblA2YKfSLPDAug,@crislexrubi4387,@JoseReyes-rn6sh,1
UCHMQ_lDhibZ-XZ_3fo6oxwg,UCRcSR3Lvn9DZAmJpVPANfZQ,@crislexrubi4387,@WalksandSuch,1
UCHMQ_lDhibZ-XZ_3fo6oxwg,UCRznz9-N3Qc1w-qNdLSIY2Q,@crislexrubi4387,@jimmygomez724,1
UCHMQ_lDhibZ-XZ_3fo6oxwg,UCY7Hq7F9Lnucf-Yr6JkHZNw,@crislexrubi4387,@maynorcalel1442,1
UCHMQ_lDhibZ-XZ_3fo6oxwg,UCaT6M2zp7X6r6Whd8Vv3kHQ,@crislexrubi4387,@alexarcos8349,1
UCHMQ_lDhibZ-XZ_3fo6oxwg,UCgLrWFdYitoP-b7-PxtUr-w,@crislexrubi4387,@zetag,1
UCHMQ_lDhibZ-XZ_3fo6oxwg,UCi-vPdnpQreC7BkFs40mJGA,@crislexrubi4387,@bryansicasales4280,1
UCHMQ_lDhibZ-XZ_3fo6oxwg,UCs_5qeqdku9tGAq22y3OcuQ,@crislexrubi4387,@alexandrevasquez4135,1
UCHMQ_lDhibZ-XZ_3fo6oxwg,UCtMBF_1O2jY2INlb_luuB_A,@crislexrubi4387,@mynorgudiel8646,1
UCHMQ_lDhibZ-XZ_3fo6oxwg,UCwUAv3_LpWVtTIi7lkmTL7A,@crislexrubi4387,@kingr4706,1
UCHMQ_lDhibZ-XZ_3fo6oxwg,UCyzf29IYjNw67gGIfsjgtxA,@crislexrubi4387,@carlosoliva9249,1
UC7dadZG7kkGYnsNu6td0FbA,UC-fiZBS5Gp1eCJd9ucgWnCg,@lesolorzano,@Tommii.10,1
UC7dadZG7kkGYnsNu6td0FbA,UC32oozucwCF3q8d4m8fyOUg,@lesolorzano,@RauldejesusOlivagonzalez,1
UC7dadZG7kkGYnsNu6td0FbA,UCAKuKvcbfnBD3kF5njNu-IA,@lesolorzano,@melvinlopez7096,1
UC7dadZG7kkGYnsNu6td0FbA,UCCBYcToQ2dwkd6TJh0FSyDg,@lesolorzano,@lidiarodriguez3493,1
UC7dadZG7kkGYnsNu6td0FbA,UCDrmf9y9nLgFY5wnA2hTuGA,@lesolorzano,@laboratorio5528,1
UC7dadZG7kkGYnsNu6td0FbA,UCHbwIx9pmQuf7i-4_xO2EpA,@lesolorzano,@caminoseternos752,1
UC7dadZG7kkGYnsNu6td0FbA,UCUoYsrx1oZnCZ0usbBJn4fA,@lesolorzano,@AnaDiaz-re9sq,1
UC7dadZG7kkGYnsNu6td0FbA,UCW-JC6lebVmf2P1dmY_L94g,@lesolorzano,@dinoraoroxon5771,1
UC7dadZG7kkGYnsNu6td0FbA,UCW80DaMjQlEUibC98Cot-Dg,@lesolorzano,@rogeraldana4289,1
UC7dadZG7kkGYnsNu6td0FbA,UCWoAVGVqCn4xtINCMOTM4jg,@lesolorzano,@OmarMartinez-vv8re,1
UC7dadZG7kkGYnsNu6td0FbA,UC_LYoGs5C3mbZKZuKuqYCvw,@lesolorzano,@javiercifuentesarchila6041,1
UC7dadZG7kkGYnsNu6td0FbA,UCe8JZoYkX5oKUZyivHYdXhw,@lesolorzano,@FernandoGarcia-jg1fj,1
UC7dadZG7kkGYnsNu6td0FbA,UCgJNFj5dnxXpcMvmuhZDPxA,@lesolorzano,@NataliaRodriguez-rx5mr,1
UC7dadZG7kkGYnsNu6td0FbA,UClhMWQ7XKWywYvbRnuf8QsA,@lesolorzano,@EcPerez-zz9oh,1
UC7dadZG7kkGYnsNu6td0FbA,UCsGoJEvb-cFPZ2rWoJcXzEQ,@lesolorzano,@sergiohinestroza9709,1
UC7dadZG7kkGYnsNu6td0FbA,UCu8_3-Wg-YzNyvHYQDEscfw,@lesolorzano,@RolandoCastroPérez-d7y,1
UCrJn_rbo_ENAdeqneS-RmRw,UC-hfX8J5JPJ-dfuakzegMLA,@josecarrera9623,@normaleticiaorozcojuarez2418,1
UCrJn_rbo_ENAdeqneS-RmRw,UC-jS_kA9w-OmpupXDx156Rg,@josecarrera9623,@simoncreyesc7579,1
UCrJn_rbo_ENAdeqneS-RmRw,UC2weSE8rpqkGMOp6StYtVfg,@josecarrera9623,@katerynsantiago2907,1
UCrJn_rbo_ENAdeqneS-RmRw,UC3NMzdMYryaw82kPTnsaljg,@josecarrera9623,@marisosa7832,1
UCrJn_rbo_ENAdeqneS-RmRw,UC4cXueR2bKGFJV0Fk76gwmA,@josecarrera9623,@aluxdel4792,1
UCrJn_rbo_ENAdeqneS-RmRw,UC5bG9nc_JV3FsNP2KseQiYw,@josecarrera9623,@giovannirodas4836,1
UCrJn_rbo_ENAdeqneS-RmRw,UC650pRT-OYzny3GwOH8Cgfw,@josecarrera9623,@edvinparedesherrera7632,1
UCrJn_rbo_ENAdeqneS-RmRw,UC9xr9QvIcDvoZNUX5f-jaZw,@josecarrera9623,@MariaaliciaColonmorales,1
UCrJn_rbo_ENAdeqneS-RmRw,UCA93ym2TXs_Ibyxb4Vcn-6Q,@josecarrera9623,@oswaldosolis8728,1
UCrJn_rbo_ENAdeqneS-RmRw,UCAmtbUiIrUIhikru0ZoTFig,@josecarrera9623,@Aura-vf6dm,1
UCrJn_rbo_ENAdeqneS-RmRw,UCDPWkUX3sNNaCx-m1dV4glA,@josecarrera9623,@hectoroliva949,1
UCrJn_rbo_ENAdeqneS-RmRw,UCDUffaruH6dyUnUGwsTKpgg,@josecarrera9623,@luisletona2842,1
UCrJn_rbo_ENAdeqneS-RmRw,UCFoIAE8k82D6AV-8gjjKaNg,@josecarrera9623,@eddymunoz9789,1
UCrJn_rbo_ENAdeqneS-RmRw,UCFxE8GbokBrBsPEKM1xrOjQ,@josecarrera9623,@JuanDavila-qd7qj,1
UCrJn_rbo_ENAdeqneS-RmRw,UCKDR0f2fu2UzWL8mBv5-BHw,@josecarrera9623,@mireyamorales6595,1
UCrJn_rbo_ENAdeqneS-RmRw,UCRETAiYdh2dL5ZxB0_N1zDA,@josecarrera9623,@Joseroland21,1
UCrJn_rbo_ENAdeqneS-RmRw,UCSou6a2OuYGSvPjm5psquyA,@josecarrera9623,@FranciscoRivera-sf7ne,1
UCrJn_rbo_ENAdeqneS-RmRw,UCTD6q1nyIe3Y7HhqjaMj72w,@josecarrera9623,@JuanChang-r6k,1
UCrJn_rbo_ENAdeqneS-RmRw,UCXXh7yg5KUFIWylTiKVEFKQ,@josecarrera9623,@MrDuenderojo,1
UCrJn_rbo_ENAdeqneS-RmRw,UCXgr7vXlRrsaskPdo097kGA,@josecarrera9623,@Rogergh-nw4oj,1
UCrJn_rbo_ENAdeqneS-RmRw,UCYN4wSQ1Sx4_LurxLlW7MPg,@josecarrera9623,@belarminavillatoro6474,1
UCrJn_rbo_ENAdeqneS-RmRw,UCfM3nrxtTQMY5jFx1v1J4Gg,@josecarrera9623,@edgarroldan5539,1
UCrJn_rbo_ENAdeqneS-RmRw,UChZknRmJkeGeQk0-mQuhDOg,@josecarrera9623,@OdilioRodríguez-c5w,1
UCrJn_rbo_ENAdeqneS-RmRw,UCiMythXHsw7eQEMykCdmMUA,@josecarrera9623,@JavierBecerra-h6x,1
UCrJn_rbo_ENAdeqneS-RmRw,UCjSKM9j0Q7HLDr1hD6D-TUw,@josecarrera9623,@josehidalgo4875,1
UCrJn_rbo_ENAdeqneS-RmRw,UCl0ekS9Tt0jJGtOEM18S63w,@josecarrera9623,@monkchapin,1
UCrJn_rbo_ENAdeqneS-RmRw,UCmvOgzmmXbjUthHy-WJ52hQ,@josecarrera9623,@mariorodas593,1
UCrJn_rbo_ENAdeqneS-RmRw,UCp4iw5_5SmV9VGTFSNVGOmQ,@josecarrera9623,@CARLOSSTREMS51,1
UCrJn_rbo_ENAdeqneS-RmRw,UCpl8rF8uv_8uui-QRvuJaRA,@josecarrera9623,@SergioGarcia-z9c,1
UCrJn_rbo_ENAdeqneS-RmRw,UCr1emrogPKkKTs_WTtx71xg,@josecarrera9623,@domingopeneleu6457,1
UCrJn_rbo_ENAdeqneS-RmRw,UCsJJAvrVGupdmhOqgtDp8dg,@josecarrera9623,@nestorlorenzana1168,1
UCrJn_rbo_ENAdeqneS-RmRw,UCsSXdJct-nsS8DsABoEsaYA,@josecarrera9623,@IvánPérez-j4j,1
UCrJn_rbo_ENAdeqneS-RmRw,UCsjs5Hp_r86x1xbK6FAeqaA,@josecarrera9623,@alvaroesquivel563,1
UCrJn_rbo_ENAdeqneS-RmRw,UCtNfIBnc5S5DbbQj_yxgJTw,@josecarrera9623,@JosueRamirez-ey3ih,1
UCrJn_rbo_ENAdeqneS-RmRw,UCvApqeCbLod-wejtT4CcVuA,@josecarrera9623,@davidgaher9550,1
UCrJn_rbo_ENAdeqneS-RmRw,UCwha8rxULYMVtNwZWeSkE1A,@josecarrera9623,@mariasamo8637,1
UCFFrEmn6lPYiWyElpfzTy5Q,UC4kg7zuTfqQKLd2bkZrSYBA,@denilsonlopez4083,@zoilagarcia9019,1
UCFFrEmn6lPYiWyElpfzTy5Q,UCBtB5dIyx-C16UN8ClUD2UA,@denilsonlopez4083,@alexmonzon4257,1
UCFFrEmn6lPYiWyElpfzTy5Q,UCfRqgt2O-vjzUDMZY_tnxQw,@denilsonlopez4083,@Williams-Garcia67E,1
UCFFrEmn6lPYiWyElpfzTy5Q,UCk4O-J1BhoqPmig1KLGJePA,@denilsonlopez4083,@lazarobarillas3575,1
UCs_5qeqdku9tGAq22y3OcuQ,UC0aEyakBPqcBkVJiErfSupQ,@alexandrevasquez4135,@jhonymanuel9891,1
UCs_5qeqdku9tGAq22y3OcuQ,UCGqKxQS-z3NZzZF-2w338AA,@alexandrevasquez4135,@samuelaguilar529,1
UCs_5qeqdku9tGAq22y3OcuQ,UCIp19h9igblA2YKfSLPDAug,@alexandrevasquez4135,@JoseReyes-rn6sh,1
UCs_5qeqdku9tGAq22y3OcuQ,UCRcSR3Lvn9DZAmJpVPANfZQ,@alexandrevasquez4135,@WalksandSuch,1
UCs_5qeqdku9tGAq22y3OcuQ,UCRznz9-N3Qc1w-qNdLSIY2Q,@alexandrevasquez4135,@jimmygomez724,1
UCs_5qeqdku9tGAq22y3OcuQ,UCY7Hq7F9Lnucf-Yr6JkHZNw,@alexandrevasquez4135,@maynorcalel1442,1
UCs_5qeqdku9tGAq22y3OcuQ,UCaT6M2zp7X6r6Whd8Vv3kHQ,@alexandrevasquez4135,@alexarcos8349,1
UCs_5qeqdku9tGAq22y3OcuQ,UCgLrWFdYitoP-b7-PxtUr-w,@alexandrevasquez4135,@zetag,1
UCs_5qeqdku9tGAq22y3OcuQ,UCi-vPdnpQreC7BkFs40mJGA,@alexandrevasquez4135,@bryansicasales4280,1
UCs_5qeqdku9tGAq22y3OcuQ,UCtMBF_1O2jY2INlb_luuB_A,@alexandrevasquez4135,@mynorgudiel8646,1
UCs_5qeqdku9tGAq22y3OcuQ,UCwUAv3_LpWVtTIi7lkmTL7A,@alexandrevasquez4135,@kingr4706,1
UCs_5qeqdku9tGAq22y3OcuQ,UCyzf29IYjNw67gGIfsjgtxA,@alexandrevasquez4135,@carlosoliva9249,1
UCCBYcToQ2dwkd6TJh0FSyDg,UC-fiZBS5Gp1eCJd9ucgWnCg,@lidiarodriguez3493,@Tommii.10,1
UCCBYcToQ2dwkd6TJh0FSyDg,UC32oozucwCF3q8d4m8fyOUg,@lidiarodriguez3493,@RauldejesusOlivagonzalez,1
UCCBYcToQ2dwkd6TJh0FSyDg,UCAKuKvcbfnBD3kF5njNu-IA,@lidiarodriguez3493,@melvinlopez7096,1
UCCBYcToQ2dwkd6TJh0FSyDg,UCDrmf9y9nLgFY5wnA2hTuGA,@lidiarodriguez3493,@laboratorio5528,1
UCCBYcToQ2dwkd6TJh0FSyDg,UCHbwIx9pmQuf7i-4_xO2EpA,@lidiarodriguez3493,@caminoseternos752,1
UCCBYcToQ2dwkd6TJh0FSyDg,UCUoYsrx1oZnCZ0usbBJn4fA,@lidiarodriguez3493,@AnaDiaz-re9sq,1
UCCBYcToQ2dwkd6TJh0FSyDg,UCW-JC6lebVmf2P1dmY_L94g,@lidiarodriguez3493,@dinoraoroxon5771,1
UCCBYcToQ2dwkd6TJh0FSyDg,UCW80DaMjQlEUibC98Cot-Dg,@lidiarodriguez3493,@rogeraldana4289,1
UCCBYcToQ2dwkd6TJh0FSyDg,UCWoAVGVqCn4xtINCMOTM4jg,@lidiarodriguez3493,@OmarMartinez-vv8re,1
UCCBYcToQ2dwkd6TJh0FSyDg,UC_LYoGs5C3mbZKZuKuqYCvw,@lidiarodriguez3493,@javiercifuentesarchila6041,1
UCCBYcToQ2dwkd6TJh0FSyDg,UCe8JZoYkX5oKUZyivHYdXhw,@lidiarodriguez3493,@FernandoGarcia-jg1fj,1
UCCBYcToQ2dwkd6TJh0FSyDg,UCgJNFj5dnxXpcMvmuhZDPxA,@lidiarodriguez3493,@NataliaRodriguez-rx5mr,1
UCCBYcToQ2dwkd6TJh0FSyDg,UClhMWQ7XKWywYvbRnuf8QsA,@lidiarodriguez3493,@EcPerez-zz9oh,1
UCCBYcToQ2dwkd6TJh0FSyDg,UCsGoJEvb-cFPZ2rWoJcXzEQ,@lidiarodriguez3493,@sergiohinestroza9709,1
UCCBYcToQ2dwkd6TJh0FSyDg,UCu8_3-Wg-YzNyvHYQDEscfw,@lidiarodriguez3493,@RolandoCastroPérez-d7y,1
UCxcoDvP-g2_KTZDmVZtvb3w,UCOY3XpD9qMCRSA8AA8c4CAw,@angelmartinez9523,@franciscorodas9686,1
UCxcoDvP-g2_KTZDmVZtvb3w,UCTTILH6QCIxbTnEWxwRqs1g,@angelmartinez9523,@3762Jorge,1
UCxcoDvP-g2_KTZDmVZtvb3w,UCXO1BBohNWXkK9SBDAG2ySg,@angelmartinez9523,@JBFlute92,1
UCxcoDvP-g2_KTZDmVZtvb3w,UChT7pzGytNd92Nmvi-zuWog,@angelmartinez9523,@sparkvalkov,1
UCW-JC6lebVmf2P1dmY_L94g,UC-fiZBS5Gp1eCJd9ucgWnCg,@dinoraoroxon5771,@Tommii.10,1
UCW-JC6lebVmf2P1dmY_L94g,UC32oozucwCF3q8d4m8fyOUg,@dinoraoroxon5771,@RauldejesusOlivagonzalez,1
UCW-JC6lebVmf2P1dmY_L94g,UCAKuKvcbfnBD3kF5njNu-IA,@dinoraoroxon5771,@melvinlopez7096,1
UCW-JC6lebVmf2P1dmY_L94g,UCDrmf9y9nLgFY5wnA2hTuGA,@dinoraoroxon5771,@laboratorio5528,1
UCW-JC6lebVmf2P1dmY_L94g,UCHbwIx9pmQuf7i-4_xO2EpA,@dinoraoroxon5771,@caminoseternos752,1
UCW-JC6lebVmf2P1dmY_L94g,UCUoYsrx1oZnCZ0usbBJn4fA,@dinoraoroxon5771,@AnaDiaz-re9sq,1
UCW-JC6lebVmf2P1dmY_L94g,UCW80DaMjQlEUibC98Cot-Dg,@dinoraoroxon5771,@rogeraldana4289,1
UCW-JC6lebVmf2P1dmY_L94g,UCWoAVGVqCn4xtINCMOTM4jg,@dinoraoroxon5771,@OmarMartinez-vv8re,1
UCW-JC6lebVmf2P1dmY_L94g,UC_LYoGs5C3mbZKZuKuqYCvw,@dinoraoroxon5771,@javiercifuentesarchila6041,1
UCW-JC6lebVmf2P1dmY_L94g,UCe8JZoYkX5oKUZyivHYdXhw,@dinoraoroxon5771,@FernandoGarcia-jg1fj,1
UCW-JC6lebVmf2P1dmY_L94g,UCgJNFj5dnxXpcMvmuhZDPxA,@dinoraoroxon5771,@NataliaRodriguez-rx5mr,1
UCW-JC6lebVmf2P1dmY_L94g,UClhMWQ7XKWywYvbRnuf8QsA,@dinoraoroxon5771,@EcPerez-zz9oh,1
UCW-JC6lebVmf2P1dmY_L94g,UCsGoJEvb-cFPZ2rWoJcXzEQ,@dinoraoroxon5771,@sergiohinestroza9709,1
UCW-JC6lebVmf2P1dmY_L94g,UCu8_3-Wg-YzNyvHYQDEscfw,@dinoraoroxon5771,@RolandoCastroPérez-d7y,1
UCgJNFj5dnxXpcMvmuhZDPxA,UC-fiZBS5Gp1eCJd9ucgWnCg,@NataliaRodriguez-rx5mr,@Tommii.10,1
UCgJNFj5dnxXpcMvmuhZDPxA,UC32oozucwCF3q8d4m8fyOUg,@NataliaRodriguez-rx5mr,@RauldejesusOlivagonzalez,1
UCgJNFj5dnxXpcMvmuhZDPxA,UCAKuKvcbfnBD3kF5njNu-IA,@NataliaRodriguez-rx5mr,@melvinlopez7096,1
UCgJNFj5dnxXpcMvmuhZDPxA,UCDrmf9y9nLgFY5wnA2hTuGA,@NataliaRodriguez-rx5mr,@laboratorio5528,1
UCgJNFj5dnxXpcMvmuhZDPxA,UCHbwIx9pmQuf7i-4_xO2EpA,@NataliaRodriguez-rx5mr,@caminoseternos752,1
UCgJNFj5dnxXpcMvmuhZDPxA,UCUoYsrx1oZnCZ0usbBJn4fA,@NataliaRodriguez-rx5mr,@AnaDiaz-re9sq,1
UCgJNFj5dnxXpcMvmuhZDPxA,UCW80DaMjQlEUibC98Cot-Dg,@NataliaRodriguez-rx5mr,@rogeraldana4289,1
UCgJNFj5dnxXpcMvmuhZDPxA,UCWoAVGVqCn4xtINCMOTM4jg,@NataliaRodriguez-rx5mr,@OmarMartinez-vv8re,1
UCgJNFj5dnxXpcMvmuhZDPxA,UC_LYoGs5C3mbZKZuKuqYCvw,@NataliaRodriguez-rx5mr,@javiercifuentesarchila6041,1
UCgJNFj5dnxXpcMvmuhZDPxA,UCe8JZoYkX5oKUZyivHYdXhw,@NataliaRodriguez-rx5mr,@FernandoGarcia-jg1fj,1
UCgJNFj5dnxXpcMvmuhZDPxA,UClhMWQ7XKWywYvbRnuf8QsA,@NataliaRodriguez-rx5mr,@EcPerez-zz9oh,1
UCgJNFj5dnxXpcMvmuhZDPxA,UCsGoJEvb-cFPZ2rWoJcXzEQ,@NataliaRodriguez-rx5mr,@sergiohinestroza9709,1
UCgJNFj5dnxXpcMvmuhZDPxA,UCu8_3-Wg-YzNyvHYQDEscfw,@NataliaRodriguez-rx5mr,@RolandoCastroPérez-d7y,1
UCFoIAE8k82D6AV-8gjjKaNg,UC-hfX8J5JPJ-dfuakzegMLA,@eddymunoz9789,@normaleticiaorozcojuarez2418,1
UCFoIAE8k82D6AV-8gjjKaNg,UC-jS_kA9w-OmpupXDx156Rg,@eddymunoz9789,@simoncreyesc7579,1
UCFoIAE8k82D6AV-8gjjKaNg,UC2weSE8rpqkGMOp6StYtVfg,@eddymunoz9789,@katerynsantiago2907,1
UCFoIAE8k82D6AV-8gjjKaNg,UC3NMzdMYryaw82kPTnsaljg,@eddymunoz9789,@marisosa7832,1
UCFoIAE8k82D6AV-8gjjKaNg,UC4cXueR2bKGFJV0Fk76gwmA,@eddymunoz9789,@aluxdel4792,1
UCFoIAE8k82D6AV-8gjjKaNg,UC5bG9nc_JV3FsNP2KseQiYw,@eddymunoz9789,@giovannirodas4836,1
UCFoIAE8k82D6AV-8gjjKaNg,UC650pRT-OYzny3GwOH8Cgfw,@eddymunoz9789,@edvinparedesherrera7632,1
UCFoIAE8k82D6AV-8gjjKaNg,UC9xr9QvIcDvoZNUX5f-jaZw,@eddymunoz9789,@MariaaliciaColonmorales,1
UCFoIAE8k82D6AV-8gjjKaNg,UCA93ym2TXs_Ibyxb4Vcn-6Q,@eddymunoz9789,@oswaldosolis8728,1
UCFoIAE8k82D6AV-8gjjKaNg,UCAmtbUiIrUIhikru0ZoTFig,@eddymunoz9789,@Aura-vf6dm,1
UCFoIAE8k82D6AV-8gjjKaNg,UCDPWkUX3sNNaCx-m1dV4glA,@eddymunoz9789,@hectoroliva949,1
UCFoIAE8k82D6AV-8gjjKaNg,UCDUffaruH6dyUnUGwsTKpgg,@eddymunoz9789,@luisletona2842,1
UCFoIAE8k82D6AV-8gjjKaNg,UCFxE8GbokBrBsPEKM1xrOjQ,@eddymunoz9789,@JuanDavila-qd7qj,1
UCFoIAE8k82D6AV-8gjjKaNg,UCKDR0f2fu2UzWL8mBv5-BHw,@eddymunoz9789,@mireyamorales6595,1
UCFoIAE8k82D6AV-8gjjKaNg,UCRETAiYdh2dL5ZxB0_N1zDA,@eddymunoz9789,@Joseroland21,1
UCFoIAE8k82D6AV-8gjjKaNg,UCSou6a2OuYGSvPjm5psquyA,@eddymunoz9789,@FranciscoRivera-sf7ne,1
UCFoIAE8k82D6AV-8gjjKaNg,UCTD6q1nyIe3Y7HhqjaMj72w,@eddymunoz9789,@JuanChang-r6k,1
UCFoIAE8k82D6AV-8gjjKaNg,UCXXh7yg5KUFIWylTiKVEFKQ,@eddymunoz9789,@MrDuenderojo,1
UCFoIAE8k82D6AV-8gjjKaNg,UCXgr7vXlRrsaskPdo097kGA,@eddymunoz9789,@Rogergh-nw4oj,1
UCFoIAE8k82D6AV-8gjjKaNg,UCYN4wSQ1Sx4_LurxLlW7MPg,@eddymunoz9789,@belarminavillatoro6474,1
UCFoIAE8k82D6AV-8gjjKaNg,UCfM3nrxtTQMY5jFx1v1J4Gg,@eddymunoz9789,@edgarroldan5539,1
UCFoIAE8k82D6AV-8gjjKaNg,UChZknRmJkeGeQk0-mQuhDOg,@eddymunoz9789,@OdilioRodríguez-c5w,1
UCFoIAE8k82D6AV-8gjjKaNg,UCiMythXHsw7eQEMykCdmMUA,@eddymunoz9789,@JavierBecerra-h6x,1
UCFoIAE8k82D6AV-8gjjKaNg,UCjSKM9j0Q7HLDr1hD6D-TUw,@eddymunoz9789,@josehidalgo4875,1
UCFoIAE8k82D6AV-8gjjKaNg,UCl0ekS9Tt0jJGtOEM18S63w,@eddymunoz9789,@monkchapin,1
UCFoIAE8k82D6AV-8gjjKaNg,UCmvOgzmmXbjUthHy-WJ52hQ,@eddymunoz9789,@mariorodas593,1
UCFoIAE8k82D6AV-8gjjKaNg,UCp4iw5_5SmV9VGTFSNVGOmQ,@eddymunoz9789,@CARLOSSTREMS51,1
UCFoIAE8k82D6AV-8gjjKaNg,UCpl8rF8uv_8uui-QRvuJaRA,@eddymunoz9789,@SergioGarcia-z9c,1
UCFoIAE8k82D6AV-8gjjKaNg,UCr1emrogPKkKTs_WTtx71xg,@eddymunoz9789,@domingopeneleu6457,1
UCFoIAE8k82D6AV-8gjjKaNg,UCsJJAvrVGupdmhOqgtDp8dg,@eddymunoz9789,@nestorlorenzana1168,1
UCFoIAE8k82D6AV-8gjjKaNg,UCsSXdJct-nsS8DsABoEsaYA,@eddymunoz9789,@IvánPérez-j4j,1
UCFoIAE8k82D6AV-8gjjKaNg,UCsjs5Hp_r86x1xbK6FAeqaA,@eddymunoz9789,@alvaroesquivel563,1
UCFoIAE8k82D6AV-8gjjKaNg,UCtNfIBnc5S5DbbQj_yxgJTw,@eddymunoz9789,@JosueRamirez-ey3ih,1
UCFoIAE8k82D6AV-8gjjKaNg,UCvApqeCbLod-wejtT4CcVuA,@eddymunoz9789,@davidgaher9550,1
UCFoIAE8k82D6AV-8gjjKaNg,UCwha8rxULYMVtNwZWeSkE1A,@eddymunoz9789,@mariasamo8637,1
UCe8JZoYkX5oKUZyivHYdXhw,UC-fiZBS5Gp1eCJd9ucgWnCg,@FernandoGarcia-jg1fj,@Tommii.10,1
UCe8JZoYkX5oKUZyivHYdXhw,UC32oozucwCF3q8d4m8fyOUg,@FernandoGarcia-jg1fj,@RauldejesusOlivagonzalez,1
UCe8JZoYkX5oKUZyivHYdXhw,UCAKuKvcbfnBD3kF5njNu-IA,@FernandoGarcia-jg1fj,@melvinlopez7096,1
UCe8JZoYkX5oKUZyivHYdXhw,UCDrmf9y9nLgFY5wnA2hTuGA,@FernandoGarcia-jg1fj,@laboratorio5528,1
UCe8JZoYkX5oKUZyivHYdXhw,UCHbwIx9pmQuf7i-4_xO2EpA,@FernandoGarcia-jg1fj,@caminoseternos752,1
UCe8JZoYkX5oKUZyivHYdXhw,UCUoYsrx1oZnCZ0usbBJn4fA,@FernandoGarcia-jg1fj,@AnaDiaz-re9sq,1
UCe8JZoYkX5oKUZyivHYdXhw,UCW80DaMjQlEUibC98Cot-Dg,@FernandoGarcia-jg1fj,@rogeraldana4289,1
UCe8JZoYkX5oKUZyivHYdXhw,UCWoAVGVqCn4xtINCMOTM4jg,@FernandoGarcia-jg1fj,@OmarMartinez-vv8re,1
UCe8JZoYkX5oKUZyivHYdXhw,UC_LYoGs5C3mbZKZuKuqYCvw,@FernandoGarcia-jg1fj,@javiercifuentesarchila6041,1
UCe8JZoYkX5oKUZyivHYdXhw,UClhMWQ7XKWywYvbRnuf8QsA,@FernandoGarcia-jg1fj,@EcPerez-zz9oh,1
UCe8JZoYkX5oKUZyivHYdXhw,UCsGoJEvb-cFPZ2rWoJcXzEQ,@FernandoGarcia-jg1fj,@sergiohinestroza9709,1
UCe8JZoYkX5oKUZyivHYdXhw,UCu8_3-Wg-YzNyvHYQDEscfw,@FernandoGarcia-jg1fj,@RolandoCastroPérez-d7y,1
UCnU8wO1OurAmGstDw6VGjgQ,UC5wuDq3U3vRAhOQI3D7gNdw,@cmorera21,@allanreneramirezgonzalez534,1
UCnU8wO1OurAmGstDw6VGjgQ,UCjJf-AJKRFFWtiN-CSwkDmA,@cmorera21,@2jose82,1
UCf5lnNZF7Qrtli9v4N_23WQ,UC8xlJWNHz1V_W6q3fbuQH8g,@CarlosCortez-v5r,@NormaLópez-v7e,1
UCf5lnNZF7Qrtli9v4N_23WQ,UCGX_UbAQOXGZknv5iqklwTA,@CarlosCortez-v5r,@ronaldgarcia8522,1
UCf5lnNZF7Qrtli9v4N_23WQ,UCVQf0tzL7xRzFJsABVVULpg,@CarlosCortez-v5r,@DennisseLopetegi,1
UCf5lnNZF7Qrtli9v4N_23WQ,UCbYoNG5J3Au5BqtbXogfEFw,@CarlosCortez-v5r,@Luis-gn3fj,1
UCf5lnNZF7Qrtli9v4N_23WQ,UCgQJgI9vu1FI2dnC9mrFthw,@CarlosCortez-v5r,@srms70,1
UCf5lnNZF7Qrtli9v4N_23WQ,UCtNyHmRZtvGF2hSvI2dUBWw,@CarlosCortez-v5r,@aureliomaldonado4793,1
UCW80DaMjQlEUibC98Cot-Dg,UC-fiZBS5Gp1eCJd9ucgWnCg,@rogeraldana4289,@Tommii.10,1
UCW80DaMjQlEUibC98Cot-Dg,UC32oozucwCF3q8d4m8fyOUg,@rogeraldana4289,@RauldejesusOlivagonzalez,1
UCW80DaMjQlEUibC98Cot-Dg,UCAKuKvcbfnBD3kF5njNu-IA,@rogeraldana4289,@melvinlopez7096,1
UCW80DaMjQlEUibC98Cot-Dg,UCDrmf9y9nLgFY5wnA2hTuGA,@rogeraldana4289,@laboratorio5528,1
UCW80DaMjQlEUibC98Cot-Dg,UCHbwIx9pmQuf7i-4_xO2EpA,@rogeraldana4289,@caminoseternos752,1
UCW80DaMjQlEUibC98Cot-Dg,UCUoYsrx1oZnCZ0usbBJn4fA,@rogeraldana4289,@AnaDiaz-re9sq,1
UCW80DaMjQlEUibC98Cot-Dg,UCWoAVGVqCn4xtINCMOTM4jg,@rogeraldana4289,@OmarMartinez-vv8re,1
UCW80DaMjQlEUibC98Cot-Dg,UC_LYoGs5C3mbZKZuKuqYCvw,@rogeraldana4289,@javiercifuentesarchila6041,1
UCW80DaMjQlEUibC98Cot-Dg,UClhMWQ7XKWywYvbRnuf8QsA,@rogeraldana4289,@EcPerez-zz9oh,1
UCW80DaMjQlEUibC98Cot-Dg,UCsGoJEvb-cFPZ2rWoJcXzEQ,@rogeraldana4289,@sergiohinestroza9709,1
UCW80DaMjQlEUibC98Cot-Dg,UCu8_3-Wg-YzNyvHYQDEscfw,@rogeraldana4289,@RolandoCastroPérez-d7y,1
UCDrmf9y9nLgFY5wnA2hTuGA,UC-fiZBS5Gp1eCJd9ucgWnCg,@laboratorio5528,@Tommii.10,1
UCDrmf9y9nLgFY5wnA2hTuGA,UC32oozucwCF3q8d4m8fyOUg,@laboratorio5528,@RauldejesusOlivagonzalez,1
UCDrmf9y9nLgFY5wnA2hTuGA,UCAKuKvcbfnBD3kF5njNu-IA,@laboratorio5528,@melvinlopez7096,1
UCDrmf9y9nLgFY5wnA2hTuGA,UCHbwIx9pmQuf7i-4_xO2EpA,@laboratorio5528,@caminoseternos752,1
UCDrmf9y9nLgFY5wnA2hTuGA,UCUoYsrx1oZnCZ0usbBJn4fA,@laboratorio5528,@AnaDiaz-re9sq,1
UCDrmf9y9nLgFY5wnA2hTuGA,UCWoAVGVqCn4xtINCMOTM4jg,@laboratorio5528,@OmarMartinez-vv8re,1
UCDrmf9y9nLgFY5wnA2hTuGA,UC_LYoGs5C3mbZKZuKuqYCvw,@laboratorio5528,@javiercifuentesarchila6041,1
UCDrmf9y9nLgFY5wnA2hTuGA,UClhMWQ7XKWywYvbRnuf8QsA,@laboratorio5528,@EcPerez-zz9oh,1
UCDrmf9y9nLgFY5wnA2hTuGA,UCsGoJEvb-cFPZ2rWoJcXzEQ,@laboratorio5528,@sergiohinestroza9709,1
UCDrmf9y9nLgFY5wnA2hTuGA,UCu8_3-Wg-YzNyvHYQDEscfw,@laboratorio5528,@RolandoCastroPérez-d7y,1
UCTD6q1nyIe3Y7HhqjaMj72w,UC-hfX8J5JPJ-dfuakzegMLA,@JuanChang-r6k,@normaleticiaorozcojuarez2418,1
UCTD6q1nyIe3Y7HhqjaMj72w,UC-jS_kA9w-OmpupXDx156Rg,@JuanChang-r6k,@simoncreyesc7579,1
UCTD6q1nyIe3Y7HhqjaMj72w,UC2weSE8rpqkGMOp6StYtVfg,@JuanChang-r6k,@katerynsantiago2907,1
UCTD6q1nyIe3Y7HhqjaMj72w,UC3NMzdMYryaw82kPTnsaljg,@JuanChang-r6k,@marisosa7832,1
UCTD6q1nyIe3Y7HhqjaMj72w,UC4cXueR2bKGFJV0Fk76gwmA,@JuanChang-r6k,@aluxdel4792,1
UCTD6q1nyIe3Y7HhqjaMj72w,UC5bG9nc_JV3FsNP2KseQiYw,@JuanChang-r6k,@giovannirodas4836,1
UCTD6q1nyIe3Y7HhqjaMj72w,UC650pRT-OYzny3GwOH8Cgfw,@JuanChang-r6k,@edvinparedesherrera7632,1
UCTD6q1nyIe3Y7HhqjaMj72w,UC9xr9QvIcDvoZNUX5f-jaZw,@JuanChang-r6k,@MariaaliciaColonmorales,1
UCTD6q1nyIe3Y7HhqjaMj72w,UCA93ym2TXs_Ibyxb4Vcn-6Q,@JuanChang-r6k,@oswaldosolis8728,1
UCTD6q1nyIe3Y7HhqjaMj72w,UCAmtbUiIrUIhikru0ZoTFig,@JuanChang-r6k,@Aura-vf6dm,1
UCTD6q1nyIe3Y7HhqjaMj72w,UCDPWkUX3sNNaCx-m1dV4glA,@JuanChang-r6k,@hectoroliva949,1
UCTD6q1nyIe3Y7HhqjaMj72w,UCDUffaruH6dyUnUGwsTKpgg,@JuanChang-r6k,@luisletona2842,1
UCTD6q1nyIe3Y7HhqjaMj72w,UCFxE8GbokBrBsPEKM1xrOjQ,@JuanChang-r6k,@JuanDavila-qd7qj,1
UCTD6q1nyIe3Y7HhqjaMj72w,UCKDR0f2fu2UzWL8mBv5-BHw,@JuanChang-r6k,@mireyamorales6595,1
UCTD6q1nyIe3Y7HhqjaMj72w,UCRETAiYdh2dL5ZxB0_N1zDA,@JuanChang-r6k,@Joseroland21,1
UCTD6q1nyIe3Y7HhqjaMj72w,UCSou6a2OuYGSvPjm5psquyA,@JuanChang-r6k,@FranciscoRivera-sf7ne,1
UCTD6q1nyIe3Y7HhqjaMj72w,UCXXh7yg5KUFIWylTiKVEFKQ,@JuanChang-r6k,@MrDuenderojo,1
UCTD6q1nyIe3Y7HhqjaMj72w,UCXgr7vXlRrsaskPdo097kGA,@JuanChang-r6k,@Rogergh-nw4oj,1
UCTD6q1nyIe3Y7HhqjaMj72w,UCYN4wSQ1Sx4_LurxLlW7MPg,@JuanChang-r6k,@belarminavillatoro6474,1
UCTD6q1nyIe3Y7HhqjaMj72w,UCfM3nrxtTQMY5jFx1v1J4Gg,@JuanChang-r6k,@edgarroldan5539,1
UCTD6q1nyIe3Y7HhqjaMj72w,UChZknRmJkeGeQk0-mQuhDOg,@JuanChang-r6k,@OdilioRodríguez-c5w,1
UCTD6q1nyIe3Y7HhqjaMj72w,UCiMythXHsw7eQEMykCdmMUA,@JuanChang-r6k,@JavierBecerra-h6x,1
UCTD6q1nyIe3Y7HhqjaMj72w,UCjSKM9j0Q7HLDr1hD6D-TUw,@JuanChang-r6k,@josehidalgo4875,1
UCTD6q1nyIe3Y7HhqjaMj72w,UCl0ekS9Tt0jJGtOEM18S63w,@JuanChang-r6k,@monkchapin,1
UCTD6q1nyIe3Y7HhqjaMj72w,UCmvOgzmmXbjUthHy-WJ52hQ,@JuanChang-r6k,@mariorodas593,1
UCTD6q1nyIe3Y7HhqjaMj72w,UCp4iw5_5SmV9VGTFSNVGOmQ,@JuanChang-r6k,@CARLOSSTREMS51,1
UCTD6q1nyIe3Y7HhqjaMj72w,UCpl8rF8uv_8uui-QRvuJaRA,@JuanChang-r6k,@SergioGarcia-z9c,1
UCTD6q1nyIe3Y7HhqjaMj72w,UCr1emrogPKkKTs_WTtx71xg,@JuanChang-r6k,@domingopeneleu6457,1
UCTD6q1nyIe3Y7HhqjaMj72w,UCsJJAvrVGupdmhOqgtDp8dg,@JuanChang-r6k,@nestorlorenzana1168,1
UCTD6q1nyIe3Y7HhqjaMj72w,UCsSXdJct-nsS8DsABoEsaYA,@JuanChang-r6k,@IvánPérez-j4j,1
UCTD6q1nyIe3Y7HhqjaMj72w,UCsjs5Hp_r86x1xbK6FAeqaA,@JuanChang-r6k,@alvaroesquivel563,1
UCTD6q1nyIe3Y7HhqjaMj72w,UCtNfIBnc5S5DbbQj_yxgJTw,@JuanChang-r6k,@JosueRamirez-ey3ih,1
UCTD6q1nyIe3Y7HhqjaMj72w,UCvApqeCbLod-wejtT4CcVuA,@JuanChang-r6k,@davidgaher9550,1
UCTD6q1nyIe3Y7HhqjaMj72w,UCwha8rxULYMVtNwZWeSkE1A,@JuanChang-r6k,@mariasamo8637,1
UC0aEyakBPqcBkVJiErfSupQ,UCGqKxQS-z3NZzZF-2w338AA,@jhonymanuel9891,@samuelaguilar529,1
UC0aEyakBPqcBkVJiErfSupQ,UCIp19h9igblA2YKfSLPDAug,@jhonymanuel9891,@JoseReyes-rn6sh,1
UC0aEyakBPqcBkVJiErfSupQ,UCRcSR3Lvn9DZAmJpVPANfZQ,@jhonymanuel9891,@WalksandSuch,1
UC0aEyakBPqcBkVJiErfSupQ,UCRznz9-N3Qc1w-qNdLSIY2Q,@jhonymanuel9891,@jimmygomez724,1
UC0aEyakBPqcBkVJiErfSupQ,UCY7Hq7F9Lnucf-Yr6JkHZNw,@jhonymanuel9891,@maynorcalel1442,1
UC0aEyakBPqcBkVJiErfSupQ,UCaT6M2zp7X6r6Whd8Vv3kHQ,@jhonymanuel9891,@alexarcos8349,1
UC0aEyakBPqcBkVJiErfSupQ,UCgLrWFdYitoP-b7-PxtUr-w,@jhonymanuel9891,@zetag,1
UC0aEyakBPqcBkVJiErfSupQ,UCi-vPdnpQreC7BkFs40mJGA,@jhonymanuel9891,@bryansicasales4280,1
UC0aEyakBPqcBkVJiErfSupQ,UCtMBF_1O2jY2INlb_luuB_A,@jhonymanuel9891,@mynorgudiel8646,1
UC0aEyakBPqcBkVJiErfSupQ,UCwUAv3_LpWVtTIi7lkmTL7A,@jhonymanuel9891,@kingr4706,1
UC0aEyakBPqcBkVJiErfSupQ,UCyzf29IYjNw67gGIfsjgtxA,@jhonymanuel9891,@carlosoliva9249,1
UC650pRT-OYzny3GwOH8Cgfw,UC-hfX8J5JPJ-dfuakzegMLA,@edvinparedesherrera7632,@normaleticiaorozcojuarez2418,1
UC650pRT-OYzny3GwOH8Cgfw,UC-jS_kA9w-OmpupXDx156Rg,@edvinparedesherrera7632,@simoncreyesc7579,1
UC650pRT-OYzny3GwOH8Cgfw,UC2weSE8rpqkGMOp6StYtVfg,@edvinparedesherrera7632,@katerynsantiago2907,1
UC650pRT-OYzny3GwOH8Cgfw,UC3NMzdMYryaw82kPTnsaljg,@edvinparedesherrera7632,@marisosa7832,1
UC650pRT-OYzny3GwOH8Cgfw,UC4cXueR2bKGFJV0Fk76gwmA,@edvinparedesherrera7632,@aluxdel4792,1
UC650pRT-OYzny3GwOH8Cgfw,UC5bG9nc_JV3FsNP2KseQiYw,@edvinparedesherrera7632,@giovannirodas4836,1
UC650pRT-OYzny3GwOH8Cgfw,UC9xr9QvIcDvoZNUX5f-jaZw,@edvinparedesherrera7632,@MariaaliciaColonmorales,1
UC650pRT-OYzny3GwOH8Cgfw,UCA93ym2TXs_Ibyxb4Vcn-6Q,@edvinparedesherrera7632,@oswaldosolis8728,1
UC650pRT-OYzny3GwOH8Cgfw,UCAmtbUiIrUIhikru0ZoTFig,@edvinparedesherrera7632,@Aura-vf6dm,1
UC650pRT-OYzny3GwOH8Cgfw,UCDPWkUX3sNNaCx-m1dV4glA,@edvinparedesherrera7632,@hectoroliva949,1
UC650pRT-OYzny3GwOH8Cgfw,UCDUffaruH6dyUnUGwsTKpgg,@edvinparedesherrera7632,@luisletona2842,1
UC650pRT-OYzny3GwOH8Cgfw,UCFxE8GbokBrBsPEKM1xrOjQ,@edvinparedesherrera7632,@JuanDavila-qd7qj,1
UC650pRT-OYzny3GwOH8Cgfw,UCKDR0f2fu2UzWL8mBv5-BHw,@edvinparedesherrera7632,@mireyamorales6595,1
UC650pRT-OYzny3GwOH8Cgfw,UCRETAiYdh2dL5ZxB0_N1zDA,@edvinparedesherrera7632,@Joseroland21,1
UC650pRT-OYzny3GwOH8Cgfw,UCSou6a2OuYGSvPjm5psquyA,@edvinparedesherrera7632,@FranciscoRivera-sf7ne,1
UC650pRT-OYzny3GwOH8Cgfw,UCXXh7yg5KUFIWylTiKVEFKQ,@edvinparedesherrera7632,@MrDuenderojo,1
UC650pRT-OYzny3GwOH8Cgfw,UCXgr7vXlRrsaskPdo097kGA,@edvinparedesherrera7632,@Rogergh-nw4oj,1
UC650pRT-OYzny3GwOH8Cgfw,UCYN4wSQ1Sx4_LurxLlW7MPg,@edvinparedesherrera7632,@belarminavillatoro6474,1
UC650pRT-OYzny3GwOH8Cgfw,UCfM3nrxtTQMY5jFx1v1J4Gg,@edvinparedesherrera7632,@edgarroldan5539,1
UC650pRT-OYzny3GwOH8Cgfw,UChZknRmJkeGeQk0-mQuhDOg,@edvinparedesherrera7632,@OdilioRodríguez-c5w,1
UC650pRT-OYzny3GwOH8Cgfw,UCiMythXHsw7eQEMykCdmMUA,@edvinparedesherrera7632,@JavierBecerra-h6x,1
UC650pRT-OYzny3GwOH8Cgfw,UCjSKM9j0Q7HLDr1hD6D-TUw,@edvinparedesherrera7632,@josehidalgo4875,1
UC650pRT-OYzny3GwOH8Cgfw,UCl0ekS9Tt0jJGtOEM18S63w,@edvinparedesherrera7632,@monkchapin,1
UC650pRT-OYzny3GwOH8Cgfw,UCmvOgzmmXbjUthHy-WJ52hQ,@edvinparedesherrera7632,@mariorodas593,1
UC650pRT-OYzny3GwOH8Cgfw,UCp4iw5_5SmV9VGTFSNVGOmQ,@edvinparedesherrera7632,@CARLOSSTREMS51,1
UC650pRT-OYzny3GwOH8Cgfw,UCpl8rF8uv_8uui-QRvuJaRA,@edvinparedesherrera7632,@SergioGarcia-z9c,1
UC650pRT-OYzny3GwOH8Cgfw,UCr1emrogPKkKTs_WTtx71xg,@edvinparedesherrera7632,@domingopeneleu6457,1
UC650pRT-OYzny3GwOH8Cgfw,UCsJJAvrVGupdmhOqgtDp8dg,@edvinparedesherrera7632,@nestorlorenzana1168,1
UC650pRT-OYzny3GwOH8Cgfw,UCsSXdJct-nsS8DsABoEsaYA,@edvinparedesherrera7632,@IvánPérez-j4j,1
UC650pRT-OYzny3GwOH8Cgfw,UCsjs5Hp_r86x1xbK6FAeqaA,@edvinparedesherrera7632,@alvaroesquivel563,1
UC650pRT-OYzny3GwOH8Cgfw,UCtNfIBnc5S5DbbQj_yxgJTw,@edvinparedesherrera7632,@JosueRamirez-ey3ih,1
UC650pRT-OYzny3GwOH8Cgfw,UCvApqeCbLod-wejtT4CcVuA,@edvinparedesherrera7632,@davidgaher9550,1
UC650pRT-OYzny3GwOH8Cgfw,UCwha8rxULYMVtNwZWeSkE1A,@edvinparedesherrera7632,@mariasamo8637,1
UCWoAVGVqCn4xtINCMOTM4jg,UC-fiZBS5Gp1eCJd9ucgWnCg,@OmarMartinez-vv8re,@Tommii.10,1
UCWoAVGVqCn4xtINCMOTM4jg,UC32oozucwCF3q8d4m8fyOUg,@OmarMartinez-vv8re,@RauldejesusOlivagonzalez,1
UCWoAVGVqCn4xtINCMOTM4jg,UCAKuKvcbfnBD3kF5njNu-IA,@OmarMartinez-vv8re,@melvinlopez7096,1
UCWoAVGVqCn4xtINCMOTM4jg,UCHbwIx9pmQuf7i-4_xO2EpA,@OmarMartinez-vv8re,@caminoseternos752,1
UCWoAVGVqCn4xtINCMOTM4jg,UCUoYsrx1oZnCZ0usbBJn4fA,@OmarMartinez-vv8re,@AnaDiaz-re9sq,1
UCWoAVGVqCn4xtINCMOTM4jg,UC_LYoGs5C3mbZKZuKuqYCvw,@OmarMartinez-vv8re,@javiercifuentesarchila6041,1
UCWoAVGVqCn4xtINCMOTM4jg,UClhMWQ7XKWywYvbRnuf8QsA,@OmarMartinez-vv8re,@EcPerez-zz9oh,1
UCWoAVGVqCn4xtINCMOTM4jg,UCsGoJEvb-cFPZ2rWoJcXzEQ,@OmarMartinez-vv8re,@sergiohinestroza9709,1
UCWoAVGVqCn4xtINCMOTM4jg,UCu8_3-Wg-YzNyvHYQDEscfw,@OmarMartinez-vv8re,@RolandoCastroPérez-d7y,1
UCDPWkUX3sNNaCx-m1dV4glA,UC-hfX8J5JPJ-dfuakzegMLA,@hectoroliva949,@normaleticiaorozcojuarez2418,1
UCDPWkUX3sNNaCx-m1dV4glA,UC-jS_kA9w-OmpupXDx156Rg,@hectoroliva949,@simoncreyesc7579,1
UCDPWkUX3sNNaCx-m1dV4glA,UC2weSE8rpqkGMOp6StYtVfg,@hectoroliva949,@katerynsantiago2907,1
UCDPWkUX3sNNaCx-m1dV4glA,UC3NMzdMYryaw82kPTnsaljg,@hectoroliva949,@marisosa7832,1
UCDPWkUX3sNNaCx-m1dV4glA,UC4cXueR2bKGFJV0Fk76gwmA,@hectoroliva949,@aluxdel4792,1
UCDPWkUX3sNNaCx-m1dV4glA,UC5bG9nc_JV3FsNP2KseQiYw,@hectoroliva949,@giovannirodas4836,1
UCDPWkUX3sNNaCx-m1dV4glA,UC9xr9QvIcDvoZNUX5f-jaZw,@hectoroliva949,@MariaaliciaColonmorales,1
UCDPWkUX3sNNaCx-m1dV4glA,UCA93ym2TXs_Ibyxb4Vcn-6Q,@hectoroliva949,@oswaldosolis8728,1
UCDPWkUX3sNNaCx-m1dV4glA,UCAmtbUiIrUIhikru0ZoTFig,@hectoroliva949,@Aura-vf6dm,1
UCDPWkUX3sNNaCx-m1dV4glA,UCDUffaruH6dyUnUGwsTKpgg,@hectoroliva949,@luisletona2842,1
UCDPWkUX3sNNaCx-m1dV4glA,UCFxE8GbokBrBsPEKM1xrOjQ,@hectoroliva949,@JuanDavila-qd7qj,1
UCDPWkUX3sNNaCx-m1dV4glA,UCKDR0f2fu2UzWL8mBv5-BHw,@hectoroliva949,@mireyamorales6595,1
UCDPWkUX3sNNaCx-m1dV4glA,UCRETAiYdh2dL5ZxB0_N1zDA,@hectoroliva949,@Joseroland21,1
UCDPWkUX3sNNaCx-m1dV4glA,UCSou6a2OuYGSvPjm5psquyA,@hectoroliva949,@FranciscoRivera-sf7ne,1
UCDPWkUX3sNNaCx-m1dV4glA,UCXXh7yg5KUFIWylTiKVEFKQ,@hectoroliva949,@MrDuenderojo,1
UCDPWkUX3sNNaCx-m1dV4glA,UCXgr7vXlRrsaskPdo097kGA,@hectoroliva949,@Rogergh-nw4oj,1
UCDPWkUX3sNNaCx-m1dV4glA,UCYN4wSQ1Sx4_LurxLlW7MPg,@hectoroliva949,@belarminavillatoro6474,1
UCDPWkUX3sNNaCx-m1dV4glA,UCfM3nrxtTQMY5jFx1v1J4Gg,@hectoroliva949,@edgarroldan5539,1
UCDPWkUX3sNNaCx-m1dV4glA,UChZknRmJkeGeQk0-mQuhDOg,@hectoroliva949,@OdilioRodríguez-c5w,1
UCDPWkUX3sNNaCx-m1dV4glA,UCiMythXHsw7eQEMykCdmMUA,@hectoroliva949,@JavierBecerra-h6x,1
UCDPWkUX3sNNaCx-m1dV4glA,UCjSKM9j0Q7HLDr1hD6D-TUw,@hectoroliva949,@josehidalgo4875,1
UCDPWkUX3sNNaCx-m1dV4glA,UCl0ekS9Tt0jJGtOEM18S63w,@hectoroliva949,@monkchapin,1
UCDPWkUX3sNNaCx-m1dV4glA,UCmvOgzmmXbjUthHy-WJ52hQ,@hectoroliva949,@mariorodas593,1
UCDPWkUX3sNNaCx-m1dV4glA,UCp4iw5_5SmV9VGTFSNVGOmQ,@hectoroliva949,@CARLOSSTREMS51,1
UCDPWkUX3sNNaCx-m1dV4glA,UCpl8rF8uv_8uui-QRvuJaRA,@hectoroliva949,@SergioGarcia-z9c,1
UCDPWkUX3sNNaCx-m1dV4glA,UCr1emrogPKkKTs_WTtx71xg,@hectoroliva949,@domingopeneleu6457,1
UCDPWkUX3sNNaCx-m1dV4glA,UCsJJAvrVGupdmhOqgtDp8dg,@hectoroliva949,@nestorlorenzana1168,1
UCDPWkUX3sNNaCx-m1dV4glA,UCsSXdJct-nsS8DsABoEsaYA,@hectoroliva949,@IvánPérez-j4j,1
UCDPWkUX3sNNaCx-m1dV4glA,UCsjs5Hp_r86x1xbK6FAeqaA,@hectoroliva949,@alvaroesquivel563,1
UCDPWkUX3sNNaCx-m1dV4glA,UCtNfIBnc5S5DbbQj_yxgJTw,@hectoroliva949,@JosueRamirez-ey3ih,1
UCDPWkUX3sNNaCx-m1dV4glA,UCvApqeCbLod-wejtT4CcVuA,@hectoroliva949,@davidgaher9550,1
UCDPWkUX3sNNaCx-m1dV4glA,UCwha8rxULYMVtNwZWeSkE1A,@hectoroliva949,@mariasamo8637,1
UCsGoJEvb-cFPZ2rWoJcXzEQ,UC-fiZBS5Gp1eCJd9ucgWnCg,@sergiohinestroza9709,@Tommii.10,1
UCsGoJEvb-cFPZ2rWoJcXzEQ,UC32oozucwCF3q8d4m8fyOUg,@sergiohinestroza9709,@RauldejesusOlivagonzalez,1
UCsGoJEvb-cFPZ2rWoJcXzEQ,UCAKuKvcbfnBD3kF5njNu-IA,@sergiohinestroza9709,@melvinlopez7096,1
UCsGoJEvb-cFPZ2rWoJcXzEQ,UCHbwIx9pmQuf7i-4_xO2EpA,@sergiohinestroza9709,@caminoseternos752,1
UCsGoJEvb-cFPZ2rWoJcXzEQ,UCUoYsrx1oZnCZ0usbBJn4fA,@sergiohinestroza9709,@AnaDiaz-re9sq,1
UCsGoJEvb-cFPZ2rWoJcXzEQ,UC_LYoGs5C3mbZKZuKuqYCvw,@sergiohinestroza9709,@javiercifuentesarchila6041,1
UCsGoJEvb-cFPZ2rWoJcXzEQ,UClhMWQ7XKWywYvbRnuf8QsA,@sergiohinestroza9709,@EcPerez-zz9oh,1
UCsGoJEvb-cFPZ2rWoJcXzEQ,UCu8_3-Wg-YzNyvHYQDEscfw,@sergiohinestroza9709,@RolandoCastroPérez-d7y,1
UCXXh7yg5KUFIWylTiKVEFKQ,UC-hfX8J5JPJ-dfuakzegMLA,@MrDuenderojo,@normaleticiaorozcojuarez2418,1
UCXXh7yg5KUFIWylTiKVEFKQ,UC-jS_kA9w-OmpupXDx156Rg,@MrDuenderojo,@simoncreyesc7579,1
UCXXh7yg5KUFIWylTiKVEFKQ,UC2weSE8rpqkGMOp6StYtVfg,@MrDuenderojo,@katerynsantiago2907,1
UCXXh7yg5KUFIWylTiKVEFKQ,UC3NMzdMYryaw82kPTnsaljg,@MrDuenderojo,@marisosa7832,1
UCXXh7yg5KUFIWylTiKVEFKQ,UC4cXueR2bKGFJV0Fk76gwmA,@MrDuenderojo,@aluxdel4792,1
UCXXh7yg5KUFIWylTiKVEFKQ,UC5bG9nc_JV3FsNP2KseQiYw,@MrDuenderojo,@giovannirodas4836,1
UCXXh7yg5KUFIWylTiKVEFKQ,UC9xr9QvIcDvoZNUX5f-jaZw,@MrDuenderojo,@MariaaliciaColonmorales,1
UCXXh7yg5KUFIWylTiKVEFKQ,UCA93ym2TXs_Ibyxb4Vcn-6Q,@MrDuenderojo,@oswaldosolis8728,1
UCXXh7yg5KUFIWylTiKVEFKQ,UCAmtbUiIrUIhikru0ZoTFig,@MrDuenderojo,@Aura-vf6dm,1
UCXXh7yg5KUFIWylTiKVEFKQ,UCDUffaruH6dyUnUGwsTKpgg,@MrDuenderojo,@luisletona2842,1
UCXXh7yg5KUFIWylTiKVEFKQ,UCFxE8GbokBrBsPEKM1xrOjQ,@MrDuenderojo,@JuanDavila-qd7qj,1
UCXXh7yg5KUFIWylTiKVEFKQ,UCKDR0f2fu2UzWL8mBv5-BHw,@MrDuenderojo,@mireyamorales6595,1
UCXXh7yg5KUFIWylTiKVEFKQ,UCRETAiYdh2dL5ZxB0_N1zDA,@MrDuenderojo,@Joseroland21,1
UCXXh7yg5KUFIWylTiKVEFKQ,UCSou6a2OuYGSvPjm5psquyA,@MrDuenderojo,@FranciscoRivera-sf7ne,1
UCXXh7yg5KUFIWylTiKVEFKQ,UCXgr7vXlRrsaskPdo097kGA,@MrDuenderojo,@Rogergh-nw4oj,1
UCXXh7yg5KUFIWylTiKVEFKQ,UCYN4wSQ1Sx4_LurxLlW7MPg,@MrDuenderojo,@belarminavillatoro6474,1
UCXXh7yg5KUFIWylTiKVEFKQ,UCfM3nrxtTQMY5jFx1v1J4Gg,@MrDuenderojo,@edgarroldan5539,1
UCXXh7yg5KUFIWylTiKVEFKQ,UChZknRmJkeGeQk0-mQuhDOg,@MrDuenderojo,@OdilioRodríguez-c5w,1
UCXXh7yg5KUFIWylTiKVEFKQ,UCiMythXHsw7eQEMykCdmMUA,@MrDuenderojo,@JavierBecerra-h6x,1
UCXXh7yg5KUFIWylTiKVEFKQ,UCjSKM9j0Q7HLDr1hD6D-TUw,@MrDuenderojo,@josehidalgo4875,1
UCXXh7yg5KUFIWylTiKVEFKQ,UCl0ekS9Tt0jJGtOEM18S63w,@MrDuenderojo,@monkchapin,1
UCXXh7yg5KUFIWylTiKVEFKQ,UCmvOgzmmXbjUthHy-WJ52hQ,@MrDuenderojo,@mariorodas593,1
UCXXh7yg5KUFIWylTiKVEFKQ,UCp4iw5_5SmV9VGTFSNVGOmQ,@MrDuenderojo,@CARLOSSTREMS51,1
UCXXh7yg5KUFIWylTiKVEFKQ,UCpl8rF8uv_8uui-QRvuJaRA,@MrDuenderojo,@SergioGarcia-z9c,1
UCXXh7yg5KUFIWylTiKVEFKQ,UCr1emrogPKkKTs_WTtx71xg,@MrDuenderojo,@domingopeneleu6457,1
UCXXh7yg5KUFIWylTiKVEFKQ,UCsJJAvrVGupdmhOqgtDp8dg,@MrDuenderojo,@nestorlorenzana1168,1
UCXXh7yg5KUFIWylTiKVEFKQ,UCsSXdJct-nsS8DsABoEsaYA,@MrDuenderojo,@IvánPérez-j4j,1
UCXXh7yg5KUFIWylTiKVEFKQ,UCsjs5Hp_r86x1xbK6FAeqaA,@MrDuenderojo,@alvaroesquivel563,1
UCXXh7yg5KUFIWylTiKVEFKQ,UCtNfIBnc5S5DbbQj_yxgJTw,@MrDuenderojo,@JosueRamirez-ey3ih,1
UCXXh7yg5KUFIWylTiKVEFKQ,UCvApqeCbLod-wejtT4CcVuA,@MrDuenderojo,@davidgaher9550,1
UCXXh7yg5KUFIWylTiKVEFKQ,UCwha8rxULYMVtNwZWeSkE1A,@MrDuenderojo,@mariasamo8637,1
UCfM3nrxtTQMY5jFx1v1J4Gg,UC-hfX8J5JPJ-dfuakzegMLA,@edgarroldan5539,@normaleticiaorozcojuarez2418,1
UCfM3nrxtTQMY5jFx1v1J4Gg,UC-jS_kA9w-OmpupXDx156Rg,@edgarroldan5539,@simoncreyesc7579,1
UCfM3nrxtTQMY5jFx1v1J4Gg,UC2weSE8rpqkGMOp6StYtVfg,@edgarroldan5539,@katerynsantiago2907,1
UCfM3nrxtTQMY5jFx1v1J4Gg,UC3NMzdMYryaw82kPTnsaljg,@edgarroldan5539,@marisosa7832,1
UCfM3nrxtTQMY5jFx1v1J4Gg,UC4cXueR2bKGFJV0Fk76gwmA,@edgarroldan5539,@aluxdel4792,1
UCfM3nrxtTQMY5jFx1v1J4Gg,UC5bG9nc_JV3FsNP2KseQiYw,@edgarroldan5539,@giovannirodas4836,1
UCfM3nrxtTQMY5jFx1v1J4Gg,UC9xr9QvIcDvoZNUX5f-jaZw,@edgarroldan5539,@MariaaliciaColonmorales,1
UCfM3nrxtTQMY5jFx1v1J4Gg,UCA93ym2TXs_Ibyxb4Vcn-6Q,@edgarroldan5539,@oswaldosolis8728,1
UCfM3nrxtTQMY5jFx1v1J4Gg,UCAmtbUiIrUIhikru0ZoTFig,@edgarroldan5539,@Aura-vf6dm,1
UCfM3nrxtTQMY5jFx1v1J4Gg,UCDUffaruH6dyUnUGwsTKpgg,@edgarroldan5539,@luisletona2842,1
UCfM3nrxtTQMY5jFx1v1J4Gg,UCFxE8GbokBrBsPEKM1xrOjQ,@edgarroldan5539,@JuanDavila-qd7qj,1
UCfM3nrxtTQMY5jFx1v1J4Gg,UCKDR0f2fu2UzWL8mBv5-BHw,@edgarroldan5539,@mireyamorales6595,1
UCfM3nrxtTQMY5jFx1v1J4Gg,UCRETAiYdh2dL5ZxB0_N1zDA,@edgarroldan5539,@Joseroland21,1
UCfM3nrxtTQMY5jFx1v1J4Gg,UCSou6a2OuYGSvPjm5psquyA,@edgarroldan5539,@FranciscoRivera-sf7ne,1
UCfM3nrxtTQMY5jFx1v1J4Gg,UCXgr7vXlRrsaskPdo097kGA,@edgarroldan5539,@Rogergh-nw4oj,1
UCfM3nrxtTQMY5jFx1v1J4Gg,UCYN4wSQ1Sx4_LurxLlW7MPg,@edgarroldan5539,@belarminavillatoro6474,1
UCfM3nrxtTQMY5jFx1v1J4Gg,UChZknRmJkeGeQk0-mQuhDOg,@edgarroldan5539,@OdilioRodríguez-c5w,1
UCfM3nrxtTQMY5jFx1v1J4Gg,UCiMythXHsw7eQEMykCdmMUA,@edgarroldan5539,@JavierBecerra-h6x,1
UCfM3nrxtTQMY5jFx1v1J4Gg,UCjSKM9j0Q7HLDr1hD6D-TUw,@edgarroldan5539,@josehidalgo4875,1
UCfM3nrxtTQMY5jFx1v1J4Gg,UCl0ekS9Tt0jJGtOEM18S63w,@edgarroldan5539,@monkchapin,1
UCfM3nrxtTQMY5jFx1v1J4Gg,UCmvOgzmmXbjUthHy-WJ52hQ,@edgarroldan5539,@mariorodas593,1
UCfM3nrxtTQMY5jFx1v1J4Gg,UCp4iw5_5SmV9VGTFSNVGOmQ,@edgarroldan5539,@CARLOSSTREMS51,1
UCfM3nrxtTQMY5jFx1v1J4Gg,UCpl8rF8uv_8uui-QRvuJaRA,@edgarroldan5539,@SergioGarcia-z9c,1
UCfM3nrxtTQMY5jFx1v1J4Gg,UCr1emrogPKkKTs_WTtx71xg,@edgarroldan5539,@domingopeneleu6457,1
UCfM3nrxtTQMY5jFx1v1J4Gg,UCsJJAvrVGupdmhOqgtDp8dg,@edgarroldan5539,@nestorlorenzana1168,1
UCfM3nrxtTQMY5jFx1v1J4Gg,UCsSXdJct-nsS8DsABoEsaYA,@edgarroldan5539,@IvánPérez-j4j,1
UCfM3nrxtTQMY5jFx1v1J4Gg,UCsjs5Hp_r86x1xbK6FAeqaA,@edgarroldan5539,@alvaroesquivel563,1
UCfM3nrxtTQMY5jFx1v1J4Gg,UCtNfIBnc5S5DbbQj_yxgJTw,@edgarroldan5539,@JosueRamirez-ey3ih,1
UCfM3nrxtTQMY5jFx1v1J4Gg,UCvApqeCbLod-wejtT4CcVuA,@edgarroldan5539,@davidgaher9550,1
UCfM3nrxtTQMY5jFx1v1J4Gg,UCwha8rxULYMVtNwZWeSkE1A,@edgarroldan5539,@mariasamo8637,1
UCp4iw5_5SmV9VGTFSNVGOmQ,UC-hfX8J5JPJ-dfuakzegMLA,@CARLOSSTREMS51,@normaleticiaorozcojuarez2418,1
UCp4iw5_5SmV9VGTFSNVGOmQ,UC-jS_kA9w-OmpupXDx156Rg,@CARLOSSTREMS51,@simoncreyesc7579,1
UCp4iw5_5SmV9VGTFSNVGOmQ,UC2weSE8rpqkGMOp6StYtVfg,@CARLOSSTREMS51,@katerynsantiago2907,1
UCp4iw5_5SmV9VGTFSNVGOmQ,UC3NMzdMYryaw82kPTnsaljg,@CARLOSSTREMS51,@marisosa7832,1
UCp4iw5_5SmV9VGTFSNVGOmQ,UC4cXueR2bKGFJV0Fk76gwmA,@CARLOSSTREMS51,@aluxdel4792,1
UCp4iw5_5SmV9VGTFSNVGOmQ,UC5bG9nc_JV3FsNP2KseQiYw,@CARLOSSTREMS51,@giovannirodas4836,1
UCp4iw5_5SmV9VGTFSNVGOmQ,UC9xr9QvIcDvoZNUX5f-jaZw,@CARLOSSTREMS51,@MariaaliciaColonmorales,1
UCp4iw5_5SmV9VGTFSNVGOmQ,UCA93ym2TXs_Ibyxb4Vcn-6Q,@CARLOSSTREMS51,@oswaldosolis8728,1
UCp4iw5_5SmV9VGTFSNVGOmQ,UCAmtbUiIrUIhikru0ZoTFig,@CARLOSSTREMS51,@Aura-vf6dm,1
UCp4iw5_5SmV9VGTFSNVGOmQ,UCDUffaruH6dyUnUGwsTKpgg,@CARLOSSTREMS51,@luisletona2842,1
UCp4iw5_5SmV9VGTFSNVGOmQ,UCFxE8GbokBrBsPEKM1xrOjQ,@CARLOSSTREMS51,@JuanDavila-qd7qj,1
UCp4iw5_5SmV9VGTFSNVGOmQ,UCKDR0f2fu2UzWL8mBv5-BHw,@CARLOSSTREMS51,@mireyamorales6595,1
UCp4iw5_5SmV9VGTFSNVGOmQ,UCRETAiYdh2dL5ZxB0_N1zDA,@CARLOSSTREMS51,@Joseroland21,1
UCp4iw5_5SmV9VGTFSNVGOmQ,UCSou6a2OuYGSvPjm5psquyA,@CARLOSSTREMS51,@FranciscoRivera-sf7ne,1
UCp4iw5_5SmV9VGTFSNVGOmQ,UCXgr7vXlRrsaskPdo097kGA,@CARLOSSTREMS51,@Rogergh-nw4oj,1
UCp4iw5_5SmV9VGTFSNVGOmQ,UCYN4wSQ1Sx4_LurxLlW7MPg,@CARLOSSTREMS51,@belarminavillatoro6474,1
UCp4iw5_5SmV9VGTFSNVGOmQ,UChZknRmJkeGeQk0-mQuhDOg,@CARLOSSTREMS51,@OdilioRodríguez-c5w,1
UCp4iw5_5SmV9VGTFSNVGOmQ,UCiMythXHsw7eQEMykCdmMUA,@CARLOSSTREMS51,@JavierBecerra-h6x,1
UCp4iw5_5SmV9VGTFSNVGOmQ,UCjSKM9j0Q7HLDr1hD6D-TUw,@CARLOSSTREMS51,@josehidalgo4875,1
UCp4iw5_5SmV9VGTFSNVGOmQ,UCl0ekS9Tt0jJGtOEM18S63w,@CARLOSSTREMS51,@monkchapin,1
UCp4iw5_5SmV9VGTFSNVGOmQ,UCmvOgzmmXbjUthHy-WJ52hQ,@CARLOSSTREMS51,@mariorodas593,1
UCp4iw5_5SmV9VGTFSNVGOmQ,UCpl8rF8uv_8uui-QRvuJaRA,@CARLOSSTREMS51,@SergioGarcia-z9c,1
UCp4iw5_5SmV9VGTFSNVGOmQ,UCr1emrogPKkKTs_WTtx71xg,@CARLOSSTREMS51,@domingopeneleu6457,1
UCp4iw5_5SmV9VGTFSNVGOmQ,UCsJJAvrVGupdmhOqgtDp8dg,@CARLOSSTREMS51,@nestorlorenzana1168,1
UCp4iw5_5SmV9VGTFSNVGOmQ,UCsSXdJct-nsS8DsABoEsaYA,@CARLOSSTREMS51,@IvánPérez-j4j,1
UCp4iw5_5SmV9VGTFSNVGOmQ,UCsjs5Hp_r86x1xbK6FAeqaA,@CARLOSSTREMS51,@alvaroesquivel563,1
UCp4iw5_5SmV9VGTFSNVGOmQ,UCtNfIBnc5S5DbbQj_yxgJTw,@CARLOSSTREMS51,@JosueRamirez-ey3ih,1
UCp4iw5_5SmV9VGTFSNVGOmQ,UCvApqeCbLod-wejtT4CcVuA,@CARLOSSTREMS51,@davidgaher9550,1
UCp4iw5_5SmV9VGTFSNVGOmQ,UCwha8rxULYMVtNwZWeSkE1A,@CARLOSSTREMS51,@mariasamo8637,1
UCIp19h9igblA2YKfSLPDAug,UCGqKxQS-z3NZzZF-2w338AA,@JoseReyes-rn6sh,@samuelaguilar529,1
UCIp19h9igblA2YKfSLPDAug,UCRcSR3Lvn9DZAmJpVPANfZQ,@JoseReyes-rn6sh,@WalksandSuch,1
UCIp19h9igblA2YKfSLPDAug,UCRznz9-N3Qc1w-qNdLSIY2Q,@JoseReyes-rn6sh,@jimmygomez724,1
UCIp19h9igblA2YKfSLPDAug,UCY7Hq7F9Lnucf-Yr6JkHZNw,@JoseReyes-rn6sh,@maynorcalel1442,1
UCIp19h9igblA2YKfSLPDAug,UCaT6M2zp7X6r6Whd8Vv3kHQ,@JoseReyes-rn6sh,@alexarcos8349,1
UCIp19h9igblA2YKfSLPDAug,UCgLrWFdYitoP-b7-PxtUr-w,@JoseReyes-rn6sh,@zetag,1
UCIp19h9igblA2YKfSLPDAug,UCi-vPdnpQreC7BkFs40mJGA,@JoseReyes-rn6sh,@bryansicasales4280,1
UCIp19h9igblA2YKfSLPDAug,UCtMBF_1O2jY2INlb_luuB_A,@JoseReyes-rn6sh,@mynorgudiel8646,1
UCIp19h9igblA2YKfSLPDAug,UCwUAv3_LpWVtTIi7lkmTL7A,@JoseReyes-rn6sh,@kingr4706,1
UCIp19h9igblA2YKfSLPDAug,UCyzf29IYjNw67gGIfsjgtxA,@JoseReyes-rn6sh,@carlosoliva9249,1
UCwha8rxULYMVtNwZWeSkE1A,UC-hfX8J5JPJ-dfuakzegMLA,@mariasamo8637,@normaleticiaorozcojuarez2418,1
UCwha8rxULYMVtNwZWeSkE1A,UC-jS_kA9w-OmpupXDx156Rg,@mariasamo8637,@simoncreyesc7579,1
UCwha8rxULYMVtNwZWeSkE1A,UC2weSE8rpqkGMOp6StYtVfg,@mariasamo8637,@katerynsantiago2907,1
UCwha8rxULYMVtNwZWeSkE1A,UC3NMzdMYryaw82kPTnsaljg,@mariasamo8637,@marisosa7832,1
UCwha8rxULYMVtNwZWeSkE1A,UC4cXueR2bKGFJV0Fk76gwmA,@mariasamo8637,@aluxdel4792,1
UCwha8rxULYMVtNwZWeSkE1A,UC5bG9nc_JV3FsNP2KseQiYw,@mariasamo8637,@giovannirodas4836,1
UCwha8rxULYMVtNwZWeSkE1A,UC9xr9QvIcDvoZNUX5f-jaZw,@mariasamo8637,@MariaaliciaColonmorales,1
UCwha8rxULYMVtNwZWeSkE1A,UCA93ym2TXs_Ibyxb4Vcn-6Q,@mariasamo8637,@oswaldosolis8728,1
UCwha8rxULYMVtNwZWeSkE1A,UCAmtbUiIrUIhikru0ZoTFig,@mariasamo8637,@Aura-vf6dm,1
UCwha8rxULYMVtNwZWeSkE1A,UCDUffaruH6dyUnUGwsTKpgg,@mariasamo8637,@luisletona2842,1
UCwha8rxULYMVtNwZWeSkE1A,UCFxE8GbokBrBsPEKM1xrOjQ,@mariasamo8637,@JuanDavila-qd7qj,1
UCwha8rxULYMVtNwZWeSkE1A,UCKDR0f2fu2UzWL8mBv5-BHw,@mariasamo8637,@mireyamorales6595,1
UCwha8rxULYMVtNwZWeSkE1A,UCRETAiYdh2dL5ZxB0_N1zDA,@mariasamo8637,@Joseroland21,1
UCwha8rxULYMVtNwZWeSkE1A,UCSou6a2OuYGSvPjm5psquyA,@mariasamo8637,@FranciscoRivera-sf7ne,1
UCwha8rxULYMVtNwZWeSkE1A,UCXgr7vXlRrsaskPdo097kGA,@mariasamo8637,@Rogergh-nw4oj,1
UCwha8rxULYMVtNwZWeSkE1A,UCYN4wSQ1Sx4_LurxLlW7MPg,@mariasamo8637,@belarminavillatoro6474,1
UCwha8rxULYMVtNwZWeSkE1A,UChZknRmJkeGeQk0-mQuhDOg,@mariasamo8637,@OdilioRodríguez-c5w,1
UCwha8rxULYMVtNwZWeSkE1A,UCiMythXHsw7eQEMykCdmMUA,@mariasamo8637,@JavierBecerra-h6x,1
UCwha8rxULYMVtNwZWeSkE1A,UCjSKM9j0Q7HLDr1hD6D-TUw,@mariasamo8637,@josehidalgo4875,1
UCwha8rxULYMVtNwZWeSkE1A,UCl0ekS9Tt0jJGtOEM18S63w,@mariasamo8637,@monkchapin,1
UCwha8rxULYMVtNwZWeSkE1A,UCmvOgzmmXbjUthHy-WJ52hQ,@mariasamo8637,@mariorodas593,1
UCwha8rxULYMVtNwZWeSkE1A,UCpl8rF8uv_8uui-QRvuJaRA,@mariasamo8637,@SergioGarcia-z9c,1
UCwha8rxULYMVtNwZWeSkE1A,UCr1emrogPKkKTs_WTtx71xg,@mariasamo8637,@domingopeneleu6457,1
UCwha8rxULYMVtNwZWeSkE1A,UCsJJAvrVGupdmhOqgtDp8dg,@mariasamo8637,@nestorlorenzana1168,1
UCwha8rxULYMVtNwZWeSkE1A,UCsSXdJct-nsS8DsABoEsaYA,@mariasamo8637,@IvánPérez-j4j,1
UCwha8rxULYMVtNwZWeSkE1A,UCsjs5Hp_r86x1xbK6FAeqaA,@mariasamo8637,@alvaroesquivel563,1
UCwha8rxULYMVtNwZWeSkE1A,UCtNfIBnc5S5DbbQj_yxgJTw,@mariasamo8637,@JosueRamirez-ey3ih,1
UCwha8rxULYMVtNwZWeSkE1A,UCvApqeCbLod-wejtT4CcVuA,@mariasamo8637,@davidgaher9550,1
UCHbwIx9pmQuf7i-4_xO2EpA,UC-fiZBS5Gp1eCJd9ucgWnCg,@caminoseternos752,@Tommii.10,1
UCHbwIx9pmQuf7i-4_xO2EpA,UC32oozucwCF3q8d4m8fyOUg,@caminoseternos752,@RauldejesusOlivagonzalez,1
UCHbwIx9pmQuf7i-4_xO2EpA,UCAKuKvcbfnBD3kF5njNu-IA,@caminoseternos752,@melvinlopez7096,1
UCHbwIx9pmQuf7i-4_xO2EpA,UCUoYsrx1oZnCZ0usbBJn4fA,@caminoseternos752,@AnaDiaz-re9sq,1
UCHbwIx9pmQuf7i-4_xO2EpA,UC_LYoGs5C3mbZKZuKuqYCvw,@caminoseternos752,@javiercifuentesarchila6041,1
UCHbwIx9pmQuf7i-4_xO2EpA,UClhMWQ7XKWywYvbRnuf8QsA,@caminoseternos752,@EcPerez-zz9oh,1
UCHbwIx9pmQuf7i-4_xO2EpA,UCu8_3-Wg-YzNyvHYQDEscfw,@caminoseternos752,@RolandoCastroPérez-d7y,1
UCu8_3-Wg-YzNyvHYQDEscfw,UC-fiZBS5Gp1eCJd9ucgWnCg,@RolandoCastroPérez-d7y,@Tommii.10,1
UCu8_3-Wg-YzNyvHYQDEscfw,UC32oozucwCF3q8d4m8fyOUg,@RolandoCastroPérez-d7y,@RauldejesusOlivagonzalez,1
UCu8_3-Wg-YzNyvHYQDEscfw,UCAKuKvcbfnBD3kF5njNu-IA,@RolandoCastroPérez-d7y,@melvinlopez7096,1
UCu8_3-Wg-YzNyvHYQDEscfw,UCUoYsrx1oZnCZ0usbBJn4fA,@RolandoCastroPérez-d7y,@AnaDiaz-re9sq,1
UCu8_3-Wg-YzNyvHYQDEscfw,UC_LYoGs5C3mbZKZuKuqYCvw,@RolandoCastroPérez-d7y,@javiercifuentesarchila6041,1
UCu8_3-Wg-YzNyvHYQDEscfw,UClhMWQ7XKWywYvbRnuf8QsA,@RolandoCastroPérez-d7y,@EcPerez-zz9oh,1
UCIgoiXdIKJyUGmUoH2Lxdzg,UCGZMgmM92E3njyXNe9-kjAQ,@susievidal4134,@pasionpornada,1
UCIgoiXdIKJyUGmUoH2Lxdzg,UCZjm6U576nX8WOiLhmMR3bw,@susievidal4134,@MariaNavarroYT,1
UCIgoiXdIKJyUGmUoH2Lxdzg,UCbNanjFI51cwGqMAb2rOrBw,@susievidal4134,@RosaMontesdeOca777,1
UCIgoiXdIKJyUGmUoH2Lxdzg,UCrqXyRsg-_hTosURZ-uvoKg,@susievidal4134,@flornolberto2425,1
UCXN2s7DwTJm33xO-pNkAdaA,UCIXLDYqR_syskKRJy_x9W9Q,@edithsan7688,@carlitosramirez4739,1
UCXN2s7DwTJm33xO-pNkAdaA,UCwCfs-2zbD5k0lG-UVg_JBw,@edithsan7688,@JessicaHuaz-96,1
UCgLrWFdYitoP-b7-PxtUr-w,UCGqKxQS-z3NZzZF-2w338AA,@zetag,@samuelaguilar529,1
UCgLrWFdYitoP-b7-PxtUr-w,UCRcSR3Lvn9DZAmJpVPANfZQ,@zetag,@WalksandSuch,1
UCgLrWFdYitoP-b7-PxtUr-w,UCRznz9-N3Qc1w-qNdLSIY2Q,@zetag,@jimmygomez724,1
UCgLrWFdYitoP-b7-PxtUr-w,UCY7Hq7F9Lnucf-Yr6JkHZNw,@zetag,@maynorcalel1442,1
UCgLrWFdYitoP-b7-PxtUr-w,UCaT6M2zp7X6r6Whd8Vv3kHQ,@zetag,@alexarcos8349,1
UCgLrWFdYitoP-b7-PxtUr-w,UCi-vPdnpQreC7BkFs40mJGA,@zetag,@bryansicasales4280,1
UCgLrWFdYitoP-b7-PxtUr-w,UCtMBF_1O2jY2INlb_luuB_A,@zetag,@mynorgudiel8646,1
UCgLrWFdYitoP-b7-PxtUr-w,UCwUAv3_LpWVtTIi7lkmTL7A,@zetag,@kingr4706,1
UCgLrWFdYitoP-b7-PxtUr-w,UCyzf29IYjNw67gGIfsjgtxA,@zetag,@carlosoliva9249,1
UCAKuKvcbfnBD3kF5njNu-IA,UC-fiZBS5Gp1eCJd9ucgWnCg,@melvinlopez7096,@Tommii.10,1
UCAKuKvcbfnBD3kF5njNu-IA,UC32oozucwCF3q8d4m8fyOUg,@melvinlopez7096,@RauldejesusOlivagonzalez,1
UCAKuKvcbfnBD3kF5njNu-IA,UCUoYsrx1oZnCZ0usbBJn4fA,@melvinlopez7096,@AnaDiaz-re9sq,1
UCAKuKvcbfnBD3kF5njNu-IA,UC_LYoGs5C3mbZKZuKuqYCvw,@melvinlopez7096,@javiercifuentesarchila6041,1
UCAKuKvcbfnBD3kF5njNu-IA,UClhMWQ7XKWywYvbRnuf8QsA,@melvinlopez7096,@EcPerez-zz9oh,1
UCFxE8GbokBrBsPEKM1xrOjQ,UC-hfX8J5JPJ-dfuakzegMLA,@JuanDavila-qd7qj,@normaleticiaorozcojuarez2418,1
UCFxE8GbokBrBsPEKM1xrOjQ,UC-jS_kA9w-OmpupXDx156Rg,@JuanDavila-qd7qj,@simoncreyesc7579,1
UCFxE8GbokBrBsPEKM1xrOjQ,UC2weSE8rpqkGMOp6StYtVfg,@JuanDavila-qd7qj,@katerynsantiago2907,1
UCFxE8GbokBrBsPEKM1xrOjQ,UC3NMzdMYryaw82kPTnsaljg,@JuanDavila-qd7qj,@marisosa7832,1
UCFxE8GbokBrBsPEKM1xrOjQ,UC4cXueR2bKGFJV0Fk76gwmA,@JuanDavila-qd7qj,@aluxdel4792,1
UCFxE8GbokBrBsPEKM1xrOjQ,UC5bG9nc_JV3FsNP2KseQiYw,@JuanDavila-qd7qj,@giovannirodas4836,1
UCFxE8GbokBrBsPEKM1xrOjQ,UC9xr9QvIcDvoZNUX5f-jaZw,@JuanDavila-qd7qj,@MariaaliciaColonmorales,1
UCFxE8GbokBrBsPEKM1xrOjQ,UCA93ym2TXs_Ibyxb4Vcn-6Q,@JuanDavila-qd7qj,@oswaldosolis8728,1
UCFxE8GbokBrBsPEKM1xrOjQ,UCAmtbUiIrUIhikru0ZoTFig,@JuanDavila-qd7qj,@Aura-vf6dm,1
UCFxE8GbokBrBsPEKM1xrOjQ,UCDUffaruH6dyUnUGwsTKpgg,@JuanDavila-qd7qj,@luisletona2842,1
UCFxE8GbokBrBsPEKM1xrOjQ,UCKDR0f2fu2UzWL8mBv5-BHw,@JuanDavila-qd7qj,@mireyamorales6595,1
UCFxE8GbokBrBsPEKM1xrOjQ,UCRETAiYdh2dL5ZxB0_N1zDA,@JuanDavila-qd7qj,@Joseroland21,1
UCFxE8GbokBrBsPEKM1xrOjQ,UCSou6a2OuYGSvPjm5psquyA,@JuanDavila-qd7qj,@FranciscoRivera-sf7ne,1
UCFxE8GbokBrBsPEKM1xrOjQ,UCXgr7vXlRrsaskPdo097kGA,@JuanDavila-qd7qj,@Rogergh-nw4oj,1
UCFxE8GbokBrBsPEKM1xrOjQ,UCYN4wSQ1Sx4_LurxLlW7MPg,@JuanDavila-qd7qj,@belarminavillatoro6474,1
UCFxE8GbokBrBsPEKM1xrOjQ,UChZknRmJkeGeQk0-mQuhDOg,@JuanDavila-qd7qj,@OdilioRodríguez-c5w,1
UCFxE8GbokBrBsPEKM1xrOjQ,UCiMythXHsw7eQEMykCdmMUA,@JuanDavila-qd7qj,@JavierBecerra-h6x,1
UCFxE8GbokBrBsPEKM1xrOjQ,UCjSKM9j0Q7HLDr1hD6D-TUw,@JuanDavila-qd7qj,@josehidalgo4875,1
UCFxE8GbokBrBsPEKM1xrOjQ,UCl0ekS9Tt0jJGtOEM18S63w,@JuanDavila-qd7qj,@monkchapin,1
UCFxE8GbokBrBsPEKM1xrOjQ,UCmvOgzmmXbjUthHy-WJ52hQ,@JuanDavila-qd7qj,@mariorodas593,1
UCFxE8GbokBrBsPEKM1xrOjQ,UCpl8rF8uv_8uui-QRvuJaRA,@JuanDavila-qd7qj,@SergioGarcia-z9c,1
UCFxE8GbokBrBsPEKM1xrOjQ,UCr1emrogPKkKTs_WTtx71xg,@JuanDavila-qd7qj,@domingopeneleu6457,1
UCFxE8GbokBrBsPEKM1xrOjQ,UCsJJAvrVGupdmhOqgtDp8dg,@JuanDavila-qd7qj,@nestorlorenzana1168,1
UCFxE8GbokBrBsPEKM1xrOjQ,UCsSXdJct-nsS8DsABoEsaYA,@JuanDavila-qd7qj,@IvánPérez-j4j,1
UCFxE8GbokBrBsPEKM1xrOjQ,UCsjs5Hp_r86x1xbK6FAeqaA,@JuanDavila-qd7qj,@alvaroesquivel563,1
UCFxE8GbokBrBsPEKM1xrOjQ,UCtNfIBnc5S5DbbQj_yxgJTw,@JuanDavila-qd7qj,@JosueRamirez-ey3ih,1
UCFxE8GbokBrBsPEKM1xrOjQ,UCvApqeCbLod-wejtT4CcVuA,@JuanDavila-qd7qj,@davidgaher9550,1
UCk4O-J1BhoqPmig1KLGJePA,UC4kg7zuTfqQKLd2bkZrSYBA,@lazarobarillas3575,@zoilagarcia9019,1
UCk4O-J1BhoqPmig1KLGJePA,UCBtB5dIyx-C16UN8ClUD2UA,@lazarobarillas3575,@alexmonzon4257,1
UCk4O-J1BhoqPmig1KLGJePA,UCfRqgt2O-vjzUDMZY_tnxQw,@lazarobarillas3575,@Williams-Garcia67E,1
UCUoYsrx1oZnCZ0usbBJn4fA,UC-fiZBS5Gp1eCJd9ucgWnCg,@AnaDiaz-re9sq,@Tommii.10,1
UCUoYsrx1oZnCZ0usbBJn4fA,UC32oozucwCF3q8d4m8fyOUg,@AnaDiaz-re9sq,@RauldejesusOlivagonzalez,1
UCUoYsrx1oZnCZ0usbBJn4fA,UC_LYoGs5C3mbZKZuKuqYCvw,@AnaDiaz-re9sq,@javiercifuentesarchila6041,1
UCUoYsrx1oZnCZ0usbBJn4fA,UClhMWQ7XKWywYvbRnuf8QsA,@AnaDiaz-re9sq,@EcPerez-zz9oh,1
UCHu8x4MVkayU6VgwVKd--MQ,UC094EFEmMSdwVa8NQjjYBXg,@Hernandez-i1o,@CelestinoQuej-j7k,1
UCHu8x4MVkayU6VgwVKd--MQ,UC5PrBbmUlQolwqmiru7yZhw,@Hernandez-i1o,@lazarochavez8269,1
UCHu8x4MVkayU6VgwVKd--MQ,UC9Wp6vL5oCU37qC3Aj94WZA,@Hernandez-i1o,@ManuelSanchez-b8q2z,1
UCHu8x4MVkayU6VgwVKd--MQ,UCGm3gRBEHGRJYmtCryZLtDw,@Hernandez-i1o,@JoséLopez-g6k,1
UC-jS_kA9w-OmpupXDx156Rg,UC-hfX8J5JPJ-dfuakzegMLA,@simoncreyesc7579,@normaleticiaorozcojuarez2418,1
UC-jS_kA9w-OmpupXDx156Rg,UC2weSE8rpqkGMOp6StYtVfg,@simoncreyesc7579,@katerynsantiago2907,1
UC-jS_kA9w-OmpupXDx156Rg,UC3NMzdMYryaw82kPTnsaljg,@simoncreyesc7579,@marisosa7832,1
UC-jS_kA9w-OmpupXDx156Rg,UC4cXueR2bKGFJV0Fk76gwmA,@simoncreyesc7579,@aluxdel4792,1
UC-jS_kA9w-OmpupXDx156Rg,UC5bG9nc_JV3FsNP2KseQiYw,@simoncreyesc7579,@giovannirodas4836,1
UC-jS_kA9w-OmpupXDx156Rg,UC9xr9QvIcDvoZNUX5f-jaZw,@simoncreyesc7579,@MariaaliciaColonmorales,1
UC-jS_kA9w-OmpupXDx156Rg,UCA93ym2TXs_Ibyxb4Vcn-6Q,@simoncreyesc7579,@oswaldosolis8728,1
UC-jS_kA9w-OmpupXDx156Rg,UCAmtbUiIrUIhikru0ZoTFig,@simoncreyesc7579,@Aura-vf6dm,1
UC-jS_kA9w-OmpupXDx156Rg,UCDUffaruH6dyUnUGwsTKpgg,@simoncreyesc7579,@luisletona2842,1
UC-jS_kA9w-OmpupXDx156Rg,UCKDR0f2fu2UzWL8mBv5-BHw,@simoncreyesc7579,@mireyamorales6595,1
UC-jS_kA9w-OmpupXDx156Rg,UCRETAiYdh2dL5ZxB0_N1zDA,@simoncreyesc7579,@Joseroland21,1
UC-jS_kA9w-OmpupXDx156Rg,UCSou6a2OuYGSvPjm5psquyA,@simoncreyesc7579,@FranciscoRivera-sf7ne,1
UC-jS_kA9w-OmpupXDx156Rg,UCXgr7vXlRrsaskPdo097kGA,@simoncreyesc7579,@Rogergh-nw4oj,1
UC-jS_kA9w-OmpupXDx156Rg,UCYN4wSQ1Sx4_LurxLlW7MPg,@simoncreyesc7579,@belarminavillatoro6474,1
UC-jS_kA9w-OmpupXDx156Rg,UChZknRmJkeGeQk0-mQuhDOg,@simoncreyesc7579,@OdilioRodríguez-c5w,1
UC-jS_kA9w-OmpupXDx156Rg,UCiMythXHsw7eQEMykCdmMUA,@simoncreyesc7579,@JavierBecerra-h6x,1
UC-jS_kA9w-OmpupXDx156Rg,UCjSKM9j0Q7HLDr1hD6D-TUw,@simoncreyesc7579,@josehidalgo4875,1
UC-jS_kA9w-OmpupXDx156Rg,UCl0ekS9Tt0jJGtOEM18S63w,@simoncreyesc7579,@monkchapin,1
UC-jS_kA9w-OmpupXDx156Rg,UCmvOgzmmXbjUthHy-WJ52hQ,@simoncreyesc7579,@mariorodas593,1
UC-jS_kA9w-OmpupXDx156Rg,UCpl8rF8uv_8uui-QRvuJaRA,@simoncreyesc7579,@SergioGarcia-z9c,1
UC-jS_kA9w-OmpupXDx156Rg,UCr1emrogPKkKTs_WTtx71xg,@simoncreyesc7579,@domingopeneleu6457,1
UC-jS_kA9w-OmpupXDx156Rg,UCsJJAvrVGupdmhOqgtDp8dg,@simoncreyesc7579,@nestorlorenzana1168,1
UC-jS_kA9w-OmpupXDx156Rg,UCsSXdJct-nsS8DsABoEsaYA,@simoncreyesc7579,@IvánPérez-j4j,1
UC-jS_kA9w-OmpupXDx156Rg,UCsjs5Hp_r86x1xbK6FAeqaA,@simoncreyesc7579,@alvaroesquivel563,1
UC-jS_kA9w-OmpupXDx156Rg,UCtNfIBnc5S5DbbQj_yxgJTw,@simoncreyesc7579,@JosueRamirez-ey3ih,1
UC-jS_kA9w-OmpupXDx156Rg,UCvApqeCbLod-wejtT4CcVuA,@simoncreyesc7579,@davidgaher9550,1
UChT7pzGytNd92Nmvi-zuWog,UCOY3XpD9qMCRSA8AA8c4CAw,@sparkvalkov,@franciscorodas9686,1
UChT7pzGytNd92Nmvi-zuWog,UCTTILH6QCIxbTnEWxwRqs1g,@sparkvalkov,@3762Jorge,1
UChT7pzGytNd92Nmvi-zuWog,UCXO1BBohNWXkK9SBDAG2ySg,@sparkvalkov,@JBFlute92,1
UChZknRmJkeGeQk0-mQuhDOg,UC-hfX8J5JPJ-dfuakzegMLA,@OdilioRodríguez-c5w,@normaleticiaorozcojuarez2418,1
UChZknRmJkeGeQk0-mQuhDOg,UC2weSE8rpqkGMOp6StYtVfg,@OdilioRodríguez-c5w,@katerynsantiago2907,1
UChZknRmJkeGeQk0-mQuhDOg,UC3NMzdMYryaw82kPTnsaljg,@OdilioRodríguez-c5w,@marisosa7832,1
UChZknRmJkeGeQk0-mQuhDOg,UC4cXueR2bKGFJV0Fk76gwmA,@OdilioRodríguez-c5w,@aluxdel4792,1
UChZknRmJkeGeQk0-mQuhDOg,UC5bG9nc_JV3FsNP2KseQiYw,@OdilioRodríguez-c5w,@giovannirodas4836,1
UChZknRmJkeGeQk0-mQuhDOg,UC9xr9QvIcDvoZNUX5f-jaZw,@OdilioRodríguez-c5w,@MariaaliciaColonmorales,1
UChZknRmJkeGeQk0-mQuhDOg,UCA93ym2TXs_Ibyxb4Vcn-6Q,@OdilioRodríguez-c5w,@oswaldosolis8728,1
UChZknRmJkeGeQk0-mQuhDOg,UCAmtbUiIrUIhikru0ZoTFig,@OdilioRodríguez-c5w,@Aura-vf6dm,1
UChZknRmJkeGeQk0-mQuhDOg,UCDUffaruH6dyUnUGwsTKpgg,@OdilioRodríguez-c5w,@luisletona2842,1
UChZknRmJkeGeQk0-mQuhDOg,UCKDR0f2fu2UzWL8mBv5-BHw,@OdilioRodríguez-c5w,@mireyamorales6595,1
UChZknRmJkeGeQk0-mQuhDOg,UCRETAiYdh2dL5ZxB0_N1zDA,@OdilioRodríguez-c5w,@Joseroland21,1
UChZknRmJkeGeQk0-mQuhDOg,UCSou6a2OuYGSvPjm5psquyA,@OdilioRodríguez-c5w,@FranciscoRivera-sf7ne,1
UChZknRmJkeGeQk0-mQuhDOg,UCXgr7vXlRrsaskPdo097kGA,@OdilioRodríguez-c5w,@Rogergh-nw4oj,1
UChZknRmJkeGeQk0-mQuhDOg,UCYN4wSQ1Sx4_LurxLlW7MPg,@OdilioRodríguez-c5w,@belarminavillatoro6474,1
UChZknRmJkeGeQk0-mQuhDOg,UCiMythXHsw7eQEMykCdmMUA,@OdilioRodríguez-c5w,@JavierBecerra-h6x,1
UChZknRmJkeGeQk0-mQuhDOg,UCjSKM9j0Q7HLDr1hD6D-TUw,@OdilioRodríguez-c5w,@josehidalgo4875,1
UChZknRmJkeGeQk0-mQuhDOg,UCl0ekS9Tt0jJGtOEM18S63w,@OdilioRodríguez-c5w,@monkchapin,1
UChZknRmJkeGeQk0-mQuhDOg,UCmvOgzmmXbjUthHy-WJ52hQ,@OdilioRodríguez-c5w,@mariorodas593,1
UChZknRmJkeGeQk0-mQuhDOg,UCpl8rF8uv_8uui-QRvuJaRA,@OdilioRodríguez-c5w,@SergioGarcia-z9c,1
UChZknRmJkeGeQk0-mQuhDOg,UCr1emrogPKkKTs_WTtx71xg,@OdilioRodríguez-c5w,@domingopeneleu6457,1
UChZknRmJkeGeQk0-mQuhDOg,UCsJJAvrVGupdmhOqgtDp8dg,@OdilioRodríguez-c5w,@nestorlorenzana1168,1
UChZknRmJkeGeQk0-mQuhDOg,UCsSXdJct-nsS8DsABoEsaYA,@OdilioRodríguez-c5w,@IvánPérez-j4j,1
UChZknRmJkeGeQk0-mQuhDOg,UCsjs5Hp_r86x1xbK6FAeqaA,@OdilioRodríguez-c5w,@alvaroesquivel563,1
UChZknRmJkeGeQk0-mQuhDOg,UCtNfIBnc5S5DbbQj_yxgJTw,@OdilioRodríguez-c5w,@JosueRamirez-ey3ih,1
UChZknRmJkeGeQk0-mQuhDOg,UCvApqeCbLod-wejtT4CcVuA,@OdilioRodríguez-c5w,@davidgaher9550,1
UCOARn3hnfkB7-_Rwa8Hoqcw,UCyW68EGZey4ao_Vf2cR5Ztg,@nicelol5241,@ZabalaXabier,1
UC9Wp6vL5oCU37qC3Aj94WZA,UC094EFEmMSdwVa8NQjjYBXg,@ManuelSanchez-b8q2z,@CelestinoQuej-j7k,1
UC9Wp6vL5oCU37qC3Aj94WZA,UC5PrBbmUlQolwqmiru7yZhw,@ManuelSanchez-b8q2z,@lazarochavez8269,1
UC9Wp6vL5oCU37qC3Aj94WZA,UCGm3gRBEHGRJYmtCryZLtDw,@ManuelSanchez-b8q2z,@JoséLopez-g6k,1
UCIXLDYqR_syskKRJy_x9W9Q,UCwCfs-2zbD5k0lG-UVg_JBw,@carlitosramirez4739,@JessicaHuaz-96,1
UCYN4wSQ1Sx4_LurxLlW7MPg,UC-hfX8J5JPJ-dfuakzegMLA,@belarminavillatoro6474,@normaleticiaorozcojuarez2418,1
UCYN4wSQ1Sx4_LurxLlW7MPg,UC2weSE8rpqkGMOp6StYtVfg,@belarminavillatoro6474,@katerynsantiago2907,1
UCYN4wSQ1Sx4_LurxLlW7MPg,UC3NMzdMYryaw82kPTnsaljg,@belarminavillatoro6474,@marisosa7832,1
UCYN4wSQ1Sx4_LurxLlW7MPg,UC4cXueR2bKGFJV0Fk76gwmA,@belarminavillatoro6474,@aluxdel4792,1
UCYN4wSQ1Sx4_LurxLlW7MPg,UC5bG9nc_JV3FsNP2KseQiYw,@belarminavillatoro6474,@giovannirodas4836,1
UCYN4wSQ1Sx4_LurxLlW7MPg,UC9xr9QvIcDvoZNUX5f-jaZw,@belarminavillatoro6474,@MariaaliciaColonmorales,1
UCYN4wSQ1Sx4_LurxLlW7MPg,UCA93ym2TXs_Ibyxb4Vcn-6Q,@belarminavillatoro6474,@oswaldosolis8728,1
UCYN4wSQ1Sx4_LurxLlW7MPg,UCAmtbUiIrUIhikru0ZoTFig,@belarminavillatoro6474,@Aura-vf6dm,1
UCYN4wSQ1Sx4_LurxLlW7MPg,UCDUffaruH6dyUnUGwsTKpgg,@belarminavillatoro6474,@luisletona2842,1
UCYN4wSQ1Sx4_LurxLlW7MPg,UCKDR0f2fu2UzWL8mBv5-BHw,@belarminavillatoro6474,@mireyamorales6595,1
UCYN4wSQ1Sx4_LurxLlW7MPg,UCRETAiYdh2dL5ZxB0_N1zDA,@belarminavillatoro6474,@Joseroland21,1
UCYN4wSQ1Sx4_LurxLlW7MPg,UCSou6a2OuYGSvPjm5psquyA,@belarminavillatoro6474,@FranciscoRivera-sf7ne,1
UCYN4wSQ1Sx4_LurxLlW7MPg,UCXgr7vXlRrsaskPdo097kGA,@belarminavillatoro6474,@Rogergh-nw4oj,1
UCYN4wSQ1Sx4_LurxLlW7MPg,UCiMythXHsw7eQEMykCdmMUA,@belarminavillatoro6474,@JavierBecerra-h6x,1
UCYN4wSQ1Sx4_LurxLlW7MPg,UCjSKM9j0Q7HLDr1hD6D-TUw,@belarminavillatoro6474,@josehidalgo4875,1
UCYN4wSQ1Sx4_LurxLlW7MPg,UCl0ekS9Tt0jJGtOEM18S63w,@belarminavillatoro6474,@monkchapin,1
UCYN4wSQ1Sx4_LurxLlW7MPg,UCmvOgzmmXbjUthHy-WJ52hQ,@belarminavillatoro6474,@mariorodas593,1
UCYN4wSQ1Sx4_LurxLlW7MPg,UCpl8rF8uv_8uui-QRvuJaRA,@belarminavillatoro6474,@SergioGarcia-z9c,1
UCYN4wSQ1Sx4_LurxLlW7MPg,UCr1emrogPKkKTs_WTtx71xg,@belarminavillatoro6474,@domingopeneleu6457,1
UCYN4wSQ1Sx4_LurxLlW7MPg,UCsJJAvrVGupdmhOqgtDp8dg,@belarminavillatoro6474,@nestorlorenzana1168,1
UCYN4wSQ1Sx4_LurxLlW7MPg,UCsSXdJct-nsS8DsABoEsaYA,@belarminavillatoro6474,@IvánPérez-j4j,1
UCYN4wSQ1Sx4_LurxLlW7MPg,UCsjs5Hp_r86x1xbK6FAeqaA,@belarminavillatoro6474,@alvaroesquivel563,1
UCYN4wSQ1Sx4_LurxLlW7MPg,UCtNfIBnc5S5DbbQj_yxgJTw,@belarminavillatoro6474,@JosueRamirez-ey3ih,1
UCYN4wSQ1Sx4_LurxLlW7MPg,UCvApqeCbLod-wejtT4CcVuA,@belarminavillatoro6474,@davidgaher9550,1
UCTTILH6QCIxbTnEWxwRqs1g,UCOY3XpD9qMCRSA8AA8c4CAw,@3762Jorge,@franciscorodas9686,1
UCTTILH6QCIxbTnEWxwRqs1g,UCXO1BBohNWXkK9SBDAG2ySg,@3762Jorge,@JBFlute92,1
UC5bG9nc_JV3FsNP2KseQiYw,UC-hfX8J5JPJ-dfuakzegMLA,@giovannirodas4836,@normaleticiaorozcojuarez2418,1
UC5bG9nc_JV3FsNP2KseQiYw,UC2weSE8rpqkGMOp6StYtVfg,@giovannirodas4836,@katerynsantiago2907,1
UC5bG9nc_JV3FsNP2KseQiYw,UC3NMzdMYryaw82kPTnsaljg,@giovannirodas4836,@marisosa7832,1
UC5bG9nc_JV3FsNP2KseQiYw,UC4cXueR2bKGFJV0Fk76gwmA,@giovannirodas4836,@aluxdel4792,1
UC5bG9nc_JV3FsNP2KseQiYw,UC9xr9QvIcDvoZNUX5f-jaZw,@giovannirodas4836,@MariaaliciaColonmorales,1
UC5bG9nc_JV3FsNP2KseQiYw,UCA93ym2TXs_Ibyxb4Vcn-6Q,@giovannirodas4836,@oswaldosolis8728,1
UC5bG9nc_JV3FsNP2KseQiYw,UCAmtbUiIrUIhikru0ZoTFig,@giovannirodas4836,@Aura-vf6dm,1
UC5bG9nc_JV3FsNP2KseQiYw,UCDUffaruH6dyUnUGwsTKpgg,@giovannirodas4836,@luisletona2842,1
UC5bG9nc_JV3FsNP2KseQiYw,UCKDR0f2fu2UzWL8mBv5-BHw,@giovannirodas4836,@mireyamorales6595,1
UC5bG9nc_JV3FsNP2KseQiYw,UCRETAiYdh2dL5ZxB0_N1zDA,@giovannirodas4836,@Joseroland21,1
UC5bG9nc_JV3FsNP2KseQiYw,UCSou6a2OuYGSvPjm5psquyA,@giovannirodas4836,@FranciscoRivera-sf7ne,1
UC5bG9nc_JV3FsNP2KseQiYw,UCXgr7vXlRrsaskPdo097kGA,@giovannirodas4836,@Rogergh-nw4oj,1
UC5bG9nc_JV3FsNP2KseQiYw,UCiMythXHsw7eQEMykCdmMUA,@giovannirodas4836,@JavierBecerra-h6x,1
UC5bG9nc_JV3FsNP2KseQiYw,UCjSKM9j0Q7HLDr1hD6D-TUw,@giovannirodas4836,@josehidalgo4875,1
UC5bG9nc_JV3FsNP2KseQiYw,UCl0ekS9Tt0jJGtOEM18S63w,@giovannirodas4836,@monkchapin,1
UC5bG9nc_JV3FsNP2KseQiYw,UCmvOgzmmXbjUthHy-WJ52hQ,@giovannirodas4836,@mariorodas593,1
UC5bG9nc_JV3FsNP2KseQiYw,UCpl8rF8uv_8uui-QRvuJaRA,@giovannirodas4836,@SergioGarcia-z9c,1
UC5bG9nc_JV3FsNP2KseQiYw,UCr1emrogPKkKTs_WTtx71xg,@giovannirodas4836,@domingopeneleu6457,1
UC5bG9nc_JV3FsNP2KseQiYw,UCsJJAvrVGupdmhOqgtDp8dg,@giovannirodas4836,@nestorlorenzana1168,1
UC5bG9nc_JV3FsNP2KseQiYw,UCsSXdJct-nsS8DsABoEsaYA,@giovannirodas4836,@IvánPérez-j4j,1
UC5bG9nc_JV3FsNP2KseQiYw,UCsjs5Hp_r86x1xbK6FAeqaA,@giovannirodas4836,@alvaroesquivel563,1
UC5bG9nc_JV3FsNP2KseQiYw,UCtNfIBnc5S5DbbQj_yxgJTw,@giovannirodas4836,@JosueRamirez-ey3ih,1
UC5bG9nc_JV3FsNP2KseQiYw,UCvApqeCbLod-wejtT4CcVuA,@giovannirodas4836,@davidgaher9550,1
UCKDR0f2fu2UzWL8mBv5-BHw,UC-hfX8J5JPJ-dfuakzegMLA,@mireyamorales6595,@normaleticiaorozcojuarez2418,1
UCKDR0f2fu2UzWL8mBv5-BHw,UC2weSE8rpqkGMOp6StYtVfg,@mireyamorales6595,@katerynsantiago2907,1
UCKDR0f2fu2UzWL8mBv5-BHw,UC3NMzdMYryaw82kPTnsaljg,@mireyamorales6595,@marisosa7832,1
UCKDR0f2fu2UzWL8mBv5-BHw,UC4cXueR2bKGFJV0Fk76gwmA,@mireyamorales6595,@aluxdel4792,1
UCKDR0f2fu2UzWL8mBv5-BHw,UC9xr9QvIcDvoZNUX5f-jaZw,@mireyamorales6595,@MariaaliciaColonmorales,1
UCKDR0f2fu2UzWL8mBv5-BHw,UCA93ym2TXs_Ibyxb4Vcn-6Q,@mireyamorales6595,@oswaldosolis8728,1
UCKDR0f2fu2UzWL8mBv5-BHw,UCAmtbUiIrUIhikru0ZoTFig,@mireyamorales6595,@Aura-vf6dm,1
UCKDR0f2fu2UzWL8mBv5-BHw,UCDUffaruH6dyUnUGwsTKpgg,@mireyamorales6595,@luisletona2842,1
UCKDR0f2fu2UzWL8mBv5-BHw,UCRETAiYdh2dL5ZxB0_N1zDA,@mireyamorales6595,@Joseroland21,1
UCKDR0f2fu2UzWL8mBv5-BHw,UCSou6a2OuYGSvPjm5psquyA,@mireyamorales6595,@FranciscoRivera-sf7ne,1
UCKDR0f2fu2UzWL8mBv5-BHw,UCXgr7vXlRrsaskPdo097kGA,@mireyamorales6595,@Rogergh-nw4oj,1
UCKDR0f2fu2UzWL8mBv5-BHw,UCiMythXHsw7eQEMykCdmMUA,@mireyamorales6595,@JavierBecerra-h6x,1
UCKDR0f2fu2UzWL8mBv5-BHw,UCjSKM9j0Q7HLDr1hD6D-TUw,@mireyamorales6595,@josehidalgo4875,1
UCKDR0f2fu2UzWL8mBv5-BHw,UCl0ekS9Tt0jJGtOEM18S63w,@mireyamorales6595,@monkchapin,1
UCKDR0f2fu2UzWL8mBv5-BHw,UCmvOgzmmXbjUthHy-WJ52hQ,@mireyamorales6595,@mariorodas593,1
UCKDR0f2fu2UzWL8mBv5-BHw,UCpl8rF8uv_8uui-QRvuJaRA,@mireyamorales6595,@SergioGarcia-z9c,1
UCKDR0f2fu2UzWL8mBv5-BHw,UCr1emrogPKkKTs_WTtx71xg,@mireyamorales6595,@domingopeneleu6457,1
UCKDR0f2fu2UzWL8mBv5-BHw,UCsJJAvrVGupdmhOqgtDp8dg,@mireyamorales6595,@nestorlorenzana1168,1
UCKDR0f2fu2UzWL8mBv5-BHw,UCsSXdJct-nsS8DsABoEsaYA,@mireyamorales6595,@IvánPérez-j4j,1
UCKDR0f2fu2UzWL8mBv5-BHw,UCsjs5Hp_r86x1xbK6FAeqaA,@mireyamorales6595,@alvaroesquivel563,1
UCKDR0f2fu2UzWL8mBv5-BHw,UCtNfIBnc5S5DbbQj_yxgJTw,@mireyamorales6595,@JosueRamirez-ey3ih,1
UCKDR0f2fu2UzWL8mBv5-BHw,UCvApqeCbLod-wejtT4CcVuA,@mireyamorales6595,@davidgaher9550,1
UCbYoNG5J3Au5BqtbXogfEFw,UC8xlJWNHz1V_W6q3fbuQH8g,@Luis-gn3fj,@NormaLópez-v7e,1
UCbYoNG5J3Au5BqtbXogfEFw,UCGX_UbAQOXGZknv5iqklwTA,@Luis-gn3fj,@ronaldgarcia8522,1
UCbYoNG5J3Au5BqtbXogfEFw,UCVQf0tzL7xRzFJsABVVULpg,@Luis-gn3fj,@DennisseLopetegi,1
UCbYoNG5J3Au5BqtbXogfEFw,UCgQJgI9vu1FI2dnC9mrFthw,@Luis-gn3fj,@srms70,1
UCbYoNG5J3Au5BqtbXogfEFw,UCtNyHmRZtvGF2hSvI2dUBWw,@Luis-gn3fj,@aureliomaldonado4793,1
UCl0ekS9Tt0jJGtOEM18S63w,UC-hfX8J5JPJ-dfuakzegMLA,@monkchapin,@normaleticiaorozcojuarez2418,1
UCl0ekS9Tt0jJGtOEM18S63w,UC2weSE8rpqkGMOp6StYtVfg,@monkchapin,@katerynsantiago2907,1
UCl0ekS9Tt0jJGtOEM18S63w,UC3NMzdMYryaw82kPTnsaljg,@monkchapin,@marisosa7832,1
UCl0ekS9Tt0jJGtOEM18S63w,UC4cXueR2bKGFJV0Fk76gwmA,@monkchapin,@aluxdel4792,1
UCl0ekS9Tt0jJGtOEM18S63w,UC9xr9QvIcDvoZNUX5f-jaZw,@monkchapin,@MariaaliciaColonmorales,1
UCl0ekS9Tt0jJGtOEM18S63w,UCA93ym2TXs_Ibyxb4Vcn-6Q,@monkchapin,@oswaldosolis8728,1
UCl0ekS9Tt0jJGtOEM18S63w,UCAmtbUiIrUIhikru0ZoTFig,@monkchapin,@Aura-vf6dm,1
UCl0ekS9Tt0jJGtOEM18S63w,UCDUffaruH6dyUnUGwsTKpgg,@monkchapin,@luisletona2842,1
UCl0ekS9Tt0jJGtOEM18S63w,UCRETAiYdh2dL5ZxB0_N1zDA,@monkchapin,@Joseroland21,1
UCl0ekS9Tt0jJGtOEM18S63w,UCSou6a2OuYGSvPjm5psquyA,@monkchapin,@FranciscoRivera-sf7ne,1
UCl0ekS9Tt0jJGtOEM18S63w,UCXgr7vXlRrsaskPdo097kGA,@monkchapin,@Rogergh-nw4oj,1
UCl0ekS9Tt0jJGtOEM18S63w,UCiMythXHsw7eQEMykCdmMUA,@monkchapin,@JavierBecerra-h6x,1
UCl0ekS9Tt0jJGtOEM18S63w,UCjSKM9j0Q7HLDr1hD6D-TUw,@monkchapin,@josehidalgo4875,1
UCl0ekS9Tt0jJGtOEM18S63w,UCmvOgzmmXbjUthHy-WJ52hQ,@monkchapin,@mariorodas593,1
UCl0ekS9Tt0jJGtOEM18S63w,UCpl8rF8uv_8uui-QRvuJaRA,@monkchapin,@SergioGarcia-z9c,1
UCl0ekS9Tt0jJGtOEM18S63w,UCr1emrogPKkKTs_WTtx71xg,@monkchapin,@domingopeneleu6457,1
UCl0ekS9Tt0jJGtOEM18S63w,UCsJJAvrVGupdmhOqgtDp8dg,@monkchapin,@nestorlorenzana1168,1
UCl0ekS9Tt0jJGtOEM18S63w,UCsSXdJct-nsS8DsABoEsaYA,@monkchapin,@IvánPérez-j4j,1
UCl0ekS9Tt0jJGtOEM18S63w,UCsjs5Hp_r86x1xbK6FAeqaA,@monkchapin,@alvaroesquivel563,1
UCl0ekS9Tt0jJGtOEM18S63w,UCtNfIBnc5S5DbbQj_yxgJTw,@monkchapin,@JosueRamirez-ey3ih,1
UCl0ekS9Tt0jJGtOEM18S63w,UCvApqeCbLod-wejtT4CcVuA,@monkchapin,@davidgaher9550,1
UCVQf0tzL7xRzFJsABVVULpg,UC8xlJWNHz1V_W6q3fbuQH8g,@DennisseLopetegi,@NormaLópez-v7e,1
UCVQf0tzL7xRzFJsABVVULpg,UCGX_UbAQOXGZknv5iqklwTA,@DennisseLopetegi,@ronaldgarcia8522,1
UCVQf0tzL7xRzFJsABVVULpg,UCgQJgI9vu1FI2dnC9mrFthw,@DennisseLopetegi,@srms70,1
UCVQf0tzL7xRzFJsABVVULpg,UCtNyHmRZtvGF2hSvI2dUBWw,@DennisseLopetegi,@aureliomaldonado4793,1
UCsSXdJct-nsS8DsABoEsaYA,UC-hfX8J5JPJ-dfuakzegMLA,@IvánPérez-j4j,@normaleticiaorozcojuarez2418,1
UCsSXdJct-nsS8DsABoEsaYA,UC2weSE8rpqkGMOp6StYtVfg,@IvánPérez-j4j,@katerynsantiago2907,1
UCsSXdJct-nsS8DsABoEsaYA,UC3NMzdMYryaw82kPTnsaljg,@IvánPérez-j4j,@marisosa7832,1
UCsSXdJct-nsS8DsABoEsaYA,UC4cXueR2bKGFJV0Fk76gwmA,@IvánPérez-j4j,@aluxdel4792,1
UCsSXdJct-nsS8DsABoEsaYA,UC9xr9QvIcDvoZNUX5f-jaZw,@IvánPérez-j4j,@MariaaliciaColonmorales,1
UCsSXdJct-nsS8DsABoEsaYA,UCA93ym2TXs_Ibyxb4Vcn-6Q,@IvánPérez-j4j,@oswaldosolis8728,1
UCsSXdJct-nsS8DsABoEsaYA,UCAmtbUiIrUIhikru0ZoTFig,@IvánPérez-j4j,@Aura-vf6dm,1
UCsSXdJct-nsS8DsABoEsaYA,UCDUffaruH6dyUnUGwsTKpgg,@IvánPérez-j4j,@luisletona2842,1
UCsSXdJct-nsS8DsABoEsaYA,UCRETAiYdh2dL5ZxB0_N1zDA,@IvánPérez-j4j,@Joseroland21,1
UCsSXdJct-nsS8DsABoEsaYA,UCSou6a2OuYGSvPjm5psquyA,@IvánPérez-j4j,@FranciscoRivera-sf7ne,1
UCsSXdJct-nsS8DsABoEsaYA,UCXgr7vXlRrsaskPdo097kGA,@IvánPérez-j4j,@Rogergh-nw4oj,1
UCsSXdJct-nsS8DsABoEsaYA,UCiMythXHsw7eQEMykCdmMUA,@IvánPérez-j4j,@JavierBecerra-h6x,1
UCsSXdJct-nsS8DsABoEsaYA,UCjSKM9j0Q7HLDr1hD6D-TUw,@IvánPérez-j4j,@josehidalgo4875,1
UCsSXdJct-nsS8DsABoEsaYA,UCmvOgzmmXbjUthHy-WJ52hQ,@IvánPérez-j4j,@mariorodas593,1
UCsSXdJct-nsS8DsABoEsaYA,UCpl8rF8uv_8uui-QRvuJaRA,@IvánPérez-j4j,@SergioGarcia-z9c,1
UCsSXdJct-nsS8DsABoEsaYA,UCr1emrogPKkKTs_WTtx71xg,@IvánPérez-j4j,@domingopeneleu6457,1
UCsSXdJct-nsS8DsABoEsaYA,UCsJJAvrVGupdmhOqgtDp8dg,@IvánPérez-j4j,@nestorlorenzana1168,1
UCsSXdJct-nsS8DsABoEsaYA,UCsjs5Hp_r86x1xbK6FAeqaA,@IvánPérez-j4j,@alvaroesquivel563,1
UCsSXdJct-nsS8DsABoEsaYA,UCtNfIBnc5S5DbbQj_yxgJTw,@IvánPérez-j4j,@JosueRamirez-ey3ih,1
UCsSXdJct-nsS8DsABoEsaYA,UCvApqeCbLod-wejtT4CcVuA,@IvánPérez-j4j,@davidgaher9550,1
UC9xr9QvIcDvoZNUX5f-jaZw,UC-hfX8J5JPJ-dfuakzegMLA,@MariaaliciaColonmorales,@normaleticiaorozcojuarez2418,1
UC9xr9QvIcDvoZNUX5f-jaZw,UC2weSE8rpqkGMOp6StYtVfg,@MariaaliciaColonmorales,@katerynsantiago2907,1
UC9xr9QvIcDvoZNUX5f-jaZw,UC3NMzdMYryaw82kPTnsaljg,@MariaaliciaColonmorales,@marisosa7832,1
UC9xr9QvIcDvoZNUX5f-jaZw,UC4cXueR2bKGFJV0Fk76gwmA,@MariaaliciaColonmorales,@aluxdel4792,1
UC9xr9QvIcDvoZNUX5f-jaZw,UCA93ym2TXs_Ibyxb4Vcn-6Q,@MariaaliciaColonmorales,@oswaldosolis8728,1
UC9xr9QvIcDvoZNUX5f-jaZw,UCAmtbUiIrUIhikru0ZoTFig,@MariaaliciaColonmorales,@Aura-vf6dm,1
UC9xr9QvIcDvoZNUX5f-jaZw,UCDUffaruH6dyUnUGwsTKpgg,@MariaaliciaColonmorales,@luisletona2842,1
UC9xr9QvIcDvoZNUX5f-jaZw,UCRETAiYdh2dL5ZxB0_N1zDA,@MariaaliciaColonmorales,@Joseroland21,1
UC9xr9QvIcDvoZNUX5f-jaZw,UCSou6a2OuYGSvPjm5psquyA,@MariaaliciaColonmorales,@FranciscoRivera-sf7ne,1
UC9xr9QvIcDvoZNUX5f-jaZw,UCXgr7vXlRrsaskPdo097kGA,@MariaaliciaColonmorales,@Rogergh-nw4oj,1
UC9xr9QvIcDvoZNUX5f-jaZw,UCiMythXHsw7eQEMykCdmMUA,@MariaaliciaColonmorales,@JavierBecerra-h6x,1
UC9xr9QvIcDvoZNUX5f-jaZw,UCjSKM9j0Q7HLDr1hD6D-TUw,@MariaaliciaColonmorales,@josehidalgo4875,1
UC9xr9QvIcDvoZNUX5f-jaZw,UCmvOgzmmXbjUthHy-WJ52hQ,@MariaaliciaColonmorales,@mariorodas593,1
UC9xr9QvIcDvoZNUX5f-jaZw,UCpl8rF8uv_8uui-QRvuJaRA,@MariaaliciaColonmorales,@SergioGarcia-z9c,1
UC9xr9QvIcDvoZNUX5f-jaZw,UCr1emrogPKkKTs_WTtx71xg,@MariaaliciaColonmorales,@domingopeneleu6457,1
UC9xr9QvIcDvoZNUX5f-jaZw,UCsJJAvrVGupdmhOqgtDp8dg,@MariaaliciaColonmorales,@nestorlorenzana1168,1
UC9xr9QvIcDvoZNUX5f-jaZw,UCsjs5Hp_r86x1xbK6FAeqaA,@MariaaliciaColonmorales,@alvaroesquivel563,1
UC9xr9QvIcDvoZNUX5f-jaZw,UCtNfIBnc5S5DbbQj_yxgJTw,@MariaaliciaColonmorales,@JosueRamirez-ey3ih,1
UC9xr9QvIcDvoZNUX5f-jaZw,UCvApqeCbLod-wejtT4CcVuA,@MariaaliciaColonmorales,@davidgaher9550,1
UCpl8rF8uv_8uui-QRvuJaRA,UC-hfX8J5JPJ-dfuakzegMLA,@SergioGarcia-z9c,@normaleticiaorozcojuarez2418,1
UCpl8rF8uv_8uui-QRvuJaRA,UC2weSE8rpqkGMOp6StYtVfg,@SergioGarcia-z9c,@katerynsantiago2907,1
UCpl8rF8uv_8uui-QRvuJaRA,UC3NMzdMYryaw82kPTnsaljg,@SergioGarcia-z9c,@marisosa7832,1
UCpl8rF8uv_8uui-QRvuJaRA,UC4cXueR2bKGFJV0Fk76gwmA,@SergioGarcia-z9c,@aluxdel4792,1
UCpl8rF8uv_8uui-QRvuJaRA,UCA93ym2TXs_Ibyxb4Vcn-6Q,@SergioGarcia-z9c,@oswaldosolis8728,1
UCpl8rF8uv_8uui-QRvuJaRA,UCAmtbUiIrUIhikru0ZoTFig,@SergioGarcia-z9c,@Aura-vf6dm,1
UCpl8rF8uv_8uui-QRvuJaRA,UCDUffaruH6dyUnUGwsTKpgg,@SergioGarcia-z9c,@luisletona2842,1
UCpl8rF8uv_8uui-QRvuJaRA,UCRETAiYdh2dL5ZxB0_N1zDA,@SergioGarcia-z9c,@Joseroland21,1
UCpl8rF8uv_8uui-QRvuJaRA,UCSou6a2OuYGSvPjm5psquyA,@SergioGarcia-z9c,@FranciscoRivera-sf7ne,1
UCpl8rF8uv_8uui-QRvuJaRA,UCXgr7vXlRrsaskPdo097kGA,@SergioGarcia-z9c,@Rogergh-nw4oj,1
UCpl8rF8uv_8uui-QRvuJaRA,UCiMythXHsw7eQEMykCdmMUA,@SergioGarcia-z9c,@JavierBecerra-h6x,1
UCpl8rF8uv_8uui-QRvuJaRA,UCjSKM9j0Q7HLDr1hD6D-TUw,@SergioGarcia-z9c,@josehidalgo4875,1
UCpl8rF8uv_8uui-QRvuJaRA,UCmvOgzmmXbjUthHy-WJ52hQ,@SergioGarcia-z9c,@mariorodas593,1
UCpl8rF8uv_8uui-QRvuJaRA,UCr1emrogPKkKTs_WTtx71xg,@SergioGarcia-z9c,@domingopeneleu6457,1
UCpl8rF8uv_8uui-QRvuJaRA,UCsJJAvrVGupdmhOqgtDp8dg,@SergioGarcia-z9c,@nestorlorenzana1168,1
UCpl8rF8uv_8uui-QRvuJaRA,UCsjs5Hp_r86x1xbK6FAeqaA,@SergioGarcia-z9c,@alvaroesquivel563,1
UCpl8rF8uv_8uui-QRvuJaRA,UCtNfIBnc5S5DbbQj_yxgJTw,@SergioGarcia-z9c,@JosueRamirez-ey3ih,1
UCpl8rF8uv_8uui-QRvuJaRA,UCvApqeCbLod-wejtT4CcVuA,@SergioGarcia-z9c,@davidgaher9550,1
UClhMWQ7XKWywYvbRnuf8QsA,UC-fiZBS5Gp1eCJd9ucgWnCg,@EcPerez-zz9oh,@Tommii.10,1
UClhMWQ7XKWywYvbRnuf8QsA,UC32oozucwCF3q8d4m8fyOUg,@EcPerez-zz9oh,@RauldejesusOlivagonzalez,1
UClhMWQ7XKWywYvbRnuf8QsA,UC_LYoGs5C3mbZKZuKuqYCvw,@EcPerez-zz9oh,@javiercifuentesarchila6041,1
UC4kg7zuTfqQKLd2bkZrSYBA,UCBtB5dIyx-C16UN8ClUD2UA,@zoilagarcia9019,@alexmonzon4257,1
UC4kg7zuTfqQKLd2bkZrSYBA,UCfRqgt2O-vjzUDMZY_tnxQw,@zoilagarcia9019,@Williams-Garcia67E,1
UCbNanjFI51cwGqMAb2rOrBw,UCGZMgmM92E3njyXNe9-kjAQ,@RosaMontesdeOca777,@pasionpornada,1
UCbNanjFI51cwGqMAb2rOrBw,UCZjm6U576nX8WOiLhmMR3bw,@RosaMontesdeOca777,@MariaNavarroYT,1
UCbNanjFI51cwGqMAb2rOrBw,UCrqXyRsg-_hTosURZ-uvoKg,@RosaMontesdeOca777,@flornolberto2425,1
UC2weSE8rpqkGMOp6StYtVfg,UC-hfX8J5JPJ-dfuakzegMLA,@katerynsantiago2907,@normaleticiaorozcojuarez2418,1
UC2weSE8rpqkGMOp6StYtVfg,UC3NMzdMYryaw82kPTnsaljg,@katerynsantiago2907,@marisosa7832,1
UC2weSE8rpqkGMOp6StYtVfg,UC4cXueR2bKGFJV0Fk76gwmA,@katerynsantiago2907,@aluxdel4792,1
UC2weSE8rpqkGMOp6StYtVfg,UCA93ym2TXs_Ibyxb4Vcn-6Q,@katerynsantiago2907,@oswaldosolis8728,1
UC2weSE8rpqkGMOp6StYtVfg,UCAmtbUiIrUIhikru0ZoTFig,@katerynsantiago2907,@Aura-vf6dm,1
UC2weSE8rpqkGMOp6StYtVfg,UCDUffaruH6dyUnUGwsTKpgg,@katerynsantiago2907,@luisletona2842,1
UC2weSE8rpqkGMOp6StYtVfg,UCRETAiYdh2dL5ZxB0_N1zDA,@katerynsantiago2907,@Joseroland21,1
UC2weSE8rpqkGMOp6StYtVfg,UCSou6a2OuYGSvPjm5psquyA,@katerynsantiago2907,@FranciscoRivera-sf7ne,1
UC2weSE8rpqkGMOp6StYtVfg,UCXgr7vXlRrsaskPdo097kGA,@katerynsantiago2907,@Rogergh-nw4oj,1
UC2weSE8rpqkGMOp6StYtVfg,UCiMythXHsw7eQEMykCdmMUA,@katerynsantiago2907,@JavierBecerra-h6x,1
UC2weSE8rpqkGMOp6StYtVfg,UCjSKM9j0Q7HLDr1hD6D-TUw,@katerynsantiago2907,@josehidalgo4875,1
UC2weSE8rpqkGMOp6StYtVfg,UCmvOgzmmXbjUthHy-WJ52hQ,@katerynsantiago2907,@mariorodas593,1
UC2weSE8rpqkGMOp6StYtVfg,UCr1emrogPKkKTs_WTtx71xg,@katerynsantiago2907,@domingopeneleu6457,1
UC2weSE8rpqkGMOp6StYtVfg,UCsJJAvrVGupdmhOqgtDp8dg,@katerynsantiago2907,@nestorlorenzana1168,1
UC2weSE8rpqkGMOp6StYtVfg,UCsjs5Hp_r86x1xbK6FAeqaA,@katerynsantiago2907,@alvaroesquivel563,1
UC2weSE8rpqkGMOp6StYtVfg,UCtNfIBnc5S5DbbQj_yxgJTw,@katerynsantiago2907,@JosueRamirez-ey3ih,1
UC2weSE8rpqkGMOp6StYtVfg,UCvApqeCbLod-wejtT4CcVuA,@katerynsantiago2907,@davidgaher9550,1
UCyzf29IYjNw67gGIfsjgtxA,UCGqKxQS-z3NZzZF-2w338AA,@carlosoliva9249,@samuelaguilar529,1
UCyzf29IYjNw67gGIfsjgtxA,UCRcSR3Lvn9DZAmJpVPANfZQ,@carlosoliva9249,@WalksandSuch,1
UCyzf29IYjNw67gGIfsjgtxA,UCRznz9-N3Qc1w-qNdLSIY2Q,@carlosoliva9249,@jimmygomez724,1
UCyzf29IYjNw67gGIfsjgtxA,UCY7Hq7F9Lnucf-Yr6JkHZNw,@carlosoliva9249,@maynorcalel1442,1
UCyzf29IYjNw67gGIfsjgtxA,UCaT6M2zp7X6r6Whd8Vv3kHQ,@carlosoliva9249,@alexarcos8349,1
UCyzf29IYjNw67gGIfsjgtxA,UCi-vPdnpQreC7BkFs40mJGA,@carlosoliva9249,@bryansicasales4280,1
UCyzf29IYjNw67gGIfsjgtxA,UCtMBF_1O2jY2INlb_luuB_A,@carlosoliva9249,@mynorgudiel8646,1
UCyzf29IYjNw67gGIfsjgtxA,UCwUAv3_LpWVtTIi7lkmTL7A,@carlosoliva9249,@kingr4706,1
UCaT6M2zp7X6r6Whd8Vv3kHQ,UCGqKxQS-z3NZzZF-2w338AA,@alexarcos8349,@samuelaguilar529,1
UCaT6M2zp7X6r6Whd8Vv3kHQ,UCRcSR3Lvn9DZAmJpVPANfZQ,@alexarcos8349,@WalksandSuch,1
UCaT6M2zp7X6r6Whd8Vv3kHQ,UCRznz9-N3Qc1w-qNdLSIY2Q,@alexarcos8349,@jimmygomez724,1
UCaT6M2zp7X6r6Whd8Vv3kHQ,UCY7Hq7F9Lnucf-Yr6JkHZNw,@alexarcos8349,@maynorcalel1442,1
UCaT6M2zp7X6r6Whd8Vv3kHQ,UCi-vPdnpQreC7BkFs40mJGA,@alexarcos8349,@bryansicasales4280,1
UCaT6M2zp7X6r6Whd8Vv3kHQ,UCtMBF_1O2jY2INlb_luuB_A,@alexarcos8349,@mynorgudiel8646,1
UCaT6M2zp7X6r6Whd8Vv3kHQ,UCwUAv3_LpWVtTIi7lkmTL7A,@alexarcos8349,@kingr4706,1
UC3NMzdMYryaw82kPTnsaljg,UC-hfX8J5JPJ-dfuakzegMLA,@marisosa7832,@normaleticiaorozcojuarez2418,1
UC3NMzdMYryaw82kPTnsaljg,UC4cXueR2bKGFJV0Fk76gwmA,@marisosa7832,@aluxdel4792,1
UC3NMzdMYryaw82kPTnsaljg,UCA93ym2TXs_Ibyxb4Vcn-6Q,@marisosa7832,@oswaldosolis8728,1
UC3NMzdMYryaw82kPTnsaljg,UCAmtbUiIrUIhikru0ZoTFig,@marisosa7832,@Aura-vf6dm,1
UC3NMzdMYryaw82kPTnsaljg,UCDUffaruH6dyUnUGwsTKpgg,@marisosa7832,@luisletona2842,1
UC3NMzdMYryaw82kPTnsaljg,UCRETAiYdh2dL5ZxB0_N1zDA,@marisosa7832,@Joseroland21,1
UC3NMzdMYryaw82kPTnsaljg,UCSou6a2OuYGSvPjm5psquyA,@marisosa7832,@FranciscoRivera-sf7ne,1
UC3NMzdMYryaw82kPTnsaljg,UCXgr7vXlRrsaskPdo097kGA,@marisosa7832,@Rogergh-nw4oj,1
UC3NMzdMYryaw82kPTnsaljg,UCiMythXHsw7eQEMykCdmMUA,@marisosa7832,@JavierBecerra-h6x,1
UC3NMzdMYryaw82kPTnsaljg,UCjSKM9j0Q7HLDr1hD6D-TUw,@marisosa7832,@josehidalgo4875,1
UC3NMzdMYryaw82kPTnsaljg,UCmvOgzmmXbjUthHy-WJ52hQ,@marisosa7832,@mariorodas593,1
UC3NMzdMYryaw82kPTnsaljg,UCr1emrogPKkKTs_WTtx71xg,@marisosa7832,@domingopeneleu6457,1
UC3NMzdMYryaw82kPTnsaljg,UCsJJAvrVGupdmhOqgtDp8dg,@marisosa7832,@nestorlorenzana1168,1
UC3NMzdMYryaw82kPTnsaljg,UCsjs5Hp_r86x1xbK6FAeqaA,@marisosa7832,@alvaroesquivel563,1
UC3NMzdMYryaw82kPTnsaljg,UCtNfIBnc5S5DbbQj_yxgJTw,@marisosa7832,@JosueRamirez-ey3ih,1
UC3NMzdMYryaw82kPTnsaljg,UCvApqeCbLod-wejtT4CcVuA,@marisosa7832,@davidgaher9550,1
UCSou6a2OuYGSvPjm5psquyA,UC-hfX8J5JPJ-dfuakzegMLA,@FranciscoRivera-sf7ne,@normaleticiaorozcojuarez2418,1
UCSou6a2OuYGSvPjm5psquyA,UC4cXueR2bKGFJV0Fk76gwmA,@FranciscoRivera-sf7ne,@aluxdel4792,1
UCSou6a2OuYGSvPjm5psquyA,UCA93ym2TXs_Ibyxb4Vcn-6Q,@FranciscoRivera-sf7ne,@oswaldosolis8728,1
UCSou6a2OuYGSvPjm5psquyA,UCAmtbUiIrUIhikru0ZoTFig,@FranciscoRivera-sf7ne,@Aura-vf6dm,1
UCSou6a2OuYGSvPjm5psquyA,UCDUffaruH6dyUnUGwsTKpgg,@FranciscoRivera-sf7ne,@luisletona2842,1
UCSou6a2OuYGSvPjm5psquyA,UCRETAiYdh2dL5ZxB0_N1zDA,@FranciscoRivera-sf7ne,@Joseroland21,1
UCSou6a2OuYGSvPjm5psquyA,UCXgr7vXlRrsaskPdo097kGA,@FranciscoRivera-sf7ne,@Rogergh-nw4oj,1
UCSou6a2OuYGSvPjm5psquyA,UCiMythXHsw7eQEMykCdmMUA,@FranciscoRivera-sf7ne,@JavierBecerra-h6x,1
UCSou6a2OuYGSvPjm5psquyA,UCjSKM9j0Q7HLDr1hD6D-TUw,@FranciscoRivera-sf7ne,@josehidalgo4875,1
UCSou6a2OuYGSvPjm5psquyA,UCmvOgzmmXbjUthHy-WJ52hQ,@FranciscoRivera-sf7ne,@mariorodas593,1
UCSou6a2OuYGSvPjm5psquyA,UCr1emrogPKkKTs_WTtx71xg,@FranciscoRivera-sf7ne,@domingopeneleu6457,1
UCSou6a2OuYGSvPjm5psquyA,UCsJJAvrVGupdmhOqgtDp8dg,@FranciscoRivera-sf7ne,@nestorlorenzana1168,1
UCSou6a2OuYGSvPjm5psquyA,UCsjs5Hp_r86x1xbK6FAeqaA,@FranciscoRivera-sf7ne,@alvaroesquivel563,1
UCSou6a2OuYGSvPjm5psquyA,UCtNfIBnc5S5DbbQj_yxgJTw,@FranciscoRivera-sf7ne,@JosueRamirez-ey3ih,1
UCSou6a2OuYGSvPjm5psquyA,UCvApqeCbLod-wejtT4CcVuA,@FranciscoRivera-sf7ne,@davidgaher9550,1
UCtNyHmRZtvGF2hSvI2dUBWw,UC8xlJWNHz1V_W6q3fbuQH8g,@aureliomaldonado4793,@NormaLópez-v7e,1
UCtNyHmRZtvGF2hSvI2dUBWw,UCGX_UbAQOXGZknv5iqklwTA,@aureliomaldonado4793,@ronaldgarcia8522,1
UCtNyHmRZtvGF2hSvI2dUBWw,UCgQJgI9vu1FI2dnC9mrFthw,@aureliomaldonado4793,@srms70,1
UCGqKxQS-z3NZzZF-2w338AA,UCRcSR3Lvn9DZAmJpVPANfZQ,@samuelaguilar529,@WalksandSuch,1
UCGqKxQS-z3NZzZF-2w338AA,UCRznz9-N3Qc1w-qNdLSIY2Q,@samuelaguilar529,@jimmygomez724,1
UCGqKxQS-z3NZzZF-2w338AA,UCY7Hq7F9Lnucf-Yr6JkHZNw,@samuelaguilar529,@maynorcalel1442,1
UCGqKxQS-z3NZzZF-2w338AA,UCi-vPdnpQreC7BkFs40mJGA,@samuelaguilar529,@bryansicasales4280,1
UCGqKxQS-z3NZzZF-2w338AA,UCtMBF_1O2jY2INlb_luuB_A,@samuelaguilar529,@mynorgudiel8646,1
UCGqKxQS-z3NZzZF-2w338AA,UCwUAv3_LpWVtTIi7lkmTL7A,@samuelaguilar529,@kingr4706,1
UCXO1BBohNWXkK9SBDAG2ySg,UCOY3XpD9qMCRSA8AA8c4CAw,@JBFlute92,@franciscorodas9686,1
UChyps3dqY-VY1_wLeq-2lhw,UC-Iul5tDYH_oiAMXQH-KaaQ,@maydamorales4395,@AlbertoMancilla-p9h,1
UChyps3dqY-VY1_wLeq-2lhw,UCRfkkatKrNtAARnXMMYBGlA,@maydamorales4395,@BernerSoza-mg3vx,1
UChyps3dqY-VY1_wLeq-2lhw,UCgGqw4aqMdMVSGkKiMgrJRQ,@maydamorales4395,@pattyfigueroa5609,1
UCXgr7vXlRrsaskPdo097kGA,UC-hfX8J5JPJ-dfuakzegMLA,@Rogergh-nw4oj,@normaleticiaorozcojuarez2418,1
UCXgr7vXlRrsaskPdo097kGA,UC4cXueR2bKGFJV0Fk76gwmA,@Rogergh-nw4oj,@aluxdel4792,1
UCXgr7vXlRrsaskPdo097kGA,UCA93ym2TXs_Ibyxb4Vcn-6Q,@Rogergh-nw4oj,@oswaldosolis8728,1
UCXgr7vXlRrsaskPdo097kGA,UCAmtbUiIrUIhikru0ZoTFig,@Rogergh-nw4oj,@Aura-vf6dm,1
UCXgr7vXlRrsaskPdo097kGA,UCDUffaruH6dyUnUGwsTKpgg,@Rogergh-nw4oj,@luisletona2842,1
UCXgr7vXlRrsaskPdo097kGA,UCRETAiYdh2dL5ZxB0_N1zDA,@Rogergh-nw4oj,@Joseroland21,1
UCXgr7vXlRrsaskPdo097kGA,UCiMythXHsw7eQEMykCdmMUA,@Rogergh-nw4oj,@JavierBecerra-h6x,1
UCXgr7vXlRrsaskPdo097kGA,UCjSKM9j0Q7HLDr1hD6D-TUw,@Rogergh-nw4oj,@josehidalgo4875,1
UCXgr7vXlRrsaskPdo097kGA,UCmvOgzmmXbjUthHy-WJ52hQ,@Rogergh-nw4oj,@mariorodas593,1
UCXgr7vXlRrsaskPdo097kGA,UCr1emrogPKkKTs_WTtx71xg,@Rogergh-nw4oj,@domingopeneleu6457,1
UCXgr7vXlRrsaskPdo097kGA,UCsJJAvrVGupdmhOqgtDp8dg,@Rogergh-nw4oj,@nestorlorenzana1168,1
UCXgr7vXlRrsaskPdo097kGA,UCsjs5Hp_r86x1xbK6FAeqaA,@Rogergh-nw4oj,@alvaroesquivel563,1
UCXgr7vXlRrsaskPdo097kGA,UCtNfIBnc5S5DbbQj_yxgJTw,@Rogergh-nw4oj,@JosueRamirez-ey3ih,1
UCXgr7vXlRrsaskPdo097kGA,UCvApqeCbLod-wejtT4CcVuA,@Rogergh-nw4oj,@davidgaher9550,1
UC4cXueR2bKGFJV0Fk76gwmA,UC-hfX8J5JPJ-dfuakzegMLA,@aluxdel4792,@normaleticiaorozcojuarez2418,1
UC4cXueR2bKGFJV0Fk76gwmA,UCA93ym2TXs_Ibyxb4Vcn-6Q,@aluxdel4792,@oswaldosolis8728,1
UC4cXueR2bKGFJV0Fk76gwmA,UCAmtbUiIrUIhikru0ZoTFig,@aluxdel4792,@Aura-vf6dm,1
UC4cXueR2bKGFJV0Fk76gwmA,UCDUffaruH6dyUnUGwsTKpgg,@aluxdel4792,@luisletona2842,1
UC4cXueR2bKGFJV0Fk76gwmA,UCRETAiYdh2dL5ZxB0_N1zDA,@aluxdel4792,@Joseroland21,1
UC4cXueR2bKGFJV0Fk76gwmA,UCiMythXHsw7eQEMykCdmMUA,@aluxdel4792,@JavierBecerra-h6x,1
UC4cXueR2bKGFJV0Fk76gwmA,UCjSKM9j0Q7HLDr1hD6D-TUw,@aluxdel4792,@josehidalgo4875,1
UC4cXueR2bKGFJV0Fk76gwmA,UCmvOgzmmXbjUthHy-WJ52hQ,@aluxdel4792,@mariorodas593,1
UC4cXueR2bKGFJV0Fk76gwmA,UCr1emrogPKkKTs_WTtx71xg,@aluxdel4792,@domingopeneleu6457,1
UC4cXueR2bKGFJV0Fk76gwmA,UCsJJAvrVGupdmhOqgtDp8dg,@aluxdel4792,@nestorlorenzana1168,1
UC4cXueR2bKGFJV0Fk76gwmA,UCsjs5Hp_r86x1xbK6FAeqaA,@aluxdel4792,@alvaroesquivel563,1
UC4cXueR2bKGFJV0Fk76gwmA,UCtNfIBnc5S5DbbQj_yxgJTw,@aluxdel4792,@JosueRamirez-ey3ih,1
UC4cXueR2bKGFJV0Fk76gwmA,UCvApqeCbLod-wejtT4CcVuA,@aluxdel4792,@davidgaher9550,1
UCmvOgzmmXbjUthHy-WJ52hQ,UC-hfX8J5JPJ-dfuakzegMLA,@mariorodas593,@normaleticiaorozcojuarez2418,1
UCmvOgzmmXbjUthHy-WJ52hQ,UCA93ym2TXs_Ibyxb4Vcn-6Q,@mariorodas593,@oswaldosolis8728,1
UCmvOgzmmXbjUthHy-WJ52hQ,UCAmtbUiIrUIhikru0ZoTFig,@mariorodas593,@Aura-vf6dm,1
UCmvOgzmmXbjUthHy-WJ52hQ,UCDUffaruH6dyUnUGwsTKpgg,@mariorodas593,@luisletona2842,1
UCmvOgzmmXbjUthHy-WJ52hQ,UCRETAiYdh2dL5ZxB0_N1zDA,@mariorodas593,@Joseroland21,1
UCmvOgzmmXbjUthHy-WJ52hQ,UCiMythXHsw7eQEMykCdmMUA,@mariorodas593,@JavierBecerra-h6x,1
UCmvOgzmmXbjUthHy-WJ52hQ,UCjSKM9j0Q7HLDr1hD6D-TUw,@mariorodas593,@josehidalgo4875,1
UCmvOgzmmXbjUthHy-WJ52hQ,UCr1emrogPKkKTs_WTtx71xg,@mariorodas593,@domingopeneleu6457,1
UCmvOgzmmXbjUthHy-WJ52hQ,UCsJJAvrVGupdmhOqgtDp8dg,@mariorodas593,@nestorlorenzana1168,1
UCmvOgzmmXbjUthHy-WJ52hQ,UCsjs5Hp_r86x1xbK6FAeqaA,@mariorodas593,@alvaroesquivel563,1
UCmvOgzmmXbjUthHy-WJ52hQ,UCtNfIBnc5S5DbbQj_yxgJTw,@mariorodas593,@JosueRamirez-ey3ih,1
UCmvOgzmmXbjUthHy-WJ52hQ,UCvApqeCbLod-wejtT4CcVuA,@mariorodas593,@davidgaher9550,1
UCtMBF_1O2jY2INlb_luuB_A,UCRcSR3Lvn9DZAmJpVPANfZQ,@mynorgudiel8646,@WalksandSuch,1
UCtMBF_1O2jY2INlb_luuB_A,UCRznz9-N3Qc1w-qNdLSIY2Q,@mynorgudiel8646,@jimmygomez724,1
UCtMBF_1O2jY2INlb_luuB_A,UCY7Hq7F9Lnucf-Yr6JkHZNw,@mynorgudiel8646,@maynorcalel1442,1
UCtMBF_1O2jY2INlb_luuB_A,UCi-vPdnpQreC7BkFs40mJGA,@mynorgudiel8646,@bryansicasales4280,1
UCtMBF_1O2jY2INlb_luuB_A,UCwUAv3_LpWVtTIi7lkmTL7A,@mynorgudiel8646,@kingr4706,1
UCrqXyRsg-_hTosURZ-uvoKg,UCGZMgmM92E3njyXNe9-kjAQ,@flornolberto2425,@pasionpornada,1
UCrqXyRsg-_hTosURZ-uvoKg,UCZjm6U576nX8WOiLhmMR3bw,@flornolberto2425,@MariaNavarroYT,1
UCGZMgmM92E3njyXNe9-kjAQ,UCZjm6U576nX8WOiLhmMR3bw,@pasionpornada,@MariaNavarroYT,1
UCfRqgt2O-vjzUDMZY_tnxQw,UCBtB5dIyx-C16UN8ClUD2UA,@Williams-Garcia67E,@alexmonzon4257,1
UCjJf-AJKRFFWtiN-CSwkDmA,UC5wuDq3U3vRAhOQI3D7gNdw,@2jose82,@allanreneramirezgonzalez534,1
UCDUffaruH6dyUnUGwsTKpgg,UC-hfX8J5JPJ-dfuakzegMLA,@luisletona2842,@normaleticiaorozcojuarez2418,1
UCDUffaruH6dyUnUGwsTKpgg,UCA93ym2TXs_Ibyxb4Vcn-6Q,@luisletona2842,@oswaldosolis8728,1
UCDUffaruH6dyUnUGwsTKpgg,UCAmtbUiIrUIhikru0ZoTFig,@luisletona2842,@Aura-vf6dm,1
UCDUffaruH6dyUnUGwsTKpgg,UCRETAiYdh2dL5ZxB0_N1zDA,@luisletona2842,@Joseroland21,1
UCDUffaruH6dyUnUGwsTKpgg,UCiMythXHsw7eQEMykCdmMUA,@luisletona2842,@JavierBecerra-h6x,1
UCDUffaruH6dyUnUGwsTKpgg,UCjSKM9j0Q7HLDr1hD6D-TUw,@luisletona2842,@josehidalgo4875,1
UCDUffaruH6dyUnUGwsTKpgg,UCr1emrogPKkKTs_WTtx71xg,@luisletona2842,@domingopeneleu6457,1
UCDUffaruH6dyUnUGwsTKpgg,UCsJJAvrVGupdmhOqgtDp8dg,@luisletona2842,@nestorlorenzana1168,1
UCDUffaruH6dyUnUGwsTKpgg,UCsjs5Hp_r86x1xbK6FAeqaA,@luisletona2842,@alvaroesquivel563,1
UCDUffaruH6dyUnUGwsTKpgg,UCtNfIBnc5S5DbbQj_yxgJTw,@luisletona2842,@JosueRamirez-ey3ih,1
UCDUffaruH6dyUnUGwsTKpgg,UCvApqeCbLod-wejtT4CcVuA,@luisletona2842,@davidgaher9550,1
UCgGqw4aqMdMVSGkKiMgrJRQ,UC-Iul5tDYH_oiAMXQH-KaaQ,@pattyfigueroa5609,@AlbertoMancilla-p9h,1
UCgGqw4aqMdMVSGkKiMgrJRQ,UCRfkkatKrNtAARnXMMYBGlA,@pattyfigueroa5609,@BernerSoza-mg3vx,1
UC32oozucwCF3q8d4m8fyOUg,UC-fiZBS5Gp1eCJd9ucgWnCg,@RauldejesusOlivagonzalez,@Tommii.10,1
UC32oozucwCF3q8d4m8fyOUg,UC_LYoGs5C3mbZKZuKuqYCvw,@RauldejesusOlivagonzalez,@javiercifuentesarchila6041,1
UCvApqeCbLod-wejtT4CcVuA,UC-hfX8J5JPJ-dfuakzegMLA,@davidgaher9550,@normaleticiaorozcojuarez2418,1
UCvApqeCbLod-wejtT4CcVuA,UCA93ym2TXs_Ibyxb4Vcn-6Q,@davidgaher9550,@oswaldosolis8728,1
UCvApqeCbLod-wejtT4CcVuA,UCAmtbUiIrUIhikru0ZoTFig,@davidgaher9550,@Aura-vf6dm,1
UCvApqeCbLod-wejtT4CcVuA,UCRETAiYdh2dL5ZxB0_N1zDA,@davidgaher9550,@Joseroland21,1
UCvApqeCbLod-wejtT4CcVuA,UCiMythXHsw7eQEMykCdmMUA,@davidgaher9550,@JavierBecerra-h6x,1
UCvApqeCbLod-wejtT4CcVuA,UCjSKM9j0Q7HLDr1hD6D-TUw,@davidgaher9550,@josehidalgo4875,1
UCvApqeCbLod-wejtT4CcVuA,UCr1emrogPKkKTs_WTtx71xg,@davidgaher9550,@domingopeneleu6457,1
UCvApqeCbLod-wejtT4CcVuA,UCsJJAvrVGupdmhOqgtDp8dg,@davidgaher9550,@nestorlorenzana1168,1
UCvApqeCbLod-wejtT4CcVuA,UCsjs5Hp_r86x1xbK6FAeqaA,@davidgaher9550,@alvaroesquivel563,1
UCvApqeCbLod-wejtT4CcVuA,UCtNfIBnc5S5DbbQj_yxgJTw,@davidgaher9550,@JosueRamirez-ey3ih,1
UCiMythXHsw7eQEMykCdmMUA,UC-hfX8J5JPJ-dfuakzegMLA,@JavierBecerra-h6x,@normaleticiaorozcojuarez2418,1
UCiMythXHsw7eQEMykCdmMUA,UCA93ym2TXs_Ibyxb4Vcn-6Q,@JavierBecerra-h6x,@oswaldosolis8728,1
UCiMythXHsw7eQEMykCdmMUA,UCAmtbUiIrUIhikru0ZoTFig,@JavierBecerra-h6x,@Aura-vf6dm,1
UCiMythXHsw7eQEMykCdmMUA,UCRETAiYdh2dL5ZxB0_N1zDA,@JavierBecerra-h6x,@Joseroland21,1
UCiMythXHsw7eQEMykCdmMUA,UCjSKM9j0Q7HLDr1hD6D-TUw,@JavierBecerra-h6x,@josehidalgo4875,1
UCiMythXHsw7eQEMykCdmMUA,UCr1emrogPKkKTs_WTtx71xg,@JavierBecerra-h6x,@domingopeneleu6457,1
UCiMythXHsw7eQEMykCdmMUA,UCsJJAvrVGupdmhOqgtDp8dg,@JavierBecerra-h6x,@nestorlorenzana1168,1
UCiMythXHsw7eQEMykCdmMUA,UCsjs5Hp_r86x1xbK6FAeqaA,@JavierBecerra-h6x,@alvaroesquivel563,1
UCiMythXHsw7eQEMykCdmMUA,UCtNfIBnc5S5DbbQj_yxgJTw,@JavierBecerra-h6x,@JosueRamirez-ey3ih,1
UC-fiZBS5Gp1eCJd9ucgWnCg,UC_LYoGs5C3mbZKZuKuqYCvw,@Tommii.10,@javiercifuentesarchila6041,1
UC5PrBbmUlQolwqmiru7yZhw,UC094EFEmMSdwVa8NQjjYBXg,@lazarochavez8269,@CelestinoQuej-j7k,1
UC5PrBbmUlQolwqmiru7yZhw,UCGm3gRBEHGRJYmtCryZLtDw,@lazarochavez8269,@JoséLopez-g6k,1
UC094EFEmMSdwVa8NQjjYBXg,UCGm3gRBEHGRJYmtCryZLtDw,@CelestinoQuej-j7k,@JoséLopez-g6k,1
UCwUAv3_LpWVtTIi7lkmTL7A,UCRcSR3Lvn9DZAmJpVPANfZQ,@kingr4706,@WalksandSuch,1
UCwUAv3_LpWVtTIi7lkmTL7A,UCRznz9-N3Qc1w-qNdLSIY2Q,@kingr4706,@jimmygomez724,1
UCwUAv3_LpWVtTIi7lkmTL7A,UCY7Hq7F9Lnucf-Yr6JkHZNw,@kingr4706,@maynorcalel1442,1
UCwUAv3_LpWVtTIi7lkmTL7A,UCi-vPdnpQreC7BkFs40mJGA,@kingr4706,@bryansicasales4280,1
UCsJJAvrVGupdmhOqgtDp8dg,UC-hfX8J5JPJ-dfuakzegMLA,@nestorlorenzana1168,@normaleticiaorozcojuarez2418,1
UCsJJAvrVGupdmhOqgtDp8dg,UCA93ym2TXs_Ibyxb4Vcn-6Q,@nestorlorenzana1168,@oswaldosolis8728,1
UCsJJAvrVGupdmhOqgtDp8dg,UCAmtbUiIrUIhikru0ZoTFig,@nestorlorenzana1168,@Aura-vf6dm,1
UCsJJAvrVGupdmhOqgtDp8dg,UCRETAiYdh2dL5ZxB0_N1zDA,@nestorlorenzana1168,@Joseroland21,1
UCsJJAvrVGupdmhOqgtDp8dg,UCjSKM9j0Q7HLDr1hD6D-TUw,@nestorlorenzana1168,@josehidalgo4875,1
UCsJJAvrVGupdmhOqgtDp8dg,UCr1emrogPKkKTs_WTtx71xg,@nestorlorenzana1168,@domingopeneleu6457,1
UCsJJAvrVGupdmhOqgtDp8dg,UCsjs5Hp_r86x1xbK6FAeqaA,@nestorlorenzana1168,@alvaroesquivel563,1
UCsJJAvrVGupdmhOqgtDp8dg,UCtNfIBnc5S5DbbQj_yxgJTw,@nestorlorenzana1168,@JosueRamirez-ey3ih,1
UCtNfIBnc5S5DbbQj_yxgJTw,UC-hfX8J5JPJ-dfuakzegMLA,@JosueRamirez-ey3ih,@normaleticiaorozcojuarez2418,1
UCtNfIBnc5S5DbbQj_yxgJTw,UCA93ym2TXs_Ibyxb4Vcn-6Q,@JosueRamirez-ey3ih,@oswaldosolis8728,1
UCtNfIBnc5S5DbbQj_yxgJTw,UCAmtbUiIrUIhikru0ZoTFig,@JosueRamirez-ey3ih,@Aura-vf6dm,1
UCtNfIBnc5S5DbbQj_yxgJTw,UCRETAiYdh2dL5ZxB0_N1zDA,@JosueRamirez-ey3ih,@Joseroland21,1
UCtNfIBnc5S5DbbQj_yxgJTw,UCjSKM9j0Q7HLDr1hD6D-TUw,@JosueRamirez-ey3ih,@josehidalgo4875,1
UCtNfIBnc5S5DbbQj_yxgJTw,UCr1emrogPKkKTs_WTtx71xg,@JosueRamirez-ey3ih,@domingopeneleu6457,1
UCdFlugHJJa4l3YqWuNRmvXw,UCfRqgt2O-vjzUDMZY_tnxQw,@MarcosCarillo-b1r,@Williams-Garcia67E,1
UCdFlugHJJa4l3YqWuNRmvXw,UC7dadZG7kkGYnsNu6td0FbA,@MarcosCarillo-b1r,@lesolorzano,1
UCdFlugHJJa4l3YqWuNRmvXw,UC816IGbFCZinfYS1LRDaaHg,@MarcosCarillo-b1r,@ingenieroar,1
UCdFlugHJJa4l3YqWuNRmvXw,UC95PSMouTx2N5CbSq0hIyrQ,@MarcosCarillo-b1r,@lisss1908,1
UCdFlugHJJa4l3YqWuNRmvXw,UCAKuKvcbfnBD3kF5njNu-IA,@MarcosCarillo-b1r,@melvinlopez7096,1
UCdFlugHJJa4l3YqWuNRmvXw,UCCBYcToQ2dwkd6TJh0FSyDg,@MarcosCarillo-b1r,@lidiarodriguez3493,1
UCdFlugHJJa4l3YqWuNRmvXw,UCDrmf9y9nLgFY5wnA2hTuGA,@MarcosCarillo-b1r,@laboratorio5528,1
UCdFlugHJJa4l3YqWuNRmvXw,UCGGHbtfbbe0o68etrOf0qxw,@MarcosCarillo-b1r,@karensussetteleonvargas9794,1
UCdFlugHJJa4l3YqWuNRmvXw,UCHbwIx9pmQuf7i-4_xO2EpA,@MarcosCarillo-b1r,@caminoseternos752,1
UCdFlugHJJa4l3YqWuNRmvXw,UCNpt5CQlTzNjlAKY6CJtClQ,@MarcosCarillo-b1r,@eustaquiogomez9975,1
UCdFlugHJJa4l3YqWuNRmvXw,UCOcUI5XkTYNMSFhZNMIPpGg,@MarcosCarillo-b1r,@hendersonlopez3864,1
UCdFlugHJJa4l3YqWuNRmvXw,UCQqlPPUGqAfWjd-FSh_qn7Q,@MarcosCarillo-b1r,@estuardoargueta137,1
UCdFlugHJJa4l3YqWuNRmvXw,UCQyOePccUP-fIJYzchAgZYw,@MarcosCarillo-b1r,@aguilar4254,1
UCdFlugHJJa4l3YqWuNRmvXw,UCRAquv8el-tQ30bN7MlmySQ,@MarcosCarillo-b1r,@iamjimalesssa,1
UCdFlugHJJa4l3YqWuNRmvXw,UCRvPToDkkumha7WJAfCDk1A,@MarcosCarillo-b1r,@ligiaguerra3057,1
UCdFlugHJJa4l3YqWuNRmvXw,UC1DpqK6vaPEkBOMNvypsKYg,@MarcosCarillo-b1r,@HectorCarranza-u4j4o,1
UCdFlugHJJa4l3YqWuNRmvXw,UC-fiZBS5Gp1eCJd9ucgWnCg,@MarcosCarillo-b1r,@Tommii.10,1
UC-Iul5tDYH_oiAMXQH-KaaQ,UCRfkkatKrNtAARnXMMYBGlA,@AlbertoMancilla-p9h,@BernerSoza-mg3vx,1
UCA93ym2TXs_Ibyxb4Vcn-6Q,UC-hfX8J5JPJ-dfuakzegMLA,@oswaldosolis8728,@normaleticiaorozcojuarez2418,1
UCA93ym2TXs_Ibyxb4Vcn-6Q,UCAmtbUiIrUIhikru0ZoTFig,@oswaldosolis8728,@Aura-vf6dm,1
UCA93ym2TXs_Ibyxb4Vcn-6Q,UCRETAiYdh2dL5ZxB0_N1zDA,@oswaldosolis8728,@Joseroland21,1
UCA93ym2TXs_Ibyxb4Vcn-6Q,UCjSKM9j0Q7HLDr1hD6D-TUw,@oswaldosolis8728,@josehidalgo4875,1
UCA93ym2TXs_Ibyxb4Vcn-6Q,UCr1emrogPKkKTs_WTtx71xg,@oswaldosolis8728,@domingopeneleu6457,1
UCA93ym2TXs_Ibyxb4Vcn-6Q,UCsjs5Hp_r86x1xbK6FAeqaA,@oswaldosolis8728,@alvaroesquivel563,1
UCAmtbUiIrUIhikru0ZoTFig,UC-hfX8J5JPJ-dfuakzegMLA,@Aura-vf6dm,@normaleticiaorozcojuarez2418,1
UCAmtbUiIrUIhikru0ZoTFig,UCRETAiYdh2dL5ZxB0_N1zDA,@Aura-vf6dm,@Joseroland21,1
UCAmtbUiIrUIhikru0ZoTFig,UCjSKM9j0Q7HLDr1hD6D-TUw,@Aura-vf6dm,@josehidalgo4875,1
UCAmtbUiIrUIhikru0ZoTFig,UCr1emrogPKkKTs_WTtx71xg,@Aura-vf6dm,@domingopeneleu6457,1
UCAmtbUiIrUIhikru0ZoTFig,UCsjs5Hp_r86x1xbK6FAeqaA,@Aura-vf6dm,@alvaroesquivel563,1
UCr1emrogPKkKTs_WTtx71xg,UC-hfX8J5JPJ-dfuakzegMLA,@domingopeneleu6457,@normaleticiaorozcojuarez2418,1
UCr1emrogPKkKTs_WTtx71xg,UCRETAiYdh2dL5ZxB0_N1zDA,@domingopeneleu6457,@Joseroland21,1
UCdFlugHJJa4l3YqWuNRmvXw,UC3UVO7pTbeYvZ3ILEyRDskQ,@MarcosCarillo-b1r,@rosaelenaargueta79,1
